# 500
0	1	1
0	2	1
0	3	1
0	4	1
0	5	1
0	6	1
0	7	-1
0	8	1
0	9	1
0	10	-1
0	11	1
0	12	1
0	13	1
0	14	1
0	15	1
0	16	1
0	17	1
0	18	1
0	19	1
0	20	1
0	21	1
0	22	1
0	23	1
0	24	1
0	25	1
0	26	1
0	27	1
0	28	1
0	29	1
0	30	1
0	31	1
0	32	1
0	33	1
0	34	1
0	35	1
0	36	1
0	37	1
0	38	1
0	39	1
0	41	1
0	42	-1
0	43	-1
0	44	1
0	46	1
0	47	1
0	48	-1
0	49	-1
0	50	-1
0	51	-1
0	52	-1
0	53	-1
0	54	1
0	55	-1
0	56	-1
0	57	-1
0	58	-1
0	59	-1
0	60	-1
0	61	-1
0	62	-1
0	63	-1
0	64	-1
0	65	-1
0	66	-1
0	67	-1
0	68	-1
0	69	1
0	70	-1
0	71	-1
0	72	-1
0	73	-1
0	74	-1
0	75	-1
0	76	-1
0	78	-1
0	79	-1
0	81	1
0	82	-1
0	83	-1
0	84	-1
0	85	-1
0	86	-1
0	87	-1
0	88	-1
0	89	-1
0	91	1
0	92	-1
0	93	1
0	94	-1
0	95	-1
0	96	-1
0	97	-1
0	98	-1
0	99	-1
0	100	1
0	101	-1
0	103	-1
0	104	1
0	107	-1
0	108	1
0	109	1
0	110	1
0	113	1
0	114	1
0	116	-1
0	117	1
0	128	1
0	133	-1
0	134	1
0	143	-1
0	144	1
0	147	1
0	148	1
0	149	-1
0	151	1
0	152	1
0	154	1
0	157	1
0	158	-1
0	160	-1
0	164	-1
0	166	1
0	172	-1
0	173	1
0	174	-1
0	180	1
0	184	-1
0	185	-1
0	189	1
0	190	-1
0	195	1
0	196	-1
0	201	1
0	204	-1
0	205	-1
0	206	-1
0	208	1
0	210	-1
0	211	1
0	214	1
0	218	1
0	223	1
0	224	-1
0	226	-1
0	228	-1
0	230	-1
0	231	-1
0	233	-1
0	242	1
0	243	1
0	248	1
0	250	1
0	251	-1
0	252	-1
0	255	1
0	256	1
0	257	-1
0	258	1
0	259	-1
0	260	1
0	264	1
0	268	-1
0	279	-1
0	280	1
0	281	1
0	283	-1
0	289	1
0	291	-1
0	292	-1
0	293	1
0	295	1
0	303	-1
0	310	-1
0	314	-1
0	325	1
0	327	-1
0	330	-1
0	337	1
0	339	1
0	347	1
0	348	-1
0	352	1
0	356	1
0	361	-1
0	363	-1
0	364	1
0	366	1
0	369	-1
0	374	1
0	377	1
0	378	1
0	379	-1
0	380	-1
0	381	1
0	385	-1
0	386	-1
0	387	1
0	388	-1
0	393	-1
0	395	1
0	399	1
0	400	-1
0	405	1
0	407	-1
0	411	1
0	413	-1
0	417	-1
0	420	-1
0	421	-1
0	427	-1
0	428	1
0	434	-1
0	436	1
0	438	-1
0	439	1
0	454	-1
0	455	-1
0	456	1
0	458	1
0	461	-1
0	463	-1
0	468	1
0	470	1
0	471	-1
0	472	-1
0	476	1
0	483	-1
0	485	1
0	489	-1
0	490	1
0	492	1
0	493	-1
0	497	1
0	498	-1
0	499	1
1	2	1
1	3	1
1	4	1
1	5	1
1	6	1
1	7	1
1	8	1
1	9	1
1	10	1
1	11	1
1	12	1
1	13	1
1	14	1
1	15	1
1	16	-1
1	17	1
1	18	1
1	19	1
1	20	1
1	21	1
1	22	1
1	24	1
1	25	-1
1	26	1
1	27	1
1	28	1
1	29	1
1	30	1
1	31	1
1	32	1
1	33	1
1	34	1
1	35	1
1	36	1
1	37	-1
1	38	1
1	39	1
1	40	1
1	42	1
1	43	1
1	44	1
1	45	1
1	46	1
1	47	1
1	48	1
1	49	1
1	50	-1
1	51	1
1	52	-1
1	53	-1
1	54	-1
1	55	-1
1	56	-1
1	57	-1
1	58	-1
1	59	-1
1	60	-1
1	61	1
1	62	-1
1	63	-1
1	64	-1
1	65	-1
1	66	-1
1	67	-1
1	68	-1
1	69	-1
1	70	-1
1	71	-1
1	72	1
1	73	-1
1	74	-1
1	75	1
1	76	-1
1	77	-1
1	78	-1
1	79	-1
1	80	-1
1	81	-1
1	82	-1
1	83	-1
1	84	-1
1	85	-1
1	86	-1
1	87	-1
1	88	-1
1	89	-1
1	90	-1
1	91	-1
1	92	-1
1	93	-1
1	95	-1
1	96	-1
1	97	-1
1	98	-1
1	99	-1
1	105	-1
1	107	1
1	112	1
1	118	1
1	121	-1
1	124	-1
1	128	-1
1	131	-1
1	132	-1
1	136	1
1	144	-1
1	151	1
1	153	-1
1	158	-1
1	163	-1
1	164	1
1	166	-1
1	167	-1
1	168	1
1	170	1
1	182	1
1	183	-1
1	185	-1
1	186	-1
1	189	-1
1	191	1
1	197	1
1	198	-1
1	199	-1
1	204	1
1	205	1
1	206	1
1	210	-1
1	211	1
1	213	1
1	214	-1
1	216	-1
1	219	-1
1	221	1
1	223	1
1	228	1
1	237	1
1	239	-1
1	244	1
1	246	1
1	249	-1
1	252	-1
1	253	-1
1	255	1
1	258	1
1	264	1
1	268	1
1	274	1
1	275	-1
1	277	1
1	278	1
1	281	-1
1	282	-1
1	283	-1
1	285	1
1	288	-1
1	298	-1
1	301	1
1	307	1
1	310	-1
1	313	-1
1	315	1
1	316	-1
1	317	1
1	318	1
1	319	1
1	322	1
1	323	1
1	328	1
1	329	1
1	332	1
1	333	1
1	346	1
1	348	-1
1	360	-1
1	367	1
1	371	-1
1	375	1
1	377	-1
1	379	-1
1	381	-1
1	386	-1
1	389	-1
1	391	1
1	395	1
1	397	-1
1	399	1
1	403	1
1	407	1
1	408	1
1	411	1
1	412	-1
1	421	-1
1	422	-1
1	424	-1
1	426	-1
1	428	1
1	434	1
1	435	1
1	436	1
1	440	-1
1	442	-1
1	445	-1
1	449	1
1	451	1
1	452	-1
1	453	-1
1	454	-1
1	455	-1
1	457	1
1	459	-1
1	464	-1
1	465	1
1	468	-1
1	469	1
1	472	-1
1	477	-1
1	478	1
1	480	1
1	482	-1
1	484	-1
1	488	-1
1	490	1
1	497	1
2	3	1
2	4	1
2	5	1
2	6	1
2	7	1
2	8	1
2	9	1
2	10	1
2	11	-1
2	12	1
2	13	1
2	14	1
2	15	1
2	16	1
2	17	1
2	18	1
2	19	1
2	20	1
2	21	1
2	22	1
2	23	1
2	24	1
2	25	-1
2	26	1
2	27	1
2	28	1
2	29	1
2	30	1
2	31	1
2	32	1
2	33	1
2	34	1
2	35	1
2	36	1
2	37	1
2	38	1
2	39	1
2	40	1
2	41	1
2	42	1
2	44	1
2	45	1
2	46	1
2	47	1
2	48	1
2	49	1
2	50	-1
2	51	-1
2	52	-1
2	53	-1
2	54	-1
2	55	-1
2	56	-1
2	57	-1
2	58	-1
2	59	-1
2	60	-1
2	61	-1
2	62	-1
2	63	-1
2	64	-1
2	65	-1
2	66	-1
2	67	-1
2	68	-1
2	69	1
2	70	-1
2	71	-1
2	72	-1
2	73	-1
2	74	-1
2	75	-1
2	76	-1
2	77	-1
2	78	-1
2	79	-1
2	80	-1
2	81	-1
2	82	-1
2	83	1
2	85	1
2	86	-1
2	87	-1
2	88	1
2	89	-1
2	90	-1
2	91	1
2	92	-1
2	93	-1
2	94	-1
2	95	-1
2	96	-1
2	97	-1
2	98	-1
2	99	-1
2	100	-1
2	101	1
2	104	1
2	105	1
2	106	1
2	108	1
2	109	-1
2	111	1
2	112	1
2	123	-1
2	129	-1
2	130	1
2	131	-1
2	132	-1
2	133	1
2	134	1
2	136	-1
2	137	1
2	139	-1
2	143	1
2	147	1
2	148	-1
2	151	-1
2	153	1
2	161	-1
2	167	1
2	169	-1
2	170	-1
2	174	-1
2	175	1
2	177	-1
2	182	-1
2	184	-1
2	185	1
2	186	1
2	189	-1
2	192	1
2	194	-1
2	195	-1
2	197	1
2	198	-1
2	199	-1
2	207	-1
2	208	1
2	211	-1
2	214	-1
2	215	-1
2	217	1
2	222	-1
2	227	-1
2	228	-1
2	229	-1
2	233	-1
2	234	-1
2	238	1
2	239	1
2	240	-1
2	241	1
2	246	1
2	249	-1
2	251	-1
2	256	1
2	258	-1
2	260	-1
2	262	-1
2	274	-1
2	276	1
2	277	-1
2	280	-1
2	285	1
2	286	1
2	291	-1
2	293	1
2	297	1
2	300	-1
2	304	1
2	306	1
2	309	-1
2	310	1
2	314	1
2	316	1
2	319	-1
2	322	-1
2	324	1
2	327	1
2	328	1
2	331	-1
2	332	1
2	333	-1
2	335	-1
2	339	-1
2	342	-1
2	347	1
2	348	-1
2	352	-1
2	353	1
2	358	1
2	359	1
2	360	-1
2	361	1
2	363	-1
2	364	1
2	368	-1
2	371	1
2	374	-1
2	377	-1
2	384	1
2	385	-1
2	395	1
2	396	-1
2	398	-1
2	399	1
2	401	1
2	408	-1
2	409	-1
2	410	1
2	417	-1
2	420	1
2	424	1
2	428	-1
2	431	1
2	434	1
2	436	-1
2	437	-1
2	439	-1
2	441	-1
2	442	-1
2	446	1
2	448	1
2	456	1
2	461	1
2	462	1
2	466	-1
2	467	1
2	468	1
2	471	1
2	473	1
2	474	-1
2	480	1
2	481	1
2	483	-1
2	490	-1
2	491	-1
2	494	-1
2	499	1
3	4	1
3	5	1
3	6	1
3	7	1
3	8	1
3	9	-1
3	10	1
3	11	1
3	12	1
3	13	1
3	14	1
3	15	1
3	16	1
3	17	1
3	19	1
3	20	1
3	21	1
3	22	1
3	23	1
3	24	1
3	25	1
3	26	1
3	27	1
3	29	1
3	30	1
3	31	1
3	32	1
3	33	1
3	34	1
3	35	1
3	36	1
3	37	1
3	38	1
3	39	1
3	40	1
3	41	1
3	42	1
3	43	1
3	44	1
3	45	1
3	46	1
3	48	1
3	49	1
3	50	-1
3	51	-1
3	52	-1
3	53	-1
3	54	-1
3	55	-1
3	56	-1
3	57	-1
3	58	-1
3	59	-1
3	60	-1
3	61	-1
3	62	-1
3	63	-1
3	64	-1
3	65	-1
3	66	-1
3	67	-1
3	68	-1
3	69	-1
3	70	-1
3	71	-1
3	72	-1
3	73	-1
3	74	-1
3	75	-1
3	76	-1
3	77	-1
3	78	-1
3	79	-1
3	80	-1
3	81	-1
3	82	-1
3	83	-1
3	84	-1
3	86	-1
3	87	-1
3	88	-1
3	89	-1
3	90	-1
3	91	-1
3	92	-1
3	93	-1
3	94	1
3	95	-1
3	96	-1
3	97	-1
3	98	-1
3	99	-1
3	101	-1
3	108	1
3	109	-1
3	110	-1
3	111	-1
3	114	-1
3	120	1
3	122	-1
3	123	-1
3	124	-1
3	126	1
3	129	1
3	130	1
3	136	-1
3	138	-1
3	149	1
3	155	1
3	158	-1
3	160	-1
3	164	1
3	165	1
3	168	-1
3	170	1
3	175	1
3	176	1
3	178	-1
3	181	-1
3	184	1
3	190	1
3	194	-1
3	199	-1
3	201	1
3	203	1
3	206	1
3	208	1
3	210	1
3	214	-1
3	215	1
3	218	-1
3	219	-1
3	226	1
3	231	-1
3	232	-1
3	233	1
3	236	1
3	241	-1
3	242	1
3	246	-1
3	250	-1
3	253	1
3	258	-1
3	268	-1
3	273	-1
3	277	-1
3	278	1
3	279	-1
3	280	1
3	281	1
3	282	-1
3	287	1
3	289	-1
3	295	1
3	298	1
3	303	1
3	305	1
3	311	1
3	312	1
3	316	-1
3	318	-1
3	322	1
3	329	1
3	330	1
3	335	1
3	338	-1
3	339	-1
3	342	1
3	346	1
3	348	1
3	352	1
3	355	-1
3	359	1
3	360	-1
3	368	1
3	369	-1
3	373	-1
3	375	-1
3	376	1
3	381	-1
3	383	-1
3	385	-1
3	390	1
3	391	-1
3	394	-1
3	397	-1
3	400	-1
3	406	-1
3	407	-1
3	411	1
3	413	1
3	414	1
3	426	-1
3	427	-1
3	428	-1
3	430	1
3	431	-1
3	434	-1
3	436	1
3	440	-1
3	449	1
3	452	1
3	455	-1
3	457	1
3	458	-1
3	459	1
3	463	-1
3	466	1
3	473	-1
3	474	1
3	483	-1
3	487	-1
3	490	1
3	491	1
3	492	1
4	5	1
4	6	1
4	7	1
4	8	1
4	9	1
4	10	1
4	11	1
4	12	1
4	13	1
4	14	1
4	16	1
4	17	1
4	18	1
4	20	1
4	21	1
4	22	1
4	23	1
4	24	1
4	27	1
4	28	1
4	30	1
4	31	1
4	32	1
4	33	1
4	35	1
4	36	1
4	37	1
4	38	1
4	40	-1
4	41	-1
4	42	1
4	43	1
4	44	1
4	45	1
4	46	1
4	47	1
4	49	1
4	50	-1
4	51	-1
4	52	-1
4	53	-1
4	54	-1
4	55	-1
4	56	-1
4	57	-1
4	58	1
4	59	-1
4	60	-1
4	61	-1
4	62	-1
4	63	-1
4	64	-1
4	65	-1
4	66	-1
4	67	-1
4	68	-1
4	69	1
4	70	-1
4	71	-1
4	72	-1
4	73	-1
4	74	-1
4	75	-1
4	77	-1
4	78	-1
4	79	-1
4	80	-1
4	81	1
4	82	-1
4	83	-1
4	84	-1
4	85	1
4	86	-1
4	87	-1
4	88	-1
4	89	-1
4	90	-1
4	91	-1
4	92	-1
4	93	-1
4	94	-1
4	95	-1
4	96	-1
4	97	-1
4	98	-1
4	99	-1
4	103	1
4	104	1
4	105	1
4	107	-1
4	109	1
4	111	1
4	112	1
4	114	1
4	116	-1
4	117	-1
4	118	-1
4	126	1
4	130	-1
4	131	-1
4	132	-1
4	133	-1
4	138	-1
4	139	1
4	141	1
4	142	-1
4	147	-1
4	151	1
4	156	1
4	157	1
4	159	1
4	165	-1
4	170	1
4	174	-1
4	177	1
4	178	1
4	180	1
4	183	-1
4	186	1
4	192	-1
4	196	1
4	197	-1
4	198	1
4	199	-1
4	204	1
4	205	-1
4	206	1
4	207	-1
4	213	1
4	216	-1
4	217	1
4	224	1
4	227	-1
4	231	1
4	236	1
4	245	-1
4	248	1
4	249	-1
4	251	1
4	252	-1
4	255	-1
4	260	1
4	261	1
4	264	-1
4	267	-1
4	270	1
4	272	-1
4	274	1
4	278	1
4	283	1
4	284	1
4	286	1
4	294	1
4	297	-1
4	300	-1
4	301	1
4	304	1
4	306	1
4	309	-1
4	312	1
4	313	-1
4	314	-1
4	318	1
4	320	-1
4	321	-1
4	327	-1
4	329	-1
4	331	-1
4	334	1
4	336	-1
4	341	-1
4	349	-1
4	351	1
4	352	1
4	354	1
4	361	1
4	363	1
4	366	-1
4	370	-1
4	371	-1
4	375	1
4	376	1
4	383	1
4	384	1
4	390	-1
4	391	-1
4	392	-1
4	401	-1
4	410	-1
4	416	-1
4	417	1
4	420	-1
4	423	1
4	427	-1
4	432	-1
4	435	-1
4	444	-1
4	446	-1
4	450	1
4	453	1
4	457	-1
4	458	1
4	459	-1
4	460	-1
4	462	1
4	470	1
4	471	-1
4	472	-1
4	479	-1
4	481	-1
4	482	1
4	492	1
4	493	1
4	495	1
4	498	-1
4	499	1
5	6	1
5	7	1
5	8	1
5	9	1
5	10	1
5	11	1
5	13	1
5	14	1
5	15	1
5	16	1
5	17	-1
5	18	1
5	19	1
5	20	1
5	21	1
5	22	1
5	23	1
5	24	1
5	25	1
5	26	1
5	27	1
5	28	1
5	29	1
5	30	1
5	31	1
5	32	1
5	33	1
5	34	1
5	35	1
5	36	1
5	37	1
5	38	1
5	39	1
5	40	1
5	41	1
5	42	1
5	43	-1
5	44	1
5	45	1
5	46	-1
5	47	1
5	48	1
5	49	-1
5	50	-1
5	51	-1
5	54	-1
5	55	-1
5	56	-1
5	57	-1
5	58	-1
5	59	1
5	60	-1
5	61	-1
5	62	-1
5	63	-1
5	64	-1
5	65	-1
5	66	-1
5	67	-1
5	68	-1
5	69	-1
5	70	-1
5	71	-1
5	72	-1
5	73	-1
5	74	-1
5	75	-1
5	76	-1
5	77	-1
5	78	-1
5	79	-1
5	80	-1
5	81	-1
5	83	-1
5	84	-1
5	85	-1
5	86	-1
5	87	-1
5	88	-1
5	89	-1
5	90	-1
5	92	-1
5	93	-1
5	94	-1
5	95	-1
5	96	-1
5	97	-1
5	98	-1
5	99	-1
5	100	1
5	101	-1
5	107	-1
5	110	-1
5	112	1
5	116	1
5	122	-1
5	123	1
5	127	-1
5	129	1
5	131	1
5	135	1
5	138	1
5	141	1
5	149	1
5	150	-1
5	152	-1
5	154	-1
5	161	1
5	163	-1
5	166	1
5	167	1
5	172	1
5	173	1
5	180	1
5	182	-1
5	184	-1
5	189	-1
5	194	-1
5	195	1
5	197	1
5	198	-1
5	200	1
5	203	-1
5	207	-1
5	209	-1
5	210	1
5	213	-1
5	221	1
5	223	-1
5	225	-1
5	232	1
5	234	-1
5	235	1
5	236	-1
5	237	1
5	238	-1
5	242	-1
5	243	1
5	247	-1
5	249	1
5	251	1
5	252	1
5	253	-1
5	261	-1
5	264	1
5	265	-1
5	268	1
5	275	-1
5	277	1
5	282	-1
5	283	-1
5	286	-1
5	287	1
5	297	1
5	298	-1
5	299	-1
5	300	-1
5	301	1
5	303	-1
5	307	1
5	313	1
5	314	1
5	315	-1
5	319	-1
5	320	-1
5	323	-1
5	326	1
5	338	-1
5	339	1
5	340	-1
5	341	-1
5	351	1
5	355	-1
5	362	-1
5	363	1
5	367	-1
5	370	1
5	372	1
5	375	1
5	379	-1
5	382	1
5	383	-1
5	384	-1
5	385	-1
5	388	-1
5	389	-1
5	394	1
5	398	1
5	400	1
5	401	1
5	404	-1
5	407	1
5	408	1
5	409	-1
5	411	1
5	418	-1
5	422	-1
5	423	1
5	429	1
5	437	-1
5	438	1
5	440	-1
5	442	-1
5	443	1
5	444	1
5	445	-1
5	446	-1
5	447	1
5	449	1
5	453	-1
5	455	-1
5	475	1
5	480	-1
5	486	-1
5	488	1
5	492	-1
5	495	1
5	496	1
5	498	1
6	7	1
6	8	1
6	9	1
6	10	1
6	11	1
6	12	1
6	13	-1
6	14	-1
6	15	1
6	16	1
6	17	1
6	18	1
6	19	1
6	20	1
6	21	1
6	22	1
6	23	1
6	24	1
6	25	1
6	26	1
6	27	1
6	28	1
6	29	1
6	30	1
6	31	1
6	32	1
6	33	1
6	34	1
6	35	1
6	36	1
6	37	1
6	38	1
6	39	1
6	40	1
6	41	1
6	42	1
6	43	1
6	44	1
6	45	1
6	46	1
6	47	1
6	48	1
6	49	1
6	50	-1
6	51	-1
6	52	-1
6	53	-1
6	54	-1
6	55	-1
6	56	-1
6	57	-1
6	58	-1
6	59	-1
6	60	-1
6	61	-1
6	62	1
6	63	-1
6	64	-1
6	65	-1
6	66	-1
6	68	1
6	69	-1
6	70	-1
6	71	-1
6	72	-1
6	73	-1
6	74	-1
6	75	-1
6	76	-1
6	77	-1
6	78	-1
6	79	-1
6	80	-1
6	81	-1
6	82	-1
6	83	-1
6	84	-1
6	85	-1
6	86	-1
6	87	-1
6	88	-1
6	89	-1
6	90	-1
6	91	-1
6	92	-1
6	93	-1
6	94	-1
6	95	-1
6	96	-1
6	97	-1
6	98	-1
6	99	-1
6	102	-1
6	103	1
6	105	-1
6	106	1
6	107	1
6	112	-1
6	116	-1
6	120	-1
6	126	1
6	127	-1
6	130	-1
6	136	-1
6	139	1
6	143	-1
6	152	1
6	154	-1
6	156	-1
6	158	-1
6	160	1
6	163	-1
6	165	1
6	169	-1
6	177	1
6	181	-1
6	185	1
6	186	1
6	193	1
6	196	-1
6	197	-1
6	203	1
6	204	1
6	208	1
6	213	-1
6	216	-1
6	217	-1
6	221	1
6	228	1
6	230	1
6	231	-1
6	233	-1
6	235	1
6	238	-1
6	242	-1
6	243	-1
6	252	1
6	257	-1
6	261	-1
6	263	1
6	266	1
6	268	1
6	271	-1
6	272	1
6	275	-1
6	276	-1
6	277	-1
6	280	-1
6	282	-1
6	283	-1
6	285	1
6	287	1
6	288	-1
6	293	1
6	304	1
6	305	1
6	307	-1
6	308	1
6	310	-1
6	313	-1
6	314	-1
6	316	1
6	317	-1
6	329	-1
6	331	1
6	334	1
6	335	-1
6	347	-1
6	352	-1
6	356	1
6	365	-1
6	366	1
6	367	-1
6	368	-1
6	370	1
6	371	-1
6	375	1
6	378	-1
6	379	-1
6	380	1
6	385	-1
6	389	-1
6	395	1
6	396	-1
6	398	1
6	410	1
6	417	-1
6	425	1
6	430	1
6	435	-1
6	437	-1
6	440	-1
6	441	-1
6	444	1
6	446	1
6	447	-1
6	454	-1
6	455	-1
6	459	1
6	460	-1
6	462	1
6	463	1
6	467	1
6	473	1
6	479	-1
6	482	1
6	488	-1
6	489	1
6	494	1
6	496	-1
7	8	1
7	9	1
7	10	1
7	11	1
7	12	1
7	13	1
7	14	1
7	15	1
7	16	1
7	17	1
7	18	1
7	19	1
7	20	1
7	21	1
7	22	1
7	23	1
7	24	1
7	25	1
7	26	1
7	27	1
7	28	1
7	29	1
7	30	1
7	31	1
7	32	1
7	33	1
7	34	1
7	35	1
7	36	1
7	37	1
7	38	1
7	39	1
7	40	1
7	41	1
7	42	1
7	44	1
7	45	1
7	46	1
7	47	1
7	48	1
7	49	1
7	50	-1
7	52	-1
7	53	-1
7	54	-1
7	55	-1
7	56	-1
7	57	-1
7	58	-1
7	59	-1
7	60	-1
7	61	-1
7	62	-1
7	64	-1
7	65	-1
7	66	-1
7	67	-1
7	68	-1
7	69	1
7	70	-1
7	71	-1
7	72	-1
7	73	-1
7	74	-1
7	75	-1
7	76	1
7	77	-1
7	78	-1
7	79	-1
7	80	-1
7	81	-1
7	82	-1
7	83	-1
7	84	-1
7	85	-1
7	86	-1
7	87	-1
7	88	-1
7	89	-1
7	90	-1
7	91	-1
7	92	-1
7	93	-1
7	94	-1
7	95	-1
7	96	-1
7	97	-1
7	98	-1
7	99	-1
7	103	-1
7	104	1
7	109	-1
7	111	1
7	115	-1
7	121	-1
7	124	-1
7	129	1
7	130	-1
7	133	-1
7	135	1
7	139	1
7	142	1
7	145	-1
7	146	-1
7	147	-1
7	150	1
7	153	1
7	156	-1
7	161	-1
7	166	-1
7	168	-1
7	172	1
7	175	-1
7	176	-1
7	178	-1
7	181	-1
7	185	1
7	186	1
7	187	1
7	191	1
7	193	1
7	198	-1
7	199	-1
7	201	1
7	202	1
7	203	1
7	204	1
7	205	-1
7	210	-1
7	212	1
7	213	-1
7	215	-1
7	225	-1
7	227	1
7	232	-1
7	242	1
7	243	1
7	244	-1
7	250	-1
7	252	-1
7	254	-1
7	255	-1
7	256	1
7	257	-1
7	258	1
7	261	1
7	262	-1
7	263	-1
7	264	1
7	271	-1
7	277	-1
7	281	-1
7	283	-1
7	285	1
7	286	1
7	291	-1
7	293	1
7	294	-1
7	295	1
7	297	-1
7	300	1
7	302	1
7	306	1
7	307	-1
7	308	-1
7	315	1
7	318	1
7	319	-1
7	320	-1
7	321	1
7	322	-1
7	323	1
7	325	1
7	328	1
7	337	1
7	339	-1
7	340	-1
7	341	-1
7	344	-1
7	350	-1
7	351	1
7	354	-1
7	356	1
7	357	-1
7	360	1
7	361	1
7	362	1
7	363	1
7	364	1
7	365	-1
7	366	1
7	368	-1
7	369	1
7	372	-1
7	376	1
7	382	-1
7	384	-1
7	385	1
7	388	-1
7	394	1
7	395	-1
7	400	1
7	402	1
7	405	-1
7	409	-1
7	411	1
7	412	1
7	413	1
7	414	-1
7	415	1
7	416	-1
7	418	-1
7	422	-1
7	423	-1
7	433	1
7	435	1
7	437	1
7	439	-1
7	440	-1
7	441	1
7	443	1
7	447	1
7	448	1
7	449	1
7	453	-1
7	455	-1
7	467	-1
7	471	-1
7	474	1
7	478	-1
7	485	-1
7	488	1
7	491	-1
7	492	1
7	493	1
7	496	1
7	499	1
8	9	1
8	10	1
8	11	1
8	12	1
8	13	1
8	15	1
8	16	1
8	17	1
8	18	1
8	19	1
8	20	1
8	21	1
8	22	-1
8	23	1
8	24	1
8	25	-1
8	26	1
8	27	1
8	28	-1
8	29	-1
8	30	1
8	31	1
8	32	1
8	33	1
8	34	1
8	35	1
8	36	1
8	37	1
8	38	1
8	39	1
8	40	1
8	41	1
8	42	1
8	44	1
8	45	1
8	46	-1
8	47	1
8	48	1
8	49	1
8	50	-1
8	51	-1
8	52	-1
8	53	-1
8	54	-1
8	55	-1
8	56	-1
8	57	-1
8	58	-1
8	59	-1
8	60	-1
8	61	-1
8	62	-1
8	63	-1
8	64	-1
8	65	-1
8	66	-1
8	67	-1
8	68	-1
8	69	-1
8	70	1
8	71	-1
8	72	-1
8	73	-1
8	74	-1
8	75	-1
8	76	-1
8	77	-1
8	78	-1
8	80	1
8	81	-1
8	82	-1
8	83	-1
8	84	-1
8	85	-1
8	86	-1
8	87	-1
8	88	-1
8	89	-1
8	90	-1
8	91	-1
8	92	-1
8	93	-1
8	94	-1
8	95	-1
8	96	-1
8	97	-1
8	98	-1
8	99	-1
8	100	-1
8	102	1
8	104	-1
8	108	-1
8	120	1
8	124	1
8	126	1
8	132	-1
8	138	-1
8	142	-1
8	143	-1
8	145	1
8	150	1
8	162	1
8	166	-1
8	169	-1
8	173	1
8	174	1
8	176	-1
8	177	-1
8	178	1
8	179	1
8	181	-1
8	188	-1
8	191	1
8	192	-1
8	193	1
8	196	-1
8	198	1
8	200	-1
8	206	-1
8	207	-1
8	210	1
8	212	1
8	213	-1
8	216	-1
8	218	1
8	220	-1
8	223	1
8	227	-1
8	230	-1
8	231	1
8	232	1
8	233	-1
8	236	-1
8	237	1
8	242	-1
8	250	-1
8	259	-1
8	261	-1
8	263	1
8	270	-1
8	271	1
8	272	1
8	283	-1
8	287	1
8	292	1
8	296	-1
8	298	-1
8	300	-1
8	301	-1
8	304	1
8	308	-1
8	311	-1
8	315	1
8	316	-1
8	320	-1
8	328	1
8	329	1
8	337	-1
8	339	1
8	340	1
8	346	1
8	347	1
8	349	-1
8	350	-1
8	354	1
8	357	-1
8	358	1
8	360	-1
8	364	-1
8	372	1
8	374	-1
8	377	-1
8	379	1
8	381	-1
8	382	1
8	385	-1
8	386	-1
8	392	-1
8	396	-1
8	397	-1
8	406	-1
8	408	-1
8	409	-1
8	411	1
8	412	1
8	418	1
8	421	-1
8	422	1
8	428	-1
8	429	-1
8	430	-1
8	434	1
8	437	1
8	444	-1
8	451	-1
8	459	-1
8	460	1
8	461	-1
8	464	1
8	468	1
8	472	-1
8	474	-1
8	477	1
8	478	-1
8	480	-1
8	482	1
8	489	-1
8	495	-1
9	12	1
9	13	1
9	14	1
9	15	1
9	16	1
9	17	-1
9	18	1
9	19	1
9	20	1
9	21	1
9	22	1
9	23	1
9	24	1
9	25	1
9	26	1
9	27	1
9	28	1
9	29	1
9	30	1
9	31	1
9	32	1
9	33	1
9	34	1
9	35	1
9	36	1
9	37	1
9	38	1
9	39	1
9	40	1
9	41	1
9	42	1
9	43	1
9	44	1
9	45	1
9	46	1
9	47	1
9	48	1
9	49	1
9	50	1
9	51	-1
9	52	-1
9	53	-1
9	54	-1
9	55	-1
9	56	-1
9	57	-1
9	58	-1
9	59	-1
9	60	-1
9	61	-1
9	62	-1
9	63	-1
9	64	-1
9	65	-1
9	66	1
9	67	-1
9	68	-1
9	69	-1
9	70	-1
9	71	-1
9	72	-1
9	73	-1
9	74	-1
9	75	-1
9	76	-1
9	77	-1
9	78	1
9	79	-1
9	80	-1
9	82	-1
9	83	-1
9	84	-1
9	85	-1
9	86	-1
9	87	-1
9	89	-1
9	90	-1
9	91	-1
9	92	-1
9	93	-1
9	94	-1
9	95	-1
9	96	-1
9	97	-1
9	98	-1
9	99	-1
9	100	-1
9	101	1
9	102	1
9	104	1
9	109	1
9	111	-1
9	113	1
9	114	1
9	116	-1
9	117	1
9	122	1
9	123	-1
9	135	-1
9	139	-1
9	140	-1
9	141	-1
9	142	-1
9	143	1
9	147	1
9	151	1
9	154	-1
9	155	-1
9	157	1
9	166	1
9	178	-1
9	179	-1
9	180	-1
9	184	-1
9	186	1
9	189	-1
9	200	1
9	204	-1
9	205	-1
9	212	1
9	213	1
9	215	-1
9	217	-1
9	218	1
9	219	1
9	220	-1
9	223	-1
9	224	-1
9	225	-1
9	227	-1
9	228	1
9	229	-1
9	230	-1
9	233	1
9	235	1
9	236	-1
9	239	1
9	241	1
9	244	1
9	249	1
9	250	1
9	252	1
9	253	1
9	257	1
9	258	-1
9	260	-1
9	261	1
9	262	-1
9	263	1
9	264	1
9	265	-1
9	267	1
9	270	1
9	271	-1
9	272	-1
9	274	1
9	276	-1
9	278	1
9	280	1
9	281	-1
9	286	1
9	287	1
9	288	-1
9	293	1
9	296	1
9	298	-1
9	299	1
9	301	-1
9	303	1
9	307	1
9	309	-1
9	320	1
9	321	-1
9	324	1
9	327	-1
9	330	1
9	331	1
9	336	1
9	342	1
9	344	1
9	346	-1
9	347	-1
9	348	1
9	350	1
9	355	-1
9	357	1
9	360	1
9	361	-1
9	365	1
9	366	1
9	368	-1
9	370	-1
9	374	-1
9	375	-1
9	378	1
9	379	-1
9	380	1
9	384	-1
9	385	-1
9	387	-1
9	390	1
9	393	-1
9	396	-1
9	397	-1
9	400	1
9	408	-1
9	409	-1
9	414	-1
9	415	-1
9	418	-1
9	421	-1
9	424	-1
9	432	1
9	433	1
9	435	1
9	436	-1
9	438	1
9	440	-1
9	443	-1
9	448	1
9	450	-1
9	453	1
9	454	-1
9	460	1
9	463	1
9	466	1
9	468	-1
9	470	-1
9	472	1
9	473	1
9	474	-1
9	482	1
9	484	1
9	488	1
9	490	-1
9	492	-1
9	493	1
9	498	1
10	11	1
10	12	1
10	13	1
10	14	1
10	15	1
10	16	1
10	17	-1
10	18	1
10	19	1
10	20	1
10	21	1
10	22	1
10	23	1
10	24	1
10	25	1
10	26	1
10	28	1
10	30	1
10	31	1
10	32	1
10	33	1
10	34	1
10	35	1
10	36	1
10	37	1
10	38	1
10	39	1
10	40	1
10	41	1
10	42	1
10	43	1
10	44	1
10	45	1
10	46	1
10	47	1
10	48	1
10	49	-1
10	50	-1
10	51	-1
10	52	-1
10	53	-1
10	54	-1
10	55	-1
10	56	-1
10	57	-1
10	58	-1
10	59	-1
10	60	-1
10	61	-1
10	62	-1
10	63	-1
10	64	-1
10	65	-1
10	66	-1
10	67	-1
10	68	1
10	69	-1
10	70	-1
10	71	-1
10	72	-1
10	73	-1
10	74	1
10	75	-1
10	76	-1
10	77	-1
10	78	-1
10	79	-1
10	80	-1
10	81	-1
10	82	-1
10	83	-1
10	84	-1
10	85	-1
10	86	-1
10	87	-1
10	89	-1
10	90	-1
10	91	-1
10	92	-1
10	93	-1
10	94	-1
10	95	1
10	96	-1
10	98	-1
10	99	-1
10	101	1
10	104	-1
10	109	-1
10	112	-1
10	118	-1
10	121	-1
10	134	-1
10	135	1
10	136	1
10	138	1
10	140	1
10	141	-1
10	143	-1
10	145	-1
10	149	-1
10	153	1
10	154	-1
10	157	1
10	158	1
10	165	-1
10	172	-1
10	176	1
10	180	-1
10	181	1
10	184	-1
10	185	1
10	191	-1
10	195	1
10	200	-1
10	203	-1
10	206	1
10	212	-1
10	213	1
10	215	1
10	219	1
10	221	1
10	225	1
10	229	1
10	232	1
10	233	1
10	236	-1
10	237	-1
10	239	-1
10	241	-1
10	243	-1
10	244	-1
10	247	-1
10	249	-1
10	250	1
10	252	-1
10	256	-1
10	257	1
10	261	-1
10	263	1
10	265	1
10	266	-1
10	268	1
10	269	-1
10	273	1
10	283	1
10	290	1
10	293	-1
10	294	-1
10	296	1
10	297	-1
10	300	1
10	301	-1
10	302	1
10	304	1
10	307	1
10	311	-1
10	312	1
10	313	1
10	315	-1
10	321	-1
10	323	-1
10	324	-1
10	326	1
10	327	-1
10	332	-1
10	335	1
10	338	1
10	339	1
10	349	-1
10	353	1
10	356	-1
10	357	-1
10	358	-1
10	360	-1
10	363	1
10	364	-1
10	365	1
10	369	-1
10	371	-1
10	372	-1
10	375	1
10	376	1
10	377	1
10	381	-1
10	391	1
10	393	-1
10	400	-1
10	406	1
10	411	1
10	418	1
10	419	-1
10	422	1
10	423	1
10	425	-1
10	428	-1
10	429	1
10	430	-1
10	433	-1
10	436	-1
10	438	-1
10	440	1
10	441	-1
10	444	1
10	447	1
10	448	1
10	451	-1
10	452	-1
10	453	-1
10	459	-1
10	462	-1
10	463	-1
10	465	-1
10	466	1
10	471	1
10	480	-1
10	481	1
10	485	1
10	491	-1
10	493	1
10	496	-1
10	497	-1
11	12	-1
11	13	1
11	14	1
11	15	1
11	16	1
11	17	1
11	18	1
11	20	1
11	21	1
11	22	1
11	23	1
11	24	1
11	25	1
11	26	1
11	27	1
11	28	1
11	29	1
11	30	1
11	32	1
11	33	1
11	34	1
11	35	1
11	36	-1
11	37	1
11	38	1
11	39	1
11	40	1
11	41	1
11	42	1
11	43	1
11	44	1
11	45	1
11	46	1
11	47	1
11	48	1
11	49	1
11	50	-1
11	52	-1
11	53	-1
11	54	-1
11	55	-1
11	56	-1
11	58	-1
11	59	-1
11	60	-1
11	61	-1
11	62	-1
11	63	-1
11	64	-1
11	65	-1
11	66	-1
11	67	-1
11	68	-1
11	69	-1
11	70	-1
11	71	-1
11	72	-1
11	73	-1
11	74	-1
11	75	-1
11	76	-1
11	77	-1
11	78	-1
11	79	-1
11	80	-1
11	81	-1
11	82	-1
11	83	-1
11	84	-1
11	85	-1
11	86	-1
11	87	-1
11	88	-1
11	89	1
11	90	-1
11	91	-1
11	92	-1
11	93	-1
11	94	-1
11	95	-1
11	96	-1
11	97	-1
11	98	-1
11	99	-1
11	103	1
11	108	-1
11	110	1
11	116	-1
11	122	-1
11	124	-1
11	127	1
11	128	-1
11	129	-1
11	134	-1
11	135	1
11	137	-1
11	141	1
11	143	-1
11	145	1
11	150	-1
11	157	-1
11	160	-1
11	163	-1
11	166	-1
11	176	-1
11	182	1
11	183	1
11	189	-1
11	190	1
11	193	-1
11	195	1
11	198	1
11	199	1
11	200	-1
11	201	1
11	203	1
11	210	-1
11	213	-1
11	219	1
11	222	1
11	224	1
11	226	1
11	232	1
11	233	-1
11	234	-1
11	237	-1
11	240	1
11	244	-1
11	246	-1
11	248	-1
11	252	-1
11	254	-1
11	262	1
11	267	1
11	269	1
11	277	1
11	278	1
11	284	1
11	285	1
11	287	1
11	290	1
11	291	-1
11	295	1
11	298	1
11	304	1
11	313	1
11	316	-1
11	317	1
11	321	-1
11	322	1
11	325	-1
11	328	-1
11	329	1
11	334	1
11	335	1
11	342	-1
11	345	1
11	348	1
11	350	-1
11	352	-1
11	356	-1
11	360	1
11	364	-1
11	369	-1
11	373	1
11	374	1
11	381	1
11	388	1
11	391	-1
11	392	-1
11	393	-1
11	398	-1
11	400	-1
11	403	-1
11	405	1
11	407	1
11	411	-1
11	414	-1
11	415	-1
11	423	-1
11	426	-1
11	430	1
11	431	1
11	434	-1
11	435	-1
11	438	1
11	442	-1
11	445	-1
11	452	1
11	456	-1
11	458	1
11	459	1
11	463	-1
11	464	-1
11	467	-1
11	470	-1
11	472	1
11	474	-1
11	478	-1
11	485	1
11	486	-1
11	487	-1
11	490	1
11	493	1
11	497	-1
11	499	-1
12	14	1
12	15	1
12	16	1
12	17	1
12	18	1
12	19	1
12	20	1
12	22	1
12	23	1
12	24	1
12	25	1
12	26	1
12	27	1
12	28	1
12	29	1
12	30	-1
12	31	1
12	32	1
12	33	1
12	34	1
12	35	1
12	37	1
12	38	1
12	39	1
12	40	1
12	41	1
12	42	1
12	43	1
12	44	1
12	45	1
12	46	1
12	47	1
12	48	1
12	49	1
12	50	-1
12	51	-1
12	52	-1
12	53	-1
12	54	-1
12	55	-1
12	56	-1
12	57	-1
12	58	-1
12	59	-1
12	60	-1
12	61	-1
12	62	-1
12	63	-1
12	64	-1
12	65	-1
12	66	-1
12	67	-1
12	68	-1
12	70	-1
12	71	-1
12	72	-1
12	73	-1
12	74	-1
12	75	-1
12	76	-1
12	77	-1
12	78	-1
12	79	-1
12	80	-1
12	81	-1
12	82	-1
12	84	-1
12	85	-1
12	87	-1
12	88	-1
12	89	-1
12	90	-1
12	91	-1
12	92	-1
12	93	-1
12	94	-1
12	95	-1
12	96	-1
12	97	-1
12	98	1
12	99	-1
12	107	-1
12	113	-1
12	116	-1
12	117	1
12	121	-1
12	123	1
12	125	-1
12	137	1
12	138	1
12	143	1
12	144	-1
12	145	-1
12	147	-1
12	148	-1
12	153	1
12	154	1
12	162	-1
12	165	-1
12	166	-1
12	169	-1
12	170	1
12	172	1
12	173	-1
12	174	1
12	176	-1
12	177	-1
12	178	1
12	179	1
12	182	1
12	183	1
12	186	-1
12	193	-1
12	195	-1
12	200	1
12	203	-1
12	212	-1
12	215	-1
12	222	1
12	226	-1
12	228	-1
12	235	-1
12	241	1
12	247	1
12	250	-1
12	251	-1
12	254	1
12	256	-1
12	261	1
12	265	1
12	270	1
12	272	-1
12	273	1
12	274	-1
12	275	-1
12	276	1
12	281	-1
12	282	-1
12	283	-1
12	286	-1
12	287	1
12	291	-1
12	292	-1
12	298	1
12	303	-1
12	308	-1
12	311	-1
12	317	-1
12	318	1
12	321	-1
12	324	-1
12	328	1
12	329	1
12	331	-1
12	333	1
12	334	1
12	337	1
12	340	-1
12	341	1
12	347	-1
12	349	1
12	351	1
12	352	-1
12	354	1
12	359	1
12	360	-1
12	362	-1
12	363	1
12	364	-1
12	366	1
12	370	-1
12	378	-1
12	379	-1
12	380	1
12	381	1
12	386	1
12	387	1
12	388	-1
12	389	1
12	393	-1
12	395	1
12	399	1
12	403	1
12	406	1
12	408	-1
12	410	-1
12	415	-1
12	416	1
12	417	-1
12	418	-1
12	420	1
12	421	-1
12	428	-1
12	434	-1
12	437	1
12	438	-1
12	440	-1
12	444	-1
12	445	-1
12	446	1
12	449	1
12	451	-1
12	453	-1
12	455	1
12	461	1
12	462	1
12	465	-1
12	466	1
12	469	-1
12	470	-1
12	471	-1
12	474	-1
12	476	-1
12	480	1
12	483	-1
12	486	1
12	487	1
12	488	1
12	489	1
12	493	-1
12	496	-1
13	14	1
13	16	1
13	17	-1
13	18	1
13	19	1
13	20	1
13	21	-1
13	22	1
13	23	1
13	24	1
13	25	1
13	26	1
13	27	1
13	28	1
13	29	1
13	30	1
13	31	1
13	32	1
13	33	1
13	34	1
13	35	1
13	36	1
13	37	1
13	39	1
13	41	1
13	42	1
13	43	1
13	44	1
13	45	1
13	48	1
13	49	1
13	50	-1
13	51	-1
13	52	-1
13	54	-1
13	55	-1
13	56	-1
13	57	-1
13	58	-1
13	59	-1
13	60	-1
13	61	-1
13	62	-1
13	63	-1
13	64	-1
13	65	-1
13	66	-1
13	67	-1
13	68	-1
13	69	-1
13	70	-1
13	71	-1
13	72	-1
13	73	-1
13	74	-1
13	75	-1
13	76	-1
13	77	1
13	78	-1
13	79	-1
13	81	-1
13	82	-1
13	83	-1
13	84	-1
13	85	-1
13	86	-1
13	87	-1
13	88	-1
13	89	-1
13	90	-1
13	91	-1
13	92	-1
13	93	-1
13	94	-1
13	95	-1
13	96	-1
13	97	-1
13	98	-1
13	99	-1
13	105	1
13	110	1
13	115	1
13	116	1
13	127	-1
13	129	-1
13	136	-1
13	137	-1
13	138	-1
13	139	1
13	146	-1
13	147	-1
13	150	-1
13	153	1
13	154	1
13	157	-1
13	158	-1
13	160	-1
13	163	1
13	166	1
13	176	-1
13	180	1
13	186	1
13	188	-1
13	196	-1
13	197	-1
13	202	1
13	211	-1
13	218	1
13	225	-1
13	226	1
13	228	-1
13	229	1
13	231	-1
13	233	-1
13	241	-1
13	246	1
13	248	-1
13	250	1
13	257	1
13	258	-1
13	261	1
13	266	1
13	267	1
13	269	1
13	271	1
13	274	-1
13	276	1
13	278	-1
13	279	1
13	281	-1
13	285	1
13	289	1
13	292	-1
13	295	-1
13	296	1
13	298	-1
13	299	1
13	300	-1
13	301	-1
13	303	-1
13	305	1
13	307	1
13	309	-1
13	310	-1
13	311	1
13	312	-1
13	313	-1
13	318	-1
13	320	-1
13	321	-1
13	329	1
13	330	1
13	332	-1
13	334	-1
13	336	-1
13	345	-1
13	352	-1
13	353	1
13	355	-1
13	357	1
13	359	-1
13	361	1
13	368	1
13	377	1
13	386	-1
13	388	-1
13	394	-1
13	398	1
13	399	1
13	401	-1
13	402	-1
13	406	1
13	408	1
13	409	-1
13	418	1
13	419	-1
13	426	1
13	427	-1
13	429	1
13	433	-1
13	434	-1
13	436	1
13	437	1
13	445	1
13	448	1
13	453	1
13	455	-1
13	461	-1
13	463	1
13	464	-1
13	467	1
13	472	-1
13	473	1
13	474	1
13	475	1
13	476	-1
13	477	-1
13	479	1
13	484	1
13	489	1
13	490	-1
13	492	-1
13	494	1
13	496	1
13	498	1
14	15	1
14	16	1
14	17	1
14	18	1
14	19	1
14	20	1
14	21	1
14	22	1
14	23	1
14	24	1
14	25	1
14	26	1
14	27	1
14	28	1
14	29	1
14	30	1
14	31	1
14	32	-1
14	33	-1
14	34	1
14	35	1
14	36	1
14	38	1
14	39	1
14	40	1
14	41	1
14	42	1
14	43	1
14	44	1
14	45	1
14	47	1
14	48	1
14	49	1
14	50	-1
14	51	-1
14	52	-1
14	53	-1
14	54	-1
14	55	-1
14	56	-1
14	57	-1
14	58	-1
14	59	-1
14	60	-1
14	61	-1
14	62	-1
14	63	-1
14	64	-1
14	65	-1
14	66	-1
14	67	-1
14	68	1
14	69	-1
14	70	-1
14	71	1
14	72	-1
14	73	-1
14	74	-1
14	75	-1
14	77	-1
14	78	-1
14	79	-1
14	80	-1
14	81	-1
14	83	-1
14	84	-1
14	86	1
14	87	-1
14	88	-1
14	89	1
14	90	-1
14	91	-1
14	92	-1
14	93	-1
14	94	-1
14	95	-1
14	96	-1
14	97	-1
14	98	-1
14	99	-1
14	108	1
14	111	-1
14	112	1
14	120	-1
14	121	-1
14	123	-1
14	126	-1
14	130	1
14	133	1
14	135	-1
14	138	-1
14	139	-1
14	140	-1
14	144	-1
14	149	1
14	150	1
14	152	1
14	158	1
14	164	-1
14	167	1
14	168	-1
14	169	1
14	173	1
14	174	-1
14	179	1
14	191	-1
14	197	-1
14	198	1
14	203	1
14	204	1
14	211	1
14	216	1
14	217	-1
14	222	-1
14	223	1
14	226	1
14	228	1
14	242	-1
14	243	1
14	247	-1
14	249	-1
14	258	-1
14	262	-1
14	263	-1
14	264	1
14	266	1
14	268	1
14	269	1
14	270	-1
14	274	1
14	275	-1
14	280	1
14	284	-1
14	285	1
14	286	1
14	289	1
14	291	1
14	292	-1
14	297	-1
14	299	1
14	301	-1
14	302	-1
14	307	1
14	308	-1
14	310	-1
14	312	-1
14	313	1
14	315	-1
14	316	-1
14	324	1
14	325	-1
14	327	-1
14	329	-1
14	334	-1
14	342	1
14	343	-1
14	344	1
14	345	1
14	349	1
14	351	1
14	352	1
14	358	1
14	360	-1
14	361	-1
14	362	-1
14	364	-1
14	373	-1
14	383	1
14	389	-1
14	390	-1
14	391	-1
14	392	-1
14	393	1
14	397	1
14	400	1
14	402	1
14	403	-1
14	404	-1
14	405	1
14	408	1
14	409	-1
14	416	-1
14	417	1
14	419	-1
14	422	-1
14	431	-1
14	432	-1
14	436	1
14	443	1
14	447	-1
14	448	-1
14	453	1
14	454	-1
14	459	1
14	460	-1
14	467	-1
14	470	-1
14	476	1
14	479	-1
14	487	1
14	489	1
14	492	1
15	16	1
15	17	1
15	18	1
15	19	1
15	20	1
15	21	1
15	22	1
15	23	1
15	24	1
15	25	1
15	26	1
15	27	1
15	28	1
15	29	1
15	30	1
15	31	1
15	32	1
15	33	1
15	34	1
15	35	1
15	36	1
15	37	-1
15	38	1
15	39	1
15	40	1
15	41	1
15	42	1
15	43	1
15	44	1
15	45	1
15	46	-1
15	47	1
15	48	1
15	49	1
15	50	-1
15	51	1
15	52	1
15	53	-1
15	54	-1
15	55	-1
15	56	-1
15	57	-1
15	58	-1
15	59	-1
15	60	-1
15	61	-1
15	62	-1
15	63	-1
15	64	-1
15	65	-1
15	66	-1
15	67	-1
15	68	-1
15	69	-1
15	70	-1
15	71	-1
15	72	-1
15	73	-1
15	74	-1
15	75	-1
15	76	-1
15	77	-1
15	78	-1
15	79	-1
15	80	-1
15	81	-1
15	82	-1
15	83	-1
15	84	-1
15	85	-1
15	86	-1
15	87	-1
15	88	-1
15	89	-1
15	90	-1
15	91	-1
15	92	-1
15	93	1
15	94	-1
15	95	-1
15	96	-1
15	97	-1
15	98	-1
15	99	-1
15	102	1
15	107	-1
15	109	-1
15	111	1
15	116	-1
15	117	-1
15	119	-1
15	120	1
15	121	-1
15	128	1
15	130	1
15	132	-1
15	134	-1
15	137	-1
15	139	-1
15	141	-1
15	142	-1
15	152	-1
15	156	-1
15	157	1
15	160	-1
15	163	-1
15	167	-1
15	169	1
15	170	-1
15	174	-1
15	176	1
15	178	1
15	179	1
15	181	-1
15	183	-1
15	187	1
15	188	-1
15	189	1
15	190	-1
15	196	-1
15	204	1
15	207	1
15	208	1
15	211	-1
15	222	-1
15	224	-1
15	232	-1
15	233	1
15	234	-1
15	235	-1
15	236	1
15	237	1
15	239	1
15	244	-1
15	246	-1
15	250	-1
15	251	-1
15	252	-1
15	257	1
15	258	1
15	261	-1
15	263	-1
15	268	1
15	272	-1
15	275	-1
15	279	1
15	281	-1
15	282	1
15	285	-1
15	286	-1
15	287	-1
15	288	-1
15	292	-1
15	293	-1
15	294	-1
15	295	-1
15	300	1
15	309	1
15	310	1
15	313	-1
15	318	1
15	320	1
15	323	1
15	326	-1
15	328	1
15	329	-1
15	330	1
15	331	-1
15	332	1
15	337	1
15	339	-1
15	342	-1
15	343	1
15	344	1
15	346	1
15	347	-1
15	355	-1
15	356	1
15	368	-1
15	373	-1
15	374	1
15	377	1
15	383	-1
15	385	1
15	387	1
15	388	1
15	389	-1
15	394	-1
15	395	1
15	396	-1
15	397	1
15	398	1
15	400	1
15	403	1
15	407	-1
15	409	-1
15	410	1
15	417	-1
15	419	1
15	420	1
15	421	-1
15	423	1
15	425	1
15	426	1
15	430	1
15	433	1
15	436	1
15	437	1
15	441	-1
15	444	-1
15	445	-1
15	446	1
15	449	1
15	451	-1
15	452	-1
15	453	-1
15	454	-1
15	455	1
15	456	1
15	460	1
15	461	-1
15	464	-1
15	471	1
15	472	-1
15	473	1
15	476	-1
15	479	-1
15	480	1
15	483	-1
15	484	-1
15	486	-1
15	487	1
15	490	-1
15	494	-1
15	497	-1
16	17	1
16	18	1
16	19	1
16	20	1
16	21	1
16	22	1
16	23	1
16	24	1
16	25	1
16	26	1
16	27	1
16	28	1
16	29	1
16	30	1
16	31	1
16	32	-1
16	33	1
16	34	1
16	35	1
16	36	1
16	37	1
16	38	1
16	39	-1
16	40	1
16	41	1
16	42	1
16	43	1
16	44	1
16	45	1
16	46	1
16	47	-1
16	48	1
16	49	1
16	50	-1
16	51	-1
16	52	-1
16	53	-1
16	54	-1
16	55	-1
16	56	1
16	57	-1
16	58	-1
16	60	-1
16	61	-1
16	62	-1
16	63	-1
16	64	-1
16	66	-1
16	67	-1
16	68	-1
16	69	-1
16	70	-1
16	71	-1
16	72	-1
16	73	-1
16	74	-1
16	75	-1
16	76	-1
16	78	-1
16	79	-1
16	80	-1
16	81	-1
16	82	-1
16	83	-1
16	85	-1
16	86	-1
16	87	-1
16	88	-1
16	89	-1
16	90	-1
16	91	-1
16	92	-1
16	93	-1
16	94	1
16	95	-1
16	96	-1
16	97	-1
16	98	-1
16	99	1
16	100	1
16	104	-1
16	110	1
16	112	1
16	113	-1
16	114	-1
16	121	-1
16	124	-1
16	125	1
16	136	1
16	137	1
16	138	-1
16	143	1
16	145	1
16	148	-1
16	151	-1
16	153	-1
16	154	1
16	162	1
16	163	1
16	171	1
16	172	-1
16	173	1
16	179	1
16	181	-1
16	184	1
16	189	1
16	191	-1
16	193	-1
16	194	1
16	196	1
16	198	1
16	199	1
16	204	-1
16	205	-1
16	208	-1
16	209	-1
16	211	1
16	213	1
16	216	1
16	218	-1
16	230	1
16	234	1
16	236	-1
16	238	1
16	243	-1
16	250	1
16	253	-1
16	255	1
16	258	1
16	259	1
16	261	-1
16	262	-1
16	265	1
16	266	1
16	271	1
16	274	1
16	276	-1
16	282	1
16	283	-1
16	285	1
16	288	-1
16	290	-1
16	291	1
16	293	1
16	294	1
16	301	1
16	302	-1
16	306	-1
16	308	-1
16	309	-1
16	313	1
16	319	1
16	322	1
16	323	-1
16	325	-1
16	326	1
16	328	1
16	329	-1
16	330	1
16	333	-1
16	339	1
16	340	-1
16	341	-1
16	347	1
16	348	1
16	349	1
16	351	-1
16	353	1
16	356	-1
16	374	1
16	375	-1
16	376	1
16	377	1
16	381	-1
16	384	-1
16	385	1
16	388	-1
16	390	-1
16	392	-1
16	394	1
16	397	-1
16	400	1
16	403	1
16	405	-1
16	406	1
16	407	1
16	408	1
16	409	-1
16	411	-1
16	412	1
16	414	-1
16	416	1
16	419	-1
16	421	-1
16	422	1
16	426	1
16	427	1
16	428	1
16	430	-1
16	436	1
16	437	1
16	439	-1
16	440	1
16	442	1
16	450	1
16	455	1
16	461	1
16	462	-1
16	470	1
16	474	1
16	475	-1
16	480	-1
16	481	-1
16	482	1
16	485	-1
16	486	1
16	488	1
16	490	1
16	494	1
16	497	-1
16	498	-1
17	18	1
17	19	1
17	20	1
17	21	1
17	22	1
17	23	1
17	24	1
17	25	1
17	26	-1
17	27	1
17	28	1
17	29	1
17	30	1
17	31	1
17	32	1
17	33	1
17	34	1
17	35	-1
17	36	1
17	37	1
17	38	1
17	39	1
17	40	1
17	41	1
17	43	1
17	44	1
17	45	1
17	46	1
17	47	1
17	48	1
17	49	1
17	50	-1
17	51	-1
17	52	-1
17	53	-1
17	54	-1
17	55	-1
17	56	-1
17	57	1
17	58	-1
17	59	-1
17	60	-1
17	61	-1
17	62	-1
17	63	-1
17	64	-1
17	65	-1
17	66	-1
17	67	-1
17	68	-1
17	69	-1
17	70	-1
17	71	-1
17	72	-1
17	73	-1
17	74	-1
17	75	-1
17	76	-1
17	77	-1
17	78	-1
17	79	-1
17	80	-1
17	81	-1
17	82	1
17	83	-1
17	84	-1
17	85	-1
17	86	-1
17	87	1
17	88	-1
17	89	-1
17	90	-1
17	91	-1
17	92	-1
17	93	-1
17	94	-1
17	95	-1
17	96	-1
17	97	-1
17	98	-1
17	99	-1
17	100	1
17	102	1
17	104	-1
17	107	1
17	109	1
17	110	-1
17	115	1
17	116	1
17	117	1
17	120	-1
17	123	1
17	130	1
17	132	-1
17	134	-1
17	135	1
17	136	1
17	139	1
17	146	-1
17	150	1
17	154	-1
17	156	-1
17	157	1
17	158	1
17	159	1
17	160	1
17	163	1
17	164	-1
17	165	-1
17	167	1
17	171	1
17	172	-1
17	177	-1
17	179	1
17	180	1
17	181	-1
17	182	1
17	186	1
17	188	-1
17	194	-1
17	196	1
17	197	1
17	199	1
17	200	1
17	205	1
17	207	1
17	208	-1
17	213	1
17	220	1
17	223	1
17	224	1
17	229	-1
17	233	-1
17	234	-1
17	236	-1
17	237	1
17	238	1
17	242	-1
17	244	-1
17	245	1
17	247	1
17	248	1
17	249	-1
17	254	-1
17	256	-1
17	259	-1
17	267	-1
17	270	1
17	273	1
17	274	-1
17	282	-1
17	284	-1
17	286	1
17	290	1
17	293	-1
17	294	-1
17	300	1
17	301	1
17	306	-1
17	309	-1
17	312	-1
17	314	1
17	316	1
17	318	1
17	319	1
17	322	1
17	325	1
17	326	-1
17	328	-1
17	333	1
17	340	1
17	342	1
17	346	1
17	347	-1
17	349	-1
17	350	-1
17	352	-1
17	353	1
17	357	-1
17	362	1
17	364	-1
17	365	-1
17	367	1
17	369	1
17	370	-1
17	371	1
17	376	1
17	379	1
17	384	-1
17	387	1
17	388	-1
17	395	1
17	397	1
17	399	-1
17	400	-1
17	404	1
17	406	1
17	407	1
17	410	-1
17	416	1
17	417	-1
17	420	1
17	422	-1
17	423	-1
17	429	-1
17	430	1
17	431	-1
17	438	-1
17	445	-1
17	447	1
17	448	1
17	452	-1
17	454	1
17	462	1
17	472	1
17	474	1
17	481	-1
17	484	1
17	487	1
17	490	-1
17	491	-1
17	495	1
17	497	1
18	19	1
18	20	1
18	21	1
18	22	1
18	23	1
18	24	-1
18	25	1
18	26	1
18	27	1
18	28	1
18	29	1
18	30	1
18	31	1
18	32	1
18	33	1
18	34	1
18	35	1
18	36	1
18	37	-1
18	38	1
18	39	-1
18	40	1
18	41	1
18	42	1
18	43	1
18	44	1
18	45	-1
18	46	1
18	47	1
18	49	1
18	50	-1
18	51	-1
18	52	-1
18	53	-1
18	55	-1
18	56	-1
18	57	-1
18	58	-1
18	59	1
18	60	-1
18	61	-1
18	62	-1
18	63	-1
18	64	-1
18	65	-1
18	66	-1
18	67	-1
18	68	1
18	69	-1
18	71	-1
18	73	-1
18	74	-1
18	75	-1
18	76	-1
18	77	-1
18	78	-1
18	79	-1
18	80	-1
18	81	-1
18	82	-1
18	83	-1
18	84	-1
18	85	-1
18	86	-1
18	87	-1
18	88	-1
18	89	-1
18	90	-1
18	91	-1
18	92	-1
18	93	-1
18	94	-1
18	95	-1
18	96	-1
18	97	-1
18	98	-1
18	99	-1
18	100	1
18	105	1
18	111	1
18	122	-1
18	124	1
18	126	1
18	129	1
18	131	-1
18	146	-1
18	151	-1
18	152	-1
18	155	1
18	160	1
18	161	-1
18	164	-1
18	166	-1
18	170	-1
18	172	-1
18	173	-1
18	178	1
18	179	-1
18	182	1
18	183	1
18	184	-1
18	185	1
18	187	-1
18	193	1
18	196	1
18	197	-1
18	199	-1
18	203	1
18	205	-1
18	208	1
18	213	-1
18	216	1
18	218	1
18	219	1
18	220	-1
18	222	-1
18	225	-1
18	227	-1
18	228	1
18	233	1
18	235	1
18	237	1
18	239	1
18	240	-1
18	244	1
18	247	-1
18	250	1
18	251	-1
18	252	1
18	254	1
18	256	-1
18	257	1
18	261	-1
18	262	1
18	266	-1
18	269	1
18	270	-1
18	272	1
18	273	1
18	275	1
18	276	1
18	279	-1
18	280	1
18	281	1
18	282	-1
18	290	1
18	297	-1
18	300	1
18	301	1
18	305	1
18	306	1
18	311	1
18	313	-1
18	315	1
18	316	1
18	327	-1
18	332	-1
18	336	1
18	338	-1
18	339	-1
18	341	1
18	342	1
18	343	-1
18	345	1
18	346	1
18	351	1
18	352	1
18	356	-1
18	359	1
18	360	-1
18	361	-1
18	362	1
18	365	-1
18	369	-1
18	376	-1
18	384	-1
18	386	-1
18	391	1
18	393	1
18	394	-1
18	397	-1
18	398	-1
18	399	-1
18	400	1
18	406	-1
18	407	1
18	411	1
18	413	1
18	416	1
18	423	-1
18	424	1
18	425	1
18	429	-1
18	431	1
18	432	-1
18	433	-1
18	436	-1
18	437	-1
18	441	1
18	445	-1
18	448	-1
18	449	-1
18	450	1
18	452	-1
18	455	-1
18	458	1
18	463	-1
18	468	-1
18	469	1
18	473	1
18	476	1
18	481	1
18	483	-1
18	486	-1
18	487	-1
18	489	-1
18	490	1
18	492	-1
19	20	1
19	21	1
19	22	1
19	23	1
19	24	1
19	25	1
19	26	1
19	27	1
19	28	1
19	29	1
19	30	1
19	31	1
19	32	1
19	33	-1
19	34	1
19	37	1
19	38	1
19	39	1
19	40	1
19	41	1
19	42	1
19	43	1
19	44	1
19	45	1
19	46	1
19	47	1
19	48	1
19	50	-1
19	51	-1
19	52	-1
19	53	1
19	54	-1
19	55	-1
19	56	-1
19	57	-1
19	58	-1
19	59	1
19	60	-1
19	61	1
19	62	-1
19	63	-1
19	64	-1
19	65	-1
19	66	-1
19	67	-1
19	68	-1
19	69	-1
19	70	-1
19	71	-1
19	72	-1
19	73	-1
19	74	-1
19	75	-1
19	76	-1
19	77	-1
19	78	-1
19	79	-1
19	80	-1
19	81	-1
19	82	-1
19	83	-1
19	84	-1
19	85	-1
19	86	-1
19	87	-1
19	88	-1
19	89	-1
19	90	-1
19	91	-1
19	92	-1
19	94	-1
19	95	-1
19	96	-1
19	97	-1
19	98	-1
19	99	-1
19	101	1
19	102	1
19	106	-1
19	107	-1
19	111	-1
19	113	1
19	114	-1
19	121	-1
19	122	1
19	124	1
19	128	1
19	129	-1
19	130	1
19	132	1
19	133	-1
19	135	-1
19	138	-1
19	139	1
19	144	-1
19	146	1
19	149	-1
19	150	1
19	155	-1
19	157	1
19	161	1
19	163	1
19	169	1
19	171	1
19	174	1
19	175	-1
19	181	1
19	188	-1
19	192	1
19	193	1
19	196	-1
19	205	1
19	206	-1
19	207	-1
19	209	1
19	211	1
19	213	-1
19	217	1
19	219	-1
19	220	1
19	222	1
19	223	-1
19	225	-1
19	239	1
19	247	-1
19	248	-1
19	249	1
19	250	1
19	251	-1
19	252	1
19	253	1
19	261	1
19	264	1
19	270	-1
19	277	1
19	281	-1
19	283	-1
19	284	1
19	287	1
19	298	1
19	303	-1
19	304	1
19	308	-1
19	312	1
19	314	-1
19	315	-1
19	319	-1
19	320	-1
19	322	-1
19	324	1
19	327	-1
19	330	-1
19	332	1
19	336	-1
19	339	1
19	344	-1
19	349	-1
19	359	1
19	360	1
19	363	1
19	369	-1
19	375	-1
19	377	-1
19	380	1
19	383	-1
19	384	-1
19	386	1
19	388	-1
19	389	1
19	392	-1
19	394	1
19	397	-1
19	399	1
19	400	-1
19	409	1
19	411	-1
19	412	1
19	415	-1
19	418	-1
19	419	1
19	425	1
19	427	1
19	432	-1
19	433	1
19	438	1
19	439	-1
19	443	-1
19	445	1
19	447	-1
19	449	1
19	453	1
19	454	-1
19	455	1
19	456	-1
19	459	-1
19	460	-1
19	463	-1
19	464	1
19	467	-1
19	474	1
19	475	-1
19	476	1
19	483	1
19	485	1
19	486	-1
19	488	-1
19	491	1
20	21	1
20	22	1
20	23	1
20	24	1
20	25	1
20	26	1
20	27	1
20	29	1
20	30	1
20	31	1
20	32	1
20	33	1
20	34	1
20	36	-1
20	37	1
20	38	1
20	39	1
20	41	1
20	43	1
20	44	1
20	45	1
20	46	1
20	47	1
20	48	1
20	49	1
20	50	-1
20	51	-1
20	52	-1
20	54	-1
20	56	1
20	58	-1
20	59	-1
20	60	-1
20	61	-1
20	62	-1
20	64	-1
20	65	-1
20	67	-1
20	68	-1
20	69	-1
20	70	-1
20	71	-1
20	72	-1
20	73	-1
20	75	-1
20	76	-1
20	77	-1
20	78	-1
20	79	-1
20	80	-1
20	81	1
20	82	-1
20	83	-1
20	84	-1
20	85	-1
20	86	-1
20	87	-1
20	88	-1
20	91	-1
20	92	-1
20	94	-1
20	95	-1
20	96	-1
20	97	-1
20	98	-1
20	99	-1
20	102	-1
20	103	-1
20	104	-1
20	105	-1
20	107	-1
20	108	-1
20	117	1
20	118	1
20	120	-1
20	121	-1
20	126	1
20	127	1
20	128	-1
20	129	-1
20	135	1
20	136	1
20	138	1
20	144	-1
20	152	-1
20	156	-1
20	158	1
20	159	1
20	161	1
20	163	-1
20	165	1
20	167	1
20	176	1
20	179	1
20	181	1
20	182	-1
20	184	1
20	185	1
20	187	-1
20	190	1
20	193	-1
20	194	1
20	196	1
20	204	-1
20	207	1
20	208	1
20	210	1
20	211	1
20	212	1
20	220	1
20	224	-1
20	227	1
20	228	-1
20	229	1
20	232	1
20	233	1
20	234	1
20	235	1
20	236	-1
20	244	1
20	245	-1
20	247	1
20	253	1
20	255	-1
20	256	1
20	259	1
20	261	1
20	267	1
20	268	1
20	270	-1
20	281	-1
20	291	-1
20	293	-1
20	294	-1
20	298	1
20	302	-1
20	303	1
20	309	1
20	322	-1
20	332	1
20	336	-1
20	339	1
20	342	-1
20	344	1
20	345	1
20	346	1
20	350	1
20	354	1
20	359	-1
20	362	1
20	365	-1
20	368	1
20	369	-1
20	373	1
20	378	1
20	380	-1
20	382	1
20	385	1
20	386	1
20	394	-1
20	395	-1
20	397	-1
20	401	-1
20	407	1
20	408	1
20	412	1
20	413	1
20	414	-1
20	417	1
20	418	-1
20	421	1
20	426	-1
20	428	1
20	429	-1
20	431	-1
20	439	1
20	441	-1
20	448	1
20	452	-1
20	453	1
20	455	1
20	456	-1
20	457	-1
20	458	1
20	459	1
20	461	1
20	464	1
20	465	1
20	466	1
20	474	-1
20	478	1
20	480	-1
20	486	1
20	492	-1
20	498	-1
21	22	1
21	23	1
21	24	1
21	25	1
21	27	1
21	28	1
21	29	1
21	31	1
21	32	1
21	33	1
21	34	1
21	37	1
21	38	1
21	39	1
21	40	1
21	41	1
21	42	1
21	43	1
21	44	1
21	45	1
21	46	1
21	47	1
21	48	1
21	49	1
21	50	-1
21	51	-1
21	52	-1
21	53	-1
21	54	-1
21	55	-1
21	56	-1
21	57	-1
21	58	-1
21	60	-1
21	61	-1
21	62	-1
21	63	-1
21	64	-1
21	66	1
21	67	-1
21	68	-1
21	69	-1
21	70	-1
21	71	-1
21	72	1
21	73	-1
21	74	-1
21	75	-1
21	76	-1
21	77	-1
21	78	-1
21	79	-1
21	81	-1
21	82	-1
21	83	-1
21	84	-1
21	85	-1
21	86	-1
21	87	-1
21	88	-1
21	89	-1
21	90	1
21	91	-1
21	92	-1
21	93	-1
21	94	-1
21	95	-1
21	96	-1
21	97	-1
21	98	-1
21	99	-1
21	107	-1
21	109	-1
21	114	1
21	115	-1
21	116	-1
21	117	1
21	123	1
21	124	1
21	128	-1
21	129	-1
21	133	-1
21	134	-1
21	136	1
21	137	-1
21	140	1
21	143	1
21	144	-1
21	150	1
21	151	-1
21	158	-1
21	160	1
21	161	-1
21	162	1
21	163	1
21	166	-1
21	169	1
21	172	-1
21	173	-1
21	174	1
21	180	1
21	182	1
21	183	-1
21	185	1
21	194	1
21	197	1
21	198	1
21	201	1
21	207	1
21	210	-1
21	212	-1
21	213	-1
21	214	-1
21	218	-1
21	223	1
21	226	-1
21	229	1
21	234	1
21	241	-1
21	246	-1
21	247	1
21	250	-1
21	251	-1
21	253	1
21	257	1
21	260	-1
21	263	-1
21	267	1
21	268	-1
21	269	1
21	274	1
21	275	-1
21	277	1
21	278	1
21	279	1
21	280	1
21	284	1
21	286	1
21	287	1
21	289	1
21	290	1
21	296	1
21	299	-1
21	301	1
21	307	1
21	308	1
21	309	1
21	319	1
21	324	-1
21	325	1
21	328	-1
21	330	-1
21	331	1
21	333	-1
21	337	-1
21	339	-1
21	345	-1
21	346	1
21	349	-1
21	352	1
21	359	1
21	360	1
21	361	-1
21	364	-1
21	365	-1
21	366	1
21	370	-1
21	371	1
21	372	1
21	381	-1
21	385	-1
21	386	1
21	390	-1
21	393	-1
21	395	1
21	398	-1
21	400	-1
21	403	-1
21	407	1
21	409	-1
21	411	-1
21	412	-1
21	413	-1
21	414	-1
21	416	-1
21	419	1
21	423	-1
21	424	1
21	426	-1
21	427	-1
21	428	-1
21	431	-1
21	440	-1
21	442	1
21	443	1
21	445	-1
21	447	-1
21	450	1
21	451	-1
21	452	-1
21	456	-1
21	458	1
21	460	-1
21	461	1
21	462	1
21	468	-1
21	470	-1
21	471	-1
21	477	1
21	479	-1
21	483	1
21	486	1
21	487	-1
21	493	-1
21	494	1
21	497	-1
22	23	1
22	24	1
22	25	1
22	26	1
22	27	1
22	28	1
22	29	1
22	30	1
22	31	1
22	32	1
22	33	1
22	34	1
22	35	-1
22	36	1
22	37	1
22	38	1
22	39	1
22	40	1
22	41	1
22	42	1
22	43	1
22	44	1
22	45	1
22	46	1
22	47	1
22	49	1
22	50	-1
22	51	-1
22	52	-1
22	53	1
22	54	-1
22	55	-1
22	56	-1
22	57	-1
22	58	-1
22	59	-1
22	60	-1
22	61	-1
22	62	-1
22	63	-1
22	64	-1
22	65	-1
22	66	-1
22	67	-1
22	68	-1
22	69	-1
22	70	-1
22	71	-1
22	72	-1
22	73	-1
22	74	-1
22	75	-1
22	76	-1
22	77	-1
22	78	-1
22	79	-1
22	80	-1
22	81	-1
22	82	-1
22	83	-1
22	84	-1
22	85	-1
22	86	-1
22	87	-1
22	88	-1
22	89	-1
22	90	-1
22	91	-1
22	92	-1
22	93	-1
22	94	-1
22	95	-1
22	96	-1
22	97	-1
22	98	-1
22	99	-1
22	112	-1
22	113	1
22	115	-1
22	117	-1
22	119	-1
22	122	1
22	126	-1
22	127	-1
22	136	1
22	147	-1
22	150	1
22	154	1
22	155	-1
22	157	-1
22	160	1
22	161	1
22	162	-1
22	163	1
22	167	1
22	170	1
22	171	1
22	183	1
22	184	-1
22	185	-1
22	187	1
22	194	-1
22	198	1
22	200	-1
22	202	1
22	203	1
22	210	-1
22	214	1
22	216	-1
22	219	-1
22	225	1
22	226	1
22	228	-1
22	229	1
22	234	-1
22	235	1
22	236	1
22	237	-1
22	238	-1
22	243	1
22	245	1
22	248	-1
22	251	1
22	252	1
22	256	1
22	258	1
22	261	1
22	262	1
22	270	1
22	273	-1
22	274	-1
22	277	-1
22	279	1
22	283	-1
22	284	1
22	291	1
22	294	-1
22	296	-1
22	297	1
22	301	-1
22	306	1
22	310	-1
22	316	1
22	321	-1
22	329	-1
22	332	-1
22	336	-1
22	341	-1
22	342	-1
22	344	-1
22	351	-1
22	352	1
22	353	1
22	355	1
22	356	1
22	358	1
22	359	-1
22	361	-1
22	362	-1
22	368	-1
22	370	-1
22	371	-1
22	372	1
22	375	1
22	376	1
22	383	1
22	389	1
22	390	1
22	393	-1
22	394	-1
22	396	-1
22	403	1
22	412	1
22	414	1
22	419	-1
22	420	1
22	422	1
22	424	1
22	425	-1
22	432	1
22	433	1
22	435	-1
22	439	1
22	443	-1
22	445	-1
22	446	-1
22	449	-1
22	452	-1
22	454	1
22	455	1
22	464	-1
22	465	-1
22	466	1
22	470	-1
22	478	-1
22	483	1
22	485	-1
22	487	1
22	492	1
22	494	1
23	24	1
23	25	1
23	26	1
23	27	1
23	29	1
23	30	1
23	31	1
23	32	-1
23	33	1
23	34	1
23	35	1
23	36	1
23	37	1
23	38	1
23	39	1
23	40	1
23	41	1
23	42	1
23	43	1
23	44	-1
23	45	-1
23	46	1
23	47	1
23	48	1
23	49	1
23	50	-1
23	51	-1
23	52	-1
23	53	-1
23	54	-1
23	55	-1
23	56	-1
23	57	-1
23	58	-1
23	59	-1
23	60	-1
23	61	-1
23	62	-1
23	63	-1
23	65	-1
23	67	-1
23	68	-1
23	69	-1
23	70	-1
23	71	-1
23	72	-1
23	73	-1
23	74	-1
23	75	-1
23	76	-1
23	77	-1
23	78	-1
23	79	-1
23	80	1
23	81	-1
23	82	-1
23	83	-1
23	84	-1
23	85	-1
23	86	1
23	87	-1
23	88	-1
23	89	-1
23	90	-1
23	91	-1
23	92	-1
23	93	-1
23	94	-1
23	95	-1
23	96	-1
23	97	-1
23	98	-1
23	99	-1
23	100	1
23	101	1
23	102	-1
23	103	1
23	106	1
23	108	1
23	110	-1
23	113	1
23	117	-1
23	120	-1
23	122	-1
23	125	1
23	129	1
23	133	1
23	134	1
23	135	-1
23	146	-1
23	155	1
23	158	1
23	159	1
23	161	-1
23	162	-1
23	164	-1
23	168	1
23	175	1
23	177	-1
23	178	1
23	183	1
23	184	1
23	187	1
23	188	1
23	190	1
23	191	-1
23	193	-1
23	195	1
23	197	1
23	198	1
23	202	-1
23	207	1
23	211	1
23	213	-1
23	217	1
23	219	1
23	221	-1
23	222	-1
23	226	-1
23	227	-1
23	229	-1
23	233	1
23	238	-1
23	243	-1
23	245	1
23	246	-1
23	248	1
23	250	1
23	260	1
23	265	1
23	267	1
23	269	1
23	273	1
23	274	1
23	282	1
23	284	1
23	292	1
23	294	-1
23	301	1
23	308	-1
23	311	1
23	312	-1
23	314	1
23	320	-1
23	321	-1
23	323	-1
23	324	-1
23	327	1
23	331	1
23	332	1
23	336	1
23	337	1
23	341	1
23	342	1
23	345	-1
23	347	1
23	351	-1
23	359	1
23	364	1
23	369	-1
23	370	-1
23	372	1
23	377	-1
23	379	-1
23	382	-1
23	386	1
23	388	1
23	389	1
23	392	-1
23	393	-1
23	395	1
23	404	1
23	411	1
23	414	-1
23	417	-1
23	419	-1
23	421	1
23	422	1
23	424	1
23	426	1
23	428	1
23	431	1
23	432	1
23	434	-1
23	436	-1
23	443	-1
23	444	-1
23	445	-1
23	448	1
23	449	1
23	450	1
23	453	-1
23	456	-1
23	458	-1
23	462	1
23	463	-1
23	468	1
23	469	1
23	471	-1
23	480	-1
23	483	-1
23	488	1
23	491	1
23	492	1
23	498	-1
24	25	1
24	26	1
24	27	1
24	28	1
24	29	1
24	30	1
24	32	1
24	33	1
24	34	1
24	35	1
24	36	1
24	37	1
24	38	1
24	40	1
24	41	1
24	42	1
24	43	1
24	44	1
24	45	1
24	46	1
24	47	1
24	48	1
24	49	1
24	50	-1
24	52	-1
24	53	-1
24	54	-1
24	56	-1
24	57	1
24	58	-1
24	59	-1
24	60	-1
24	61	-1
24	62	-1
24	63	-1
24	64	-1
24	65	-1
24	66	-1
24	67	-1
24	68	-1
24	69	-1
24	70	-1
24	71	-1
24	72	-1
24	73	-1
24	74	-1
24	75	-1
24	76	-1
24	77	-1
24	78	-1
24	79	-1
24	80	-1
24	81	-1
24	82	-1
24	83	-1
24	84	-1
24	85	-1
24	86	-1
24	87	-1
24	88	-1
24	89	-1
24	90	-1
24	91	-1
24	92	-1
24	93	-1
24	94	1
24	95	-1
24	96	-1
24	97	-1
24	98	-1
24	101	1
24	108	1
24	110	1
24	114	-1
24	119	1
24	120	-1
24	127	1
24	130	1
24	131	-1
24	133	1
24	136	-1
24	143	-1
24	150	1
24	153	1
24	154	-1
24	156	1
24	158	-1
24	159	1
24	170	-1
24	177	1
24	178	-1
24	181	-1
24	186	1
24	201	-1
24	206	1
24	208	1
24	212	-1
24	214	1
24	216	1
24	218	1
24	219	-1
24	220	-1
24	221	-1
24	222	-1
24	223	-1
24	231	-1
24	235	-1
24	237	-1
24	239	1
24	240	1
24	248	-1
24	255	-1
24	256	1
24	258	-1
24	262	-1
24	263	1
24	265	1
24	266	1
24	271	-1
24	272	-1
24	275	1
24	279	-1
24	291	-1
24	296	1
24	304	1
24	307	1
24	316	1
24	318	1
24	319	1
24	320	1
24	322	-1
24	324	1
24	325	1
24	328	1
24	332	-1
24	333	1
24	335	-1
24	336	1
24	338	1
24	340	1
24	342	1
24	356	1
24	361	-1
24	362	-1
24	363	1
24	364	-1
24	365	1
24	366	-1
24	368	-1
24	369	1
24	372	1
24	373	1
24	378	1
24	380	-1
24	382	1
24	383	-1
24	384	-1
24	387	1
24	388	-1
24	393	-1
24	394	1
24	396	-1
24	397	1
24	401	-1
24	402	-1
24	405	1
24	406	1
24	409	1
24	410	-1
24	411	-1
24	412	1
24	416	-1
24	417	-1
24	419	1
24	423	1
24	424	1
24	436	-1
24	440	1
24	442	-1
24	448	-1
24	450	-1
24	456	1
24	457	1
24	461	1
24	464	1
24	465	-1
24	472	1
24	475	1
24	480	1
24	481	1
24	484	1
24	487	-1
24	494	-1
24	498	-1
25	26	1
25	27	1
25	28	1
25	29	1
25	30	1
25	31	1
25	32	1
25	33	1
25	34	1
25	35	1
25	36	1
25	37	1
25	38	-1
25	39	-1
25	40	1
25	41	1
25	42	1
25	43	1
25	44	1
25	45	1
25	46	1
25	47	1
25	48	-1
25	49	1
25	50	-1
25	53	-1
25	54	-1
25	55	1
25	56	-1
25	57	-1
25	58	-1
25	59	-1
25	60	1
25	61	-1
25	62	-1
25	63	1
25	64	-1
25	65	-1
25	66	1
25	67	-1
25	70	-1
25	71	-1
25	72	-1
25	73	-1
25	74	-1
25	75	-1
25	76	-1
25	77	-1
25	78	-1
25	79	-1
25	80	-1
25	81	-1
25	83	-1
25	84	-1
25	85	-1
25	86	-1
25	87	-1
25	88	-1
25	89	-1
25	90	-1
25	91	-1
25	92	-1
25	93	-1
25	94	-1
25	95	-1
25	96	-1
25	97	-1
25	98	-1
25	100	1
25	101	1
25	103	-1
25	108	1
25	109	-1
25	111	1
25	113	-1
25	117	-1
25	119	1
25	120	1
25	121	-1
25	122	-1
25	124	-1
25	134	1
25	141	1
25	142	-1
25	149	1
25	150	-1
25	151	-1
25	152	1
25	153	1
25	155	1
25	156	-1
25	158	1
25	159	1
25	162	1
25	168	1
25	169	-1
25	170	-1
25	175	1
25	176	-1
25	177	1
25	180	1
25	181	1
25	186	-1
25	192	1
25	195	1
25	204	-1
25	206	-1
25	208	1
25	211	1
25	213	-1
25	214	-1
25	215	1
25	221	-1
25	223	1
25	225	1
25	228	-1
25	230	-1
25	233	1
25	238	-1
25	250	1
25	251	-1
25	253	-1
25	254	1
25	256	-1
25	266	-1
25	267	-1
25	274	-1
25	276	-1
25	277	-1
25	279	-1
25	282	1
25	283	-1
25	285	-1
25	287	1
25	289	1
25	292	-1
25	293	-1
25	297	-1
25	298	-1
25	302	-1
25	305	-1
25	306	-1
25	308	1
25	309	1
25	313	1
25	314	1
25	316	-1
25	317	-1
25	321	1
25	322	-1
25	323	1
25	324	1
25	326	-1
25	328	-1
25	333	-1
25	338	-1
25	339	-1
25	341	-1
25	342	-1
25	343	1
25	345	1
25	346	-1
25	348	1
25	349	-1
25	350	-1
25	353	1
25	355	-1
25	356	-1
25	358	1
25	359	1
25	366	1
25	375	1
25	385	1
25	387	1
25	388	-1
25	394	1
25	395	-1
25	397	1
25	402	1
25	405	1
25	411	1
25	418	-1
25	419	1
25	426	1
25	429	-1
25	431	-1
25	434	1
25	437	1
25	438	-1
25	444	-1
25	445	-1
25	446	1
25	449	1
25	450	1
25	454	-1
25	463	1
25	464	-1
25	470	-1
25	472	-1
25	474	1
25	475	-1
25	478	-1
25	482	1
25	483	1
25	486	1
25	491	-1
25	495	-1
25	496	1
25	497	-1
25	498	1
25	499	-1
26	27	1
26	28	1
26	29	1
26	30	1
26	31	1
26	32	1
26	34	1
26	35	-1
26	36	1
26	37	-1
26	38	1
26	39	1
26	40	1
26	41	1
26	42	1
26	43	1
26	44	1
26	45	1
26	46	1
26	47	1
26	48	-1
26	49	1
26	50	1
26	51	-1
26	52	-1
26	53	-1
26	54	-1
26	55	-1
26	56	-1
26	57	-1
26	58	-1
26	60	-1
26	61	-1
26	62	-1
26	64	-1
26	65	-1
26	66	-1
26	67	-1
26	68	-1
26	69	-1
26	71	-1
26	72	-1
26	73	-1
26	74	-1
26	75	-1
26	77	-1
26	78	-1
26	79	-1
26	80	-1
26	81	-1
26	82	-1
26	83	-1
26	84	-1
26	85	-1
26	86	-1
26	87	-1
26	88	-1
26	89	-1
26	90	-1
26	91	-1
26	92	-1
26	93	-1
26	94	-1
26	95	-1
26	96	-1
26	97	-1
26	98	1
26	99	-1
26	104	1
26	106	1
26	110	-1
26	111	1
26	112	-1
26	113	-1
26	114	-1
26	115	-1
26	116	-1
26	117	-1
26	121	-1
26	122	-1
26	123	-1
26	126	-1
26	131	-1
26	132	1
26	133	-1
26	134	-1
26	144	1
26	146	-1
26	148	-1
26	154	-1
26	156	-1
26	157	1
26	162	-1
26	165	1
26	166	-1
26	167	1
26	169	1
26	172	-1
26	179	1
26	180	-1
26	181	1
26	187	-1
26	188	1
26	189	-1
26	191	-1
26	201	1
26	203	1
26	204	1
26	206	1
26	207	1
26	210	1
26	215	-1
26	222	-1
26	223	1
26	225	1
26	226	1
26	227	-1
26	228	-1
26	230	-1
26	233	1
26	235	-1
26	238	1
26	239	1
26	242	1
26	244	1
26	249	1
26	252	1
26	255	-1
26	265	-1
26	266	-1
26	267	-1
26	276	-1
26	279	-1
26	280	1
26	282	1
26	283	1
26	286	1
26	289	1
26	290	1
26	291	1
26	298	1
26	299	1
26	300	1
26	302	1
26	304	-1
26	306	-1
26	307	-1
26	309	1
26	310	1
26	311	1
26	320	1
26	327	-1
26	328	1
26	342	1
26	343	1
26	344	1
26	345	-1
26	346	1
26	352	-1
26	354	-1
26	357	1
26	358	-1
26	360	1
26	361	1
26	362	-1
26	364	-1
26	368	1
26	370	1
26	371	-1
26	373	1
26	374	1
26	378	-1
26	380	-1
26	382	-1
26	386	1
26	388	1
26	389	1
26	393	1
26	397	1
26	399	1
26	401	1
26	405	1
26	409	1
26	414	1
26	441	1
26	442	-1
26	446	1
26	447	1
26	451	1
26	454	1
26	457	1
26	458	1
26	460	-1
26	465	-1
26	467	-1
26	468	1
26	471	-1
26	476	1
26	478	1
26	481	-1
26	484	-1
26	487	1
26	489	-1
26	497	-1
27	28	1
27	29	1
27	30	1
27	31	-1
27	32	1
27	33	1
27	34	1
27	35	1
27	36	1
27	37	1
27	38	1
27	39	1
27	40	1
27	41	1
27	42	1
27	43	1
27	44	1
27	45	-1
27	46	1
27	47	1
27	48	1
27	49	1
27	50	-1
27	51	-1
27	52	-1
27	53	1
27	54	-1
27	55	-1
27	56	-1
27	57	1
27	58	-1
27	59	-1
27	60	-1
27	61	-1
27	62	-1
27	63	-1
27	64	-1
27	65	-1
27	66	-1
27	67	1
27	68	-1
27	69	-1
27	70	-1
27	71	-1
27	72	-1
27	73	-1
27	74	-1
27	75	-1
27	76	-1
27	77	-1
27	78	-1
27	79	1
27	80	-1
27	82	-1
27	83	-1
27	84	-1
27	85	-1
27	86	-1
27	87	-1
27	88	-1
27	90	-1
27	91	-1
27	92	-1
27	93	-1
27	94	-1
27	95	-1
27	96	1
27	97	-1
27	98	-1
27	99	-1
27	102	1
27	105	1
27	106	1
27	112	1
27	115	1
27	117	-1
27	118	-1
27	120	1
27	121	-1
27	122	1
27	126	1
27	127	1
27	129	-1
27	132	-1
27	134	1
27	136	-1
27	138	-1
27	139	-1
27	141	-1
27	151	1
27	152	1
27	153	-1
27	154	-1
27	155	-1
27	157	1
27	161	-1
27	166	-1
27	170	-1
27	174	-1
27	184	-1
27	188	1
27	190	-1
27	191	-1
27	192	1
27	196	1
27	197	1
27	207	1
27	208	-1
27	216	1
27	218	-1
27	219	-1
27	221	-1
27	223	-1
27	224	-1
27	225	1
27	230	1
27	232	-1
27	234	1
27	237	1
27	238	1
27	242	1
27	245	1
27	246	1
27	248	-1
27	249	-1
27	252	-1
27	255	-1
27	256	-1
27	257	1
27	260	1
27	273	-1
27	281	1
27	282	-1
27	283	1
27	285	-1
27	287	1
27	290	-1
27	291	-1
27	294	-1
27	295	1
27	296	-1
27	300	1
27	306	1
27	312	-1
27	314	1
27	315	1
27	321	1
27	322	-1
27	325	-1
27	326	-1
27	330	1
27	332	-1
27	336	1
27	337	-1
27	341	-1
27	347	1
27	349	1
27	355	1
27	357	-1
27	359	-1
27	373	1
27	376	1
27	377	-1
27	378	-1
27	384	-1
27	393	1
27	396	-1
27	398	1
27	399	-1
27	400	1
27	402	1
27	403	1
27	407	1
27	409	1
27	411	1
27	417	1
27	422	-1
27	424	-1
27	426	1
27	428	1
27	431	1
27	441	1
27	443	1
27	452	-1
27	454	1
27	456	-1
27	460	1
27	462	-1
27	466	1
27	473	-1
27	478	1
27	487	1
27	489	-1
27	490	1
27	497	-1
27	498	1
27	499	-1
28	29	1
28	30	1
28	31	1
28	32	1
28	33	1
28	34	1
28	36	1
28	37	1
28	39	1
28	40	1
28	41	1
28	42	1
28	43	1
28	44	1
28	45	1
28	46	1
28	47	1
28	48	1
28	49	1
28	50	-1
28	51	-1
28	52	-1
28	53	-1
28	54	-1
28	55	1
28	56	-1
28	57	-1
28	58	-1
28	59	-1
28	60	-1
28	61	-1
28	62	-1
28	63	-1
28	64	-1
28	65	-1
28	66	-1
28	67	-1
28	68	-1
28	69	-1
28	70	-1
28	71	-1
28	72	-1
28	73	-1
28	74	-1
28	75	-1
28	76	-1
28	77	-1
28	78	-1
28	79	-1
28	80	-1
28	81	-1
28	82	-1
28	83	-1
28	84	-1
28	85	-1
28	86	-1
28	87	-1
28	88	-1
28	89	-1
28	90	-1
28	91	-1
28	92	-1
28	93	-1
28	94	-1
28	95	-1
28	97	-1
28	98	-1
28	99	-1
28	103	1
28	104	-1
28	105	-1
28	107	1
28	108	-1
28	109	1
28	113	-1
28	114	1
28	118	1
28	119	-1
28	126	1
28	130	-1
28	132	-1
28	138	-1
28	140	1
28	143	1
28	144	1
28	145	-1
28	147	1
28	148	1
28	155	1
28	156	1
28	159	-1
28	163	-1
28	164	1
28	167	-1
28	168	-1
28	173	1
28	174	-1
28	176	1
28	179	-1
28	184	-1
28	185	1
28	186	-1
28	187	1
28	188	-1
28	190	-1
28	202	1
28	204	1
28	206	-1
28	207	-1
28	211	-1
28	212	1
28	213	1
28	218	1
28	219	-1
28	220	1
28	223	-1
28	224	-1
28	228	1
28	230	-1
28	234	1
28	242	-1
28	244	1
28	245	-1
28	247	1
28	248	-1
28	249	-1
28	255	1
28	259	1
28	263	-1
28	267	1
28	269	1
28	271	1
28	272	-1
28	278	1
28	280	-1
28	286	-1
28	287	1
28	288	-1
28	289	-1
28	291	1
28	294	1
28	296	-1
28	301	1
28	311	1
28	312	1
28	315	1
28	317	-1
28	319	1
28	323	-1
28	324	-1
28	329	1
28	332	1
28	336	1
28	338	-1
28	341	1
28	343	1
28	347	1
28	353	1
28	354	1
28	355	-1
28	358	-1
28	360	1
28	361	-1
28	362	-1
28	364	-1
28	368	1
28	370	-1
28	372	-1
28	373	1
28	382	-1
28	383	-1
28	390	1
28	399	1
28	401	1
28	403	-1
28	406	-1
28	409	-1
28	410	-1
28	416	-1
28	417	1
28	419	1
28	422	-1
28	423	-1
28	424	1
28	427	1
28	428	1
28	429	-1
28	431	1
28	434	-1
28	435	1
28	439	1
28	442	-1
28	447	-1
28	448	1
28	450	-1
28	451	1
28	452	1
28	454	-1
28	455	-1
28	460	-1
28	463	-1
28	466	1
28	468	-1
28	477	1
28	480	1
28	484	1
28	487	-1
28	489	1
28	492	-1
28	495	-1
28	497	-1
28	498	1
29	31	1
29	32	1
29	33	1
29	34	1
29	35	1
29	36	1
29	37	1
29	38	1
29	39	1
29	40	1
29	41	1
29	42	1
29	43	1
29	44	1
29	45	-1
29	46	1
29	47	1
29	48	1
29	49	1
29	50	-1
29	51	-1
29	52	-1
29	54	-1
29	55	-1
29	56	-1
29	57	-1
29	58	-1
29	59	-1
29	60	-1
29	61	-1
29	62	-1
29	63	-1
29	64	-1
29	65	-1
29	66	-1
29	67	1
29	69	-1
29	70	-1
29	71	-1
29	72	-1
29	73	-1
29	74	-1
29	75	-1
29	76	-1
29	77	-1
29	78	-1
29	79	-1
29	80	-1
29	81	-1
29	83	-1
29	84	-1
29	85	-1
29	86	-1
29	87	1
29	88	-1
29	89	-1
29	90	-1
29	91	-1
29	92	1
29	93	-1
29	94	-1
29	95	-1
29	96	1
29	97	-1
29	98	-1
29	99	-1
29	106	-1
29	110	-1
29	111	-1
29	113	-1
29	118	1
29	119	-1
29	120	-1
29	125	-1
29	126	1
29	129	-1
29	130	1
29	131	-1
29	134	-1
29	136	-1
29	139	-1
29	142	1
29	143	1
29	151	1
29	152	1
29	153	-1
29	155	-1
29	156	1
29	158	1
29	161	-1
29	170	1
29	172	1
29	174	1
29	176	1
29	179	-1
29	181	1
29	184	-1
29	187	1
29	189	1
29	191	-1
29	192	1
29	195	-1
29	196	-1
29	197	1
29	199	1
29	200	1
29	201	-1
29	214	-1
29	216	-1
29	217	1
29	218	1
29	223	-1
29	228	1
29	232	1
29	237	-1
29	238	1
29	240	-1
29	245	-1
29	246	1
29	247	1
29	248	1
29	250	-1
29	251	1
29	255	1
29	256	1
29	257	-1
29	264	1
29	266	-1
29	267	-1
29	269	-1
29	273	-1
29	277	1
29	278	-1
29	281	1
29	283	-1
29	285	1
29	286	1
29	287	-1
29	288	-1
29	291	-1
29	293	1
29	295	-1
29	296	1
29	300	-1
29	301	-1
29	302	-1
29	305	1
29	306	-1
29	316	1
29	326	1
29	328	-1
29	330	1
29	331	1
29	336	-1
29	337	-1
29	338	1
29	345	-1
29	347	1
29	349	-1
29	350	1
29	352	1
29	354	-1
29	355	-1
29	356	1
29	357	1
29	359	-1
29	363	1
29	366	1
29	370	1
29	375	-1
29	383	-1
29	387	1
29	388	1
29	396	-1
29	397	1
29	403	-1
29	408	-1
29	409	1
29	414	1
29	417	-1
29	420	-1
29	421	1
29	422	1
29	426	1
29	428	-1
29	429	-1
29	430	-1
29	438	1
29	440	1
29	442	-1
29	445	1
29	446	-1
29	447	-1
29	450	1
29	451	-1
29	455	-1
29	456	-1
29	458	1
29	460	-1
29	465	1
29	466	1
29	467	1
29	469	1
29	471	1
29	474	1
29	475	1
29	476	-1
29	477	1
29	481	-1
29	483	-1
29	484	1
29	488	1
29	492	-1
29	494	1
29	497	1
29	498	-1
30	31	1
30	32	1
30	33	1
30	34	1
30	35	1
30	36	1
30	37	1
30	38	-1
30	39	1
30	40	1
30	41	1
30	42	1
30	44	-1
30	45	1
30	46	1
30	47	1
30	48	1
30	49	1
30	50	-1
30	51	-1
30	52	-1
30	54	-1
30	55	1
30	56	-1
30	57	-1
30	58	-1
30	59	-1
30	60	-1
30	61	-1
30	62	-1
30	63	-1
30	64	-1
30	65	1
30	66	-1
30	67	-1
30	68	-1
30	69	-1
30	70	-1
30	71	-1
30	72	-1
30	73	-1
30	74	-1
30	75	-1
30	76	-1
30	77	-1
30	78	-1
30	79	-1
30	80	-1
30	81	-1
30	82	-1
30	83	-1
30	84	-1
30	85	-1
30	86	-1
30	87	-1
30	88	1
30	89	-1
30	90	-1
30	91	1
30	92	1
30	94	-1
30	95	-1
30	96	-1
30	97	-1
30	98	-1
30	99	-1
30	101	-1
30	108	1
30	111	1
30	123	-1
30	125	-1
30	130	1
30	134	1
30	138	-1
30	148	1
30	153	1
30	156	1
30	162	1
30	166	-1
30	167	-1
30	168	-1
30	174	-1
30	175	1
30	177	-1
30	182	-1
30	186	1
30	190	-1
30	191	1
30	197	1
30	199	-1
30	202	1
30	205	1
30	207	1
30	211	-1
30	212	-1
30	213	1
30	216	1
30	217	-1
30	225	-1
30	226	-1
30	229	-1
30	232	-1
30	241	-1
30	245	1
30	251	-1
30	252	1
30	257	1
30	261	1
30	266	-1
30	267	1
30	271	-1
30	275	1
30	280	1
30	284	1
30	289	-1
30	291	-1
30	292	-1
30	296	1
30	303	-1
30	308	-1
30	310	-1
30	312	1
30	320	1
30	323	-1
30	326	1
30	327	1
30	331	1
30	334	1
30	336	-1
30	342	1
30	346	1
30	347	1
30	352	-1
30	355	-1
30	358	1
30	362	-1
30	363	-1
30	369	1
30	371	-1
30	372	1
30	373	-1
30	375	1
30	378	-1
30	379	-1
30	380	1
30	388	-1
30	390	1
30	397	-1
30	400	-1
30	401	-1
30	402	1
30	406	1
30	408	-1
30	411	1
30	414	-1
30	415	-1
30	419	-1
30	420	1
30	421	1
30	423	-1
30	426	1
30	430	1
30	433	-1
30	438	-1
30	439	1
30	445	1
30	449	-1
30	456	-1
30	460	-1
30	463	-1
30	465	1
30	468	-1
30	473	1
30	477	1
30	481	1
30	482	-1
30	485	-1
30	488	1
30	491	1
30	493	-1
30	494	1
30	499	1
31	32	1
31	33	1
31	34	1
31	35	-1
31	36	1
31	37	1
31	38	1
31	39	-1
31	40	1
31	41	1
31	42	1
31	43	1
31	44	1
31	45	1
31	46	1
31	47	1
31	48	1
31	49	1
31	50	-1
31	51	-1
31	52	-1
31	53	-1
31	54	-1
31	55	-1
31	56	1
31	57	-1
31	58	-1
31	59	-1
31	60	-1
31	61	-1
31	62	-1
31	63	1
31	64	-1
31	65	-1
31	67	-1
31	68	-1
31	69	-1
31	70	-1
31	71	-1
31	72	-1
31	73	-1
31	74	-1
31	76	-1
31	77	-1
31	78	-1
31	79	-1
31	80	-1
31	81	-1
31	82	-1
31	83	-1
31	84	-1
31	85	-1
31	86	-1
31	87	-1
31	88	-1
31	89	-1
31	90	-1
31	91	1
31	92	-1
31	93	-1
31	94	-1
31	95	-1
31	96	-1
31	97	-1
31	98	-1
31	99	-1
31	103	-1
31	104	1
31	105	1
31	111	-1
31	120	1
31	124	-1
31	125	1
31	130	-1
31	132	1
31	133	-1
31	134	-1
31	137	1
31	140	1
31	151	1
31	152	-1
31	155	-1
31	158	1
31	160	-1
31	161	1
31	163	-1
31	164	-1
31	166	-1
31	169	-1
31	170	1
31	174	-1
31	178	1
31	182	-1
31	184	-1
31	187	-1
31	188	1
31	190	-1
31	191	-1
31	195	1
31	202	-1
31	208	1
31	209	-1
31	212	-1
31	213	-1
31	217	-1
31	219	-1
31	223	-1
31	235	1
31	244	-1
31	246	1
31	247	1
31	249	1
31	256	-1
31	260	-1
31	261	-1
31	271	-1
31	277	1
31	279	1
31	283	1
31	284	1
31	285	1
31	287	-1
31	290	-1
31	292	1
31	294	-1
31	298	-1
31	312	1
31	317	1
31	321	1
31	322	1
31	323	-1
31	329	-1
31	331	1
31	339	-1
31	341	-1
31	342	-1
31	344	-1
31	345	1
31	349	-1
31	353	-1
31	355	1
31	356	-1
31	364	-1
31	368	-1
31	369	-1
31	370	1
31	372	1
31	373	1
31	379	-1
31	380	-1
31	384	-1
31	388	1
31	389	1
31	391	-1
31	393	1
31	397	1
31	398	-1
31	400	-1
31	405	-1
31	409	1
31	412	-1
31	413	1
31	415	-1
31	416	-1
31	419	-1
31	420	1
31	427	1
31	428	1
31	434	1
31	436	1
31	437	1
31	438	1
31	441	-1
31	447	1
31	449	1
31	453	1
31	456	1
31	461	-1
31	469	1
31	480	1
31	481	1
31	482	1
31	483	-1
31	485	-1
31	490	-1
31	493	-1
31	494	1
31	496	1
32	33	1
32	35	-1
32	36	1
32	37	1
32	38	1
32	39	1
32	40	1
32	41	1
32	42	1
32	43	1
32	44	1
32	45	1
32	46	1
32	47	-1
32	48	1
32	49	1
32	50	-1
32	51	-1
32	52	-1
32	53	-1
32	54	-1
32	55	-1
32	56	-1
32	57	-1
32	58	-1
32	59	-1
32	60	-1
32	61	-1
32	62	-1
32	63	-1
32	64	-1
32	65	-1
32	66	-1
32	67	-1
32	68	-1
32	69	-1
32	70	-1
32	72	-1
32	73	-1
32	74	-1
32	75	-1
32	76	-1
32	77	-1
32	78	-1
32	79	-1
32	80	-1
32	81	-1
32	82	-1
32	83	-1
32	84	-1
32	85	-1
32	86	-1
32	88	-1
32	89	-1
32	90	-1
32	91	-1
32	92	-1
32	93	-1
32	94	-1
32	95	-1
32	96	-1
32	97	-1
32	98	-1
32	99	-1
32	104	1
32	106	1
32	108	1
32	109	1
32	112	1
32	113	1
32	116	1
32	119	-1
32	123	-1
32	125	-1
32	126	-1
32	134	1
32	136	1
32	140	1
32	141	1
32	144	1
32	147	1
32	150	-1
32	153	1
32	156	1
32	157	-1
32	158	1
32	162	1
32	163	1
32	165	1
32	170	-1
32	174	-1
32	183	1
32	186	1
32	188	-1
32	191	1
32	192	1
32	194	1
32	199	1
32	200	1
32	201	-1
32	203	1
32	205	1
32	211	-1
32	212	1
32	214	1
32	221	1
32	222	1
32	224	-1
32	227	1
32	230	1
32	231	1
32	232	1
32	234	1
32	240	1
32	241	1
32	242	-1
32	245	1
32	247	-1
32	252	1
32	258	1
32	263	1
32	264	1
32	265	-1
32	266	1
32	270	-1
32	271	1
32	272	1
32	278	1
32	287	-1
32	296	-1
32	297	-1
32	298	1
32	299	1
32	301	1
32	304	1
32	306	1
32	307	-1
32	315	-1
32	316	-1
32	317	-1
32	318	-1
32	319	1
32	325	1
32	326	-1
32	328	-1
32	330	1
32	331	-1
32	335	1
32	336	1
32	339	1
32	341	1
32	351	-1
32	354	1
32	355	-1
32	364	-1
32	367	1
32	375	1
32	379	-1
32	386	1
32	392	1
32	396	1
32	400	-1
32	405	1
32	411	1
32	414	-1
32	416	1
32	420	1
32	421	1
32	422	-1
32	425	1
32	427	1
32	428	1
32	433	1
32	435	-1
32	437	-1
32	442	-1
32	445	-1
32	446	1
32	452	1
32	454	-1
32	461	1
32	463	1
32	464	1
32	466	1
32	469	1
32	470	-1
32	473	1
32	475	-1
32	476	-1
32	483	-1
32	486	-1
32	487	1
32	490	-1
32	492	-1
32	497	1
32	499	1
33	34	1
33	35	1
33	36	1
33	37	1
33	38	1
33	39	1
33	40	-1
33	41	1
33	42	1
33	43	1
33	44	1
33	45	1
33	46	1
33	47	1
33	48	1
33	49	1
33	50	1
33	51	-1
33	52	1
33	53	-1
33	54	-1
33	55	-1
33	56	-1
33	57	-1
33	58	-1
33	59	1
33	60	-1
33	61	-1
33	62	-1
33	63	-1
33	64	-1
33	65	-1
33	66	-1
33	67	-1
33	68	-1
33	69	-1
33	70	-1
33	72	-1
33	74	-1
33	75	-1
33	77	-1
33	78	1
33	79	-1
33	80	-1
33	81	-1
33	82	-1
33	83	-1
33	84	-1
33	85	1
33	86	-1
33	87	-1
33	88	-1
33	89	-1
33	90	-1
33	91	1
33	92	-1
33	93	-1
33	94	-1
33	95	-1
33	96	-1
33	97	1
33	98	-1
33	99	-1
33	100	-1
33	101	-1
33	106	-1
33	107	1
33	108	-1
33	109	1
33	110	1
33	111	-1
33	114	1
33	115	1
33	119	1
33	121	-1
33	124	1
33	126	-1
33	127	-1
33	130	-1
33	134	1
33	137	-1
33	139	1
33	143	-1
33	144	1
33	148	1
33	152	1
33	154	1
33	156	1
33	160	1
33	167	-1
33	178	-1
33	181	-1
33	191	1
33	192	-1
33	194	-1
33	199	-1
33	202	1
33	204	-1
33	207	1
33	208	1
33	210	-1
33	213	1
33	214	1
33	216	-1
33	221	-1
33	226	1
33	231	-1
33	234	-1
33	235	1
33	236	-1
33	240	1
33	243	-1
33	249	1
33	252	1
33	260	1
33	261	1
33	266	1
33	268	1
33	270	-1
33	271	-1
33	274	-1
33	285	1
33	290	-1
33	291	1
33	295	-1
33	299	-1
33	300	1
33	304	1
33	305	-1
33	306	1
33	309	-1
33	313	1
33	314	-1
33	315	1
33	320	-1
33	322	-1
33	323	1
33	325	-1
33	326	1
33	327	1
33	328	1
33	331	1
33	332	-1
33	333	-1
33	337	1
33	351	1
33	355	-1
33	356	-1
33	361	1
33	369	1
33	371	1
33	375	-1
33	376	-1
33	379	1
33	382	1
33	383	-1
33	387	1
33	391	-1
33	392	-1
33	398	-1
33	399	-1
33	400	1
33	402	-1
33	403	1
33	410	1
33	413	-1
33	416	-1
33	417	1
33	423	1
33	426	1
33	429	-1
33	431	1
33	432	1
33	433	-1
33	435	1
33	438	1
33	441	1
33	444	-1
33	454	-1
33	455	-1
33	456	-1
33	461	1
33	463	-1
33	466	1
33	468	-1
33	469	-1
33	471	-1
33	473	-1
33	474	1
33	476	1
33	479	-1
33	481	-1
33	482	1
33	483	1
33	484	1
33	488	-1
33	492	1
33	496	-1
34	35	-1
34	36	1
34	37	1
34	38	-1
34	39	1
34	40	1
34	41	1
34	42	1
34	43	1
34	44	1
34	45	1
34	46	1
34	47	-1
34	48	1
34	49	1
34	50	-1
34	51	-1
34	53	-1
34	54	-1
34	55	-1
34	56	-1
34	57	-1
34	58	-1
34	60	-1
34	61	-1
34	62	-1
34	63	-1
34	64	-1
34	65	-1
34	66	-1
34	67	-1
34	68	-1
34	69	-1
34	70	-1
34	71	-1
34	72	-1
34	73	-1
34	74	-1
34	75	-1
34	76	-1
34	77	-1
34	78	-1
34	79	-1
34	80	-1
34	81	-1
34	82	-1
34	83	-1
34	84	-1
34	85	-1
34	86	-1
34	87	-1
34	88	-1
34	89	-1
34	90	-1
34	91	-1
34	92	-1
34	93	-1
34	94	-1
34	95	1
34	96	-1
34	97	-1
34	98	-1
34	99	-1
34	103	1
34	107	-1
34	108	-1
34	115	-1
34	121	-1
34	122	1
34	123	1
34	126	1
34	127	-1
34	128	1
34	132	-1
34	133	-1
34	138	-1
34	141	1
34	142	1
34	145	1
34	146	1
34	147	-1
34	158	-1
34	159	-1
34	161	-1
34	163	-1
34	164	-1
34	167	1
34	170	-1
34	172	1
34	173	-1
34	174	-1
34	176	1
34	178	1
34	185	1
34	186	1
34	195	-1
34	197	-1
34	199	1
34	201	1
34	203	1
34	205	-1
34	209	-1
34	212	-1
34	216	1
34	218	-1
34	238	-1
34	241	1
34	243	1
34	244	1
34	245	-1
34	251	-1
34	252	1
34	254	1
34	255	-1
34	258	1
34	259	1
34	260	1
34	264	-1
34	270	-1
34	277	1
34	278	-1
34	279	-1
34	282	1
34	283	1
34	285	1
34	286	-1
34	289	1
34	293	-1
34	294	1
34	295	1
34	298	1
34	304	-1
34	308	1
34	311	-1
34	314	-1
34	317	-1
34	319	-1
34	320	1
34	321	1
34	326	1
34	329	-1
34	330	-1
34	331	1
34	336	-1
34	339	-1
34	342	-1
34	348	1
34	353	-1
34	354	1
34	355	-1
34	360	1
34	369	1
34	370	1
34	374	1
34	376	-1
34	380	-1
34	385	1
34	390	-1
34	392	1
34	393	1
34	396	-1
34	397	-1
34	402	1
34	404	-1
34	406	1
34	409	1
34	411	1
34	413	1
34	425	1
34	428	-1
34	429	-1
34	432	1
34	436	-1
34	439	1
34	440	1
34	443	-1
34	447	1
34	448	-1
34	449	1
34	453	1
34	456	-1
34	457	1
34	460	-1
34	463	-1
34	464	1
34	469	-1
34	473	1
34	476	1
34	478	1
34	479	1
34	480	1
34	491	1
34	494	-1
34	495	1
34	496	-1
34	499	-1
35	36	1
35	37	-1
35	38	1
35	39	1
35	40	1
35	41	1
35	42	1
35	43	1
35	44	1
35	45	1
35	46	1
35	47	1
35	48	1
35	49	1
35	50	-1
35	51	-1
35	52	-1
35	53	-1
35	54	-1
35	55	-1
35	57	-1
35	58	-1
35	59	-1
35	60	-1
35	61	-1
35	62	-1
35	63	-1
35	64	-1
35	65	-1
35	66	-1
35	68	-1
35	69	-1
35	70	-1
35	71	-1
35	72	-1
35	73	-1
35	74	-1
35	75	-1
35	76	-1
35	77	-1
35	78	-1
35	79	-1
35	80	-1
35	81	-1
35	82	-1
35	83	-1
35	84	-1
35	85	-1
35	86	-1
35	87	-1
35	88	-1
35	89	-1
35	90	-1
35	91	-1
35	92	-1
35	93	-1
35	94	-1
35	95	-1
35	96	-1
35	97	-1
35	98	-1
35	99	-1
35	100	1
35	102	1
35	107	1
35	109	1
35	119	-1
35	120	1
35	121	-1
35	122	1
35	126	-1
35	132	-1
35	133	1
35	140	-1
35	144	-1
35	148	-1
35	150	1
35	152	1
35	157	1
35	158	-1
35	159	-1
35	163	1
35	167	1
35	174	1
35	175	-1
35	178	1
35	180	-1
35	185	-1
35	187	-1
35	194	-1
35	200	-1
35	202	-1
35	205	1
35	206	-1
35	207	-1
35	208	1
35	211	1
35	212	1
35	214	1
35	218	1
35	224	-1
35	225	1
35	229	1
35	230	-1
35	234	1
35	235	1
35	237	1
35	239	1
35	240	-1
35	244	1
35	245	1
35	250	-1
35	251	1
35	252	1
35	257	-1
35	261	1
35	263	-1
35	265	-1
35	267	-1
35	272	1
35	277	1
35	285	1
35	288	1
35	292	-1
35	294	-1
35	295	-1
35	296	1
35	299	1
35	301	-1
35	302	1
35	308	1
35	309	1
35	311	1
35	312	-1
35	313	1
35	315	1
35	316	-1
35	317	-1
35	318	-1
35	319	1
35	320	-1
35	330	1
35	331	1
35	332	1
35	335	1
35	337	-1
35	340	1
35	342	1
35	343	1
35	344	-1
35	345	1
35	346	-1
35	347	-1
35	351	1
35	352	1
35	354	1
35	355	-1
35	364	-1
35	370	-1
35	372	-1
35	376	1
35	377	-1
35	378	-1
35	384	1
35	387	-1
35	389	1
35	392	-1
35	394	-1
35	396	-1
35	397	-1
35	400	-1
35	405	1
35	416	1
35	417	-1
35	418	1
35	422	1
35	423	1
35	430	1
35	432	1
35	434	1
35	436	1
35	441	1
35	446	1
35	451	-1
35	452	-1
35	453	-1
35	456	-1
35	460	-1
35	461	1
35	462	-1
35	463	-1
35	469	-1
35	470	1
35	475	-1
35	482	1
35	490	1
35	492	1
35	493	1
35	496	-1
36	37	1
36	38	1
36	39	1
36	40	1
36	41	1
36	42	1
36	43	1
36	44	1
36	45	1
36	46	1
36	47	1
36	48	1
36	49	1
36	50	-1
36	51	-1
36	52	-1
36	53	1
36	54	-1
36	56	-1
36	57	-1
36	58	-1
36	59	-1
36	60	-1
36	61	-1
36	62	-1
36	63	-1
36	64	-1
36	65	-1
36	66	-1
36	67	-1
36	68	-1
36	69	-1
36	70	-1
36	71	-1
36	73	-1
36	75	-1
36	76	-1
36	77	-1
36	79	-1
36	80	-1
36	82	-1
36	83	-1
36	84	-1
36	86	-1
36	87	-1
36	88	-1
36	89	-1
36	90	-1
36	91	-1
36	92	-1
36	93	-1
36	94	-1
36	95	-1
36	96	-1
36	97	-1
36	98	-1
36	99	-1
36	100	-1
36	104	-1
36	105	-1
36	107	1
36	109	-1
36	113	1
36	114	1
36	115	1
36	117	1
36	119	1
36	120	1
36	122	-1
36	125	1
36	126	1
36	127	-1
36	128	1
36	129	-1
36	130	-1
36	135	1
36	137	-1
36	138	1
36	143	-1
36	144	-1
36	151	1
36	158	-1
36	161	1
36	162	-1
36	163	1
36	164	-1
36	165	-1
36	167	1
36	170	-1
36	175	1
36	181	1
36	182	1
36	184	1
36	189	-1
36	190	1
36	194	1
36	196	-1
36	198	1
36	199	1
36	202	-1
36	203	1
36	204	1
36	209	-1
36	212	-1
36	213	1
36	216	-1
36	220	-1
36	227	-1
36	229	-1
36	232	1
36	233	-1
36	235	1
36	237	-1
36	240	1
36	244	-1
36	246	-1
36	251	1
36	258	1
36	259	-1
36	261	1
36	262	1
36	263	-1
36	266	1
36	267	-1
36	268	-1
36	269	1
36	272	1
36	276	1
36	282	1
36	285	1
36	286	-1
36	287	1
36	288	-1
36	293	1
36	298	1
36	301	1
36	302	1
36	307	1
36	317	1
36	318	-1
36	319	-1
36	325	1
36	327	1
36	329	-1
36	330	1
36	331	1
36	337	1
36	339	1
36	343	-1
36	347	-1
36	349	-1
36	350	1
36	351	1
36	352	1
36	353	1
36	355	-1
36	361	1
36	367	-1
36	368	-1
36	372	1
36	374	-1
36	377	1
36	379	-1
36	381	1
36	384	1
36	385	-1
36	386	-1
36	387	-1
36	392	1
36	397	-1
36	404	-1
36	405	-1
36	408	1
36	409	-1
36	413	1
36	414	-1
36	415	1
36	417	-1
36	418	1
36	427	1
36	431	1
36	434	-1
36	437	1
36	439	-1
36	442	1
36	443	1
36	445	1
36	447	1
36	448	-1
36	452	1
36	453	-1
36	455	1
36	456	-1
36	460	-1
36	461	1
36	462	1
36	463	1
36	464	-1
36	465	-1
36	466	-1
36	467	1
36	469	-1
36	470	-1
36	474	-1
36	479	1
36	481	-1
36	482	1
36	484	1
36	489	1
36	490	1
36	492	1
36	493	1
36	494	-1
36	496	-1
36	497	-1
36	498	-1
37	38	1
37	39	1
37	40	1
37	41	1
37	42	1
37	43	1
37	44	1
37	45	1
37	46	1
37	47	-1
37	48	1
37	50	-1
37	51	-1
37	52	-1
37	53	-1
37	54	-1
37	55	-1
37	56	-1
37	57	-1
37	58	-1
37	59	-1
37	60	-1
37	61	-1
37	62	-1
37	63	-1
37	64	-1
37	65	-1
37	66	-1
37	67	-1
37	68	-1
37	69	-1
37	70	-1
37	71	-1
37	72	-1
37	73	-1
37	74	-1
37	75	-1
37	76	-1
37	77	-1
37	78	-1
37	79	-1
37	80	-1
37	82	-1
37	83	1
37	84	-1
37	85	-1
37	86	-1
37	87	-1
37	89	-1
37	90	-1
37	91	-1
37	92	-1
37	93	-1
37	94	-1
37	95	-1
37	96	-1
37	97	-1
37	99	-1
37	101	-1
37	103	-1
37	105	1
37	110	1
37	117	1
37	122	-1
37	123	-1
37	127	-1
37	128	-1
37	132	1
37	137	-1
37	144	-1
37	145	1
37	148	-1
37	152	1
37	153	1
37	160	-1
37	162	1
37	168	1
37	170	1
37	172	1
37	173	1
37	175	1
37	181	-1
37	183	1
37	184	-1
37	186	-1
37	188	-1
37	194	1
37	198	-1
37	202	1
37	204	-1
37	206	1
37	208	1
37	212	-1
37	213	1
37	214	1
37	215	1
37	220	1
37	230	1
37	232	-1
37	235	1
37	236	1
37	240	1
37	245	1
37	248	-1
37	251	-1
37	252	1
37	257	-1
37	263	1
37	264	-1
37	267	-1
37	269	1
37	270	-1
37	271	1
37	273	-1
37	275	1
37	279	1
37	280	-1
37	285	-1
37	286	1
37	288	1
37	289	1
37	290	1
37	294	-1
37	298	1
37	299	1
37	301	1
37	306	1
37	307	-1
37	313	-1
37	315	1
37	316	-1
37	317	-1
37	319	1
37	325	-1
37	331	1
37	332	-1
37	335	1
37	336	-1
37	337	1
37	344	-1
37	346	-1
37	347	1
37	348	1
37	352	1
37	360	-1
37	361	-1
37	364	-1
37	370	-1
37	372	-1
37	373	1
37	374	-1
37	375	-1
37	380	1
37	390	-1
37	391	-1
37	395	-1
37	397	1
37	399	-1
37	401	-1
37	403	1
37	406	-1
37	408	-1
37	414	1
37	415	1
37	417	1
37	421	1
37	424	-1
37	425	1
37	434	1
37	436	-1
37	440	1
37	443	-1
37	450	1
37	451	-1
37	453	-1
37	457	1
37	462	-1
37	465	-1
37	467	-1
37	481	-1
37	484	-1
37	486	-1
37	488	1
37	489	1
37	493	1
37	494	1
38	39	1
38	40	1
38	41	1
38	42	1
38	44	1
38	45	1
38	46	1
38	47	1
38	48	1
38	49	1
38	50	-1
38	51	-1
38	52	1
38	53	-1
38	54	1
38	55	-1
38	56	-1
38	57	1
38	59	-1
38	60	-1
38	61	-1
38	62	-1
38	63	-1
38	64	-1
38	65	-1
38	66	-1
38	67	-1
38	68	-1
38	69	-1
38	70	-1
38	71	-1
38	72	-1
38	73	-1
38	74	-1
38	75	-1
38	76	-1
38	77	-1
38	78	-1
38	79	-1
38	80	-1
38	81	-1
38	82	-1
38	83	-1
38	84	-1
38	85	-1
38	86	-1
38	87	-1
38	88	1
38	89	-1
38	90	-1
38	91	-1
38	92	-1
38	93	-1
38	94	-1
38	95	-1
38	96	-1
38	97	-1
38	98	-1
38	99	-1
38	102	1
38	104	-1
38	107	-1
38	108	-1
38	112	1
38	116	1
38	121	1
38	122	-1
38	125	-1
38	126	-1
38	131	-1
38	134	1
38	142	1
38	146	-1
38	148	-1
38	155	1
38	167	-1
38	168	1
38	169	-1
38	170	1
38	172	1
38	176	-1
38	178	1
38	180	1
38	181	-1
38	183	1
38	185	-1
38	188	-1
38	191	-1
38	194	1
38	197	1
38	200	1
38	201	1
38	208	1
38	209	-1
38	211	1
38	214	1
38	218	-1
38	229	-1
38	230	1
38	239	1
38	243	-1
38	244	-1
38	246	1
38	248	1
38	252	1
38	255	-1
38	260	-1
38	263	-1
38	265	-1
38	268	-1
38	270	-1
38	273	1
38	275	-1
38	276	1
38	282	-1
38	283	-1
38	286	1
38	287	1
38	298	1
38	299	1
38	300	-1
38	301	-1
38	305	-1
38	306	-1
38	308	1
38	310	-1
38	319	1
38	321	-1
38	325	-1
38	327	1
38	329	1
38	330	1
38	331	1
38	332	-1
38	333	1
38	335	-1
38	336	1
38	339	1
38	340	-1
38	341	1
38	342	-1
38	345	-1
38	346	-1
38	349	-1
38	350	-1
38	351	1
38	352	-1
38	354	-1
38	355	-1
38	358	-1
38	359	1
38	360	1
38	361	1
38	364	1
38	365	1
38	366	-1
38	373	-1
38	374	-1
38	375	1
38	380	1
38	386	1
38	389	-1
38	391	1
38	398	1
38	399	-1
38	401	1
38	403	-1
38	406	-1
38	413	1
38	419	-1
38	420	1
38	422	-1
38	425	1
38	430	-1
38	432	1
38	436	-1
38	437	1
38	439	-1
38	441	-1
38	443	1
38	445	1
38	449	-1
38	453	-1
38	458	1
38	459	-1
38	462	-1
38	468	-1
38	469	1
38	480	-1
38	486	-1
38	487	-1
38	489	-1
38	490	1
38	495	1
39	40	1
39	41	1
39	42	1
39	43	1
39	44	1
39	45	1
39	46	1
39	47	1
39	48	1
39	49	1
39	50	-1
39	51	-1
39	52	-1
39	53	-1
39	54	-1
39	55	-1
39	56	-1
39	57	-1
39	58	-1
39	59	-1
39	60	1
39	61	-1
39	62	-1
39	63	-1
39	64	-1
39	65	-1
39	66	-1
39	67	-1
39	68	-1
39	69	-1
39	70	-1
39	71	-1
39	73	-1
39	74	-1
39	75	-1
39	76	-1
39	77	-1
39	78	-1
39	79	-1
39	80	-1
39	81	-1
39	82	-1
39	83	1
39	84	-1
39	85	-1
39	86	-1
39	87	-1
39	88	-1
39	89	-1
39	90	-1
39	91	-1
39	92	-1
39	93	-1
39	94	-1
39	95	-1
39	96	1
39	97	1
39	98	-1
39	99	-1
39	100	1
39	106	-1
39	108	1
39	109	-1
39	113	1
39	119	-1
39	120	1
39	128	-1
39	129	1
39	136	-1
39	141	-1
39	146	1
39	152	1
39	158	1
39	159	-1
39	167	-1
39	170	1
39	173	1
39	174	-1
39	180	1
39	181	1
39	190	-1
39	192	-1
39	196	-1
39	199	-1
39	200	-1
39	201	-1
39	202	1
39	203	-1
39	204	-1
39	205	-1
39	210	-1
39	211	1
39	214	-1
39	215	-1
39	216	-1
39	218	1
39	219	1
39	223	-1
39	226	-1
39	228	1
39	237	-1
39	238	1
39	240	-1
39	242	1
39	245	-1
39	251	1
39	252	1
39	253	1
39	258	1
39	264	1
39	268	1
39	277	-1
39	278	1
39	283	-1
39	288	1
39	292	-1
39	293	1
39	296	1
39	297	1
39	299	1
39	312	1
39	314	1
39	321	-1
39	324	1
39	325	-1
39	331	-1
39	333	1
39	339	-1
39	340	1
39	341	1
39	350	1
39	351	1
39	352	1
39	353	-1
39	357	1
39	363	-1
39	365	1
39	370	1
39	374	1
39	382	-1
39	385	1
39	387	-1
39	392	-1
39	396	-1
39	399	1
39	402	-1
39	403	1
39	404	1
39	408	-1
39	411	-1
39	416	-1
39	422	-1
39	424	1
39	426	-1
39	430	1
39	431	-1
39	433	1
39	436	-1
39	437	-1
39	438	1
39	443	1
39	446	1
39	448	-1
39	450	-1
39	451	1
39	452	1
39	454	1
39	456	-1
39	458	-1
39	462	1
39	463	1
39	465	-1
39	468	-1
39	470	-1
39	474	-1
39	480	-1
39	482	-1
39	483	1
39	485	1
39	489	1
39	492	-1
39	493	-1
39	496	-1
39	497	-1
40	41	1
40	42	1
40	43	-1
40	44	-1
40	45	1
40	46	1
40	47	1
40	48	1
40	49	1
40	50	-1
40	51	-1
40	52	-1
40	53	-1
40	54	-1
40	55	-1
40	56	-1
40	57	-1
40	58	-1
40	59	-1
40	60	-1
40	61	-1
40	62	-1
40	63	1
40	64	-1
40	65	-1
40	66	-1
40	67	-1
40	68	-1
40	69	-1
40	70	-1
40	71	-1
40	72	-1
40	73	-1
40	74	-1
40	75	-1
40	76	-1
40	77	-1
40	78	-1
40	79	-1
40	80	-1
40	81	-1
40	82	-1
40	83	-1
40	84	-1
40	85	-1
40	86	-1
40	87	-1
40	88	-1
40	89	-1
40	90	-1
40	91	-1
40	92	-1
40	93	-1
40	94	-1
40	95	-1
40	96	-1
40	97	-1
40	98	-1
40	99	-1
40	104	-1
40	105	-1
40	106	1
40	107	1
40	109	1
40	112	-1
40	113	1
40	115	1
40	117	1
40	118	-1
40	123	1
40	126	1
40	127	-1
40	129	-1
40	130	1
40	131	1
40	134	1
40	135	-1
40	137	1
40	138	1
40	141	-1
40	144	1
40	147	-1
40	148	-1
40	152	-1
40	154	1
40	162	1
40	164	-1
40	166	-1
40	167	1
40	169	1
40	170	1
40	171	1
40	173	-1
40	179	-1
40	188	-1
40	190	-1
40	191	-1
40	195	-1
40	197	-1
40	198	1
40	199	1
40	200	-1
40	202	1
40	204	-1
40	206	1
40	208	-1
40	211	-1
40	214	1
40	216	-1
40	218	1
40	221	1
40	223	-1
40	225	1
40	230	-1
40	237	-1
40	239	-1
40	246	1
40	248	-1
40	250	-1
40	254	-1
40	255	1
40	258	-1
40	259	-1
40	265	-1
40	266	-1
40	270	-1
40	272	-1
40	273	-1
40	282	1
40	284	1
40	287	-1
40	289	-1
40	294	1
40	295	-1
40	299	1
40	301	1
40	308	1
40	309	1
40	310	1
40	312	1
40	313	1
40	314	-1
40	326	1
40	331	-1
40	336	1
40	342	1
40	343	1
40	354	1
40	356	-1
40	357	-1
40	362	1
40	363	1
40	365	-1
40	366	-1
40	367	1
40	370	-1
40	375	1
40	378	-1
40	381	1
40	384	1
40	386	-1
40	389	-1
40	391	-1
40	393	-1
40	395	1
40	396	-1
40	401	-1
40	404	-1
40	417	1
40	418	-1
40	420	1
40	422	-1
40	428	1
40	429	1
40	433	-1
40	434	1
40	436	1
40	443	1
40	451	1
40	459	1
40	462	-1
40	464	-1
40	465	-1
40	475	-1
40	481	-1
40	486	1
40	490	-1
40	492	1
40	494	1
40	495	1
40	496	-1
41	42	1
41	43	1
41	44	1
41	45	1
41	47	1
41	48	1
41	49	1
41	50	-1
41	51	1
41	52	-1
41	53	-1
41	54	-1
41	55	-1
41	56	-1
41	57	-1
41	58	-1
41	59	-1
41	60	-1
41	61	-1
41	62	-1
41	63	-1
41	64	-1
41	65	-1
41	66	-1
41	67	-1
41	68	-1
41	69	-1
41	70	-1
41	71	-1
41	72	-1
41	73	-1
41	74	-1
41	75	-1
41	76	-1
41	77	-1
41	79	-1
41	80	-1
41	81	-1
41	82	-1
41	83	-1
41	84	-1
41	85	-1
41	86	1
41	87	-1
41	88	-1
41	89	-1
41	90	-1
41	91	-1
41	92	-1
41	93	1
41	94	-1
41	95	-1
41	96	-1
41	97	-1
41	98	-1
41	99	-1
41	100	-1
41	101	-1
41	102	-1
41	103	1
41	107	1
41	109	-1
41	113	-1
41	115	1
41	117	1
41	118	-1
41	121	1
41	123	1
41	126	1
41	129	-1
41	130	1
41	134	-1
41	142	1
41	143	1
41	144	-1
41	156	1
41	157	-1
41	158	1
41	165	-1
41	168	-1
41	178	1
41	179	-1
41	180	1
41	183	1
41	184	1
41	187	-1
41	189	-1
41	193	1
41	209	-1
41	213	-1
41	215	-1
41	216	-1
41	218	1
41	219	-1
41	220	-1
41	221	-1
41	225	1
41	234	1
41	236	1
41	237	-1
41	239	-1
41	240	1
41	241	-1
41	242	-1
41	247	-1
41	248	1
41	253	1
41	255	1
41	259	-1
41	260	1
41	263	1
41	266	-1
41	269	1
41	270	1
41	273	-1
41	279	-1
41	286	1
41	287	-1
41	293	1
41	295	-1
41	300	1
41	303	1
41	308	-1
41	309	1
41	312	-1
41	314	1
41	322	1
41	325	-1
41	327	1
41	328	-1
41	329	-1
41	330	1
41	334	1
41	335	-1
41	337	-1
41	340	-1
41	347	-1
41	349	-1
41	350	-1
41	353	-1
41	357	-1
41	358	-1
41	365	-1
41	367	-1
41	368	-1
41	371	1
41	373	-1
41	374	1
41	378	1
41	381	-1
41	384	1
41	386	-1
41	402	-1
41	404	1
41	407	1
41	409	1
41	411	-1
41	415	-1
41	416	1
41	421	1
41	426	-1
41	433	-1
41	435	-1
41	455	1
41	461	-1
41	462	1
41	463	1
41	465	-1
41	468	1
41	469	-1
41	470	-1
41	473	-1
41	476	1
41	477	1
41	482	-1
41	486	1
41	488	-1
41	489	1
41	492	-1
41	495	-1
41	496	-1
41	497	-1
42	43	1
42	44	1
42	45	1
42	46	1
42	47	1
42	48	1
42	49	1
42	50	-1
42	51	-1
42	52	-1
42	53	-1
42	54	-1
42	55	-1
42	56	-1
42	57	-1
42	59	-1
42	60	-1
42	61	-1
42	62	-1
42	63	-1
42	64	-1
42	65	-1
42	66	-1
42	67	1
42	68	-1
42	69	-1
42	70	-1
42	71	-1
42	72	-1
42	73	-1
42	74	-1
42	75	-1
42	76	-1
42	77	-1
42	78	-1
42	79	-1
42	80	-1
42	81	-1
42	82	-1
42	83	-1
42	84	-1
42	86	-1
42	87	-1
42	88	-1
42	89	-1
42	90	-1
42	91	-1
42	92	-1
42	93	-1
42	94	-1
42	95	-1
42	96	-1
42	97	-1
42	98	-1
42	99	-1
42	103	1
42	104	1
42	105	-1
42	106	-1
42	114	1
42	117	-1
42	121	-1
42	122	1
42	123	1
42	124	1
42	125	-1
42	127	1
42	137	-1
42	139	-1
42	143	1
42	149	1
42	152	-1
42	156	-1
42	157	1
42	159	1
42	160	-1
42	163	1
42	168	-1
42	170	1
42	172	1
42	173	-1
42	174	-1
42	175	1
42	180	1
42	182	-1
42	184	1
42	187	-1
42	188	-1
42	189	-1
42	190	1
42	191	1
42	192	1
42	197	-1
42	200	1
42	205	-1
42	206	-1
42	212	1
42	216	-1
42	217	1
42	219	1
42	220	-1
42	238	-1
42	239	1
42	241	-1
42	243	-1
42	247	1
42	249	-1
42	252	-1
42	253	1
42	254	1
42	256	1
42	259	-1
42	262	1
42	263	1
42	264	1
42	270	-1
42	283	-1
42	287	-1
42	289	-1
42	290	-1
42	291	1
42	292	-1
42	293	1
42	295	1
42	296	-1
42	297	-1
42	298	1
42	299	-1
42	301	1
42	306	-1
42	308	-1
42	309	1
42	311	-1
42	314	1
42	315	1
42	321	1
42	322	1
42	327	1
42	329	-1
42	333	-1
42	338	-1
42	341	-1
42	346	1
42	347	-1
42	348	-1
42	351	1
42	352	-1
42	353	-1
42	355	-1
42	359	-1
42	370	-1
42	372	1
42	380	1
42	383	1
42	386	-1
42	391	-1
42	392	1
42	394	-1
42	395	-1
42	397	-1
42	398	-1
42	402	-1
42	404	-1
42	408	-1
42	409	-1
42	410	-1
42	414	-1
42	417	1
42	420	-1
42	423	-1
42	424	-1
42	431	-1
42	433	-1
42	437	1
42	440	-1
42	441	1
42	444	1
42	451	1
42	455	-1
42	456	1
42	459	1
42	460	1
42	461	1
42	463	1
42	465	1
42	466	-1
42	469	1
42	470	1
42	474	-1
42	476	-1
42	478	1
42	487	-1
42	488	-1
42	489	-1
42	493	1
42	496	1
43	44	1
43	45	1
43	46	-1
43	47	1
43	48	1
43	49	1
43	50	-1
43	51	-1
43	52	-1
43	53	-1
43	54	-1
43	55	-1
43	56	-1
43	58	-1
43	59	-1
43	60	-1
43	61	-1
43	62	-1
43	63	-1
43	64	-1
43	65	-1
43	66	-1
43	67	-1
43	68	-1
43	69	-1
43	70	-1
43	71	-1
43	72	-1
43	73	-1
43	74	-1
43	75	-1
43	76	-1
43	77	-1
43	78	-1
43	79	-1
43	80	-1
43	81	-1
43	82	-1
43	83	-1
43	84	-1
43	85	-1
43	86	-1
43	87	-1
43	88	-1
43	89	-1
43	90	-1
43	91	-1
43	93	-1
43	94	-1
43	95	-1
43	96	1
43	97	-1
43	98	-1
43	99	-1
43	100	1
43	107	1
43	111	-1
43	114	-1
43	115	-1
43	116	1
43	117	1
43	121	1
43	124	-1
43	128	1
43	133	-1
43	140	-1
43	142	1
43	143	1
43	146	-1
43	149	-1
43	150	1
43	153	1
43	154	1
43	160	-1
43	161	1
43	163	1
43	164	-1
43	166	1
43	171	-1
43	173	1
43	177	-1
43	178	-1
43	179	1
43	183	-1
43	188	1
43	190	1
43	193	-1
43	194	-1
43	203	1
43	206	1
43	207	1
43	209	-1
43	210	-1
43	215	-1
43	221	-1
43	223	1
43	227	-1
43	229	1
43	230	1
43	232	1
43	236	1
43	238	1
43	240	-1
43	241	1
43	244	1
43	246	-1
43	247	-1
43	248	1
43	253	1
43	255	-1
43	256	-1
43	257	-1
43	258	1
43	259	1
43	260	1
43	261	1
43	264	-1
43	265	1
43	267	-1
43	268	-1
43	269	-1
43	270	-1
43	272	-1
43	273	1
43	278	-1
43	283	1
43	291	-1
43	295	1
43	300	1
43	301	1
43	302	-1
43	303	-1
43	305	1
43	309	1
43	316	1
43	318	-1
43	322	-1
43	323	1
43	328	-1
43	331	-1
43	335	1
43	339	-1
43	340	1
43	345	-1
43	350	-1
43	352	-1
43	353	-1
43	369	-1
43	370	-1
43	371	-1
43	374	1
43	381	1
43	383	1
43	385	-1
43	395	-1
43	399	-1
43	401	-1
43	403	1
43	408	1
43	409	1
43	410	-1
43	415	1
43	420	1
43	429	1
43	430	1
43	431	1
43	436	1
43	440	-1
43	442	-1
43	446	-1
43	447	1
43	451	-1
43	452	-1
43	455	1
43	457	1
43	470	-1
43	471	1
43	474	1
43	478	-1
43	481	-1
43	486	1
43	487	1
43	489	-1
43	493	1
43	495	-1
43	496	1
44	45	1
44	46	1
44	47	1
44	48	1
44	49	1
44	50	-1
44	51	-1
44	52	-1
44	53	-1
44	54	-1
44	55	1
44	57	-1
44	58	-1
44	59	-1
44	60	-1
44	61	-1
44	62	-1
44	63	-1
44	64	-1
44	65	-1
44	66	-1
44	67	-1
44	68	-1
44	69	-1
44	70	-1
44	71	-1
44	72	-1
44	73	-1
44	74	-1
44	76	-1
44	77	-1
44	78	-1
44	79	-1
44	80	-1
44	81	-1
44	82	-1
44	84	-1
44	85	-1
44	86	-1
44	87	-1
44	89	-1
44	90	-1
44	91	-1
44	92	-1
44	93	-1
44	94	-1
44	95	-1
44	96	-1
44	97	-1
44	98	-1
44	99	-1
44	100	1
44	101	1
44	102	-1
44	104	1
44	106	1
44	109	-1
44	110	-1
44	112	1
44	117	1
44	119	1
44	123	-1
44	124	1
44	125	1
44	130	-1
44	136	-1
44	137	1
44	138	1
44	142	1
44	143	1
44	145	-1
44	150	1
44	151	1
44	155	1
44	161	-1
44	163	1
44	168	-1
44	180	-1
44	190	1
44	193	1
44	194	-1
44	195	-1
44	197	1
44	201	-1
44	202	-1
44	207	1
44	210	-1
44	216	1
44	217	1
44	221	-1
44	225	-1
44	227	1
44	231	-1
44	233	1
44	234	-1
44	241	-1
44	244	1
44	246	-1
44	247	1
44	248	-1
44	249	1
44	253	1
44	260	1
44	262	-1
44	267	-1
44	271	-1
44	272	1
44	275	1
44	283	1
44	287	1
44	288	-1
44	289	-1
44	292	1
44	294	-1
44	295	1
44	299	1
44	301	1
44	302	1
44	303	1
44	308	-1
44	309	-1
44	310	-1
44	313	1
44	314	-1
44	315	1
44	322	-1
44	326	-1
44	327	-1
44	328	1
44	333	1
44	334	-1
44	335	-1
44	337	1
44	341	1
44	343	1
44	344	1
44	346	1
44	347	1
44	348	-1
44	349	1
44	350	-1
44	354	1
44	356	-1
44	360	1
44	362	1
44	363	-1
44	364	1
44	365	1
44	368	-1
44	369	1
44	371	-1
44	372	1
44	375	1
44	376	-1
44	377	-1
44	381	-1
44	382	-1
44	386	-1
44	387	-1
44	390	1
44	396	1
44	397	-1
44	400	1
44	401	1
44	402	-1
44	410	1
44	412	-1
44	413	-1
44	418	1
44	422	1
44	423	1
44	428	-1
44	429	1
44	430	1
44	431	-1
44	432	-1
44	433	1
44	434	-1
44	436	1
44	437	-1
44	443	1
44	445	-1
44	448	-1
44	449	1
44	450	-1
44	451	1
44	457	-1
44	458	1
44	461	-1
44	467	1
44	468	1
44	470	-1
44	471	-1
44	472	1
44	475	1
44	476	-1
44	478	-1
44	485	1
44	490	-1
44	494	1
44	496	-1
44	497	1
44	499	1
45	46	1
45	47	1
45	48	1
45	49	1
45	50	-1
45	51	-1
45	52	-1
45	53	-1
45	54	-1
45	55	-1
45	56	-1
45	57	-1
45	58	-1
45	59	-1
45	60	-1
45	62	-1
45	64	-1
45	65	-1
45	66	-1
45	67	-1
45	68	-1
45	69	-1
45	70	-1
45	71	-1
45	72	-1
45	73	-1
45	74	-1
45	75	-1
45	76	-1
45	77	-1
45	79	-1
45	80	-1
45	81	-1
45	82	-1
45	83	-1
45	84	-1
45	85	-1
45	86	-1
45	87	-1
45	88	-1
45	89	-1
45	90	-1
45	91	-1
45	93	-1
45	94	-1
45	95	-1
45	96	-1
45	97	-1
45	98	-1
45	99	-1
45	106	1
45	107	-1
45	108	1
45	110	-1
45	113	1
45	117	-1
45	120	-1
45	122	-1
45	124	-1
45	126	-1
45	130	-1
45	131	1
45	144	1
45	149	1
45	150	1
45	158	1
45	163	-1
45	172	1
45	174	-1
45	176	-1
45	180	-1
45	186	1
45	192	1
45	197	1
45	198	1
45	202	1
45	206	-1
45	210	-1
45	216	1
45	217	-1
45	221	-1
45	228	-1
45	229	-1
45	230	-1
45	233	1
45	235	-1
45	238	-1
45	240	1
45	245	1
45	246	1
45	247	1
45	254	1
45	256	-1
45	258	-1
45	259	1
45	261	-1
45	262	-1
45	263	1
45	265	-1
45	271	1
45	273	-1
45	274	1
45	275	-1
45	276	1
45	280	-1
45	281	-1
45	282	1
45	284	1
45	289	1
45	291	1
45	294	1
45	297	-1
45	298	-1
45	305	-1
45	306	1
45	309	-1
45	311	1
45	312	-1
45	316	-1
45	321	-1
45	322	1
45	323	-1
45	324	1
45	329	1
45	331	-1
45	332	-1
45	335	-1
45	340	-1
45	342	-1
45	350	-1
45	354	1
45	358	1
45	359	-1
45	361	-1
45	362	-1
45	363	1
45	364	-1
45	367	-1
45	369	-1
45	374	-1
45	375	-1
45	376	-1
45	378	1
45	382	1
45	388	1
45	389	1
45	392	-1
45	393	-1
45	397	1
45	401	-1
45	407	1
45	408	-1
45	410	1
45	416	-1
45	418	1
45	419	1
45	421	-1
45	429	-1
45	436	-1
45	438	-1
45	439	-1
45	445	-1
45	449	-1
45	454	-1
45	455	1
45	457	-1
45	460	1
45	463	-1
45	472	1
45	473	-1
45	479	1
45	483	1
45	488	-1
45	490	-1
45	491	1
45	496	-1
45	499	1
46	47	1
46	48	1
46	49	1
46	50	-1
46	51	-1
46	52	-1
46	53	-1
46	54	-1
46	55	-1
46	56	-1
46	57	-1
46	58	-1
46	59	-1
46	60	-1
46	61	-1
46	62	-1
46	63	-1
46	64	-1
46	65	-1
46	66	-1
46	67	-1
46	68	-1
46	69	-1
46	70	-1
46	71	-1
46	72	-1
46	73	-1
46	74	-1
46	75	-1
46	76	-1
46	77	-1
46	78	-1
46	79	-1
46	80	-1
46	81	1
46	82	-1
46	83	-1
46	84	-1
46	85	-1
46	87	-1
46	88	-1
46	89	-1
46	90	-1
46	91	-1
46	92	-1
46	93	-1
46	94	-1
46	95	-1
46	96	-1
46	97	-1
46	98	-1
46	99	-1
46	101	1
46	102	1
46	103	-1
46	106	-1
46	109	-1
46	111	-1
46	112	-1
46	114	-1
46	115	-1
46	116	1
46	124	-1
46	125	-1
46	126	1
46	127	-1
46	131	1
46	132	-1
46	133	-1
46	135	1
46	136	-1
46	137	1
46	140	-1
46	147	-1
46	148	1
46	151	-1
46	152	-1
46	153	1
46	158	1
46	159	-1
46	162	1
46	164	-1
46	166	1
46	170	-1
46	174	-1
46	175	-1
46	178	1
46	181	-1
46	183	1
46	184	1
46	187	1
46	189	1
46	190	-1
46	193	-1
46	203	-1
46	209	1
46	212	-1
46	221	1
46	222	-1
46	227	-1
46	229	1
46	232	1
46	237	1
46	239	-1
46	241	-1
46	245	-1
46	247	-1
46	252	-1
46	255	1
46	259	1
46	260	1
46	262	1
46	271	-1
46	275	1
46	276	-1
46	283	1
46	288	-1
46	292	1
46	294	1
46	296	1
46	298	1
46	299	1
46	301	1
46	303	1
46	305	1
46	309	-1
46	310	1
46	313	-1
46	315	1
46	316	-1
46	317	1
46	321	-1
46	324	1
46	325	-1
46	331	-1
46	332	-1
46	333	-1
46	334	-1
46	335	1
46	336	1
46	338	1
46	339	-1
46	340	1
46	341	1
46	343	1
46	345	-1
46	347	1
46	348	-1
46	353	-1
46	354	-1
46	359	-1
46	361	-1
46	364	1
46	375	-1
46	376	-1
46	380	-1
46	381	-1
46	382	1
46	384	-1
46	386	1
46	387	1
46	390	-1
46	391	-1
46	399	1
46	404	1
46	405	-1
46	406	-1
46	412	-1
46	414	1
46	415	-1
46	416	-1
46	420	1
46	422	1
46	423	1
46	426	-1
46	427	-1
46	428	1
46	429	-1
46	432	1
46	437	-1
46	438	-1
46	441	-1
46	446	1
46	448	-1
46	453	1
46	456	-1
46	458	1
46	459	1
46	464	1
46	469	-1
46	471	1
46	474	-1
46	475	1
46	480	-1
46	484	1
46	485	-1
46	488	-1
46	490	1
46	493	1
46	495	1
46	499	-1
47	48	-1
47	49	1
47	50	-1
47	51	-1
47	52	-1
47	53	-1
47	54	-1
47	55	-1
47	56	-1
47	57	-1
47	58	-1
47	59	-1
47	60	-1
47	62	-1
47	63	-1
47	64	-1
47	65	-1
47	66	-1
47	68	-1
47	69	-1
47	70	-1
47	71	-1
47	72	-1
47	73	-1
47	74	-1
47	75	-1
47	76	-1
47	77	-1
47	78	-1
47	79	-1
47	80	-1
47	81	-1
47	82	-1
47	83	-1
47	84	-1
47	85	-1
47	87	-1
47	88	-1
47	89	1
47	90	-1
47	91	-1
47	92	-1
47	93	-1
47	94	-1
47	95	-1
47	96	-1
47	97	-1
47	98	-1
47	101	1
47	104	1
47	107	-1
47	109	-1
47	110	-1
47	111	1
47	112	-1
47	122	-1
47	124	-1
47	126	-1
47	129	1
47	132	-1
47	138	1
47	141	1
47	145	-1
47	147	1
47	148	-1
47	149	-1
47	151	-1
47	157	-1
47	160	-1
47	166	-1
47	167	1
47	168	-1
47	169	1
47	170	-1
47	171	-1
47	175	-1
47	176	1
47	177	-1
47	186	1
47	187	-1
47	189	-1
47	190	-1
47	192	-1
47	195	1
47	206	-1
47	217	1
47	218	-1
47	219	-1
47	220	-1
47	221	-1
47	223	-1
47	228	-1
47	234	-1
47	238	-1
47	239	-1
47	240	-1
47	245	-1
47	258	-1
47	261	1
47	266	-1
47	268	-1
47	269	1
47	278	-1
47	288	1
47	291	1
47	292	-1
47	293	-1
47	296	-1
47	299	-1
47	309	-1
47	312	1
47	314	-1
47	315	1
47	317	1
47	323	1
47	328	1
47	330	1
47	331	1
47	332	-1
47	333	1
47	339	-1
47	340	1
47	341	1
47	343	-1
47	346	-1
47	347	1
47	348	-1
47	352	-1
47	355	1
47	356	-1
47	360	1
47	364	1
47	365	1
47	366	1
47	374	-1
47	384	-1
47	386	-1
47	392	1
47	394	-1
47	397	1
47	398	1
47	399	-1
47	404	1
47	407	-1
47	413	-1
47	414	-1
47	415	-1
47	424	-1
47	425	-1
47	430	-1
47	433	-1
47	435	1
47	436	-1
47	439	-1
47	440	-1
47	442	-1
47	444	1
47	449	1
47	454	1
47	457	-1
47	458	1
47	460	-1
47	461	1
47	474	-1
47	476	-1
47	477	-1
47	478	-1
47	479	-1
47	480	1
47	481	-1
47	483	1
47	484	-1
47	485	1
47	486	-1
47	488	1
47	491	-1
47	495	1
48	49	1
48	50	-1
48	51	-1
48	52	-1
48	53	-1
48	54	-1
48	56	-1
48	57	1
48	58	1
48	59	-1
48	60	-1
48	61	-1
48	62	-1
48	63	-1
48	64	1
48	65	-1
48	66	-1
48	67	-1
48	68	-1
48	69	-1
48	70	-1
48	71	-1
48	72	-1
48	73	-1
48	74	-1
48	75	-1
48	76	-1
48	77	-1
48	78	-1
48	79	-1
48	80	-1
48	81	-1
48	82	-1
48	84	-1
48	85	-1
48	86	-1
48	87	-1
48	88	-1
48	89	-1
48	90	-1
48	91	-1
48	92	-1
48	93	-1
48	94	-1
48	95	-1
48	96	-1
48	97	-1
48	98	-1
48	99	-1
48	102	-1
48	104	1
48	109	-1
48	110	1
48	111	1
48	112	1
48	118	-1
48	120	-1
48	121	-1
48	123	-1
48	124	1
48	127	-1
48	131	1
48	135	-1
48	141	1
48	143	1
48	146	-1
48	147	-1
48	148	1
48	149	-1
48	150	-1
48	152	1
48	154	1
48	161	-1
48	163	1
48	165	1
48	166	-1
48	167	-1
48	170	1
48	172	-1
48	176	-1
48	178	-1
48	181	1
48	182	-1
48	184	1
48	187	1
48	188	1
48	191	1
48	193	1
48	194	1
48	197	1
48	200	1
48	205	-1
48	209	1
48	210	1
48	216	-1
48	223	-1
48	225	1
48	231	-1
48	238	1
48	239	1
48	240	1
48	242	1
48	245	-1
48	257	-1
48	265	-1
48	269	1
48	272	-1
48	274	-1
48	283	1
48	287	1
48	289	1
48	291	-1
48	295	1
48	302	1
48	303	1
48	308	1
48	312	-1
48	320	1
48	324	-1
48	325	-1
48	326	-1
48	327	-1
48	328	-1
48	330	-1
48	333	-1
48	334	1
48	336	-1
48	339	1
48	340	-1
48	341	-1
48	342	-1
48	345	-1
48	347	1
48	350	-1
48	355	-1
48	358	1
48	360	1
48	362	-1
48	363	-1
48	364	-1
48	366	1
48	370	-1
48	373	1
48	375	-1
48	384	1
48	386	-1
48	388	1
48	391	-1
48	394	1
48	395	-1
48	398	1
48	399	-1
48	400	1
48	405	-1
48	406	-1
48	408	-1
48	409	-1
48	412	-1
48	413	-1
48	415	-1
48	417	1
48	418	-1
48	419	1
48	422	-1
48	428	1
48	430	1
48	431	1
48	433	1
48	434	-1
48	437	-1
48	438	1
48	442	1
48	443	-1
48	451	-1
48	453	1
48	458	1
48	461	1
48	463	-1
48	467	-1
48	468	1
48	469	-1
48	474	-1
48	477	-1
48	481	1
48	485	1
48	486	-1
48	490	1
48	492	1
48	495	-1
49	50	-1
49	51	-1
49	52	-1
49	53	-1
49	54	-1
49	55	-1
49	56	-1
49	57	-1
49	58	-1
49	60	-1
49	61	-1
49	62	-1
49	63	-1
49	64	-1
49	65	-1
49	67	-1
49	68	-1
49	69	-1
49	70	-1
49	71	-1
49	72	-1
49	73	-1
49	74	-1
49	75	-1
49	76	1
49	77	-1
49	78	-1
49	79	-1
49	80	-1
49	81	-1
49	82	-1
49	83	1
49	84	-1
49	85	-1
49	86	-1
49	87	-1
49	88	-1
49	89	-1
49	90	-1
49	91	-1
49	92	-1
49	93	-1
49	94	-1
49	95	-1
49	96	-1
49	97	-1
49	98	-1
49	99	-1
49	105	-1
49	108	-1
49	109	-1
49	112	-1
49	114	1
49	115	-1
49	117	-1
49	124	-1
49	125	1
49	127	1
49	130	-1
49	136	-1
49	138	-1
49	140	-1
49	141	1
49	143	1
49	144	-1
49	145	1
49	148	-1
49	151	-1
49	152	1
49	155	1
49	156	1
49	159	-1
49	162	-1
49	166	-1
49	174	1
49	175	-1
49	176	-1
49	178	-1
49	179	-1
49	180	-1
49	182	1
49	187	-1
49	188	-1
49	193	-1
49	198	-1
49	200	-1
49	201	1
49	202	1
49	203	1
49	207	-1
49	208	1
49	209	1
49	213	-1
49	215	1
49	216	1
49	217	-1
49	219	-1
49	222	1
49	223	-1
49	225	1
49	226	1
49	227	1
49	229	1
49	232	1
49	233	1
49	234	-1
49	237	-1
49	239	1
49	240	-1
49	247	-1
49	248	1
49	249	-1
49	250	1
49	258	-1
49	261	1
49	262	-1
49	269	-1
49	270	-1
49	272	1
49	275	1
49	276	1
49	278	-1
49	280	1
49	283	-1
49	285	-1
49	288	-1
49	290	1
49	292	-1
49	296	-1
49	299	-1
49	301	-1
49	304	-1
49	306	1
49	307	1
49	312	1
49	314	-1
49	315	1
49	316	-1
49	317	1
49	324	-1
49	330	-1
49	331	1
49	332	-1
49	335	-1
49	336	-1
49	337	1
49	340	1
49	344	-1
49	346	1
49	348	1
49	350	-1
49	352	-1
49	354	1
49	355	1
49	359	-1
49	371	-1
49	372	1
49	373	1
49	377	1
49	378	1
49	379	1
49	381	-1
49	383	1
49	384	1
49	386	1
49	390	1
49	396	-1
49	399	-1
49	401	1
49	403	-1
49	404	-1
49	405	1
49	407	-1
49	411	1
49	413	-1
49	415	-1
49	416	-1
49	417	1
49	418	-1
49	419	-1
49	424	1
49	426	1
49	427	1
49	430	1
49	431	1
49	432	-1
49	436	-1
49	438	1
49	439	-1
49	445	1
49	449	-1
49	455	-1
49	457	1
49	458	-1
49	459	-1
49	464	1
49	469	-1
49	471	-1
49	477	1
49	480	1
49	481	1
49	482	-1
49	484	-1
49	486	-1
49	493	1
49	495	-1
50	52	1
50	53	1
50	54	1
50	55	1
50	57	1
50	58	1
50	59	1
50	60	1
50	61	1
50	62	1
50	63	1
50	64	1
50	65	1
50	66	1
50	67	1
50	68	1
50	69	1
50	70	1
50	71	1
50	72	1
50	73	1
50	74	1
50	75	1
50	76	1
50	78	1
50	79	-1
50	80	1
50	81	1
50	82	1
50	83	1
50	84	1
50	85	-1
50	86	1
50	87	1
50	88	1
50	89	1
50	90	1
50	91	1
50	92	1
50	93	1
50	94	1
50	95	1
50	96	1
50	97	1
50	98	1
50	99	-1
50	101	-1
50	102	1
50	106	-1
50	107	1
50	109	-1
50	112	-1
50	118	-1
50	121	1
50	133	1
50	134	-1
50	135	-1
50	136	-1
50	141	1
50	142	1
50	144	1
50	145	1
50	147	1
50	151	1
50	153	1
50	154	1
50	155	1
50	156	1
50	158	1
50	161	-1
50	163	1
50	169	1
50	170	-1
50	171	1
50	172	1
50	173	-1
50	175	-1
50	179	1
50	180	1
50	181	1
50	183	1
50	184	-1
50	185	1
50	189	1
50	191	1
50	192	-1
50	193	1
50	200	-1
50	203	1
50	204	-1
50	205	1
50	206	1
50	211	-1
50	214	-1
50	215	1
50	217	1
50	222	1
50	230	-1
50	231	1
50	233	1
50	234	1
50	242	1
50	244	-1
50	245	-1
50	247	1
50	248	-1
50	249	-1
50	251	-1
50	254	-1
50	257	-1
50	262	1
50	263	1
50	264	1
50	273	-1
50	276	-1
50	279	-1
50	281	-1
50	283	1
50	287	-1
50	291	1
50	297	1
50	298	-1
50	309	-1
50	310	-1
50	311	-1
50	312	1
50	315	-1
50	321	-1
50	324	-1
50	325	-1
50	330	-1
50	331	-1
50	333	-1
50	334	1
50	339	1
50	340	1
50	348	-1
50	350	-1
50	352	-1
50	353	-1
50	355	-1
50	356	-1
50	357	1
50	360	1
50	361	-1
50	365	1
50	369	1
50	376	1
50	378	-1
50	379	-1
50	382	-1
50	383	1
50	386	-1
50	388	1
50	390	1
50	395	1
50	396	1
50	397	1
50	399	1
50	400	-1
50	401	1
50	402	1
50	408	-1
50	412	1
50	415	-1
50	419	1
50	420	1
50	421	1
50	432	1
50	435	-1
50	442	1
50	443	1
50	444	-1
50	446	-1
50	450	1
50	457	1
50	462	1
50	463	1
50	464	1
50	468	1
50	470	1
50	471	1
50	472	1
50	474	1
50	476	1
50	487	-1
50	491	1
50	495	1
50	496	-1
50	497	-1
50	498	1
51	52	1
51	53	1
51	54	1
51	55	1
51	56	-1
51	57	-1
51	58	1
51	59	-1
51	60	1
51	61	1
51	62	-1
51	63	1
51	64	1
51	65	1
51	66	1
51	67	1
51	68	1
51	69	1
51	70	1
51	71	1
51	72	1
51	73	1
51	74	1
51	75	1
51	76	1
51	77	1
51	78	1
51	79	1
51	80	1
51	81	1
51	82	1
51	83	1
51	84	1
51	85	1
51	86	1
51	87	1
51	88	1
51	89	1
51	90	1
51	91	1
51	92	1
51	93	1
51	94	1
51	95	1
51	96	-1
51	97	1
51	98	1
51	99	1
51	102	-1
51	103	1
51	110	1
51	112	1
51	116	1
51	123	-1
51	126	-1
51	131	-1
51	135	1
51	136	1
51	139	1
51	140	-1
51	144	-1
51	145	1
51	146	1
51	153	-1
51	156	1
51	158	-1
51	159	1
51	167	1
51	171	-1
51	173	1
51	175	-1
51	177	-1
51	182	1
51	183	1
51	186	1
51	188	-1
51	191	1
51	192	-1
51	193	1
51	194	1
51	199	-1
51	200	1
51	201	-1
51	204	-1
51	206	1
51	208	-1
51	213	1
51	214	-1
51	216	-1
51	217	1
51	218	1
51	233	1
51	234	1
51	235	1
51	237	-1
51	240	-1
51	241	1
51	242	1
51	243	-1
51	246	-1
51	247	1
51	257	1
51	258	-1
51	265	1
51	267	-1
51	268	1
51	270	-1
51	284	1
51	290	-1
51	294	1
51	299	1
51	302	-1
51	306	-1
51	307	-1
51	308	-1
51	313	1
51	324	-1
51	327	1
51	328	-1
51	331	1
51	334	1
51	335	-1
51	337	1
51	340	-1
51	342	-1
51	343	-1
51	346	1
51	349	1
51	351	-1
51	356	-1
51	361	1
51	364	-1
51	368	1
51	374	-1
51	376	-1
51	380	1
51	381	-1
51	384	1
51	386	1
51	388	1
51	389	1
51	393	-1
51	394	1
51	395	1
51	405	-1
51	408	-1
51	413	-1
51	414	1
51	415	1
51	419	-1
51	424	1
51	427	-1
51	428	-1
51	430	-1
51	432	1
51	434	-1
51	435	-1
51	436	-1
51	439	1
51	447	1
51	457	-1
51	459	-1
51	461	-1
51	462	-1
51	463	1
51	466	-1
51	475	1
51	482	-1
51	486	1
51	490	1
51	491	-1
51	494	-1
52	53	1
52	54	-1
52	55	1
52	56	1
52	57	1
52	58	-1
52	59	1
52	60	1
52	61	1
52	62	-1
52	63	1
52	64	1
52	65	1
52	66	1
52	67	1
52	69	1
52	70	1
52	71	1
52	72	1
52	73	-1
52	74	1
52	75	1
52	76	1
52	77	1
52	78	1
52	79	-1
52	80	1
52	81	1
52	82	1
52	83	1
52	84	1
52	85	1
52	86	1
52	87	1
52	88	1
52	89	1
52	90	-1
52	91	1
52	92	-1
52	93	1
52	94	1
52	95	1
52	96	1
52	97	1
52	98	1
52	99	1
52	105	-1
52	107	-1
52	112	-1
52	113	1
52	116	-1
52	121	1
52	122	1
52	123	1
52	126	-1
52	128	1
52	131	1
52	136	1
52	143	1
52	151	-1
52	155	1
52	160	-1
52	162	-1
52	163	1
52	168	1
52	173	-1
52	174	1
52	178	1
52	179	1
52	180	1
52	181	1
52	184	1
52	185	1
52	188	-1
52	190	1
52	195	1
52	197	1
52	200	-1
52	202	1
52	205	-1
52	207	-1
52	209	-1
52	212	-1
52	215	-1
52	218	-1
52	222	-1
52	223	1
52	224	-1
52	226	1
52	229	1
52	231	-1
52	232	1
52	233	1
52	234	-1
52	238	-1
52	241	1
52	244	1
52	245	1
52	252	1
52	253	1
52	254	1
52	258	-1
52	259	-1
52	261	-1
52	264	-1
52	266	-1
52	269	-1
52	270	1
52	272	1
52	273	1
52	279	1
52	280	1
52	283	1
52	286	-1
52	287	1
52	289	-1
52	290	-1
52	294	1
52	295	-1
52	297	-1
52	299	-1
52	300	-1
52	303	1
52	313	-1
52	315	-1
52	317	-1
52	325	-1
52	327	-1
52	329	1
52	332	1
52	337	1
52	344	-1
52	346	1
52	350	-1
52	353	-1
52	354	1
52	356	-1
52	357	-1
52	359	-1
52	360	-1
52	364	1
52	370	1
52	372	-1
52	374	1
52	377	-1
52	378	1
52	381	-1
52	382	1
52	383	1
52	384	1
52	388	-1
52	391	1
52	398	-1
52	401	1
52	402	1
52	407	1
52	412	1
52	413	1
52	415	-1
52	417	1
52	423	1
52	424	-1
52	425	-1
52	428	1
52	432	-1
52	434	-1
52	437	1
52	443	1
52	449	-1
52	451	-1
52	453	-1
52	456	-1
52	457	1
52	459	-1
52	463	1
52	467	1
52	474	1
52	476	1
52	482	-1
52	483	1
52	484	1
52	485	-1
52	486	1
52	488	1
52	489	1
52	490	1
52	493	1
52	495	-1
52	497	-1
52	499	1
53	54	1
53	55	-1
53	56	1
53	57	1
53	58	1
53	59	1
53	60	1
53	61	1
53	62	1
53	63	1
53	64	1
53	65	-1
53	66	1
53	67	-1
53	69	1
53	70	1
53	71	1
53	72	1
53	73	1
53	74	1
53	75	1
53	76	1
53	77	1
53	78	1
53	79	1
53	80	1
53	81	1
53	82	1
53	83	1
53	84	-1
53	85	1
53	86	1
53	87	1
53	88	-1
53	89	1
53	90	1
53	91	1
53	92	1
53	93	1
53	94	1
53	95	1
53	96	1
53	97	1
53	98	1
53	99	1
53	101	-1
53	102	-1
53	103	-1
53	104	-1
53	105	1
53	109	-1
53	112	1
53	116	1
53	120	-1
53	122	1
53	123	1
53	124	-1
53	135	-1
53	137	-1
53	139	1
53	143	-1
53	144	1
53	145	1
53	146	1
53	147	-1
53	148	1
53	151	1
53	152	-1
53	156	-1
53	161	1
53	169	-1
53	170	1
53	173	1
53	178	-1
53	181	-1
53	182	-1
53	184	1
53	188	-1
53	193	-1
53	196	1
53	198	1
53	200	1
53	202	-1
53	203	1
53	204	-1
53	210	-1
53	212	1
53	213	-1
53	216	-1
53	217	1
53	219	1
53	222	1
53	225	1
53	227	-1
53	231	1
53	240	-1
53	242	1
53	252	-1
53	254	1
53	257	-1
53	258	-1
53	264	1
53	265	-1
53	266	-1
53	267	1
53	268	1
53	270	1
53	273	-1
53	277	1
53	278	-1
53	281	1
53	287	-1
53	292	-1
53	297	-1
53	299	1
53	300	-1
53	303	-1
53	306	-1
53	307	-1
53	308	1
53	309	-1
53	310	-1
53	313	-1
53	320	1
53	323	-1
53	324	1
53	326	-1
53	327	-1
53	336	-1
53	337	-1
53	343	-1
53	345	1
53	349	-1
53	354	1
53	355	-1
53	356	1
53	360	1
53	362	1
53	366	-1
53	367	-1
53	372	1
53	383	-1
53	387	1
53	399	-1
53	404	1
53	407	-1
53	409	-1
53	410	1
53	416	-1
53	425	-1
53	428	-1
53	434	-1
53	438	1
53	440	-1
53	442	-1
53	445	1
53	447	-1
53	451	-1
53	453	-1
53	459	1
53	468	1
53	472	1
53	473	-1
53	476	1
53	477	-1
53	478	-1
53	479	-1
53	480	-1
53	485	-1
53	488	1
53	490	-1
53	492	-1
53	493	1
53	494	1
53	496	1
53	497	-1
54	55	1
54	56	1
54	57	1
54	60	1
54	61	1
54	62	1
54	63	1
54	64	1
54	65	1
54	66	1
54	67	1
54	68	1
54	69	1
54	71	1
54	72	1
54	73	1
54	74	1
54	75	1
54	76	1
54	77	1
54	78	1
54	79	1
54	80	1
54	81	1
54	82	1
54	83	1
54	84	1
54	85	1
54	86	1
54	87	1
54	88	1
54	89	1
54	90	1
54	91	1
54	92	-1
54	93	1
54	94	1
54	95	1
54	96	1
54	97	1
54	98	1
54	99	1
54	103	-1
54	105	1
54	106	-1
54	107	1
54	108	1
54	114	1
54	115	-1
54	118	1
54	119	-1
54	120	-1
54	125	1
54	127	-1
54	128	1
54	129	1
54	136	1
54	141	1
54	142	-1
54	147	-1
54	157	-1
54	158	-1
54	160	1
54	161	-1
54	165	-1
54	166	1
54	168	1
54	169	-1
54	171	1
54	173	-1
54	174	1
54	184	1
54	185	1
54	187	-1
54	188	1
54	195	1
54	196	1
54	197	1
54	203	-1
54	205	-1
54	213	1
54	216	1
54	218	1
54	221	1
54	223	1
54	229	-1
54	241	-1
54	243	-1
54	245	-1
54	248	-1
54	251	-1
54	257	1
54	258	1
54	262	-1
54	266	1
54	269	-1
54	281	-1
54	282	1
54	283	-1
54	286	-1
54	290	1
54	292	-1
54	295	-1
54	297	1
54	298	1
54	303	-1
54	304	-1
54	305	-1
54	307	-1
54	308	-1
54	309	-1
54	313	1
54	314	-1
54	318	-1
54	324	1
54	325	-1
54	329	-1
54	331	-1
54	332	-1
54	333	-1
54	335	1
54	336	1
54	337	1
54	346	-1
54	350	-1
54	354	-1
54	362	1
54	366	1
54	367	1
54	373	1
54	375	1
54	378	-1
54	379	1
54	384	-1
54	386	1
54	387	-1
54	392	-1
54	394	1
54	396	1
54	397	1
54	400	1
54	402	-1
54	403	-1
54	407	-1
54	408	1
54	409	-1
54	410	-1
54	412	-1
54	417	1
54	419	1
54	421	-1
54	429	-1
54	432	1
54	434	1
54	435	1
54	437	-1
54	438	1
54	439	-1
54	445	1
54	447	-1
54	457	-1
54	458	1
54	459	-1
54	467	1
54	468	1
54	469	1
54	474	1
54	476	1
54	478	-1
54	479	-1
54	480	1
54	486	1
54	489	1
54	491	-1
54	495	1
54	496	1
54	498	-1
54	499	1
55	56	1
55	58	1
55	59	1
55	60	1
55	61	1
55	62	1
55	63	1
55	64	1
55	65	1
55	66	1
55	67	1
55	68	1
55	69	1
55	70	1
55	71	1
55	72	1
55	73	1
55	74	1
55	75	1
55	76	1
55	77	1
55	78	1
55	79	1
55	81	1
55	82	1
55	83	1
55	84	1
55	85	1
55	86	-1
55	88	1
55	89	1
55	90	1
55	91	1
55	92	1
55	93	1
55	94	1
55	95	-1
55	96	1
55	97	1
55	98	1
55	99	1
55	102	1
55	103	-1
55	109	-1
55	126	1
55	127	1
55	133	1
55	134	1
55	136	1
55	140	1
55	143	-1
55	145	-1
55	148	1
55	149	-1
55	156	-1
55	164	1
55	167	1
55	171	-1
55	173	1
55	174	1
55	175	-1
55	176	1
55	178	-1
55	179	1
55	183	1
55	187	1
55	188	-1
55	197	1
55	204	-1
55	205	1
55	207	1
55	215	1
55	218	-1
55	221	-1
55	227	-1
55	228	1
55	229	-1
55	235	1
55	236	1
55	238	-1
55	245	-1
55	254	-1
55	256	1
55	260	-1
55	262	1
55	263	1
55	264	1
55	267	1
55	272	-1
55	278	-1
55	279	1
55	280	-1
55	283	1
55	284	1
55	288	-1
55	293	1
55	294	-1
55	295	1
55	296	1
55	303	-1
55	308	1
55	316	-1
55	320	1
55	322	1
55	323	-1
55	326	-1
55	331	-1
55	333	1
55	337	1
55	343	-1
55	345	1
55	349	1
55	353	1
55	357	-1
55	361	1
55	362	-1
55	365	1
55	371	-1
55	377	1
55	385	1
55	388	-1
55	389	-1
55	390	-1
55	394	-1
55	395	-1
55	396	1
55	399	1
55	401	-1
55	402	-1
55	404	1
55	406	1
55	409	-1
55	411	-1
55	418	1
55	420	-1
55	424	1
55	426	1
55	427	1
55	437	-1
55	442	-1
55	443	-1
55	445	1
55	446	1
55	447	1
55	448	-1
55	451	-1
55	455	1
55	460	1
55	461	-1
55	463	1
55	464	-1
55	465	1
55	466	1
55	467	1
55	468	1
55	472	1
55	475	-1
55	478	-1
55	479	1
55	482	-1
55	484	-1
55	485	1
55	488	1
55	495	1
55	496	-1
55	497	-1
55	498	1
56	57	1
56	58	1
56	59	1
56	60	1
56	61	1
56	62	1
56	63	-1
56	64	1
56	65	1
56	66	1
56	67	1
56	69	1
56	70	1
56	71	1
56	72	1
56	73	1
56	74	1
56	75	1
56	76	1
56	77	1
56	78	1
56	79	1
56	80	1
56	81	1
56	82	1
56	83	1
56	84	1
56	85	1
56	86	1
56	87	1
56	88	1
56	89	1
56	90	1
56	91	1
56	92	1
56	93	1
56	94	1
56	96	1
56	97	1
56	98	1
56	99	1
56	100	-1
56	101	-1
56	104	1
56	107	1
56	108	1
56	110	1
56	115	1
56	116	-1
56	119	1
56	121	1
56	123	1
56	126	-1
56	127	1
56	132	1
56	133	1
56	137	1
56	138	-1
56	143	-1
56	144	1
56	145	-1
56	146	1
56	147	-1
56	150	1
56	151	-1
56	155	1
56	158	-1
56	160	-1
56	164	-1
56	166	1
56	175	-1
56	179	1
56	181	1
56	187	-1
56	188	1
56	191	1
56	192	-1
56	194	-1
56	198	1
56	201	1
56	209	1
56	214	1
56	217	-1
56	219	-1
56	220	1
56	221	1
56	224	1
56	225	-1
56	229	-1
56	238	-1
56	248	1
56	249	-1
56	252	-1
56	254	1
56	255	-1
56	256	1
56	259	-1
56	264	-1
56	267	1
56	270	1
56	271	1
56	272	1
56	276	-1
56	286	1
56	289	-1
56	293	1
56	295	1
56	300	-1
56	304	-1
56	305	-1
56	309	1
56	310	1
56	311	1
56	313	-1
56	319	1
56	322	-1
56	328	1
56	332	-1
56	339	-1
56	342	1
56	346	1
56	349	-1
56	354	-1
56	358	1
56	363	1
56	364	1
56	366	-1
56	368	1
56	370	-1
56	372	1
56	376	1
56	378	-1
56	379	-1
56	380	-1
56	382	1
56	385	-1
56	387	1
56	390	-1
56	394	-1
56	395	1
56	396	1
56	399	1
56	408	1
56	410	1
56	412	1
56	413	1
56	415	1
56	416	-1
56	417	-1
56	418	-1
56	420	-1
56	421	1
56	423	-1
56	425	1
56	431	1
56	435	1
56	437	-1
56	438	-1
56	450	-1
56	453	-1
56	458	-1
56	459	1
56	461	-1
56	464	-1
56	468	1
56	469	-1
56	473	-1
56	474	-1
56	475	1
56	477	1
56	486	-1
56	487	1
56	489	1
56	493	-1
56	494	-1
56	497	1
56	498	-1
57	58	1
57	59	1
57	60	1
57	62	1
57	63	1
57	64	1
57	65	1
57	66	1
57	67	1
57	68	1
57	69	1
57	70	1
57	71	1
57	72	1
57	73	1
57	74	1
57	75	1
57	76	1
57	77	1
57	78	1
57	79	1
57	80	1
57	81	1
57	82	1
57	83	1
57	84	1
57	85	-1
57	86	1
57	87	1
57	88	1
57	89	1
57	90	1
57	91	1
57	92	1
57	93	1
57	94	1
57	96	1
57	97	-1
57	98	1
57	99	1
57	101	1
57	102	-1
57	108	1
57	109	1
57	112	1
57	114	-1
57	115	-1
57	117	-1
57	118	-1
57	120	-1
57	121	-1
57	124	-1
57	127	-1
57	128	1
57	131	1
57	132	-1
57	139	1
57	141	-1
57	146	1
57	148	1
57	150	1
57	156	-1
57	159	1
57	168	1
57	171	-1
57	173	-1
57	182	-1
57	183	1
57	185	1
57	186	1
57	189	-1
57	191	-1
57	196	1
57	204	-1
57	207	-1
57	212	1
57	214	1
57	216	-1
57	217	1
57	220	1
57	221	1
57	225	1
57	226	-1
57	228	1
57	229	1
57	231	-1
57	233	1
57	238	1
57	241	1
57	242	1
57	244	-1
57	245	-1
57	247	1
57	248	-1
57	249	-1
57	250	-1
57	252	-1
57	256	-1
57	260	-1
57	261	1
57	270	-1
57	277	1
57	281	-1
57	285	1
57	286	1
57	287	1
57	289	1
57	292	1
57	294	1
57	297	1
57	302	1
57	305	-1
57	310	1
57	311	-1
57	322	1
57	325	-1
57	331	1
57	333	-1
57	334	-1
57	338	1
57	344	-1
57	346	-1
57	350	1
57	351	1
57	353	1
57	355	-1
57	357	-1
57	365	1
57	367	1
57	368	-1
57	373	-1
57	374	1
57	380	-1
57	381	-1
57	382	1
57	383	1
57	385	-1
57	386	-1
57	387	1
57	388	1
57	392	1
57	393	-1
57	394	-1
57	397	-1
57	399	1
57	400	-1
57	404	1
57	405	1
57	408	-1
57	412	1
57	415	1
57	420	1
57	424	1
57	425	-1
57	433	-1
57	434	-1
57	437	1
57	439	1
57	442	1
57	443	1
57	444	1
57	446	1
57	450	1
57	451	1
57	455	-1
57	458	1
57	459	1
57	460	-1
57	461	1
57	465	1
57	466	1
57	469	-1
57	480	1
57	481	-1
57	482	1
57	483	1
57	484	1
57	486	1
57	487	-1
57	488	1
57	492	1
57	498	-1
58	59	1
58	60	1
58	61	1
58	62	1
58	64	-1
58	65	1
58	66	1
58	67	1
58	68	1
58	69	1
58	70	1
58	71	1
58	72	1
58	73	1
58	74	1
58	75	1
58	77	1
58	78	1
58	79	1
58	80	-1
58	81	1
58	82	-1
58	83	1
58	85	1
58	87	1
58	88	1
58	89	1
58	90	1
58	91	1
58	92	1
58	93	1
58	94	1
58	95	1
58	96	1
58	97	1
58	98	1
58	99	1
58	101	-1
58	103	1
58	105	-1
58	106	1
58	109	-1
58	111	-1
58	113	-1
58	118	1
58	120	-1
58	127	1
58	128	1
58	129	1
58	130	-1
58	131	-1
58	134	1
58	136	-1
58	137	1
58	139	-1
58	147	-1
58	148	-1
58	149	1
58	157	-1
58	160	1
58	162	-1
58	164	1
58	167	1
58	169	-1
58	172	1
58	173	1
58	179	-1
58	183	-1
58	184	1
58	186	1
58	188	1
58	193	1
58	194	-1
58	199	-1
58	201	1
58	202	-1
58	203	-1
58	207	1
58	210	1
58	213	1
58	219	-1
58	221	1
58	222	1
58	223	1
58	224	-1
58	225	-1
58	227	1
58	230	-1
58	239	-1
58	242	-1
58	245	-1
58	246	-1
58	249	1
58	250	1
58	252	1
58	259	-1
58	260	-1
58	265	1
58	267	1
58	268	1
58	270	1
58	271	-1
58	275	-1
58	279	1
58	280	-1
58	283	1
58	284	1
58	287	-1
58	290	1
58	292	-1
58	294	1
58	297	1
58	298	-1
58	301	1
58	302	1
58	308	-1
58	310	1
58	312	1
58	318	1
58	323	-1
58	325	1
58	326	-1
58	327	-1
58	331	-1
58	336	1
58	340	1
58	345	1
58	346	1
58	349	-1
58	351	1
58	357	1
58	358	1
58	360	-1
58	361	-1
58	362	-1
58	364	-1
58	366	-1
58	369	1
58	372	-1
58	373	-1
58	379	-1
58	381	-1
58	382	1
58	387	-1
58	388	-1
58	393	-1
58	394	1
58	396	-1
58	398	-1
58	404	-1
58	405	1
58	406	-1
58	408	-1
58	410	-1
58	412	-1
58	414	-1
58	416	1
58	419	1
58	423	-1
58	425	1
58	426	1
58	429	1
58	432	-1
58	433	1
58	437	-1
58	439	1
58	440	1
58	444	1
58	454	1
58	458	1
58	461	1
58	462	-1
58	464	1
58	466	1
58	472	1
58	474	-1
58	476	-1
58	477	-1
58	479	1
58	482	1
58	483	1
58	485	1
58	487	-1
58	489	-1
58	490	1
58	491	-1
58	493	1
58	498	-1
58	499	-1
59	60	1
59	61	1
59	62	1
59	63	1
59	64	1
59	65	1
59	66	1
59	67	1
59	69	1
59	70	1
59	71	1
59	72	-1
59	73	1
59	74	1
59	75	1
59	76	1
59	77	1
59	78	1
59	80	1
59	81	1
59	82	1
59	83	1
59	84	1
59	85	1
59	86	1
59	87	1
59	88	1
59	90	1
59	91	1
59	92	1
59	93	1
59	94	-1
59	95	1
59	98	1
59	99	1
59	105	-1
59	107	-1
59	108	1
59	110	-1
59	117	-1
59	119	-1
59	134	-1
59	135	1
59	147	1
59	152	1
59	157	-1
59	163	-1
59	165	-1
59	168	1
59	170	-1
59	172	1
59	176	-1
59	180	1
59	183	1
59	184	1
59	186	1
59	187	1
59	192	1
59	194	-1
59	195	1
59	199	1
59	204	-1
59	205	1
59	206	-1
59	207	-1
59	208	1
59	209	-1
59	212	1
59	213	-1
59	217	-1
59	218	1
59	219	1
59	223	1
59	224	1
59	225	-1
59	227	-1
59	231	1
59	232	-1
59	235	-1
59	239	1
59	240	1
59	241	1
59	242	1
59	243	1
59	249	1
59	250	-1
59	252	1
59	254	-1
59	257	1
59	258	1
59	260	1
59	263	1
59	273	1
59	275	-1
59	279	-1
59	280	1
59	282	1
59	286	1
59	287	1
59	291	1
59	292	1
59	303	-1
59	308	1
59	310	-1
59	318	-1
59	321	-1
59	322	1
59	325	1
59	327	-1
59	328	-1
59	333	1
59	334	-1
59	337	-1
59	340	1
59	341	-1
59	344	-1
59	346	-1
59	349	1
59	352	-1
59	353	1
59	354	1
59	357	-1
59	359	1
59	362	1
59	364	-1
59	366	1
59	373	1
59	376	1
59	378	-1
59	379	-1
59	384	1
59	385	1
59	386	-1
59	390	1
59	392	-1
59	395	1
59	396	1
59	398	-1
59	405	1
59	406	-1
59	408	-1
59	410	1
59	415	-1
59	422	-1
59	423	1
59	424	-1
59	426	-1
59	429	1
59	432	-1
59	435	1
59	437	-1
59	439	1
59	440	1
59	443	1
59	444	1
59	451	1
59	452	1
59	454	-1
59	459	-1
59	460	1
59	465	1
59	466	-1
59	467	1
59	468	1
59	472	1
59	476	-1
59	479	-1
59	491	1
59	492	-1
59	493	1
59	494	1
60	61	1
60	62	1
60	63	1
60	64	1
60	65	1
60	66	1
60	67	1
60	68	1
60	69	1
60	70	1
60	71	1
60	72	1
60	73	1
60	74	1
60	75	1
60	76	1
60	77	1
60	78	1
60	79	1
60	81	1
60	82	1
60	83	1
60	84	1
60	85	1
60	86	1
60	87	1
60	88	1
60	89	1
60	90	1
60	91	-1
60	92	1
60	93	1
60	94	1
60	95	1
60	96	1
60	97	1
60	98	1
60	99	1
60	104	-1
60	107	-1
60	110	1
60	111	-1
60	113	1
60	117	-1
60	119	1
60	125	-1
60	126	-1
60	127	-1
60	130	1
60	131	-1
60	133	1
60	137	1
60	139	1
60	141	-1
60	144	-1
60	152	1
60	154	-1
60	158	-1
60	159	-1
60	163	1
60	165	-1
60	166	-1
60	168	-1
60	170	1
60	172	1
60	174	-1
60	176	-1
60	177	-1
60	182	1
60	187	-1
60	188	1
60	191	-1
60	192	-1
60	195	1
60	200	-1
60	202	1
60	207	-1
60	210	-1
60	211	-1
60	215	-1
60	217	-1
60	218	1
60	225	1
60	228	1
60	238	-1
60	239	1
60	241	1
60	242	1
60	245	-1
60	247	-1
60	256	1
60	257	-1
60	258	-1
60	262	-1
60	265	-1
60	267	1
60	271	1
60	282	-1
60	290	-1
60	291	-1
60	295	-1
60	300	-1
60	308	-1
60	310	-1
60	311	1
60	320	-1
60	322	-1
60	323	1
60	325	1
60	333	-1
60	340	-1
60	341	1
60	343	-1
60	344	1
60	346	1
60	349	1
60	355	1
60	358	1
60	361	-1
60	363	-1
60	368	1
60	372	1
60	373	-1
60	374	-1
60	375	-1
60	378	1
60	380	-1
60	394	-1
60	395	1
60	400	-1
60	403	1
60	404	1
60	410	-1
60	415	-1
60	418	1
60	420	-1
60	425	-1
60	426	1
60	427	1
60	437	-1
60	438	-1
60	440	-1
60	444	-1
60	445	-1
60	452	1
60	454	-1
60	460	-1
60	461	1
60	462	-1
60	463	-1
60	467	1
60	469	-1
60	472	1
60	480	1
60	481	-1
60	482	1
60	483	1
60	485	1
60	486	1
60	488	-1
60	496	-1
60	497	-1
60	499	-1
61	62	-1
61	63	1
61	64	1
61	65	1
61	66	1
61	67	1
61	68	1
61	69	1
61	70	1
61	71	1
61	72	1
61	73	1
61	74	1
61	75	1
61	76	1
61	77	1
61	78	1
61	79	1
61	80	1
61	81	1
61	82	1
61	83	1
61	84	1
61	85	1
61	86	1
61	88	1
61	89	1
61	90	1
61	91	1
61	92	1
61	93	1
61	94	1
61	95	1
61	96	1
61	97	1
61	98	1
61	100	1
61	103	1
61	106	-1
61	108	1
61	111	1
61	115	-1
61	116	1
61	122	-1
61	125	-1
61	126	-1
61	127	-1
61	132	-1
61	138	-1
61	139	1
61	140	1
61	142	-1
61	144	-1
61	146	1
61	150	1
61	154	1
61	155	-1
61	156	1
61	158	-1
61	160	1
61	164	-1
61	171	-1
61	175	1
61	177	-1
61	179	-1
61	180	-1
61	183	-1
61	190	1
61	191	-1
61	195	1
61	197	-1
61	207	-1
61	208	1
61	215	-1
61	218	1
61	223	-1
61	224	1
61	226	-1
61	227	-1
61	228	1
61	231	-1
61	233	-1
61	234	-1
61	238	1
61	245	1
61	257	-1
61	258	1
61	259	-1
61	262	-1
61	267	-1
61	268	1
61	271	-1
61	272	1
61	275	-1
61	276	-1
61	285	1
61	288	1
61	294	-1
61	295	-1
61	297	1
61	299	1
61	303	1
61	304	1
61	306	1
61	307	-1
61	313	-1
61	315	-1
61	318	-1
61	320	-1
61	322	1
61	328	-1
61	329	1
61	330	-1
61	339	1
61	345	-1
61	347	-1
61	355	1
61	360	1
61	361	1
61	364	-1
61	365	1
61	366	1
61	372	-1
61	378	1
61	379	-1
61	380	-1
61	383	-1
61	384	1
61	385	-1
61	387	1
61	388	1
61	389	1
61	390	-1
61	392	-1
61	395	-1
61	396	1
61	398	1
61	402	1
61	403	-1
61	404	-1
61	406	1
61	408	1
61	409	1
61	413	-1
61	414	-1
61	416	1
61	424	1
61	425	-1
61	427	1
61	431	-1
61	433	-1
61	436	-1
61	437	1
61	444	-1
61	448	-1
61	449	1
61	452	1
61	453	-1
61	455	1
61	456	-1
61	457	1
61	458	1
61	462	1
61	465	-1
61	467	-1
61	473	-1
61	475	-1
61	476	1
61	479	-1
61	482	-1
61	485	1
61	494	-1
61	497	-1
61	499	-1
62	63	1
62	64	1
62	65	1
62	66	1
62	67	1
62	68	1
62	69	1
62	70	1
62	71	1
62	72	1
62	73	1
62	74	1
62	75	1
62	76	1
62	77	1
62	78	1
62	79	1
62	80	1
62	81	1
62	82	1
62	83	1
62	84	1
62	85	1
62	86	1
62	87	-1
62	88	1
62	89	1
62	90	1
62	91	1
62	92	1
62	93	1
62	94	1
62	95	1
62	96	1
62	97	1
62	98	1
62	99	1
62	108	-1
62	115	-1
62	119	1
62	120	-1
62	121	-1
62	122	-1
62	128	1
62	130	-1
62	132	-1
62	133	1
62	137	-1
62	140	-1
62	143	-1
62	146	1
62	147	1
62	150	-1
62	151	-1
62	152	-1
62	154	1
62	156	1
62	158	1
62	162	1
62	165	-1
62	179	1
62	185	-1
62	188	-1
62	191	1
62	195	-1
62	196	-1
62	209	-1
62	218	1
62	219	1
62	222	1
62	227	1
62	228	-1
62	229	-1
62	230	-1
62	231	1
62	238	-1
62	240	-1
62	241	1
62	242	1
62	244	-1
62	247	1
62	248	-1
62	255	1
62	256	-1
62	257	1
62	259	-1
62	262	-1
62	264	1
62	266	-1
62	269	-1
62	270	1
62	271	-1
62	277	-1
62	278	1
62	288	1
62	293	-1
62	299	1
62	301	-1
62	303	1
62	305	-1
62	307	-1
62	308	1
62	311	-1
62	312	-1
62	313	-1
62	314	1
62	315	-1
62	317	1
62	320	1
62	321	-1
62	322	1
62	324	1
62	327	-1
62	330	1
62	335	-1
62	353	-1
62	354	1
62	357	-1
62	360	-1
62	364	1
62	368	1
62	369	-1
62	370	1
62	373	-1
62	382	-1
62	383	-1
62	391	1
62	398	1
62	399	1
62	402	-1
62	405	-1
62	406	-1
62	409	1
62	410	1
62	412	-1
62	414	-1
62	416	-1
62	428	-1
62	437	1
62	439	-1
62	440	1
62	443	-1
62	448	-1
62	449	1
62	450	-1
62	451	1
62	453	1
62	454	-1
62	456	-1
62	460	1
62	464	1
62	465	-1
62	466	1
62	472	1
62	474	1
62	477	-1
62	478	-1
62	479	1
62	480	1
62	486	-1
62	488	-1
62	490	-1
62	494	-1
62	498	1
63	64	1
63	65	1
63	66	1
63	67	1
63	68	1
63	69	1
63	70	1
63	71	1
63	72	1
63	73	1
63	74	1
63	75	1
63	76	-1
63	77	1
63	78	-1
63	79	1
63	80	1
63	81	1
63	82	1
63	83	1
63	84	1
63	85	1
63	86	-1
63	87	1
63	88	1
63	89	1
63	90	1
63	91	1
63	92	1
63	93	1
63	94	1
63	95	1
63	96	1
63	97	1
63	98	1
63	99	1
63	105	-1
63	110	-1
63	112	-1
63	114	-1
63	115	1
63	116	1
63	117	-1
63	121	1
63	123	1
63	124	1
63	133	-1
63	134	1
63	139	-1
63	141	-1
63	142	-1
63	147	-1
63	149	-1
63	150	-1
63	151	1
63	154	1
63	158	-1
63	159	1
63	160	1
63	169	-1
63	170	1
63	173	1
63	174	-1
63	176	-1
63	177	-1
63	178	1
63	188	1
63	193	1
63	194	1
63	196	1
63	204	-1
63	205	1
63	209	1
63	210	-1
63	219	-1
63	222	-1
63	227	-1
63	229	-1
63	230	-1
63	233	-1
63	235	1
63	239	-1
63	240	-1
63	246	1
63	247	-1
63	250	-1
63	252	1
63	260	1
63	261	-1
63	263	1
63	266	-1
63	270	1
63	275	1
63	276	1
63	277	1
63	279	-1
63	281	-1
63	282	-1
63	286	-1
63	287	1
63	288	-1
63	289	-1
63	291	1
63	300	1
63	310	1
63	311	-1
63	312	-1
63	315	1
63	317	-1
63	324	-1
63	326	-1
63	329	1
63	331	-1
63	334	1
63	336	-1
63	338	-1
63	339	1
63	343	-1
63	348	1
63	349	-1
63	351	1
63	354	1
63	362	-1
63	367	1
63	370	1
63	372	-1
63	375	-1
63	377	-1
63	378	-1
63	384	1
63	388	-1
63	390	-1
63	391	1
63	392	-1
63	394	1
63	403	-1
63	406	-1
63	407	-1
63	416	1
63	423	-1
63	424	-1
63	425	1
63	427	-1
63	428	-1
63	434	1
63	441	1
63	446	1
63	450	-1
63	453	-1
63	454	1
63	457	1
63	460	-1
63	462	1
63	463	-1
63	468	1
63	469	1
63	470	-1
63	471	1
63	479	-1
63	481	-1
63	489	1
63	493	-1
63	496	-1
63	498	-1
63	499	-1
64	65	1
64	66	1
64	67	1
64	68	1
64	69	1
64	70	1
64	71	1
64	72	1
64	73	1
64	74	-1
64	75	1
64	76	1
64	77	1
64	78	1
64	79	1
64	80	1
64	81	1
64	82	1
64	83	1
64	84	1
64	85	1
64	86	1
64	87	1
64	88	1
64	89	1
64	90	1
64	91	-1
64	92	1
64	93	1
64	94	1
64	95	1
64	96	1
64	97	1
64	98	1
64	99	1
64	102	-1
64	116	1
64	122	-1
64	125	-1
64	127	-1
64	130	-1
64	133	-1
64	136	-1
64	138	-1
64	142	-1
64	144	1
64	146	-1
64	147	-1
64	150	1
64	156	1
64	161	-1
64	162	-1
64	164	1
64	171	-1
64	174	-1
64	177	-1
64	178	1
64	179	-1
64	180	-1
64	183	-1
64	185	1
64	189	1
64	190	-1
64	191	1
64	194	-1
64	196	-1
64	200	-1
64	205	-1
64	206	-1
64	209	1
64	212	1
64	213	1
64	214	1
64	218	1
64	225	-1
64	226	-1
64	227	1
64	228	1
64	231	-1
64	233	1
64	234	1
64	236	1
64	240	-1
64	244	1
64	248	-1
64	250	-1
64	251	-1
64	253	-1
64	256	-1
64	257	1
64	261	1
64	263	1
64	265	-1
64	268	-1
64	270	-1
64	275	1
64	278	1
64	282	-1
64	288	-1
64	290	-1
64	293	-1
64	294	1
64	296	-1
64	298	-1
64	299	1
64	309	1
64	310	-1
64	312	1
64	314	-1
64	316	1
64	318	-1
64	320	1
64	321	-1
64	323	-1
64	324	-1
64	325	-1
64	326	1
64	327	-1
64	330	-1
64	333	-1
64	335	1
64	336	1
64	337	1
64	339	-1
64	342	1
64	346	1
64	348	-1
64	350	1
64	353	1
64	354	-1
64	355	-1
64	358	1
64	371	-1
64	376	1
64	378	-1
64	379	-1
64	382	-1
64	383	1
64	385	1
64	389	-1
64	391	1
64	397	-1
64	403	1
64	404	-1
64	405	-1
64	413	-1
64	414	-1
64	415	1
64	417	1
64	418	1
64	420	1
64	424	-1
64	426	-1
64	431	-1
64	433	-1
64	436	1
64	441	1
64	444	-1
64	449	-1
64	451	-1
64	454	1
64	456	-1
64	458	1
64	461	-1
64	463	-1
64	469	-1
64	470	1
64	473	-1
64	475	-1
64	477	1
64	484	1
64	486	1
64	487	-1
64	488	1
64	489	-1
64	493	-1
64	499	1
65	66	1
65	67	1
65	68	1
65	69	1
65	70	1
65	71	1
65	72	1
65	73	1
65	74	1
65	75	1
65	76	1
65	77	1
65	78	1
65	79	1
65	80	1
65	81	-1
65	82	1
65	83	1
65	84	1
65	85	1
65	86	1
65	87	1
65	88	1
65	89	1
65	90	1
65	91	1
65	92	1
65	93	1
65	94	1
65	95	1
65	96	1
65	97	1
65	98	1
65	99	1
65	100	1
65	104	-1
65	107	-1
65	110	-1
65	112	1
65	114	-1
65	116	-1
65	119	1
65	121	-1
65	123	1
65	124	1
65	125	1
65	129	1
65	130	1
65	132	-1
65	138	-1
65	139	1
65	141	-1
65	147	-1
65	148	1
65	149	-1
65	150	-1
65	153	-1
65	155	-1
65	158	1
65	162	1
65	164	1
65	172	-1
65	174	1
65	177	1
65	178	-1
65	179	-1
65	180	1
65	181	-1
65	184	-1
65	185	-1
65	192	-1
65	193	1
65	195	-1
65	197	1
65	198	-1
65	203	1
65	206	1
65	209	-1
65	214	-1
65	215	1
65	221	-1
65	222	-1
65	233	1
65	245	1
65	246	1
65	247	1
65	250	-1
65	255	1
65	263	1
65	265	1
65	266	-1
65	268	1
65	270	-1
65	274	1
65	277	1
65	278	-1
65	283	1
65	284	1
65	286	-1
65	287	1
65	289	-1
65	291	1
65	293	-1
65	295	1
65	300	-1
65	302	1
65	304	-1
65	306	-1
65	309	-1
65	310	-1
65	311	-1
65	319	1
65	321	1
65	323	-1
65	325	1
65	331	-1
65	338	1
65	339	-1
65	341	1
65	345	-1
65	346	-1
65	348	-1
65	351	1
65	352	1
65	353	-1
65	354	1
65	360	1
65	361	-1
65	364	-1
65	365	1
65	369	-1
65	371	-1
65	372	1
65	376	-1
65	382	-1
65	383	-1
65	386	-1
65	388	-1
65	392	-1
65	397	-1
65	399	1
65	403	1
65	406	1
65	407	-1
65	413	-1
65	416	-1
65	417	1
65	420	-1
65	423	-1
65	425	-1
65	429	1
65	430	-1
65	432	1
65	433	-1
65	435	1
65	438	1
65	439	1
65	442	-1
65	444	-1
65	449	-1
65	451	-1
65	452	-1
65	453	-1
65	454	1
65	457	1
65	474	-1
65	476	-1
65	478	1
65	479	-1
65	482	1
65	484	1
65	485	-1
65	488	-1
65	489	-1
65	495	-1
65	496	1
65	497	-1
66	67	1
66	68	1
66	69	1
66	70	1
66	72	1
66	73	-1
66	74	1
66	75	1
66	76	1
66	77	1
66	78	1
66	79	1
66	80	1
66	81	1
66	82	1
66	83	1
66	84	1
66	85	1
66	86	1
66	87	1
66	88	1
66	89	1
66	90	1
66	91	1
66	92	-1
66	93	1
66	94	1
66	95	1
66	96	1
66	97	1
66	98	1
66	99	1
66	101	1
66	104	-1
66	107	1
66	108	-1
66	110	-1
66	111	-1
66	113	-1
66	115	-1
66	123	1
66	124	-1
66	125	-1
66	128	-1
66	129	1
66	131	-1
66	134	-1
66	135	-1
66	143	-1
66	147	-1
66	150	1
66	151	-1
66	158	1
66	160	-1
66	168	-1
66	169	-1
66	175	-1
66	176	1
66	177	1
66	179	1
66	182	1
66	183	-1
66	184	1
66	185	1
66	188	1
66	190	-1
66	193	1
66	194	-1
66	195	-1
66	198	-1
66	200	1
66	203	-1
66	207	1
66	215	-1
66	223	1
66	228	1
66	232	1
66	239	1
66	240	1
66	241	1
66	252	1
66	253	-1
66	260	1
66	263	1
66	265	1
66	267	-1
66	268	1
66	271	-1
66	273	1
66	274	-1
66	275	-1
66	276	-1
66	278	1
66	279	-1
66	281	-1
66	283	-1
66	284	-1
66	289	1
66	290	-1
66	292	1
66	296	1
66	298	-1
66	302	-1
66	304	-1
66	305	1
66	306	1
66	313	1
66	314	-1
66	320	1
66	321	-1
66	327	-1
66	329	1
66	341	1
66	355	1
66	359	-1
66	360	-1
66	362	-1
66	376	-1
66	380	1
66	382	1
66	384	1
66	386	-1
66	389	-1
66	393	1
66	394	1
66	395	1
66	404	1
66	406	-1
66	407	1
66	411	1
66	415	-1
66	424	1
66	425	1
66	427	-1
66	428	-1
66	433	-1
66	434	1
66	437	1
66	438	1
66	440	1
66	442	-1
66	445	-1
66	448	-1
66	456	1
66	458	1
66	459	1
66	462	1
66	465	-1
66	466	1
66	467	1
66	468	1
66	471	-1
66	472	1
66	477	1
66	478	-1
66	479	-1
66	483	1
66	491	-1
66	493	-1
66	495	-1
67	68	1
67	69	1
67	70	1
67	71	1
67	72	-1
67	73	1
67	74	1
67	75	-1
67	76	1
67	77	1
67	78	1
67	79	1
67	80	1
67	81	1
67	83	1
67	84	1
67	85	1
67	86	1
67	87	1
67	88	1
67	89	1
67	90	1
67	91	1
67	92	1
67	93	1
67	94	1
67	95	1
67	96	1
67	97	1
67	98	1
67	99	1
67	100	-1
67	106	-1
67	109	-1
67	113	1
67	114	-1
67	120	1
67	121	-1
67	123	-1
67	124	1
67	126	1
67	127	-1
67	131	1
67	134	-1
67	135	-1
67	147	-1
67	149	-1
67	153	-1
67	157	1
67	161	-1
67	163	1
67	165	1
67	166	-1
67	167	-1
67	168	1
67	171	1
67	172	1
67	174	1
67	176	-1
67	181	1
67	182	1
67	186	1
67	189	1
67	196	-1
67	197	-1
67	201	-1
67	205	-1
67	210	-1
67	215	-1
67	218	1
67	219	-1
67	221	-1
67	223	-1
67	224	-1
67	227	-1
67	230	1
67	238	1
67	243	-1
67	244	-1
67	253	-1
67	259	1
67	262	1
67	270	1
67	273	1
67	281	1
67	282	-1
67	283	-1
67	285	1
67	286	-1
67	289	1
67	290	-1
67	298	-1
67	299	-1
67	307	1
67	309	-1
67	311	-1
67	313	1
67	318	1
67	319	1
67	322	1
67	325	-1
67	331	1
67	334	-1
67	336	1
67	341	-1
67	342	-1
67	344	1
67	345	1
67	348	-1
67	351	-1
67	352	-1
67	366	1
67	370	1
67	371	1
67	372	1
67	373	-1
67	378	1
67	380	-1
67	383	-1
67	384	-1
67	389	-1
67	390	1
67	394	-1
67	395	1
67	408	1
67	409	-1
67	413	1
67	416	-1
67	420	1
67	422	-1
67	423	1
67	424	1
67	427	1
67	433	-1
67	435	-1
67	440	1
67	447	1
67	450	1
67	451	1
67	453	1
67	456	-1
67	458	-1
67	459	1
67	461	1
67	462	-1
67	466	-1
67	468	1
67	469	-1
67	471	1
67	474	1
67	476	1
67	477	1
67	480	1
67	481	1
67	482	-1
67	485	1
67	488	-1
67	491	1
67	494	1
67	495	-1
67	498	-1
68	69	1
68	70	1
68	71	1
68	72	1
68	73	1
68	74	1
68	75	1
68	76	1
68	77	1
68	78	1
68	79	1
68	80	1
68	81	1
68	82	1
68	83	1
68	84	1
68	85	1
68	86	1
68	87	1
68	88	1
68	89	1
68	90	1
68	91	1
68	92	1
68	93	1
68	94	1
68	95	1
68	96	1
68	97	1
68	98	1
68	99	1
68	102	-1
68	108	1
68	114	1
68	117	-1
68	120	1
68	124	1
68	125	1
68	126	-1
68	128	-1
68	130	1
68	131	-1
68	134	1
68	135	1
68	138	1
68	139	1
68	140	1
68	142	1
68	143	1
68	145	1
68	148	1
68	149	1
68	151	1
68	152	-1
68	156	-1
68	159	-1
68	160	-1
68	161	1
68	162	1
68	165	1
68	169	1
68	170	-1
68	175	-1
68	177	1
68	178	1
68	181	-1
68	182	1
68	187	1
68	193	1
68	198	-1
68	201	1
68	204	-1
68	206	1
68	208	1
68	211	1
68	212	1
68	215	1
68	216	-1
68	220	1
68	221	1
68	230	-1
68	233	1
68	235	1
68	237	-1
68	241	-1
68	243	-1
68	245	1
68	252	-1
68	253	-1
68	254	1
68	256	1
68	261	-1
68	263	1
68	265	1
68	270	1
68	274	1
68	282	1
68	285	1
68	286	1
68	290	1
68	292	1
68	293	-1
68	302	1
68	303	1
68	310	-1
68	313	1
68	321	-1
68	324	1
68	325	-1
68	326	1
68	327	-1
68	329	1
68	332	-1
68	340	-1
68	345	-1
68	349	1
68	351	-1
68	353	-1
68	355	-1
68	357	-1
68	361	1
68	363	-1
68	366	-1
68	370	1
68	380	-1
68	383	1
68	387	1
68	393	1
68	396	-1
68	397	1
68	398	1
68	400	-1
68	401	1
68	403	-1
68	404	-1
68	410	-1
68	411	1
68	413	-1
68	415	1
68	416	-1
68	427	-1
68	430	1
68	431	-1
68	436	-1
68	437	-1
68	440	1
68	441	-1
68	445	1
68	449	1
68	454	1
68	464	1
68	467	1
68	468	1
68	471	-1
68	476	-1
68	477	1
68	481	1
68	485	1
68	487	1
68	488	1
68	489	1
68	492	-1
68	494	-1
68	495	-1
68	497	1
68	499	-1
69	70	1
69	71	1
69	72	-1
69	73	1
69	75	1
69	76	1
69	77	1
69	78	1
69	79	1
69	80	1
69	81	1
69	82	1
69	83	1
69	84	1
69	85	1
69	86	1
69	87	1
69	88	1
69	90	1
69	91	1
69	92	1
69	93	1
69	94	1
69	95	1
69	96	1
69	97	1
69	98	1
69	99	1
69	102	1
69	105	1
69	106	1
69	107	1
69	110	-1
69	111	-1
69	112	-1
69	115	1
69	118	1
69	119	-1
69	120	-1
69	123	1
69	126	1
69	128	1
69	135	-1
69	136	-1
69	137	1
69	143	1
69	145	1
69	146	1
69	151	-1
69	155	1
69	158	-1
69	162	1
69	168	-1
69	169	-1
69	171	1
69	173	1
69	174	1
69	177	-1
69	179	1
69	180	1
69	183	-1
69	185	1
69	191	-1
69	192	-1
69	193	1
69	195	1
69	196	-1
69	197	1
69	198	-1
69	199	-1
69	202	1
69	203	1
69	221	1
69	224	-1
69	225	1
69	227	-1
69	229	1
69	230	1
69	231	1
69	232	1
69	237	1
69	239	1
69	242	1
69	248	1
69	250	1
69	251	1
69	252	1
69	253	1
69	255	1
69	262	-1
69	265	-1
69	267	1
69	270	1
69	271	1
69	272	-1
69	277	-1
69	278	1
69	279	-1
69	280	1
69	290	1
69	291	-1
69	292	-1
69	293	-1
69	298	1
69	300	1
69	304	1
69	305	1
69	307	1
69	308	1
69	310	1
69	311	-1
69	312	-1
69	314	-1
69	317	1
69	319	1
69	321	1
69	322	-1
69	326	1
69	327	-1
69	329	1
69	331	1
69	332	1
69	333	1
69	335	-1
69	336	1
69	339	-1
69	342	-1
69	343	1
69	353	1
69	354	1
69	355	-1
69	359	1
69	368	-1
69	373	1
69	374	1
69	375	-1
69	376	1
69	381	1
69	382	1
69	392	-1
69	397	-1
69	398	-1
69	399	1
69	401	-1
69	403	1
69	404	1
69	407	1
69	409	-1
69	410	1
69	411	1
69	412	-1
69	418	1
69	420	-1
69	422	-1
69	427	1
69	429	-1
69	431	-1
69	438	-1
69	439	-1
69	444	-1
69	447	-1
69	451	-1
69	454	-1
69	456	1
69	457	-1
69	462	-1
69	467	-1
69	472	-1
69	475	-1
69	477	1
69	478	-1
69	480	1
69	483	1
69	485	1
69	486	-1
69	490	1
69	491	-1
69	494	1
69	496	-1
69	498	-1
69	499	-1
70	71	1
70	72	1
70	73	1
70	74	1
70	75	1
70	76	1
70	77	1
70	79	1
70	80	1
70	81	1
70	82	1
70	83	1
70	85	1
70	86	1
70	87	-1
70	88	1
70	89	1
70	90	1
70	91	1
70	92	1
70	93	1
70	94	1
70	95	1
70	96	1
70	97	1
70	98	1
70	99	1
70	104	1
70	105	1
70	111	-1
70	120	1
70	124	-1
70	127	-1
70	134	-1
70	135	1
70	136	1
70	137	1
70	141	1
70	142	1
70	145	-1
70	148	1
70	150	-1
70	151	1
70	159	-1
70	161	1
70	163	1
70	166	-1
70	167	-1
70	168	1
70	169	1
70	172	-1
70	174	1
70	178	-1
70	179	-1
70	180	1
70	186	1
70	187	-1
70	188	1
70	193	1
70	194	-1
70	197	1
70	199	-1
70	202	-1
70	204	-1
70	205	-1
70	206	1
70	207	-1
70	208	1
70	209	-1
70	210	-1
70	211	1
70	216	-1
70	224	1
70	226	-1
70	227	-1
70	228	1
70	238	-1
70	241	-1
70	242	-1
70	243	-1
70	244	1
70	245	1
70	247	1
70	248	1
70	250	1
70	253	-1
70	257	-1
70	260	-1
70	265	-1
70	267	1
70	269	-1
70	274	1
70	275	-1
70	277	1
70	281	-1
70	283	-1
70	284	-1
70	285	-1
70	289	-1
70	297	1
70	300	-1
70	302	1
70	303	-1
70	305	1
70	308	-1
70	322	-1
70	323	-1
70	324	-1
70	325	1
70	326	-1
70	333	1
70	336	-1
70	339	1
70	340	1
70	341	1
70	347	1
70	349	1
70	350	1
70	357	1
70	359	1
70	361	1
70	362	-1
70	366	-1
70	374	1
70	381	-1
70	384	-1
70	386	1
70	388	-1
70	398	1
70	403	1
70	404	1
70	405	1
70	408	-1
70	409	1
70	416	-1
70	417	-1
70	426	-1
70	430	-1
70	431	-1
70	432	1
70	439	1
70	441	-1
70	446	1
70	449	-1
70	453	1
70	456	-1
70	457	1
70	458	-1
70	461	1
70	464	-1
70	468	1
70	470	1
70	472	1
70	474	1
70	475	1
70	478	-1
70	479	-1
70	480	-1
70	483	-1
70	485	1
70	486	-1
70	487	-1
70	492	-1
70	493	-1
70	494	1
70	499	1
71	72	1
71	73	1
71	74	1
71	75	1
71	76	1
71	77	1
71	78	1
71	79	1
71	80	1
71	81	-1
71	82	1
71	83	1
71	84	1
71	86	1
71	87	1
71	89	1
71	91	1
71	92	1
71	93	1
71	94	1
71	95	1
71	96	1
71	97	1
71	98	1
71	99	1
71	101	-1
71	102	-1
71	112	-1
71	116	-1
71	122	-1
71	125	1
71	128	-1
71	129	1
71	133	-1
71	135	-1
71	137	-1
71	138	-1
71	139	1
71	140	-1
71	142	1
71	143	-1
71	146	-1
71	149	1
71	155	1
71	159	1
71	160	-1
71	162	1
71	166	1
71	168	1
71	170	-1
71	172	-1
71	174	-1
71	178	-1
71	179	-1
71	180	-1
71	185	1
71	190	1
71	194	-1
71	195	1
71	196	1
71	198	-1
71	199	1
71	204	1
71	205	1
71	206	-1
71	210	-1
71	215	1
71	220	1
71	221	-1
71	222	1
71	224	1
71	226	-1
71	228	1
71	232	1
71	233	1
71	235	-1
71	236	-1
71	240	1
71	243	1
71	244	1
71	246	1
71	247	-1
71	248	1
71	253	-1
71	254	1
71	257	1
71	258	-1
71	259	-1
71	263	-1
71	264	-1
71	266	1
71	268	-1
71	270	1
71	286	1
71	289	-1
71	290	-1
71	292	-1
71	293	-1
71	297	1
71	300	1
71	310	1
71	313	1
71	314	-1
71	324	1
71	327	-1
71	328	-1
71	332	-1
71	333	-1
71	334	-1
71	341	1
71	345	-1
71	349	1
71	350	1
71	352	-1
71	353	-1
71	355	1
71	358	-1
71	362	-1
71	363	1
71	369	1
71	371	-1
71	375	1
71	377	-1
71	385	1
71	386	-1
71	387	1
71	389	-1
71	390	-1
71	394	1
71	398	-1
71	400	-1
71	401	-1
71	404	-1
71	408	1
71	411	1
71	416	-1
71	419	1
71	422	1
71	432	1
71	433	1
71	443	1
71	444	-1
71	451	-1
71	452	1
71	458	1
71	459	1
71	461	-1
71	464	-1
71	465	-1
71	466	-1
71	467	-1
71	469	1
71	470	1
71	473	1
71	479	1
71	482	-1
71	487	1
71	488	1
71	492	1
71	497	-1
72	73	1
72	74	1
72	75	1
72	76	1
72	77	1
72	78	1
72	79	1
72	80	1
72	81	1
72	82	1
72	83	1
72	84	1
72	85	1
72	86	1
72	87	1
72	88	1
72	89	1
72	90	1
72	91	1
72	92	1
72	93	1
72	94	1
72	95	1
72	96	1
72	97	1
72	98	1
72	99	1
72	106	1
72	108	1
72	110	1
72	112	-1
72	115	1
72	119	1
72	121	1
72	123	-1
72	124	-1
72	131	-1
72	132	-1
72	134	-1
72	142	1
72	145	1
72	148	-1
72	156	1
72	158	-1
72	159	-1
72	163	-1
72	164	1
72	165	-1
72	179	-1
72	183	1
72	189	-1
72	190	-1
72	194	-1
72	196	1
72	197	1
72	198	1
72	201	1
72	202	-1
72	207	1
72	209	1
72	210	1
72	211	1
72	215	1
72	220	1
72	224	1
72	227	1
72	232	-1
72	235	1
72	236	-1
72	239	1
72	245	-1
72	246	1
72	247	-1
72	248	1
72	250	-1
72	252	-1
72	256	-1
72	258	1
72	259	-1
72	262	1
72	264	-1
72	274	-1
72	275	-1
72	283	1
72	284	-1
72	285	-1
72	287	-1
72	289	1
72	290	-1
72	292	1
72	297	-1
72	301	-1
72	307	1
72	308	1
72	312	-1
72	313	1
72	314	-1
72	321	1
72	324	1
72	325	-1
72	329	-1
72	331	-1
72	334	1
72	340	-1
72	348	1
72	351	-1
72	355	-1
72	356	1
72	359	-1
72	361	1
72	364	-1
72	366	1
72	369	-1
72	370	1
72	371	1
72	373	-1
72	374	-1
72	379	-1
72	384	-1
72	389	1
72	395	1
72	397	1
72	402	-1
72	406	-1
72	407	1
72	410	1
72	417	-1
72	422	1
72	423	1
72	425	-1
72	426	1
72	427	-1
72	429	-1
72	430	1
72	432	1
72	434	-1
72	435	1
72	437	1
72	439	-1
72	444	-1
72	446	1
72	448	-1
72	452	1
72	453	-1
72	454	1
72	455	1
72	460	-1
72	461	1
72	465	-1
72	466	1
72	469	-1
72	472	-1
72	476	1
72	487	1
72	488	1
72	489	1
72	492	-1
72	493	-1
72	494	1
72	497	1
72	499	-1
73	75	1
73	76	1
73	77	1
73	78	1
73	79	1
73	80	1
73	81	1
73	82	1
73	83	1
73	84	-1
73	85	1
73	86	1
73	87	1
73	88	1
73	89	1
73	90	1
73	91	1
73	92	1
73	93	1
73	95	1
73	96	1
73	97	1
73	98	1
73	99	1
73	100	1
73	103	1
73	109	-1
73	111	-1
73	113	-1
73	116	1
73	119	1
73	121	1
73	123	1
73	125	1
73	129	1
73	130	1
73	132	-1
73	133	1
73	139	1
73	143	-1
73	147	-1
73	148	1
73	150	-1
73	155	-1
73	156	-1
73	158	1
73	161	-1
73	162	1
73	164	1
73	168	1
73	169	1
73	174	-1
73	177	-1
73	178	1
73	180	1
73	182	1
73	185	1
73	188	1
73	193	-1
73	196	1
73	198	-1
73	200	1
73	203	-1
73	205	1
73	206	-1
73	207	1
73	210	-1
73	217	-1
73	219	-1
73	221	-1
73	224	1
73	238	1
73	241	-1
73	243	1
73	244	-1
73	248	-1
73	253	1
73	254	-1
73	255	-1
73	257	1
73	260	-1
73	261	1
73	262	1
73	266	-1
73	267	-1
73	269	-1
73	275	-1
73	277	-1
73	278	-1
73	281	-1
73	286	-1
73	297	1
73	298	-1
73	306	-1
73	308	1
73	311	1
73	313	1
73	316	1
73	319	1
73	322	1
73	325	1
73	326	1
73	338	1
73	339	-1
73	342	-1
73	346	-1
73	347	1
73	353	1
73	357	1
73	360	-1
73	364	-1
73	365	1
73	366	1
73	372	-1
73	379	1
73	387	1
73	388	1
73	392	1
73	393	1
73	394	-1
73	398	1
73	399	1
73	400	-1
73	402	1
73	404	1
73	406	-1
73	408	-1
73	412	1
73	414	1
73	415	-1
73	416	-1
73	417	-1
73	418	1
73	422	-1
73	428	-1
73	431	1
73	436	-1
73	438	1
73	442	-1
73	445	1
73	446	-1
73	452	1
73	457	-1
73	458	-1
73	459	1
73	462	-1
73	463	1
73	466	-1
73	467	-1
73	469	-1
73	471	-1
73	473	1
73	476	1
73	480	1
73	486	1
73	488	-1
73	489	1
73	490	1
73	491	-1
73	493	-1
73	494	-1
73	495	1
74	75	1
74	76	1
74	78	1
74	79	1
74	80	1
74	81	1
74	82	1
74	83	1
74	84	1
74	85	1
74	86	-1
74	87	1
74	88	1
74	89	1
74	90	1
74	91	1
74	93	1
74	94	1
74	95	1
74	96	1
74	97	1
74	98	1
74	99	1
74	101	-1
74	103	-1
74	109	-1
74	110	-1
74	111	1
74	114	-1
74	116	-1
74	120	1
74	122	-1
74	123	1
74	127	1
74	128	1
74	134	1
74	135	-1
74	136	1
74	145	1
74	147	-1
74	149	1
74	152	1
74	156	1
74	159	1
74	161	1
74	162	-1
74	165	-1
74	166	1
74	171	-1
74	172	1
74	173	1
74	175	-1
74	176	1
74	179	1
74	180	-1
74	185	1
74	186	-1
74	188	-1
74	189	1
74	194	1
74	199	1
74	211	1
74	212	1
74	215	1
74	222	-1
74	224	1
74	225	-1
74	229	1
74	230	-1
74	239	1
74	240	-1
74	241	-1
74	245	-1
74	248	1
74	249	-1
74	250	1
74	253	1
74	256	-1
74	260	-1
74	261	-1
74	262	1
74	265	-1
74	268	1
74	271	-1
74	274	1
74	282	1
74	283	-1
74	285	1
74	300	1
74	303	1
74	307	1
74	311	1
74	317	1
74	327	1
74	328	-1
74	329	1
74	335	1
74	336	-1
74	339	1
74	342	-1
74	346	-1
74	347	1
74	348	-1
74	350	-1
74	353	-1
74	354	-1
74	355	1
74	358	-1
74	368	1
74	370	1
74	373	-1
74	377	1
74	378	1
74	379	-1
74	381	-1
74	388	-1
74	389	-1
74	390	-1
74	393	1
74	398	-1
74	409	-1
74	410	1
74	412	-1
74	413	1
74	414	-1
74	418	1
74	419	-1
74	422	-1
74	423	-1
74	424	1
74	427	-1
74	428	1
74	431	1
74	433	-1
74	434	-1
74	435	-1
74	436	1
74	438	-1
74	439	-1
74	441	-1
74	443	1
74	444	-1
74	445	-1
74	450	1
74	451	1
74	454	1
74	455	1
74	456	-1
74	458	-1
74	459	-1
74	460	-1
74	461	1
74	462	-1
74	463	-1
74	471	1
74	474	-1
74	477	-1
74	478	1
74	479	-1
74	490	-1
74	495	-1
75	76	1
75	77	1
75	78	1
75	79	1
75	80	1
75	81	1
75	82	1
75	83	1
75	84	1
75	85	1
75	87	1
75	88	1
75	89	1
75	90	1
75	91	1
75	92	1
75	93	1
75	94	1
75	95	1
75	96	1
75	97	1
75	98	1
75	99	1
75	101	-1
75	105	1
75	106	1
75	108	-1
75	109	1
75	111	-1
75	112	-1
75	113	1
75	114	1
75	116	-1
75	117	1
75	118	-1
75	120	1
75	121	1
75	132	-1
75	133	-1
75	134	-1
75	136	-1
75	140	1
75	141	-1
75	144	-1
75	146	-1
75	147	1
75	151	1
75	152	1
75	157	1
75	160	-1
75	163	-1
75	164	-1
75	167	1
75	169	1
75	175	-1
75	179	-1
75	180	-1
75	181	-1
75	187	1
75	190	1
75	195	1
75	197	1
75	208	-1
75	210	1
75	212	1
75	219	1
75	222	-1
75	225	-1
75	227	1
75	229	1
75	230	-1
75	231	-1
75	233	1
75	234	1
75	240	-1
75	242	1
75	247	1
75	248	1
75	251	1
75	252	-1
75	253	-1
75	257	-1
75	259	-1
75	261	-1
75	262	-1
75	268	-1
75	271	-1
75	274	-1
75	279	1
75	283	1
75	284	1
75	286	-1
75	289	-1
75	291	-1
75	292	-1
75	295	-1
75	296	1
75	298	-1
75	307	-1
75	308	1
75	309	1
75	312	1
75	313	-1
75	317	1
75	319	1
75	320	-1
75	322	1
75	325	-1
75	326	-1
75	331	-1
75	337	1
75	343	-1
75	344	1
75	347	-1
75	348	1
75	350	1
75	352	-1
75	353	1
75	357	1
75	361	1
75	363	1
75	367	-1
75	368	-1
75	371	-1
75	373	-1
75	375	1
75	378	-1
75	380	1
75	382	1
75	386	1
75	388	-1
75	389	-1
75	392	1
75	395	1
75	397	1
75	400	1
75	405	1
75	408	1
75	409	-1
75	410	-1
75	412	1
75	416	-1
75	418	-1
75	420	1
75	422	-1
75	424	1
75	427	-1
75	428	1
75	429	1
75	432	1
75	433	1
75	441	-1
75	442	-1
75	443	-1
75	446	1
75	452	1
75	454	-1
75	464	1
75	465	1
75	466	1
75	469	-1
75	474	-1
75	476	-1
75	477	1
75	478	1
75	480	1
75	485	-1
75	488	-1
75	495	-1
75	499	1
76	77	1
76	78	-1
76	79	1
76	80	1
76	81	1
76	82	1
76	83	1
76	84	1
76	85	1
76	86	1
76	87	1
76	88	1
76	89	1
76	90	1
76	91	1
76	92	1
76	93	1
76	95	1
76	96	1
76	97	1
76	98	1
76	99	1
76	100	1
76	101	-1
76	103	-1
76	107	-1
76	109	1
76	111	1
76	112	1
76	115	-1
76	120	1
76	121	1
76	125	1
76	128	-1
76	129	-1
76	132	-1
76	134	-1
76	138	-1
76	143	-1
76	151	1
76	153	1
76	159	1
76	167	1
76	169	-1
76	171	1
76	173	1
76	175	-1
76	180	1
76	184	-1
76	193	1
76	197	-1
76	199	-1
76	200	-1
76	208	1
76	209	-1
76	210	-1
76	213	1
76	214	1
76	215	-1
76	220	1
76	221	1
76	223	1
76	227	1
76	231	1
76	232	1
76	233	1
76	239	-1
76	240	-1
76	242	-1
76	244	-1
76	246	-1
76	247	1
76	248	1
76	255	-1
76	256	1
76	257	1
76	261	1
76	265	-1
76	267	1
76	269	-1
76	272	1
76	274	-1
76	281	1
76	283	1
76	288	1
76	290	-1
76	296	-1
76	299	1
76	301	-1
76	304	-1
76	309	1
76	315	-1
76	317	-1
76	318	1
76	321	1
76	322	1
76	323	-1
76	326	-1
76	327	1
76	331	1
76	337	1
76	338	1
76	348	-1
76	349	-1
76	351	-1
76	352	1
76	355	1
76	357	1
76	365	1
76	367	1
76	368	-1
76	376	1
76	378	1
76	379	1
76	383	-1
76	384	-1
76	386	-1
76	391	-1
76	392	1
76	393	1
76	394	-1
76	397	-1
76	398	-1
76	399	-1
76	401	1
76	405	-1
76	407	-1
76	408	-1
76	411	1
76	412	1
76	413	1
76	418	-1
76	419	1
76	420	-1
76	427	1
76	431	-1
76	436	1
76	440	1
76	446	1
76	447	1
76	449	1
76	451	-1
76	452	-1
76	455	-1
76	456	1
76	461	-1
76	462	-1
76	463	1
76	464	1
76	466	-1
76	468	-1
76	469	-1
76	470	1
76	474	1
76	485	1
76	486	1
76	487	-1
76	490	1
76	494	-1
76	497	1
76	499	-1
77	78	1
77	79	1
77	80	1
77	81	1
77	82	1
77	83	1
77	84	1
77	85	1
77	86	1
77	87	1
77	88	1
77	89	1
77	90	1
77	91	1
77	92	1
77	93	1
77	94	1
77	95	1
77	96	1
77	97	1
77	98	1
77	99	1
77	102	-1
77	104	1
77	105	1
77	106	-1
77	107	1
77	109	1
77	115	1
77	119	-1
77	121	1
77	123	1
77	126	-1
77	128	-1
77	138	-1
77	140	-1
77	141	-1
77	142	1
77	143	-1
77	145	-1
77	146	1
77	149	1
77	154	-1
77	155	-1
77	161	-1
77	162	-1
77	172	1
77	175	1
77	176	1
77	178	1
77	180	-1
77	184	-1
77	185	1
77	186	-1
77	188	-1
77	195	1
77	197	-1
77	202	-1
77	207	-1
77	210	1
77	214	-1
77	217	1
77	218	-1
77	222	-1
77	223	-1
77	224	-1
77	225	-1
77	231	1
77	234	-1
77	235	-1
77	239	-1
77	240	1
77	244	-1
77	246	1
77	247	1
77	248	1
77	249	1
77	256	-1
77	257	-1
77	260	1
77	261	1
77	265	-1
77	266	1
77	267	1
77	271	1
77	272	-1
77	273	1
77	276	1
77	281	1
77	283	1
77	287	1
77	288	-1
77	289	-1
77	295	-1
77	299	1
77	302	1
77	306	-1
77	307	-1
77	309	1
77	311	1
77	314	1
77	315	1
77	316	-1
77	317	1
77	318	1
77	319	-1
77	324	1
77	325	1
77	327	1
77	328	1
77	330	1
77	331	1
77	335	1
77	336	1
77	338	-1
77	339	1
77	340	-1
77	342	-1
77	344	-1
77	345	1
77	347	-1
77	349	1
77	352	1
77	353	1
77	354	1
77	356	-1
77	357	1
77	359	-1
77	360	1
77	363	-1
77	365	1
77	366	-1
77	368	-1
77	372	-1
77	373	1
77	375	-1
77	376	-1
77	378	1
77	380	-1
77	381	1
77	387	-1
77	389	-1
77	390	-1
77	393	-1
77	398	-1
77	399	1
77	403	-1
77	408	-1
77	412	-1
77	413	1
77	418	1
77	421	-1
77	423	1
77	427	1
77	428	1
77	429	1
77	432	-1
77	433	-1
77	435	-1
77	438	1
77	440	1
77	441	1
77	447	1
77	448	-1
77	449	1
77	450	-1
77	457	1
77	459	-1
77	466	-1
77	470	1
77	473	-1
77	474	-1
77	477	1
77	478	1
77	481	-1
77	487	1
77	489	-1
77	490	-1
77	492	-1
77	494	-1
77	496	1
77	497	-1
78	79	1
78	80	1
78	81	1
78	82	1
78	83	1
78	84	1
78	85	1
78	86	1
78	87	1
78	88	1
78	89	1
78	90	-1
78	91	1
78	92	1
78	93	1
78	94	1
78	95	1
78	96	1
78	97	1
78	98	1
78	99	1
78	104	-1
78	105	1
78	107	1
78	109	-1
78	112	-1
78	113	-1
78	115	1
78	116	-1
78	120	-1
78	129	1
78	130	1
78	131	-1
78	133	-1
78	134	-1
78	137	-1
78	142	-1
78	143	-1
78	144	1
78	145	1
78	148	-1
78	152	1
78	155	1
78	164	-1
78	165	-1
78	168	-1
78	170	1
78	172	1
78	175	1
78	178	1
78	179	-1
78	183	1
78	184	-1
78	190	1
78	192	-1
78	194	1
78	198	-1
78	199	-1
78	204	1
78	205	1
78	206	-1
78	208	-1
78	213	-1
78	215	1
78	217	-1
78	219	-1
78	220	1
78	221	1
78	225	1
78	229	-1
78	231	1
78	232	-1
78	235	1
78	239	-1
78	245	-1
78	248	1
78	250	1
78	252	-1
78	254	1
78	255	1
78	256	-1
78	257	1
78	258	1
78	260	-1
78	262	-1
78	264	1
78	266	1
78	269	-1
78	274	-1
78	276	-1
78	279	-1
78	280	1
78	284	-1
78	285	1
78	289	1
78	290	1
78	293	1
78	294	-1
78	302	1
78	308	-1
78	312	-1
78	321	1
78	324	1
78	329	1
78	332	1
78	337	-1
78	339	1
78	342	-1
78	343	-1
78	347	1
78	350	1
78	352	1
78	355	-1
78	361	-1
78	364	1
78	365	-1
78	366	-1
78	367	1
78	369	1
78	370	-1
78	371	1
78	383	-1
78	384	-1
78	393	1
78	395	-1
78	397	-1
78	399	-1
78	402	-1
78	403	1
78	406	-1
78	407	1
78	410	-1
78	411	-1
78	415	1
78	418	1
78	421	-1
78	423	1
78	425	1
78	427	1
78	432	1
78	435	1
78	436	1
78	440	1
78	444	-1
78	448	-1
78	453	1
78	454	1
78	456	1
78	458	1
78	461	1
78	463	1
78	464	-1
78	469	-1
78	471	1
78	473	1
78	479	1
78	482	1
78	487	-1
78	490	-1
78	491	1
78	492	1
78	493	1
78	498	1
78	499	-1
79	80	1
79	81	1
79	82	1
79	83	1
79	84	1
79	85	1
79	86	1
79	88	1
79	89	1
79	90	1
79	91	1
79	92	1
79	93	1
79	94	1
79	95	1
79	96	1
79	98	1
79	99	1
79	104	1
79	105	-1
79	106	-1
79	107	-1
79	109	-1
79	112	-1
79	125	1
79	129	1
79	137	1
79	143	1
79	144	1
79	145	1
79	147	1
79	148	1
79	151	-1
79	153	-1
79	155	1
79	157	1
79	163	1
79	166	1
79	170	-1
79	176	1
79	179	-1
79	182	1
79	184	-1
79	188	-1
79	189	-1
79	192	-1
79	195	1
79	200	-1
79	203	-1
79	206	1
79	207	-1
79	210	1
79	211	1
79	219	-1
79	222	1
79	224	1
79	229	-1
79	233	1
79	234	1
79	236	1
79	241	1
79	243	1
79	245	1
79	248	-1
79	250	-1
79	253	1
79	254	1
79	257	1
79	263	1
79	266	1
79	267	1
79	268	1
79	269	-1
79	270	-1
79	271	1
79	275	1
79	277	1
79	278	-1
79	279	1
79	280	1
79	283	1
79	284	-1
79	285	-1
79	287	-1
79	291	-1
79	294	1
79	295	1
79	296	-1
79	297	-1
79	299	1
79	303	1
79	308	1
79	313	1
79	314	-1
79	315	1
79	317	-1
79	318	1
79	320	1
79	321	1
79	322	-1
79	323	1
79	326	-1
79	327	-1
79	331	1
79	332	1
79	333	1
79	337	-1
79	344	-1
79	345	1
79	349	1
79	350	1
79	351	-1
79	354	1
79	358	1
79	359	1
79	361	1
79	366	1
79	375	1
79	381	1
79	384	-1
79	385	1
79	388	1
79	392	1
79	397	-1
79	398	1
79	410	-1
79	411	-1
79	413	-1
79	419	1
79	420	-1
79	424	1
79	426	-1
79	430	1
79	432	-1
79	433	-1
79	434	1
79	435	-1
79	448	-1
79	451	1
79	452	1
79	454	1
79	455	1
79	460	-1
79	465	-1
79	469	1
79	470	1
79	471	1
79	472	-1
79	473	1
79	476	-1
79	477	-1
79	479	-1
79	482	1
79	483	-1
79	485	1
79	486	-1
79	490	-1
79	493	1
79	495	1
79	497	-1
80	81	1
80	82	1
80	83	1
80	84	-1
80	85	1
80	86	1
80	87	-1
80	88	1
80	89	1
80	90	1
80	91	1
80	92	1
80	93	1
80	94	1
80	95	1
80	96	1
80	97	-1
80	98	1
80	99	1
80	101	1
80	102	1
80	109	-1
80	110	-1
80	111	1
80	125	1
80	128	-1
80	132	-1
80	133	-1
80	134	1
80	135	-1
80	139	-1
80	145	-1
80	147	-1
80	148	1
80	149	1
80	151	-1
80	154	1
80	156	-1
80	158	1
80	159	1
80	160	-1
80	161	-1
80	163	1
80	164	-1
80	168	-1
80	170	1
80	174	-1
80	176	1
80	191	-1
80	197	1
80	198	-1
80	200	1
80	201	-1
80	204	-1
80	206	-1
80	208	-1
80	215	1
80	216	-1
80	221	-1
80	223	1
80	229	-1
80	230	1
80	231	1
80	234	1
80	236	-1
80	238	-1
80	244	1
80	245	1
80	248	-1
80	250	1
80	251	1
80	254	1
80	268	-1
80	270	1
80	272	1
80	278	1
80	284	1
80	285	-1
80	287	-1
80	289	1
80	293	-1
80	295	1
80	297	1
80	301	1
80	302	1
80	303	-1
80	304	-1
80	305	-1
80	309	1
80	310	-1
80	313	-1
80	320	1
80	321	-1
80	322	1
80	324	-1
80	333	1
80	336	1
80	339	1
80	341	1
80	345	1
80	346	1
80	351	1
80	353	1
80	355	-1
80	358	1
80	360	1
80	362	1
80	363	-1
80	364	-1
80	365	-1
80	370	-1
80	374	-1
80	375	-1
80	380	1
80	383	-1
80	388	-1
80	393	1
80	395	1
80	398	-1
80	399	1
80	403	-1
80	405	1
80	407	1
80	414	1
80	416	1
80	420	-1
80	422	-1
80	423	-1
80	427	1
80	428	-1
80	429	1
80	435	1
80	439	-1
80	440	-1
80	441	-1
80	443	1
80	446	1
80	451	1
80	453	-1
80	464	1
80	465	-1
80	467	1
80	469	1
80	470	-1
80	472	-1
80	476	-1
80	479	1
80	481	-1
80	483	1
80	486	-1
80	487	-1
80	488	1
80	490	-1
80	493	-1
80	494	-1
80	497	-1
80	498	-1
81	82	1
81	83	1
81	84	1
81	86	-1
81	87	1
81	88	1
81	89	1
81	90	1
81	91	1
81	92	1
81	93	1
81	94	1
81	95	1
81	96	1
81	97	1
81	98	1
81	99	1
81	105	1
81	113	-1
81	115	1
81	116	-1
81	118	1
81	121	1
81	131	1
81	137	-1
81	138	1
81	141	-1
81	142	1
81	143	-1
81	145	1
81	147	-1
81	151	1
81	152	-1
81	154	-1
81	155	-1
81	158	-1
81	159	1
81	160	1
81	168	-1
81	169	1
81	172	-1
81	175	1
81	177	1
81	180	-1
81	184	1
81	189	1
81	190	-1
81	195	1
81	199	1
81	205	-1
81	206	1
81	208	1
81	210	-1
81	212	1
81	213	-1
81	215	-1
81	216	1
81	219	1
81	222	-1
81	225	-1
81	227	-1
81	231	1
81	232	-1
81	235	-1
81	236	-1
81	242	1
81	245	-1
81	248	1
81	252	1
81	255	-1
81	256	1
81	257	-1
81	260	-1
81	265	-1
81	268	-1
81	271	1
81	275	1
81	277	-1
81	281	-1
81	282	-1
81	283	1
81	290	-1
81	292	-1
81	293	1
81	302	1
81	305	-1
81	311	1
81	314	1
81	316	-1
81	317	1
81	319	1
81	320	1
81	326	1
81	327	1
81	330	1
81	331	-1
81	338	1
81	339	1
81	341	-1
81	347	1
81	348	1
81	351	1
81	353	-1
81	354	1
81	356	-1
81	357	1
81	365	-1
81	370	1
81	375	1
81	380	-1
81	385	-1
81	386	1
81	387	-1
81	388	1
81	391	1
81	393	1
81	394	1
81	395	-1
81	396	-1
81	405	1
81	408	1
81	414	-1
81	416	-1
81	419	-1
81	420	-1
81	424	-1
81	426	1
81	432	1
81	434	1
81	435	-1
81	439	1
81	440	-1
81	443	-1
81	444	1
81	445	1
81	447	-1
81	449	1
81	459	1
81	463	1
81	469	1
81	470	1
81	472	-1
81	474	-1
81	476	-1
81	480	1
81	482	-1
81	484	-1
81	485	-1
81	491	-1
81	496	-1
81	499	-1
82	83	1
82	84	1
82	85	1
82	86	1
82	87	1
82	88	1
82	89	1
82	90	1
82	91	1
82	93	1
82	94	1
82	95	1
82	96	1
82	97	1
82	98	1
82	99	1
82	104	1
82	105	-1
82	110	1
82	111	-1
82	115	-1
82	116	1
82	117	-1
82	118	-1
82	126	-1
82	129	1
82	138	1
82	139	-1
82	141	-1
82	143	-1
82	145	1
82	146	1
82	156	-1
82	160	-1
82	166	1
82	167	1
82	172	1
82	173	1
82	176	1
82	177	-1
82	178	1
82	179	-1
82	181	1
82	182	-1
82	184	-1
82	188	-1
82	189	-1
82	192	1
82	194	1
82	197	-1
82	198	-1
82	202	-1
82	205	-1
82	207	-1
82	210	1
82	212	1
82	213	-1
82	214	-1
82	217	-1
82	219	-1
82	220	1
82	223	1
82	224	1
82	226	1
82	227	-1
82	229	1
82	232	-1
82	234	1
82	236	-1
82	240	1
82	241	-1
82	245	1
82	247	-1
82	248	-1
82	249	-1
82	250	-1
82	251	1
82	260	-1
82	264	1
82	265	-1
82	268	1
82	269	1
82	272	-1
82	277	1
82	278	1
82	280	-1
82	284	1
82	291	-1
82	296	-1
82	297	1
82	298	1
82	299	1
82	300	1
82	304	-1
82	307	-1
82	308	1
82	319	-1
82	322	1
82	323	1
82	325	-1
82	337	-1
82	338	1
82	342	1
82	346	-1
82	347	-1
82	353	1
82	355	1
82	361	1
82	365	-1
82	366	1
82	367	-1
82	368	1
82	370	1
82	373	-1
82	374	1
82	378	-1
82	388	-1
82	389	1
82	390	1
82	392	1
82	393	1
82	398	-1
82	401	-1
82	406	-1
82	413	1
82	419	-1
82	420	1
82	429	-1
82	433	-1
82	434	1
82	439	-1
82	442	1
82	447	-1
82	450	1
82	460	-1
82	461	1
82	464	1
82	465	1
82	469	-1
82	471	1
82	472	-1
82	474	1
82	479	-1
82	480	-1
82	483	1
82	486	1
82	492	1
82	494	1
82	495	1
82	499	1
83	84	1
83	85	1
83	86	1
83	87	1
83	88	1
83	89	1
83	90	1
83	91	1
83	92	1
83	93	1
83	94	1
83	95	1
83	96	1
83	97	1
83	98	1
83	99	1
83	103	-1
83	106	-1
83	107	-1
83	110	-1
83	114	1
83	123	1
83	126	1
83	130	-1
83	133	-1
83	137	-1
83	138	1
83	145	-1
83	147	1
83	149	1
83	150	-1
83	154	-1
83	156	-1
83	158	-1
83	160	-1
83	163	-1
83	164	-1
83	167	-1
83	168	1
83	170	-1
83	171	1
83	172	1
83	174	1
83	179	1
83	180	-1
83	181	1
83	182	-1
83	184	1
83	187	-1
83	188	1
83	189	-1
83	192	-1
83	193	-1
83	199	1
83	200	-1
83	201	1
83	214	1
83	218	-1
83	220	1
83	222	-1
83	223	1
83	227	-1
83	228	-1
83	231	-1
83	233	-1
83	239	1
83	240	-1
83	241	1
83	242	-1
83	245	-1
83	246	-1
83	247	-1
83	250	1
83	251	-1
83	253	1
83	255	-1
83	258	-1
83	264	1
83	265	1
83	267	1
83	270	1
83	272	-1
83	275	1
83	280	-1
83	282	1
83	284	1
83	287	-1
83	292	1
83	294	1
83	295	1
83	296	-1
83	297	1
83	300	-1
83	302	1
83	304	1
83	306	1
83	314	-1
83	315	1
83	317	1
83	322	1
83	323	1
83	324	-1
83	326	-1
83	327	-1
83	328	1
83	331	1
83	332	-1
83	333	1
83	337	-1
83	339	-1
83	341	-1
83	343	-1
83	345	1
83	348	-1
83	351	1
83	359	1
83	362	-1
83	365	-1
83	366	1
83	367	1
83	373	1
83	375	-1
83	379	1
83	381	-1
83	383	1
83	386	-1
83	389	-1
83	390	-1
83	392	1
83	393	-1
83	394	-1
83	399	1
83	401	-1
83	405	-1
83	406	-1
83	407	1
83	408	-1
83	409	-1
83	413	1
83	414	-1
83	416	1
83	423	-1
83	429	1
83	431	-1
83	436	1
83	438	1
83	439	1
83	441	-1
83	442	1
83	444	-1
83	445	-1
83	446	-1
83	447	1
83	450	-1
83	452	-1
83	453	1
83	461	1
83	463	1
83	464	-1
83	467	-1
83	471	-1
83	473	-1
83	476	1
83	477	1
83	478	-1
83	480	1
83	481	-1
83	488	-1
83	489	1
83	490	-1
83	493	-1
83	495	-1
83	497	-1
83	498	1
84	85	1
84	86	1
84	87	1
84	88	1
84	89	1
84	90	1
84	91	1
84	92	1
84	94	1
84	95	1
84	96	1
84	97	1
84	98	1
84	99	1
84	107	1
84	112	-1
84	115	-1
84	118	1
84	126	-1
84	130	-1
84	138	1
84	141	-1
84	149	-1
84	156	1
84	157	-1
84	160	-1
84	163	1
84	168	-1
84	169	-1
84	171	1
84	174	-1
84	180	1
84	182	1
84	185	-1
84	188	-1
84	189	-1
84	191	-1
84	193	-1
84	195	1
84	196	-1
84	200	-1
84	201	-1
84	208	1
84	211	1
84	223	1
84	227	1
84	229	-1
84	232	-1
84	233	1
84	237	1
84	238	-1
84	241	1
84	242	1
84	252	-1
84	254	1
84	260	1
84	262	1
84	267	1
84	268	1
84	269	-1
84	272	1
84	277	1
84	279	-1
84	280	1
84	281	-1
84	282	1
84	285	1
84	291	-1
84	296	-1
84	297	-1
84	298	1
84	299	1
84	300	1
84	302	1
84	307	1
84	309	-1
84	311	1
84	320	-1
84	323	1
84	326	1
84	332	-1
84	340	1
84	346	1
84	352	1
84	353	-1
84	355	1
84	357	-1
84	360	-1
84	361	1
84	368	-1
84	369	1
84	375	1
84	376	-1
84	378	-1
84	380	1
84	384	1
84	386	1
84	387	-1
84	390	-1
84	395	-1
84	397	1
84	398	-1
84	399	-1
84	407	1
84	408	-1
84	409	-1
84	410	-1
84	411	1
84	420	1
84	427	-1
84	428	1
84	430	1
84	434	1
84	447	-1
84	448	-1
84	449	1
84	450	-1
84	451	-1
84	452	-1
84	453	-1
84	456	-1
84	466	1
84	469	1
84	470	-1
84	472	1
84	473	1
84	476	-1
84	485	1
84	489	-1
84	490	1
84	493	1
84	497	-1
85	86	1
85	87	1
85	88	1
85	89	1
85	90	1
85	91	1
85	92	1
85	93	1
85	94	1
85	95	1
85	96	1
85	97	1
85	98	1
85	99	1
85	100	-1
85	104	-1
85	105	-1
85	108	1
85	110	-1
85	111	1
85	114	1
85	115	1
85	116	-1
85	118	1
85	131	-1
85	135	-1
85	138	1
85	144	1
85	150	1
85	154	1
85	155	-1
85	160	1
85	161	1
85	162	1
85	164	-1
85	165	-1
85	169	1
85	173	1
85	183	-1
85	189	1
85	190	-1
85	196	-1
85	201	-1
85	204	1
85	206	1
85	213	1
85	214	-1
85	215	-1
85	217	-1
85	220	-1
85	225	-1
85	226	-1
85	227	1
85	229	-1
85	233	-1
85	236	1
85	238	-1
85	242	-1
85	243	-1
85	245	1
85	246	-1
85	249	1
85	251	1
85	252	1
85	254	-1
85	256	1
85	257	1
85	258	1
85	265	1
85	266	1
85	267	-1
85	270	-1
85	277	-1
85	285	-1
85	287	1
85	289	-1
85	293	-1
85	294	-1
85	299	-1
85	300	-1
85	301	1
85	303	-1
85	304	1
85	305	1
85	310	-1
85	314	-1
85	316	1
85	320	1
85	321	1
85	322	1
85	326	1
85	329	-1
85	331	-1
85	335	1
85	340	-1
85	343	1
85	344	-1
85	346	-1
85	349	1
85	352	1
85	353	1
85	356	1
85	357	1
85	359	-1
85	362	1
85	363	1
85	364	-1
85	368	1
85	369	1
85	374	-1
85	375	-1
85	379	-1
85	380	1
85	381	-1
85	382	1
85	385	-1
85	393	-1
85	394	1
85	401	-1
85	402	-1
85	405	-1
85	407	1
85	412	1
85	416	1
85	419	1
85	427	-1
85	428	-1
85	440	-1
85	443	-1
85	446	-1
85	448	-1
85	451	1
85	453	1
85	457	1
85	458	1
85	459	1
85	461	-1
85	463	1
85	464	-1
85	467	-1
85	471	-1
85	472	-1
85	475	-1
85	482	-1
85	483	1
85	489	1
85	490	1
85	491	-1
85	496	-1
85	498	1
85	499	-1
86	87	1
86	88	1
86	89	1
86	90	1
86	91	1
86	92	1
86	93	1
86	94	1
86	95	1
86	96	1
86	97	1
86	98	1
86	99	1
86	102	1
86	104	-1
86	105	-1
86	106	1
86	107	1
86	109	-1
86	111	1
86	116	-1
86	121	-1
86	122	1
86	123	-1
86	124	-1
86	127	1
86	129	1
86	130	-1
86	132	1
86	139	-1
86	145	-1
86	147	1
86	148	-1
86	151	1
86	154	1
86	156	-1
86	160	1
86	169	-1
86	171	-1
86	172	1
86	177	1
86	182	1
86	183	-1
86	191	-1
86	196	-1
86	199	1
86	200	1
86	201	1
86	203	1
86	205	1
86	206	-1
86	209	-1
86	216	1
86	219	-1
86	228	1
86	234	-1
86	238	1
86	241	-1
86	243	1
86	252	-1
86	254	-1
86	256	1
86	266	1
86	268	-1
86	270	-1
86	274	1
86	277	-1
86	283	1
86	286	1
86	290	1
86	292	1
86	297	-1
86	298	1
86	301	1
86	302	-1
86	303	-1
86	304	-1
86	305	1
86	307	-1
86	311	-1
86	313	-1
86	314	1
86	318	-1
86	320	1
86	322	-1
86	323	1
86	324	1
86	325	-1
86	329	1
86	333	-1
86	334	1
86	335	-1
86	341	-1
86	344	-1
86	345	1
86	350	1
86	352	1
86	353	-1
86	358	-1
86	359	-1
86	370	1
86	372	1
86	373	-1
86	375	-1
86	378	1
86	380	1
86	383	-1
86	384	-1
86	386	1
86	389	1
86	390	1
86	393	-1
86	398	-1
86	404	1
86	407	1
86	408	-1
86	409	1
86	410	-1
86	412	1
86	413	-1
86	415	-1
86	417	1
86	419	-1
86	420	-1
86	421	1
86	424	-1
86	425	1
86	430	-1
86	432	-1
86	433	1
86	434	1
86	438	1
86	439	-1
86	440	1
86	442	1
86	443	-1
86	446	-1
86	450	-1
86	451	1
86	453	-1
86	461	1
86	469	1
86	471	-1
86	473	-1
86	474	1
86	476	1
86	477	-1
86	484	1
86	488	1
86	499	1
87	88	1
87	89	1
87	90	1
87	91	1
87	92	1
87	93	1
87	94	1
87	95	1
87	96	1
87	97	1
87	98	-1
87	99	1
87	100	-1
87	107	1
87	109	1
87	112	1
87	121	1
87	126	-1
87	129	1
87	136	-1
87	139	-1
87	143	1
87	150	-1
87	154	1
87	155	-1
87	162	-1
87	170	-1
87	174	-1
87	178	1
87	180	1
87	181	1
87	186	1
87	189	-1
87	191	-1
87	194	-1
87	195	1
87	199	1
87	201	1
87	206	-1
87	210	1
87	215	-1
87	217	1
87	218	1
87	227	1
87	231	1
87	232	1
87	233	1
87	234	1
87	237	-1
87	238	1
87	239	1
87	241	1
87	243	1
87	246	-1
87	248	-1
87	252	1
87	254	-1
87	255	1
87	256	1
87	257	1
87	258	-1
87	261	1
87	263	-1
87	264	-1
87	272	-1
87	274	-1
87	275	1
87	278	-1
87	279	-1
87	282	1
87	283	1
87	284	-1
87	285	-1
87	289	-1
87	292	-1
87	293	-1
87	301	1
87	307	1
87	308	-1
87	312	-1
87	314	-1
87	317	-1
87	318	-1
87	321	1
87	322	-1
87	325	1
87	326	-1
87	328	1
87	335	-1
87	336	1
87	337	-1
87	338	-1
87	340	-1
87	341	1
87	348	-1
87	352	-1
87	355	1
87	356	-1
87	365	-1
87	366	1
87	367	1
87	368	1
87	374	-1
87	376	-1
87	377	1
87	382	-1
87	386	-1
87	388	1
87	389	-1
87	393	-1
87	394	1
87	395	-1
87	399	1
87	402	1
87	409	1
87	411	1
87	412	-1
87	417	1
87	422	-1
87	429	1
87	436	-1
87	439	1
87	441	-1
87	442	1
87	443	1
87	447	-1
87	449	-1
87	451	1
87	455	-1
87	456	-1
87	458	1
87	459	-1
87	462	-1
87	463	1
87	464	1
87	465	-1
87	467	1
87	471	-1
87	473	1
87	480	1
87	481	-1
87	483	-1
87	488	1
87	491	1
87	492	1
87	496	-1
88	89	1
88	90	1
88	91	1
88	92	1
88	93	1
88	95	-1
88	96	1
88	99	1
88	104	1
88	105	-1
88	108	-1
88	109	1
88	110	-1
88	111	-1
88	115	-1
88	117	1
88	119	1
88	122	1
88	123	1
88	130	-1
88	132	-1
88	135	-1
88	136	1
88	140	1
88	141	-1
88	142	-1
88	146	1
88	148	-1
88	152	-1
88	155	1
88	156	1
88	157	-1
88	159	1
88	160	-1
88	161	-1
88	164	1
88	165	-1
88	166	1
88	167	-1
88	169	1
88	170	1
88	172	-1
88	176	-1
88	177	1
88	178	1
88	184	-1
88	187	1
88	189	1
88	190	-1
88	192	-1
88	193	1
88	196	1
88	200	1
88	203	-1
88	206	1
88	208	-1
88	217	1
88	222	-1
88	224	-1
88	226	-1
88	235	1
88	236	1
88	238	-1
88	239	-1
88	243	-1
88	244	-1
88	246	1
88	251	1
88	253	1
88	257	1
88	265	1
88	270	-1
88	271	1
88	273	1
88	279	-1
88	283	-1
88	286	-1
88	287	-1
88	289	1
88	291	1
88	296	1
88	297	-1
88	298	-1
88	299	1
88	301	-1
88	302	1
88	305	-1
88	309	-1
88	313	1
88	316	-1
88	320	1
88	321	1
88	322	1
88	323	1
88	324	-1
88	327	1
88	329	-1
88	332	1
88	336	1
88	340	1
88	343	-1
88	346	-1
88	349	1
88	350	1
88	351	1
88	352	-1
88	354	1
88	358	-1
88	360	1
88	366	1
88	368	-1
88	372	-1
88	375	1
88	380	1
88	383	1
88	384	-1
88	387	-1
88	389	1
88	391	-1
88	394	-1
88	396	-1
88	404	-1
88	410	-1
88	417	-1
88	421	-1
88	422	-1
88	429	-1
88	432	-1
88	435	-1
88	437	1
88	440	-1
88	442	1
88	451	-1
88	452	-1
88	453	-1
88	462	-1
88	464	1
88	465	1
88	473	1
88	476	1
88	481	-1
88	483	1
88	484	1
88	485	-1
88	487	-1
88	489	1
88	491	1
88	495	1
88	497	-1
89	90	-1
89	91	1
89	92	1
89	93	1
89	94	1
89	95	1
89	96	1
89	97	1
89	98	1
89	99	1
89	101	-1
89	107	1
89	108	1
89	109	-1
89	110	-1
89	115	1
89	116	1
89	117	-1
89	118	1
89	121	1
89	123	-1
89	124	-1
89	125	-1
89	127	-1
89	128	1
89	131	1
89	133	-1
89	135	1
89	136	1
89	139	1
89	140	1
89	142	1
89	143	1
89	147	1
89	148	1
89	150	-1
89	151	-1
89	154	1
89	157	1
89	158	1
89	161	1
89	163	1
89	165	1
89	168	-1
89	175	1
89	176	1
89	178	-1
89	182	1
89	186	-1
89	188	-1
89	190	1
89	194	-1
89	197	-1
89	200	-1
89	202	-1
89	203	-1
89	204	-1
89	208	-1
89	209	-1
89	210	1
89	212	1
89	213	-1
89	217	-1
89	220	-1
89	222	1
89	231	1
89	232	-1
89	239	1
89	241	1
89	244	-1
89	245	-1
89	247	-1
89	248	1
89	249	-1
89	250	-1
89	253	1
89	255	-1
89	256	-1
89	264	1
89	265	-1
89	267	-1
89	270	1
89	272	1
89	273	1
89	274	-1
89	275	-1
89	277	1
89	280	1
89	284	1
89	290	1
89	293	-1
89	294	1
89	302	1
89	303	-1
89	313	1
89	317	1
89	319	1
89	328	1
89	329	-1
89	330	1
89	333	1
89	334	-1
89	335	1
89	341	-1
89	342	1
89	348	1
89	350	-1
89	353	-1
89	354	-1
89	355	1
89	357	-1
89	366	-1
89	371	1
89	373	1
89	377	-1
89	378	1
89	379	1
89	382	1
89	383	-1
89	387	1
89	388	-1
89	389	1
89	394	1
89	395	1
89	396	-1
89	397	-1
89	401	-1
89	405	-1
89	407	1
89	408	-1
89	409	1
89	410	1
89	411	1
89	414	1
89	415	-1
89	419	-1
89	423	-1
89	425	-1
89	426	1
89	431	1
89	437	-1
89	440	1
89	441	1
89	444	-1
89	445	1
89	448	1
89	449	-1
89	453	1
89	454	1
89	457	-1
89	461	-1
89	462	1
89	465	1
89	468	-1
89	470	-1
89	472	-1
89	478	1
89	485	1
89	487	1
89	492	-1
89	493	1
90	91	1
90	95	1
90	96	1
90	97	1
90	98	1
90	99	1
90	101	1
90	103	1
90	107	-1
90	108	-1
90	110	-1
90	121	-1
90	122	1
90	123	1
90	124	-1
90	126	-1
90	130	-1
90	134	1
90	136	-1
90	138	-1
90	140	-1
90	145	-1
90	155	-1
90	159	-1
90	160	-1
90	161	-1
90	164	-1
90	165	-1
90	168	-1
90	169	-1
90	170	-1
90	171	-1
90	174	1
90	175	1
90	180	1
90	183	-1
90	184	1
90	188	-1
90	189	-1
90	190	-1
90	191	-1
90	195	1
90	196	-1
90	202	1
90	210	-1
90	212	-1
90	213	1
90	218	-1
90	219	-1
90	220	-1
90	222	1
90	223	-1
90	228	-1
90	229	-1
90	231	-1
90	235	1
90	236	-1
90	238	1
90	239	-1
90	240	1
90	243	1
90	244	-1
90	245	1
90	246	1
90	247	-1
90	248	1
90	251	1
90	252	-1
90	254	-1
90	257	1
90	260	-1
90	270	-1
90	271	1
90	272	1
90	273	1
90	275	-1
90	278	-1
90	279	-1
90	281	1
90	284	1
90	285	-1
90	289	-1
90	290	-1
90	294	1
90	295	1
90	297	1
90	304	1
90	307	1
90	309	1
90	310	-1
90	313	1
90	314	1
90	317	1
90	322	-1
90	330	1
90	331	-1
90	339	-1
90	340	-1
90	341	-1
90	343	1
90	352	1
90	354	-1
90	356	1
90	357	-1
90	358	-1
90	360	1
90	364	1
90	371	-1
90	373	1
90	376	-1
90	379	1
90	381	-1
90	383	-1
90	386	-1
90	387	-1
90	388	1
90	392	-1
90	393	1
90	397	1
90	398	-1
90	399	1
90	409	1
90	418	1
90	423	1
90	425	1
90	426	1
90	429	1
90	430	-1
90	431	-1
90	432	-1
90	433	1
90	434	-1
90	436	1
90	440	1
90	442	-1
90	446	1
90	448	-1
90	449	-1
90	450	1
90	452	-1
90	453	1
90	461	1
90	465	1
90	467	1
90	479	-1
90	481	-1
90	482	1
90	485	-1
90	486	1
90	490	-1
90	493	1
90	496	1
91	92	1
91	93	-1
91	94	1
91	95	1
91	96	1
91	97	1
91	98	1
91	99	1
91	101	1
91	103	-1
91	109	1
91	113	-1
91	116	1
91	119	1
91	126	-1
91	131	-1
91	132	-1
91	134	1
91	136	1
91	139	1
91	140	-1
91	145	-1
91	151	-1
91	152	1
91	154	1
91	159	-1
91	166	1
91	168	1
91	174	-1
91	177	1
91	178	-1
91	179	-1
91	181	1
91	182	-1
91	184	1
91	186	1
91	188	1
91	189	-1
91	190	1
91	191	-1
91	194	-1
91	195	1
91	201	-1
91	210	-1
91	215	1
91	217	-1
91	221	1
91	222	-1
91	223	1
91	224	1
91	227	-1
91	229	-1
91	231	1
91	236	1
91	239	1
91	240	1
91	243	1
91	245	1
91	249	1
91	251	-1
91	257	1
91	258	1
91	259	1
91	268	-1
91	272	1
91	282	1
91	286	-1
91	287	-1
91	288	1
91	291	-1
91	293	-1
91	298	-1
91	301	1
91	304	-1
91	307	1
91	309	1
91	310	-1
91	312	-1
91	313	1
91	316	-1
91	320	1
91	321	1
91	329	1
91	334	-1
91	335	1
91	339	-1
91	340	1
91	342	1
91	344	-1
91	346	1
91	349	-1
91	358	1
91	361	1
91	365	1
91	366	1
91	368	-1
91	371	1
91	372	1
91	373	-1
91	374	1
91	378	-1
91	381	-1
91	383	1
91	387	-1
91	391	-1
91	393	1
91	395	-1
91	400	1
91	402	-1
91	404	-1
91	407	-1
91	408	-1
91	411	1
91	414	-1
91	418	1
91	419	1
91	420	-1
91	421	1
91	424	-1
91	428	-1
91	433	-1
91	434	1
91	443	-1
91	445	1
91	448	1
91	449	1
91	452	1
91	453	-1
91	454	-1
91	461	1
91	462	1
91	463	-1
91	465	-1
91	466	-1
91	467	-1
91	470	1
91	473	1
91	476	-1
91	479	1
91	482	1
91	483	-1
91	486	1
91	487	1
91	489	-1
92	93	1
92	94	1
92	95	1
92	97	1
92	98	1
92	99	-1
92	103	-1
92	105	1
92	109	-1
92	110	1
92	119	-1
92	123	-1
92	127	1
92	128	-1
92	131	-1
92	133	-1
92	134	1
92	138	-1
92	139	1
92	141	1
92	149	-1
92	150	-1
92	152	1
92	155	-1
92	158	-1
92	159	1
92	166	-1
92	169	-1
92	170	-1
92	171	1
92	174	1
92	176	-1
92	185	-1
92	186	1
92	192	1
92	195	-1
92	198	1
92	202	1
92	206	-1
92	208	-1
92	218	-1
92	222	-1
92	226	-1
92	231	-1
92	233	-1
92	236	1
92	245	1
92	246	1
92	247	-1
92	248	-1
92	251	1
92	253	1
92	254	1
92	256	1
92	257	1
92	259	-1
92	261	-1
92	262	1
92	263	-1
92	264	-1
92	265	-1
92	267	-1
92	268	1
92	269	1
92	273	-1
92	275	-1
92	279	1
92	281	1
92	284	1
92	285	1
92	286	1
92	291	1
92	294	-1
92	296	1
92	300	-1
92	301	1
92	302	1
92	304	-1
92	307	-1
92	311	1
92	312	-1
92	324	-1
92	325	-1
92	328	1
92	329	1
92	330	1
92	335	1
92	337	1
92	340	1
92	351	-1
92	353	-1
92	355	-1
92	360	1
92	363	1
92	364	-1
92	376	1
92	379	-1
92	384	-1
92	390	1
92	392	-1
92	394	1
92	396	-1
92	397	-1
92	399	1
92	400	1
92	403	1
92	405	-1
92	406	1
92	407	1
92	410	-1
92	412	1
92	417	-1
92	421	1
92	425	-1
92	427	-1
92	428	-1
92	431	-1
92	432	-1
92	433	-1
92	436	-1
92	438	-1
92	440	-1
92	445	-1
92	450	-1
92	454	-1
92	462	-1
92	467	1
92	469	1
92	470	-1
92	471	-1
92	472	-1
92	475	1
92	476	-1
92	483	-1
92	484	-1
92	487	-1
92	489	1
92	490	1
92	491	-1
92	493	1
92	494	-1
92	496	1
93	94	1
93	95	1
93	97	1
93	98	1
93	99	1
93	103	-1
93	105	1
93	107	-1
93	110	1
93	111	1
93	115	-1
93	119	-1
93	121	1
93	122	1
93	125	-1
93	126	-1
93	129	1
93	130	-1
93	135	1
93	136	-1
93	145	-1
93	146	-1
93	150	-1
93	155	-1
93	157	-1
93	162	1
93	165	-1
93	169	1
93	170	-1
93	172	1
93	174	1
93	178	1
93	179	-1
93	187	-1
93	188	1
93	189	1
93	194	1
93	195	-1
93	196	-1
93	197	1
93	202	1
93	207	-1
93	213	-1
93	214	-1
93	216	-1
93	217	-1
93	220	-1
93	222	1
93	226	1
93	229	1
93	230	-1
93	231	-1
93	243	-1
93	244	-1
93	245	1
93	255	1
93	260	1
93	264	-1
93	265	1
93	267	1
93	268	-1
93	270	1
93	271	-1
93	274	-1
93	275	-1
93	276	-1
93	277	-1
93	281	-1
93	285	1
93	286	1
93	289	-1
93	292	-1
93	293	1
93	296	1
93	298	-1
93	299	-1
93	302	-1
93	308	-1
93	311	-1
93	313	-1
93	316	1
93	318	-1
93	325	1
93	328	1
93	329	1
93	331	-1
93	332	-1
93	333	1
93	344	-1
93	346	-1
93	350	1
93	354	-1
93	356	-1
93	361	-1
93	367	1
93	368	-1
93	370	1
93	372	1
93	375	1
93	380	-1
93	388	-1
93	391	1
93	394	1
93	398	-1
93	399	-1
93	403	-1
93	404	-1
93	410	1
93	411	1
93	412	1
93	415	1
93	416	-1
93	421	1
93	425	-1
93	426	1
93	427	-1
93	428	-1
93	429	1
93	437	1
93	440	-1
93	443	1
93	450	-1
93	452	1
93	455	1
93	460	1
93	464	-1
93	467	1
93	468	1
93	478	1
93	481	1
93	482	1
93	483	-1
93	484	-1
93	485	-1
93	487	1
93	493	-1
93	494	1
93	498	1
94	95	1
94	96	1
94	97	1
94	98	1
94	99	1
94	101	-1
94	106	-1
94	107	1
94	109	-1
94	114	1
94	116	1
94	117	-1
94	118	-1
94	124	-1
94	125	1
94	126	-1
94	133	1
94	134	1
94	137	1
94	140	-1
94	142	-1
94	146	1
94	149	-1
94	155	1
94	156	1
94	158	1
94	159	-1
94	160	-1
94	163	-1
94	165	1
94	167	-1
94	170	1
94	171	-1
94	172	-1
94	178	1
94	180	1
94	185	-1
94	188	-1
94	191	-1
94	195	-1
94	196	1
94	197	1
94	199	1
94	204	1
94	207	-1
94	208	1
94	209	1
94	211	-1
94	212	1
94	214	-1
94	221	-1
94	225	-1
94	226	-1
94	228	-1
94	229	-1
94	230	1
94	236	1
94	244	-1
94	245	-1
94	247	-1
94	249	1
94	251	-1
94	252	1
94	253	-1
94	257	1
94	258	1
94	259	1
94	261	-1
94	262	1
94	263	-1
94	264	1
94	265	1
94	266	-1
94	270	1
94	273	1
94	275	-1
94	277	-1
94	279	-1
94	280	-1
94	284	1
94	288	-1
94	289	-1
94	291	1
94	292	1
94	303	1
94	308	-1
94	312	1
94	316	1
94	321	-1
94	324	1
94	327	-1
94	328	-1
94	331	1
94	335	-1
94	337	-1
94	338	-1
94	343	1
94	344	-1
94	347	-1
94	348	-1
94	355	1
94	356	1
94	365	-1
94	368	1
94	370	1
94	371	1
94	372	-1
94	374	1
94	375	1
94	376	1
94	378	-1
94	381	1
94	383	-1
94	384	1
94	385	-1
94	389	-1
94	392	1
94	397	1
94	400	-1
94	404	1
94	406	1
94	415	1
94	420	-1
94	421	1
94	427	-1
94	435	-1
94	436	-1
94	438	1
94	440	1
94	443	-1
94	444	1
94	445	-1
94	449	-1
94	454	-1
94	465	-1
94	467	-1
94	468	-1
94	469	1
94	471	1
94	472	-1
94	476	1
94	477	1
94	478	-1
94	483	-1
94	484	-1
94	488	1
94	490	1
95	96	1
95	97	1
95	98	1
95	99	1
95	104	-1
95	107	-1
95	110	-1
95	113	-1
95	115	1
95	121	-1
95	122	-1
95	124	-1
95	125	1
95	127	1
95	129	1
95	133	1
95	134	1
95	136	1
95	139	-1
95	140	-1
95	141	1
95	143	-1
95	144	1
95	145	1
95	147	1
95	148	1
95	151	1
95	153	1
95	155	-1
95	157	1
95	158	-1
95	161	-1
95	163	1
95	167	-1
95	171	1
95	175	1
95	176	-1
95	179	1
95	180	1
95	187	-1
95	189	-1
95	191	1
95	204	1
95	211	1
95	213	1
95	214	1
95	217	-1
95	220	-1
95	224	1
95	225	-1
95	226	1
95	228	-1
95	231	1
95	232	-1
95	235	1
95	236	1
95	239	-1
95	241	-1
95	243	1
95	249	1
95	251	1
95	252	-1
95	254	-1
95	257	-1
95	262	-1
95	263	1
95	264	1
95	268	-1
95	269	-1
95	270	-1
95	271	-1
95	274	1
95	279	-1
95	281	1
95	283	1
95	285	1
95	287	-1
95	288	-1
95	289	-1
95	290	-1
95	291	1
95	292	1
95	295	1
95	297	-1
95	304	1
95	306	1
95	307	-1
95	309	-1
95	312	1
95	316	-1
95	317	-1
95	325	-1
95	329	-1
95	335	-1
95	337	1
95	338	-1
95	339	1
95	340	1
95	343	1
95	349	-1
95	350	-1
95	351	1
95	352	-1
95	353	-1
95	356	-1
95	358	-1
95	369	1
95	370	1
95	382	1
95	384	1
95	385	-1
95	387	1
95	389	1
95	391	-1
95	392	1
95	395	1
95	397	-1
95	400	1
95	408	1
95	412	1
95	414	-1
95	425	-1
95	426	1
95	434	1
95	443	-1
95	444	1
95	446	1
95	447	-1
95	450	1
95	452	-1
95	453	1
95	456	1
95	458	1
95	460	1
95	461	1
95	462	-1
95	465	1
95	467	1
95	470	-1
95	471	-1
95	474	-1
95	475	1
95	476	1
95	479	1
95	488	1
95	490	1
95	493	1
95	495	1
95	498	1
95	499	1
96	97	1
96	98	1
96	99	1
96	102	-1
96	104	-1
96	106	1
96	108	1
96	110	-1
96	111	1
96	113	-1
96	116	-1
96	117	-1
96	118	-1
96	123	1
96	124	-1
96	125	-1
96	126	-1
96	128	1
96	132	-1
96	135	-1
96	138	1
96	139	1
96	141	1
96	142	-1
96	143	-1
96	144	-1
96	149	-1
96	150	1
96	154	1
96	155	1
96	156	1
96	163	-1
96	164	-1
96	166	1
96	167	-1
96	169	1
96	172	-1
96	173	1
96	174	-1
96	175	-1
96	176	-1
96	177	-1
96	180	-1
96	185	1
96	187	-1
96	188	-1
96	189	-1
96	190	1
96	192	-1
96	195	-1
96	197	1
96	199	1
96	205	1
96	206	1
96	207	1
96	222	-1
96	225	1
96	226	-1
96	227	-1
96	230	1
96	235	-1
96	239	-1
96	240	-1
96	241	-1
96	243	1
96	248	1
96	255	-1
96	259	-1
96	261	1
96	265	1
96	266	-1
96	270	1
96	271	1
96	276	-1
96	278	1
96	279	-1
96	282	1
96	284	1
96	285	-1
96	288	-1
96	289	1
96	297	-1
96	299	1
96	300	1
96	301	1
96	302	-1
96	304	-1
96	309	1
96	312	1
96	317	1
96	320	-1
96	322	-1
96	323	1
96	325	1
96	326	-1
96	327	-1
96	329	1
96	332	-1
96	333	1
96	334	1
96	340	1
96	346	1
96	348	-1
96	349	-1
96	350	-1
96	351	1
96	352	1
96	353	1
96	354	-1
96	359	1
96	368	1
96	373	-1
96	375	1
96	376	-1
96	380	-1
96	381	-1
96	382	1
96	384	-1
96	385	-1
96	392	1
96	394	1
96	403	1
96	407	-1
96	413	1
96	414	1
96	417	-1
96	422	-1
96	425	-1
96	428	-1
96	429	1
96	433	1
96	434	1
96	435	1
96	437	-1
96	438	1
96	439	-1
96	445	1
96	446	1
96	447	-1
96	456	-1
96	457	1
96	458	1
96	466	1
96	467	-1
96	471	-1
96	472	-1
96	476	1
96	483	-1
96	484	-1
96	489	1
96	491	1
96	496	-1
96	497	-1
97	98	1
97	99	-1
97	100	1
97	102	1
97	103	1
97	111	1
97	115	-1
97	116	1
97	118	1
97	119	1
97	121	-1
97	128	-1
97	129	1
97	135	1
97	142	1
97	143	1
97	148	1
97	151	-1
97	152	-1
97	153	1
97	155	-1
97	156	-1
97	158	-1
97	162	-1
97	163	1
97	169	1
97	170	1
97	171	-1
97	179	-1
97	185	1
97	192	-1
97	195	-1
97	196	1
97	197	1
97	198	1
97	199	-1
97	202	-1
97	204	-1
97	205	-1
97	206	1
97	209	1
97	212	1
97	215	-1
97	216	1
97	218	1
97	221	-1
97	222	-1
97	223	1
97	228	1
97	229	-1
97	230	-1
97	235	1
97	240	1
97	244	1
97	245	1
97	246	-1
97	248	-1
97	250	1
97	254	-1
97	256	1
97	258	1
97	260	1
97	264	-1
97	266	1
97	271	-1
97	275	-1
97	279	-1
97	286	1
97	290	1
97	291	-1
97	292	-1
97	293	1
97	300	1
97	304	1
97	307	1
97	308	-1
97	313	-1
97	315	1
97	316	1
97	317	-1
97	319	-1
97	326	-1
97	328	-1
97	330	-1
97	332	-1
97	334	-1
97	335	1
97	336	-1
97	337	1
97	338	1
97	339	1
97	341	1
97	342	-1
97	344	-1
97	347	1
97	353	-1
97	355	1
97	357	-1
97	360	1
97	362	1
97	363	1
97	368	1
97	373	1
97	380	1
97	381	1
97	385	1
97	388	1
97	389	1
97	391	-1
97	393	1
97	394	1
97	395	-1
97	396	1
97	398	1
97	399	1
97	400	-1
97	401	-1
97	410	-1
97	416	1
97	421	-1
97	424	1
97	427	1
97	434	1
97	436	-1
97	437	-1
97	438	1
97	447	1
97	450	-1
97	452	1
97	454	-1
97	458	-1
97	461	1
97	463	1
97	465	1
97	467	-1
97	468	-1
97	471	-1
97	473	-1
97	480	1
97	483	1
97	487	1
97	488	1
97	489	-1
97	492	-1
97	495	-1
97	496	1
97	498	1
98	99	-1
98	104	1
98	107	1
98	108	-1
98	109	1
98	113	-1
98	115	1
98	117	-1
98	118	-1
98	120	-1
98	123	1
98	125	-1
98	127	-1
98	128	1
98	129	1
98	133	-1
98	136	-1
98	137	-1
98	139	1
98	148	1
98	149	1
98	150	1
98	153	1
98	155	-1
98	163	1
98	164	1
98	166	-1
98	167	-1
98	168	-1
98	174	1
98	184	-1
98	187	-1
98	188	-1
98	190	1
98	192	1
98	193	-1
98	196	-1
98	199	-1
98	205	1
98	208	-1
98	211	-1
98	212	1
98	215	1
98	216	1
98	217	-1
98	221	-1
98	227	1
98	230	1
98	232	-1
98	233	1
98	235	1
98	237	1
98	242	-1
98	243	-1
98	247	-1
98	249	-1
98	250	-1
98	256	1
98	259	1
98	262	1
98	264	-1
98	274	1
98	275	1
98	277	1
98	278	-1
98	283	1
98	285	1
98	286	1
98	289	-1
98	290	-1
98	297	-1
98	298	1
98	306	1
98	310	-1
98	312	-1
98	320	1
98	326	-1
98	327	1
98	328	-1
98	330	1
98	331	-1
98	333	1
98	334	1
98	335	-1
98	337	1
98	338	1
98	339	1
98	341	1
98	344	1
98	345	-1
98	347	1
98	348	-1
98	362	-1
98	367	-1
98	374	1
98	376	1
98	377	1
98	379	1
98	381	-1
98	384	1
98	395	1
98	398	-1
98	399	-1
98	404	1
98	406	1
98	411	-1
98	413	1
98	415	-1
98	420	-1
98	421	-1
98	426	-1
98	427	-1
98	431	1
98	432	-1
98	433	-1
98	438	-1
98	439	1
98	444	1
98	445	1
98	446	1
98	447	1
98	449	1
98	450	1
98	451	1
98	457	-1
98	459	-1
98	460	1
98	462	1
98	470	-1
98	472	-1
98	474	-1
98	475	-1
98	476	-1
98	477	1
98	478	1
98	480	1
98	482	1
98	484	-1
98	485	1
98	486	-1
98	491	1
98	495	1
98	497	-1
98	498	-1
98	499	1
99	101	1
99	102	1
99	103	1
99	105	-1
99	106	-1
99	107	1
99	108	1
99	111	1
99	113	-1
99	114	1
99	119	1
99	120	-1
99	121	1
99	123	1
99	124	-1
99	125	1
99	127	-1
99	129	-1
99	133	-1
99	140	-1
99	141	-1
99	142	1
99	144	1
99	146	1
99	150	1
99	151	1
99	155	1
99	157	-1
99	161	-1
99	162	1
99	164	-1
99	167	-1
99	176	-1
99	177	1
99	178	-1
99	179	-1
99	181	1
99	187	1
99	188	-1
99	194	-1
99	199	-1
99	202	-1
99	208	-1
99	210	1
99	214	1
99	215	1
99	221	1
99	222	-1
99	223	-1
99	224	1
99	225	1
99	226	-1
99	229	-1
99	230	1
99	232	1
99	234	1
99	243	1
99	249	1
99	252	-1
99	254	-1
99	257	1
99	258	-1
99	261	1
99	262	-1
99	264	-1
99	265	1
99	272	-1
99	274	-1
99	275	-1
99	277	1
99	280	-1
99	281	1
99	287	-1
99	288	1
99	292	-1
99	294	-1
99	300	-1
99	305	1
99	315	-1
99	320	-1
99	322	-1
99	323	1
99	324	1
99	327	1
99	328	-1
99	333	-1
99	335	1
99	344	1
99	346	-1
99	358	1
99	361	1
99	366	-1
99	369	1
99	371	1
99	377	1
99	378	-1
99	380	1
99	381	1
99	385	-1
99	387	-1
99	390	1
99	391	-1
99	393	1
99	394	-1
99	395	1
99	399	1
99	404	-1
99	406	-1
99	407	1
99	412	1
99	413	-1
99	416	1
99	417	-1
99	419	1
99	424	1
99	433	-1
99	435	-1
99	436	-1
99	438	1
99	443	-1
99	447	-1
99	451	1
99	456	-1
99	458	1
99	459	1
99	460	-1
99	462	1
99	466	-1
99	470	1
99	472	-1
99	476	-1
99	480	-1
99	485	1
99	487	1
99	490	-1
99	493	1
99	494	-1
99	496	-1
99	497	-1
100	103	1
100	105	-1
100	115	-1
100	116	-1
100	118	-1
100	119	1
100	123	1
100	128	-1
100	130	-1
100	133	-1
100	137	-1
100	140	1
100	141	-1
100	142	-1
100	148	1
100	149	1
100	151	1
100	153	1
100	154	-1
100	164	-1
100	168	-1
100	173	-1
100	182	1
100	190	1
100	195	-1
100	210	1
100	211	1
100	212	-1
100	213	1
100	223	1
100	224	1
100	226	1
100	229	1
100	231	-1
100	234	1
100	235	-1
100	237	-1
100	238	-1
100	240	-1
100	241	1
100	244	1
100	246	1
100	247	1
100	248	1
100	249	-1
100	254	1
100	256	-1
100	263	1
100	270	1
100	271	1
100	272	-1
100	276	1
100	279	-1
100	283	-1
100	287	1
100	288	-1
100	290	-1
100	291	1
100	295	-1
100	301	1
100	305	1
100	309	1
100	313	1
100	314	1
100	318	1
100	319	-1
100	323	-1
100	331	1
100	336	1
100	340	1
100	342	1
100	343	1
100	344	-1
100	346	1
100	353	1
100	355	1
100	360	1
100	361	-1
100	362	1
100	366	-1
100	368	-1
100	370	1
100	371	1
100	375	1
100	376	-1
100	378	-1
100	379	-1
100	381	-1
100	385	1
100	387	1
100	394	1
100	396	1
100	397	-1
100	399	-1
100	402	1
100	405	-1
100	406	1
100	411	1
100	413	-1
100	416	1
100	418	1
100	419	1
100	422	-1
100	425	-1
100	429	1
100	431	1
100	436	1
100	440	-1
100	444	-1
100	448	1
100	449	-1
100	452	1
100	458	1
100	464	1
100	469	-1
100	470	1
100	472	-1
100	473	1
100	476	1
100	482	-1
100	487	1
100	490	1
100	493	1
100	495	1
100	496	-1
100	498	-1
100	499	1
101	106	1
101	115	-1
101	116	1
101	119	1
101	121	-1
101	126	-1
101	129	1
101	132	-1
101	134	1
101	140	-1
101	141	-1
101	142	1
101	147	1
101	148	1
101	150	-1
101	151	1
101	153	1
101	155	-1
101	156	-1
101	158	1
101	165	1
101	167	1
101	169	1
101	174	-1
101	178	1
101	180	1
101	184	-1
101	185	-1
101	186	-1
101	193	-1
101	194	-1
101	196	-1
101	197	-1
101	198	-1
101	202	1
101	206	-1
101	208	1
101	211	-1
101	212	-1
101	218	-1
101	221	-1
101	226	-1
101	227	-1
101	229	1
101	232	1
101	233	1
101	234	1
101	239	1
101	240	-1
101	244	1
101	247	1
101	248	1
101	251	-1
101	257	1
101	259	1
101	262	1
101	264	-1
101	267	-1
101	269	-1
101	271	-1
101	275	1
101	278	-1
101	283	1
101	285	1
101	289	1
101	290	1
101	294	1
101	295	1
101	298	1
101	300	-1
101	304	-1
101	306	1
101	308	1
101	313	-1
101	315	1
101	323	1
101	327	1
101	330	1
101	331	-1
101	333	-1
101	340	-1
101	348	-1
101	350	-1
101	364	-1
101	372	-1
101	373	-1
101	381	-1
101	382	-1
101	385	1
101	399	-1
101	403	1
101	404	-1
101	405	-1
101	406	-1
101	407	1
101	408	1
101	410	-1
101	411	1
101	415	1
101	416	1
101	421	-1
101	422	-1
101	425	1
101	430	1
101	431	1
101	432	1
101	433	1
101	443	1
101	444	-1
101	445	-1
101	446	-1
101	451	1
101	452	1
101	453	-1
101	454	1
101	456	-1
101	457	-1
101	462	-1
101	465	-1
101	473	-1
101	475	-1
101	476	1
101	481	-1
101	488	1
101	493	-1
101	499	-1
102	103	1
102	111	-1
102	118	-1
102	119	1
102	122	-1
102	127	-1
102	131	-1
102	132	1
102	135	1
102	136	-1
102	137	-1
102	138	-1
102	143	1
102	146	-1
102	148	-1
102	150	-1
102	153	-1
102	154	1
102	155	-1
102	157	1
102	163	1
102	164	1
102	165	-1
102	166	-1
102	169	-1
102	174	-1
102	178	1
102	179	-1
102	186	1
102	188	1
102	193	1
102	199	-1
102	200	1
102	205	-1
102	209	-1
102	210	1
102	211	1
102	212	-1
102	223	-1
102	224	1
102	226	-1
102	227	-1
102	229	-1
102	230	1
102	235	1
102	243	-1
102	248	-1
102	253	1
102	255	1
102	256	1
102	264	-1
102	265	-1
102	269	-1
102	275	-1
102	278	-1
102	283	1
102	285	1
102	287	-1
102	288	1
102	289	-1
102	290	-1
102	293	-1
102	294	1
102	295	-1
102	296	1
102	297	1
102	299	1
102	300	-1
102	302	1
102	307	-1
102	309	1
102	315	1
102	316	-1
102	319	-1
102	322	-1
102	324	1
102	327	1
102	329	1
102	331	-1
102	340	-1
102	341	-1
102	344	-1
102	345	-1
102	351	-1
102	353	-1
102	354	-1
102	359	1
102	363	1
102	364	1
102	368	-1
102	373	1
102	375	1
102	376	-1
102	378	1
102	385	-1
102	386	1
102	388	1
102	392	1
102	393	-1
102	396	-1
102	397	1
102	399	1
102	404	-1
102	410	-1
102	422	1
102	423	-1
102	428	-1
102	431	1
102	434	1
102	439	1
102	446	1
102	449	1
102	454	1
102	455	1
102	457	-1
102	461	-1
102	463	1
102	464	1
102	465	1
102	467	1
102	477	1
102	478	-1
102	492	1
102	495	1
102	496	-1
102	499	1
103	104	-1
103	106	1
103	107	-1
103	108	-1
103	110	-1
103	112	-1
103	114	-1
103	115	-1
103	121	-1
103	129	1
103	130	-1
103	132	-1
103	133	1
103	138	-1
103	140	1
103	141	1
103	144	1
103	145	1
103	146	-1
103	147	1
103	152	-1
103	153	1
103	164	-1
103	165	1
103	168	1
103	169	1
103	171	-1
103	172	-1
103	174	1
103	177	-1
103	181	1
103	185	1
103	186	-1
103	187	-1
103	188	1
103	191	1
103	192	1
103	193	1
103	194	-1
103	197	1
103	198	-1
103	200	-1
103	201	1
103	203	1
103	204	-1
103	206	-1
103	209	1
103	210	1
103	214	-1
103	223	1
103	224	1
103	231	1
103	233	-1
103	238	-1
103	239	-1
103	243	1
103	244	1
103	245	-1
103	247	1
103	255	1
103	256	-1
103	258	1
103	260	1
103	262	-1
103	263	-1
103	272	-1
103	274	-1
103	278	-1
103	284	1
103	286	-1
103	291	-1
103	292	1
103	293	1
103	294	1
103	299	-1
103	302	1
103	303	1
103	307	1
103	309	-1
103	311	1
103	316	1
103	321	-1
103	324	1
103	327	-1
103	335	-1
103	346	-1
103	350	-1
103	354	1
103	361	1
103	363	-1
103	365	-1
103	366	1
103	374	-1
103	381	-1
103	388	1
103	392	-1
103	393	1
103	396	1
103	397	1
103	399	1
103	402	-1
103	410	-1
103	413	1
103	415	-1
103	422	-1
103	426	1
103	428	1
103	450	-1
103	455	-1
103	461	-1
103	465	1
103	467	1
103	469	-1
103	472	1
103	473	-1
103	475	-1
103	478	1
103	480	-1
103	483	-1
103	492	1
103	493	-1
103	495	1
103	497	-1
104	106	1
104	111	1
104	114	1
104	118	-1
104	126	-1
104	128	-1
104	141	1
104	142	-1
104	143	-1
104	146	-1
104	148	-1
104	150	-1
104	153	-1
104	157	1
104	158	-1
104	160	-1
104	162	1
104	163	1
104	165	1
104	166	1
104	167	-1
104	170	1
104	173	-1
104	174	1
104	175	-1
104	176	1
104	181	-1
104	183	-1
104	188	1
104	191	1
104	194	-1
104	195	-1
104	201	-1
104	207	-1
104	209	1
104	210	-1
104	216	1
104	218	1
104	219	1
104	223	-1
104	224	1
104	226	1
104	227	1
104	231	-1
104	232	1
104	237	1
104	240	1
104	242	-1
104	243	1
104	246	-1
104	247	1
104	257	1
104	262	-1
104	267	-1
104	269	1
104	276	1
104	277	-1
104	278	-1
104	279	1
104	281	1
104	283	-1
104	284	-1
104	286	1
104	291	1
104	292	1
104	298	-1
104	304	1
104	305	1
104	313	1
104	315	1
104	320	-1
104	325	1
104	329	-1
104	331	1
104	333	1
104	342	1
104	349	-1
104	352	1
104	355	-1
104	356	-1
104	357	-1
104	358	1
104	359	1
104	360	-1
104	361	-1
104	362	1
104	365	-1
104	373	1
104	375	-1
104	376	1
104	378	-1
104	380	1
104	392	-1
104	396	-1
104	400	1
104	409	1
104	411	1
104	415	-1
104	418	1
104	419	-1
104	420	1
104	424	1
104	432	1
104	434	-1
104	435	1
104	436	1
104	442	1
104	445	1
104	446	-1
104	450	-1
104	459	1
104	460	-1
104	462	-1
104	463	-1
104	464	-1
104	468	-1
104	470	1
104	471	-1
104	472	1
104	482	1
104	489	1
104	494	-1
104	496	-1
105	106	-1
105	107	-1
105	112	-1
105	118	-1
105	119	1
105	123	-1
105	128	1
105	133	-1
105	134	1
105	136	-1
105	148	-1
105	151	1
105	156	-1
105	157	-1
105	158	-1
105	159	1
105	160	1
105	162	-1
105	163	1
105	165	1
105	168	1
105	169	1
105	172	-1
105	174	1
105	177	-1
105	184	1
105	186	-1
105	188	-1
105	189	1
105	191	1
105	192	-1
105	193	-1
105	196	-1
105	198	1
105	200	-1
105	201	-1
105	203	1
105	215	-1
105	216	-1
105	220	-1
105	221	1
105	225	-1
105	226	1
105	227	1
105	228	1
105	239	-1
105	243	-1
105	246	-1
105	249	-1
105	250	-1
105	257	-1
105	260	-1
105	264	1
105	270	-1
105	271	1
105	274	-1
105	277	1
105	282	1
105	283	1
105	286	-1
105	292	-1
105	296	1
105	298	-1
105	302	-1
105	306	1
105	316	1
105	317	-1
105	318	1
105	319	1
105	322	-1
105	327	-1
105	330	1
105	331	1
105	333	1
105	336	-1
105	344	-1
105	347	-1
105	348	1
105	352	-1
105	353	1
105	356	-1
105	362	-1
105	363	-1
105	364	-1
105	366	1
105	367	1
105	368	1
105	369	-1
105	370	1
105	371	1
105	372	1
105	373	1
105	379	1
105	380	1
105	381	-1
105	382	-1
105	383	-1
105	388	1
105	390	1
105	391	1
105	394	-1
105	395	-1
105	398	1
105	402	-1
105	404	-1
105	405	1
105	407	-1
105	411	1
105	413	1
105	414	1
105	418	1
105	421	1
105	425	1
105	427	1
105	432	-1
105	433	1
105	434	-1
105	440	-1
105	441	-1
105	443	1
105	445	-1
105	452	-1
105	460	1
105	461	-1
105	462	1
105	463	1
105	470	-1
105	472	1
105	480	-1
105	481	1
105	484	1
105	487	-1
105	499	1
106	107	-1
106	109	-1
106	110	1
106	114	-1
106	117	1
106	119	-1
106	123	1
106	126	1
106	127	-1
106	130	1
106	132	-1
106	135	-1
106	139	-1
106	142	1
106	145	1
106	148	1
106	149	1
106	150	1
106	159	-1
106	162	-1
106	164	1
106	167	-1
106	169	1
106	172	-1
106	173	1
106	175	1
106	177	1
106	180	1
106	182	-1
106	184	1
106	189	-1
106	190	1
106	191	1
106	193	1
106	194	-1
106	196	1
106	197	-1
106	205	1
106	206	-1
106	208	-1
106	210	1
106	211	-1
106	212	1
106	215	-1
106	217	1
106	227	1
106	228	-1
106	231	1
106	233	-1
106	234	1
106	235	1
106	236	1
106	240	1
106	243	-1
106	245	-1
106	249	-1
106	252	-1
106	253	-1
106	255	-1
106	261	1
106	267	1
106	268	-1
106	269	1
106	272	-1
106	275	1
106	277	1
106	279	1
106	280	1
106	281	1
106	282	1
106	287	1
106	289	-1
106	293	-1
106	294	-1
106	299	1
106	301	1
106	302	-1
106	303	1
106	306	1
106	311	-1
106	312	1
106	317	-1
106	318	-1
106	320	-1
106	321	1
106	326	1
106	327	1
106	328	-1
106	330	1
106	331	1
106	338	-1
106	346	1
106	347	-1
106	349	1
106	351	-1
106	360	1
106	361	1
106	362	1
106	363	1
106	364	1
106	365	1
106	366	-1
106	371	-1
106	376	1
106	383	-1
106	385	-1
106	387	1
106	389	-1
106	391	1
106	393	1
106	399	-1
106	403	-1
106	405	1
106	411	-1
106	412	-1
106	414	1
106	415	1
106	416	-1
106	419	1
106	424	-1
106	427	1
106	430	-1
106	431	-1
106	432	1
106	435	-1
106	436	1
106	437	1
106	440	1
106	441	1
106	445	1
106	448	1
106	451	-1
106	452	-1
106	453	1
106	455	-1
106	457	-1
106	460	-1
106	462	1
106	464	-1
106	465	1
106	468	-1
106	471	1
106	473	-1
106	477	1
106	479	-1
106	481	-1
106	485	-1
106	488	-1
106	489	1
106	491	1
106	493	-1
106	496	-1
106	499	1
107	108	-1
107	112	1
107	113	1
107	119	-1
107	121	1
107	124	1
107	130	1
107	132	-1
107	133	1
107	136	-1
107	137	1
107	138	1
107	140	1
107	145	-1
107	149	1
107	150	1
107	151	-1
107	155	1
107	157	1
107	162	-1
107	165	-1
107	167	-1
107	168	1
107	169	-1
107	177	1
107	179	1
107	180	-1
107	182	1
107	185	-1
107	186	-1
107	188	-1
107	191	-1
107	192	1
107	193	1
107	194	-1
107	196	-1
107	197	1
107	198	1
107	202	-1
107	208	1
107	209	1
107	210	-1
107	217	-1
107	221	-1
107	225	-1
107	226	-1
107	228	1
107	231	-1
107	232	1
107	234	1
107	237	-1
107	238	-1
107	239	1
107	240	1
107	242	1
107	246	-1
107	254	1
107	256	-1
107	259	-1
107	266	-1
107	271	1
107	274	-1
107	276	1
107	277	1
107	278	1
107	280	-1
107	282	-1
107	285	1
107	292	-1
107	293	-1
107	299	-1
107	302	1
107	306	1
107	314	-1
107	321	-1
107	322	1
107	325	-1
107	326	1
107	330	1
107	332	1
107	333	1
107	336	-1
107	337	-1
107	338	1
107	342	-1
107	343	1
107	347	-1
107	351	1
107	352	1
107	358	-1
107	361	-1
107	362	1
107	364	-1
107	369	1
107	370	-1
107	372	-1
107	374	-1
107	376	-1
107	379	-1
107	381	-1
107	383	1
107	386	-1
107	387	1
107	390	-1
107	391	1
107	395	1
107	400	1
107	404	1
107	406	1
107	411	1
107	417	-1
107	420	1
107	424	-1
107	426	1
107	427	-1
107	428	-1
107	429	1
107	431	-1
107	432	-1
107	435	1
107	436	1
107	437	1
107	438	-1
107	441	1
107	442	1
107	443	1
107	447	-1
107	460	-1
107	466	1
107	467	-1
107	469	1
107	473	1
107	474	1
107	478	1
107	480	-1
107	482	-1
107	484	1
107	485	1
107	490	1
107	491	1
107	493	1
107	499	-1
108	115	-1
108	116	1
108	119	1
108	124	1
108	125	-1
108	128	1
108	132	-1
108	133	-1
108	134	-1
108	137	-1
108	140	-1
108	147	-1
108	149	1
108	150	-1
108	153	-1
108	158	-1
108	161	1
108	162	-1
108	165	1
108	168	1
108	181	1
108	186	-1
108	188	-1
108	189	1
108	192	1
108	195	-1
108	196	1
108	200	-1
108	203	1
108	206	1
108	209	1
108	211	-1
108	214	1
108	218	-1
108	221	-1
108	222	1
108	224	-1
108	225	-1
108	227	-1
108	233	1
108	235	-1
108	236	1
108	242	-1
108	245	1
108	252	1
108	254	1
108	259	1
108	260	-1
108	266	-1
108	267	-1
108	271	1
108	272	-1
108	273	-1
108	274	-1
108	275	-1
108	279	1
108	283	1
108	285	-1
108	287	-1
108	288	1
108	295	-1
108	297	-1
108	306	-1
108	307	-1
108	309	-1
108	311	-1
108	317	-1
108	320	1
108	321	-1
108	322	-1
108	328	1
108	330	-1
108	334	-1
108	337	1
108	341	1
108	343	-1
108	346	1
108	348	-1
108	350	-1
108	351	1
108	356	-1
108	361	1
108	365	1
108	366	1
108	367	1
108	368	1
108	369	-1
108	370	-1
108	371	1
108	372	-1
108	375	1
108	377	-1
108	380	1
108	384	-1
108	386	-1
108	391	1
108	397	-1
108	399	-1
108	401	1
108	404	-1
108	405	-1
108	407	1
108	414	1
108	418	1
108	422	-1
108	423	1
108	431	1
108	433	1
108	437	-1
108	439	-1
108	440	1
108	443	1
108	444	-1
108	446	-1
108	452	1
108	453	-1
108	454	1
108	455	1
108	457	-1
108	459	-1
108	462	-1
108	463	-1
108	464	1
108	466	-1
108	467	-1
108	468	1
108	473	-1
108	474	1
108	475	-1
108	480	-1
108	481	1
108	482	1
108	488	-1
108	492	1
108	497	-1
109	112	1
109	113	1
109	114	-1
109	117	-1
109	119	-1
109	121	-1
109	128	-1
109	132	1
109	134	1
109	136	-1
109	144	1
109	145	-1
109	146	1
109	152	1
109	153	-1
109	157	1
109	161	1
109	164	-1
109	165	-1
109	169	1
109	172	1
109	174	-1
109	175	1
109	180	1
109	182	1
109	190	-1
109	191	-1
109	194	-1
109	197	-1
109	198	1
109	199	-1
109	201	-1
109	205	-1
109	207	1
109	208	1
109	212	1
109	214	-1
109	217	-1
109	219	-1
109	220	1
109	222	-1
109	223	1
109	225	1
109	228	-1
109	232	1
109	236	-1
109	241	1
109	245	-1
109	247	1
109	259	-1
109	260	1
109	262	-1
109	267	1
109	268	-1
109	273	1
109	276	-1
109	279	1
109	281	-1
109	284	1
109	285	-1
109	287	1
109	296	-1
109	298	-1
109	300	1
109	304	1
109	307	-1
109	312	-1
109	313	1
109	315	-1
109	316	-1
109	317	1
109	325	1
109	326	-1
109	327	-1
109	331	1
109	335	1
109	336	-1
109	338	1
109	340	-1
109	342	1
109	346	-1
109	350	-1
109	352	-1
109	354	-1
109	360	-1
109	361	1
109	363	-1
109	365	-1
109	367	1
109	373	-1
109	378	-1
109	379	-1
109	385	1
109	387	1
109	389	1
109	390	-1
109	393	1
109	398	-1
109	399	1
109	401	-1
109	402	-1
109	408	-1
109	410	1
109	420	1
109	424	-1
109	426	-1
109	429	1
109	437	1
109	439	-1
109	440	-1
109	441	1
109	448	1
109	449	1
109	457	1
109	463	1
109	468	-1
109	472	-1
109	479	-1
109	481	1
109	485	-1
109	487	-1
109	488	1
109	492	1
109	493	1
109	494	-1
110	116	1
110	119	1
110	123	-1
110	126	-1
110	128	1
110	131	1
110	137	1
110	139	1
110	142	-1
110	143	-1
110	144	-1
110	145	1
110	148	1
110	153	1
110	165	-1
110	170	-1
110	173	-1
110	185	1
110	186	-1
110	198	-1
110	200	1
110	203	1
110	204	-1
110	205	1
110	206	1
110	207	1
110	208	1
110	210	1
110	214	-1
110	215	1
110	217	1
110	226	-1
110	227	1
110	234	1
110	237	-1
110	238	-1
110	241	1
110	242	-1
110	243	1
110	247	-1
110	251	-1
110	252	-1
110	257	-1
110	258	1
110	260	-1
110	261	-1
110	263	1
110	265	1
110	268	-1
110	272	-1
110	274	1
110	277	-1
110	278	1
110	280	1
110	281	-1
110	282	1
110	283	-1
110	287	1
110	291	1
110	299	-1
110	301	1
110	302	1
110	307	1
110	309	-1
110	311	1
110	312	-1
110	314	-1
110	315	1
110	321	1
110	328	1
110	330	-1
110	331	-1
110	338	1
110	339	1
110	340	1
110	345	-1
110	347	1
110	348	1
110	350	1
110	354	-1
110	355	-1
110	356	-1
110	358	-1
110	359	-1
110	361	-1
110	362	-1
110	363	1
110	364	-1
110	365	-1
110	368	-1
110	369	-1
110	374	1
110	375	1
110	376	1
110	377	-1
110	379	1
110	382	1
110	383	-1
110	386	1
110	393	-1
110	397	1
110	398	-1
110	401	1
110	402	1
110	409	-1
110	414	1
110	418	-1
110	419	1
110	424	1
110	427	-1
110	428	-1
110	429	-1
110	430	1
110	433	1
110	437	-1
110	440	1
110	441	-1
110	443	-1
110	445	-1
110	452	-1
110	454	-1
110	455	-1
110	463	1
110	466	1
110	467	-1
110	469	1
110	472	-1
110	481	1
110	483	-1
110	485	-1
110	487	1
110	488	1
110	499	-1
111	115	-1
111	116	1
111	118	1
111	120	1
111	122	-1
111	123	1
111	126	1
111	127	1
111	132	1
111	135	-1
111	139	-1
111	140	1
111	141	1
111	142	1
111	146	-1
111	149	1
111	152	1
111	154	1
111	155	-1
111	158	-1
111	163	-1
111	165	1
111	167	-1
111	168	1
111	170	1
111	171	1
111	172	1
111	175	1
111	176	-1
111	182	-1
111	191	1
111	194	-1
111	196	1
111	198	-1
111	199	-1
111	201	1
111	202	1
111	204	-1
111	209	1
111	221	1
111	224	1
111	228	-1
111	230	1
111	234	1
111	236	1
111	237	1
111	240	-1
111	242	-1
111	244	-1
111	245	1
111	252	1
111	257	1
111	264	-1
111	267	1
111	272	1
111	274	1
111	275	1
111	276	1
111	278	-1
111	280	-1
111	283	-1
111	287	1
111	288	1
111	289	-1
111	290	-1
111	292	1
111	294	-1
111	297	-1
111	298	-1
111	304	1
111	307	-1
111	311	-1
111	316	1
111	318	-1
111	321	1
111	324	1
111	325	-1
111	328	-1
111	330	-1
111	336	1
111	339	-1
111	345	1
111	356	-1
111	358	-1
111	359	1
111	360	1
111	363	-1
111	364	-1
111	366	-1
111	368	1
111	369	1
111	370	1
111	371	-1
111	372	-1
111	378	1
111	381	-1
111	385	-1
111	387	-1
111	389	-1
111	391	-1
111	392	1
111	400	1
111	401	1
111	402	-1
111	407	1
111	409	1
111	410	1
111	414	1
111	416	-1
111	419	-1
111	421	-1
111	424	1
111	433	1
111	435	1
111	443	1
111	446	-1
111	451	-1
111	454	-1
111	458	1
111	459	-1
111	461	-1
111	462	-1
111	470	1
111	472	1
111	478	-1
111	482	1
111	486	-1
111	493	-1
111	495	1
111	499	-1
112	113	-1
112	114	1
112	115	1
112	119	1
112	130	-1
112	131	-1
112	136	-1
112	141	1
112	143	-1
112	145	-1
112	146	-1
112	147	1
112	149	-1
112	152	-1
112	156	-1
112	163	-1
112	164	-1
112	165	-1
112	166	1
112	168	1
112	170	-1
112	175	-1
112	176	-1
112	185	-1
112	187	1
112	191	-1
112	201	1
112	206	-1
112	210	1
112	213	-1
112	214	1
112	215	-1
112	218	1
112	221	-1
112	222	1
112	224	1
112	231	-1
112	234	1
112	235	-1
112	243	1
112	247	-1
112	249	1
112	251	-1
112	252	1
112	255	1
112	259	1
112	260	1
112	266	1
112	267	-1
112	271	-1
112	272	-1
112	278	1
112	281	-1
112	283	1
112	284	-1
112	285	-1
112	287	-1
112	290	1
112	293	1
112	295	-1
112	297	1
112	304	1
112	307	-1
112	308	-1
112	309	1
112	314	-1
112	316	-1
112	322	-1
112	323	-1
112	327	-1
112	335	1
112	337	1
112	339	-1
112	342	1
112	343	-1
112	344	-1
112	348	1
112	349	-1
112	350	-1
112	352	-1
112	355	1
112	358	-1
112	359	-1
112	362	-1
112	363	1
112	365	1
112	366	1
112	369	-1
112	372	1
112	373	-1
112	376	-1
112	379	-1
112	380	-1
112	385	-1
112	386	1
112	387	-1
112	393	-1
112	394	-1
112	396	-1
112	397	1
112	400	1
112	402	1
112	407	-1
112	415	1
112	426	-1
112	428	-1
112	430	1
112	431	1
112	434	-1
112	435	1
112	439	1
112	441	1
112	443	1
112	444	1
112	446	-1
112	450	1
112	453	1
112	454	-1
112	455	1
112	464	1
112	466	-1
112	467	1
112	468	-1
112	476	-1
112	479	-1
112	481	1
112	483	-1
112	484	-1
112	485	1
112	486	-1
112	487	1
112	488	-1
112	490	1
112	491	-1
112	493	-1
112	494	1
113	115	-1
113	125	1
113	133	-1
113	134	1
113	136	-1
113	138	-1
113	142	-1
113	144	1
113	145	1
113	147	-1
113	150	-1
113	151	-1
113	153	-1
113	154	-1
113	158	1
113	161	-1
113	166	-1
113	167	1
113	168	-1
113	174	-1
113	175	-1
113	177	-1
113	179	-1
113	180	-1
113	181	-1
113	182	1
113	185	1
113	186	1
113	189	-1
113	190	-1
113	191	-1
113	193	-1
113	194	1
113	195	-1
113	197	1
113	198	1
113	199	-1
113	200	-1
113	201	-1
113	206	1
113	208	1
113	209	1
113	210	1
113	212	-1
113	213	1
113	215	1
113	225	1
113	227	-1
113	228	-1
113	232	1
113	233	1
113	234	-1
113	239	-1
113	241	1
113	248	1
113	252	-1
113	257	1
113	260	1
113	265	1
113	266	-1
113	271	1
113	274	1
113	279	1
113	281	1
113	282	-1
113	283	-1
113	287	1
113	289	1
113	299	1
113	300	1
113	302	-1
113	304	1
113	307	-1
113	311	1
113	312	1
113	313	-1
113	315	-1
113	317	1
113	325	-1
113	330	1
113	343	1
113	344	-1
113	347	1
113	349	1
113	350	1
113	351	-1
113	352	1
113	360	1
113	364	-1
113	371	1
113	372	1
113	375	-1
113	376	-1
113	385	1
113	386	-1
113	387	1
113	392	-1
113	394	1
113	396	-1
113	402	-1
113	404	-1
113	409	-1
113	411	1
113	415	-1
113	417	-1
113	419	1
113	422	1
113	426	1
113	429	-1
113	430	1
113	432	-1
113	440	1
113	442	-1
113	450	-1
113	453	1
113	457	-1
113	458	-1
113	459	-1
113	460	-1
113	462	1
113	464	-1
113	472	1
113	474	-1
113	477	1
113	483	1
113	488	-1
113	489	1
113	493	1
113	496	-1
114	116	-1
114	117	1
114	118	-1
114	120	-1
114	127	-1
114	128	-1
114	135	1
114	137	1
114	139	1
114	144	1
114	145	-1
114	149	-1
114	150	-1
114	152	-1
114	154	-1
114	157	1
114	159	-1
114	168	-1
114	169	-1
114	170	1
114	180	1
114	181	-1
114	184	1
114	185	-1
114	188	-1
114	189	1
114	192	1
114	195	1
114	198	1
114	203	-1
114	205	1
114	211	1
114	212	1
114	213	1
114	220	-1
114	223	-1
114	225	1
114	229	1
114	235	-1
114	236	-1
114	239	-1
114	241	-1
114	243	1
114	244	1
114	245	-1
114	246	-1
114	248	-1
114	252	1
114	255	-1
114	257	-1
114	273	-1
114	275	1
114	279	1
114	282	-1
114	283	-1
114	286	-1
114	287	-1
114	293	-1
114	297	-1
114	298	-1
114	299	1
114	300	1
114	302	1
114	303	1
114	304	1
114	305	1
114	307	1
114	309	1
114	312	-1
114	314	1
114	316	1
114	318	1
114	321	-1
114	322	-1
114	323	-1
114	326	-1
114	330	-1
114	334	-1
114	335	1
114	336	1
114	339	-1
114	341	1
114	342	1
114	344	1
114	347	-1
114	353	1
114	361	1
114	362	1
114	364	1
114	366	-1
114	368	-1
114	369	-1
114	370	-1
114	373	1
114	376	-1
114	383	1
114	385	1
114	388	-1
114	389	-1
114	392	-1
114	396	-1
114	397	-1
114	399	1
114	405	-1
114	419	-1
114	421	-1
114	426	-1
114	438	-1
114	441	1
114	446	1
114	448	1
114	451	-1
114	454	-1
114	456	1
114	462	-1
114	465	-1
114	466	1
114	468	1
114	469	-1
114	470	-1
114	480	-1
114	484	1
114	487	-1
114	489	-1
114	492	-1
114	493	1
114	494	1
114	499	1
115	118	-1
115	123	-1
115	127	1
115	128	-1
115	129	-1
115	130	1
115	131	-1
115	132	1
115	133	1
115	135	-1
115	136	-1
115	138	-1
115	140	1
115	141	-1
115	149	1
115	152	1
115	157	1
115	159	-1
115	160	-1
115	162	-1
115	165	1
115	167	-1
115	168	-1
115	178	-1
115	181	1
115	182	-1
115	184	1
115	186	-1
115	187	1
115	189	1
115	190	-1
115	191	-1
115	193	-1
115	196	-1
115	197	1
115	200	1
115	203	1
115	205	-1
115	208	-1
115	209	1
115	211	1
115	212	-1
115	215	1
115	218	-1
115	224	1
115	225	1
115	229	-1
115	232	1
115	233	1
115	235	1
115	236	-1
115	241	1
115	243	1
115	247	1
115	253	1
115	258	1
115	262	-1
115	264	1
115	267	1
115	268	1
115	271	-1
115	272	-1
115	273	1
115	276	1
115	277	1
115	279	1
115	280	-1
115	281	1
115	283	-1
115	290	1
115	292	-1
115	293	-1
115	296	1
115	305	1
115	306	1
115	307	1
115	308	1
115	311	1
115	320	1
115	321	-1
115	327	1
115	329	1
115	333	1
115	334	-1
115	339	-1
115	343	-1
115	347	1
115	349	-1
115	351	-1
115	352	-1
115	355	-1
115	356	1
115	359	-1
115	362	1
115	364	1
115	369	-1
115	371	-1
115	373	1
115	382	1
115	384	-1
115	385	-1
115	389	1
115	392	-1
115	397	1
115	404	1
115	410	-1
115	414	-1
115	417	-1
115	428	-1
115	430	1
115	432	1
115	434	1
115	435	-1
115	436	-1
115	439	-1
115	442	1
115	451	-1
115	455	-1
115	456	-1
115	461	1
115	465	1
115	466	1
115	468	-1
115	469	1
115	472	1
115	474	-1
115	476	-1
115	486	1
115	488	1
115	489	1
115	497	1
115	498	-1
116	117	-1
116	121	1
116	123	1
116	124	-1
116	129	-1
116	130	1
116	134	-1
116	142	-1
116	143	1
116	146	1
116	147	-1
116	148	-1
116	149	1
116	150	-1
116	152	-1
116	153	-1
116	158	1
116	161	1
116	167	-1
116	177	1
116	183	1
116	184	1
116	187	-1
116	196	1
116	198	-1
116	204	-1
116	208	1
116	218	-1
116	219	1
116	229	-1
116	231	-1
116	233	-1
116	240	-1
116	246	-1
116	248	-1
116	252	1
116	256	1
116	258	-1
116	262	1
116	266	-1
116	268	1
116	269	-1
116	270	1
116	272	1
116	275	-1
116	280	-1
116	281	1
116	282	-1
116	283	1
116	286	-1
116	291	-1
116	294	1
116	296	1
116	300	1
116	301	1
116	304	-1
116	305	-1
116	308	1
116	312	-1
116	314	1
116	319	-1
116	323	-1
116	324	1
116	328	1
116	331	-1
116	333	-1
116	335	-1
116	336	1
116	337	1
116	338	-1
116	339	1
116	351	-1
116	352	1
116	354	-1
116	355	1
116	356	1
116	357	-1
116	362	-1
116	371	1
116	377	-1
116	378	1
116	380	1
116	382	1
116	384	1
116	385	1
116	389	1
116	391	1
116	392	-1
116	394	-1
116	401	1
116	411	-1
116	413	1
116	417	-1
116	420	1
116	422	-1
116	428	-1
116	429	-1
116	430	-1
116	431	1
116	433	1
116	434	-1
116	435	-1
116	437	-1
116	439	1
116	441	1
116	446	-1
116	447	1
116	450	1
116	456	1
116	457	-1
116	459	1
116	462	-1
116	463	1
116	464	1
116	465	-1
116	466	-1
116	467	1
116	469	-1
116	480	1
116	485	1
116	486	-1
116	489	1
116	490	1
116	493	1
117	118	-1
117	121	1
117	127	-1
117	128	1
117	132	-1
117	136	1
117	137	1
117	139	1
117	146	-1
117	148	-1
117	149	1
117	151	-1
117	155	-1
117	157	-1
117	158	-1
117	164	1
117	166	-1
117	169	-1
117	170	1
117	173	-1
117	174	1
117	176	-1
117	179	-1
117	186	-1
117	189	-1
117	200	-1
117	203	1
117	204	1
117	206	1
117	207	-1
117	208	-1
117	210	-1
117	212	1
117	214	1
117	215	1
117	217	1
117	222	1
117	223	1
117	227	-1
117	229	-1
117	230	-1
117	234	1
117	236	1
117	239	-1
117	240	-1
117	241	-1
117	243	1
117	245	-1
117	249	-1
117	250	-1
117	251	1
117	253	-1
117	255	-1
117	260	1
117	262	1
117	265	-1
117	266	-1
117	269	1
117	270	1
117	281	1
117	282	-1
117	290	-1
117	291	-1
117	296	-1
117	299	1
117	303	1
117	309	-1
117	310	1
117	314	1
117	318	1
117	320	-1
117	326	1
117	327	-1
117	331	1
117	332	1
117	337	1
117	340	1
117	344	-1
117	346	1
117	348	-1
117	351	-1
117	354	1
117	358	-1
117	359	-1
117	360	-1
117	361	-1
117	364	-1
117	366	-1
117	369	1
117	372	-1
117	377	-1
117	378	-1
117	379	-1
117	387	1
117	390	-1
117	391	-1
117	394	-1
117	395	1
117	396	-1
117	397	1
117	402	-1
117	405	1
117	412	1
117	413	-1
117	420	-1
117	430	-1
117	433	1
117	437	1
117	440	1
117	441	1
117	444	1
117	445	-1
117	446	-1
117	449	1
117	452	-1
117	455	1
117	456	1
117	459	1
117	460	-1
117	462	1
117	465	1
117	470	1
117	474	1
117	475	1
117	476	1
117	477	-1
117	478	1
117	481	-1
117	484	-1
117	487	-1
117	488	1
117	494	1
118	120	-1
118	121	-1
118	122	-1
118	123	1
118	126	1
118	128	1
118	129	-1
118	130	-1
118	131	1
118	132	1
118	135	1
118	143	-1
118	144	1
118	146	1
118	148	1
118	149	1
118	153	1
118	154	1
118	155	-1
118	156	1
118	162	-1
118	163	-1
118	167	1
118	169	1
118	175	1
118	176	1
118	177	1
118	180	1
118	182	-1
118	188	1
118	193	-1
118	195	-1
118	202	-1
118	203	1
118	205	1
118	208	-1
118	210	1
118	211	-1
118	216	-1
118	218	-1
118	219	-1
118	221	-1
118	224	1
118	229	1
118	231	-1
118	232	1
118	233	1
118	236	-1
118	237	1
118	238	-1
118	240	1
118	241	-1
118	245	1
118	247	-1
118	249	1
118	250	-1
118	256	1
118	262	1
118	271	-1
118	272	1
118	277	-1
118	286	1
118	288	1
118	289	1
118	290	1
118	292	1
118	295	-1
118	298	1
118	312	-1
118	317	-1
118	320	-1
118	328	1
118	332	-1
118	334	-1
118	337	1
118	340	1
118	341	-1
118	342	-1
118	347	1
118	349	1
118	351	1
118	352	-1
118	355	-1
118	356	1
118	362	1
118	367	-1
118	369	1
118	370	1
118	371	1
118	375	1
118	378	1
118	381	-1
118	383	-1
118	384	1
118	385	1
118	387	-1
118	388	1
118	390	-1
118	392	1
118	394	-1
118	401	-1
118	402	1
118	403	1
118	415	1
118	418	1
118	419	-1
118	420	-1
118	424	-1
118	428	1
118	429	-1
118	430	-1
118	432	-1
118	436	-1
118	438	-1
118	442	-1
118	443	-1
118	450	-1
118	452	1
118	457	-1
118	458	-1
118	461	1
118	465	1
118	466	-1
118	469	-1
118	474	1
118	475	-1
118	477	1
118	479	1
118	480	1
118	482	-1
118	484	-1
118	488	1
118	489	-1
118	498	1
119	121	1
119	125	-1
119	127	-1
119	129	1
119	133	1
119	135	1
119	136	-1
119	139	-1
119	140	-1
119	144	-1
119	145	-1
119	151	-1
119	154	1
119	156	1
119	157	1
119	158	1
119	161	1
119	167	-1
119	168	1
119	170	-1
119	176	-1
119	180	-1
119	183	1
119	185	-1
119	195	1
119	199	-1
119	204	1
119	205	1
119	206	1
119	212	1
119	213	1
119	214	-1
119	225	-1
119	226	-1
119	227	1
119	237	-1
119	241	-1
119	242	-1
119	243	-1
119	248	-1
119	249	-1
119	250	-1
119	253	-1
119	254	1
119	257	1
119	258	1
119	260	1
119	263	-1
119	266	-1
119	268	-1
119	270	1
119	276	1
119	278	-1
119	281	-1
119	282	1
119	283	1
119	287	-1
119	291	1
119	294	1
119	297	-1
119	306	1
119	309	1
119	311	-1
119	313	-1
119	314	1
119	315	-1
119	324	1
119	325	-1
119	328	-1
119	329	1
119	331	1
119	334	-1
119	337	1
119	338	1
119	339	-1
119	343	-1
119	345	-1
119	348	1
119	356	-1
119	361	1
119	363	1
119	365	1
119	367	1
119	368	1
119	369	-1
119	375	-1
119	378	1
119	379	-1
119	393	1
119	396	-1
119	397	-1
119	398	-1
119	400	-1
119	407	-1
119	409	-1
119	411	-1
119	413	1
119	417	1
119	420	-1
119	422	-1
119	423	-1
119	425	-1
119	426	1
119	428	1
119	436	1
119	438	-1
119	441	1
119	444	-1
119	446	1
119	453	1
119	454	-1
119	455	1
119	456	1
119	460	1
119	461	-1
119	463	-1
119	469	1
119	470	-1
119	480	-1
119	486	-1
119	490	1
119	494	-1
119	498	-1
120	122	-1
120	128	-1
120	130	1
120	131	1
120	133	-1
120	134	1
120	137	1
120	139	1
120	151	-1
120	154	1
120	156	-1
120	160	1
120	162	-1
120	168	1
120	169	-1
120	175	-1
120	178	1
120	181	1
120	185	-1
120	186	1
120	187	-1
120	192	1
120	194	1
120	198	1
120	200	-1
120	204	-1
120	207	1
120	212	1
120	213	-1
120	216	-1
120	217	-1
120	219	-1
120	220	-1
120	222	1
120	225	1
120	227	-1
120	230	-1
120	231	-1
120	234	1
120	240	-1
120	248	1
120	249	1
120	250	1
120	254	1
120	258	1
120	260	-1
120	266	-1
120	267	-1
120	271	-1
120	273	-1
120	277	-1
120	278	-1
120	279	1
120	281	1
120	283	-1
120	285	1
120	286	-1
120	289	-1
120	291	-1
120	292	1
120	298	1
120	301	-1
120	303	-1
120	305	-1
120	310	-1
120	311	-1
120	313	1
120	315	-1
120	317	1
120	323	1
120	324	1
120	329	1
120	331	-1
120	332	-1
120	334	-1
120	341	1
120	342	1
120	343	1
120	347	1
120	348	1
120	350	-1
120	359	1
120	361	1
120	363	1
120	367	1
120	368	-1
120	370	-1
120	378	1
120	380	-1
120	384	1
120	385	1
120	386	-1
120	391	1
120	392	1
120	400	1
120	401	-1
120	402	-1
120	404	-1
120	406	-1
120	408	1
120	409	-1
120	410	1
120	424	-1
120	425	1
120	426	-1
120	430	-1
120	435	-1
120	438	-1
120	439	1
120	440	1
120	443	1
120	445	-1
120	446	-1
120	448	1
120	449	-1
120	454	1
120	455	-1
120	456	-1
120	457	-1
120	459	1
120	463	1
120	464	-1
120	467	1
120	475	1
120	476	-1
120	482	1
120	484	1
120	488	-1
120	489	1
120	491	-1
120	492	-1
121	122	1
121	124	-1
121	125	1
121	127	-1
121	129	1
121	130	1
121	138	-1
121	142	1
121	143	1
121	144	-1
121	146	1
121	147	1
121	148	1
121	151	1
121	152	1
121	157	-1
121	158	1
121	159	-1
121	161	-1
121	166	1
121	168	1
121	170	-1
121	173	-1
121	177	-1
121	178	-1
121	179	1
121	185	-1
121	186	-1
121	187	-1
121	196	1
121	198	1
121	199	-1
121	200	-1
121	205	-1
121	209	-1
121	210	1
121	212	1
121	217	1
121	221	-1
121	223	-1
121	224	1
121	225	1
121	229	1
121	232	1
121	233	1
121	234	1
121	237	1
121	245	-1
121	246	1
121	247	1
121	249	-1
121	252	-1
121	253	1
121	261	1
121	265	1
121	271	1
121	272	1
121	273	-1
121	278	-1
121	281	1
121	283	-1
121	289	1
121	293	-1
121	298	-1
121	300	-1
121	303	1
121	307	1
121	308	-1
121	314	-1
121	317	1
121	319	1
121	320	1
121	333	-1
121	336	1
121	339	1
121	340	1
121	344	-1
121	346	-1
121	348	-1
121	352	-1
121	354	1
121	357	1
121	358	-1
121	360	1
121	361	-1
121	368	-1
121	369	-1
121	371	1
121	373	-1
121	375	1
121	376	1
121	378	-1
121	379	-1
121	385	1
121	386	1
121	387	-1
121	388	1
121	391	1
121	394	1
121	395	1
121	398	1
121	400	-1
121	404	-1
121	405	1
121	406	-1
121	409	1
121	411	1
121	418	1
121	420	1
121	422	1
121	425	-1
121	434	-1
121	435	1
121	437	-1
121	439	-1
121	440	-1
121	441	1
121	443	-1
121	445	1
121	449	-1
121	453	1
121	454	1
121	456	-1
121	460	1
121	461	1
121	467	1
121	468	-1
121	469	-1
121	475	1
121	476	-1
121	481	-1
121	485	-1
121	486	-1
121	490	-1
121	493	1
121	496	-1
121	497	-1
121	499	1
122	123	1
122	124	1
122	131	-1
122	137	1
122	147	-1
122	155	1
122	157	1
122	160	-1
122	164	-1
122	167	-1
122	168	-1
122	170	1
122	176	-1
122	178	-1
122	182	1
122	184	-1
122	191	1
122	193	1
122	194	-1
122	196	1
122	199	1
122	203	-1
122	204	-1
122	212	1
122	214	-1
122	215	1
122	218	1
122	219	-1
122	220	-1
122	222	-1
122	223	-1
122	226	-1
122	228	1
122	231	-1
122	233	-1
122	234	1
122	240	-1
122	243	1
122	244	1
122	245	-1
122	250	1
122	251	1
122	252	-1
122	253	-1
122	254	-1
122	257	-1
122	261	1
122	265	-1
122	266	-1
122	268	1
122	271	1
122	275	1
122	276	1
122	278	-1
122	284	1
122	286	1
122	287	-1
122	288	1
122	289	-1
122	290	1
122	293	1
122	294	1
122	297	-1
122	298	-1
122	299	1
122	300	1
122	301	1
122	305	1
122	306	-1
122	318	-1
122	324	1
122	331	-1
122	344	1
122	345	1
122	347	-1
122	350	-1
122	353	1
122	354	-1
122	359	-1
122	361	-1
122	363	-1
122	368	-1
122	373	-1
122	374	1
122	375	1
122	376	-1
122	377	1
122	378	-1
122	384	-1
122	389	-1
122	393	1
122	395	1
122	400	-1
122	401	-1
122	403	1
122	404	1
122	409	1
122	415	-1
122	417	-1
122	418	1
122	420	1
122	422	-1
122	424	1
122	425	-1
122	427	-1
122	429	-1
122	432	1
122	433	-1
122	441	-1
122	442	-1
122	448	1
122	451	-1
122	453	-1
122	454	1
122	455	1
122	456	1
122	463	1
122	464	1
122	466	1
122	467	1
122	471	1
122	474	-1
122	476	-1
122	477	1
122	481	-1
122	485	1
122	491	-1
122	496	1
122	498	-1
123	125	-1
123	130	1
123	131	-1
123	134	1
123	135	-1
123	139	-1
123	143	-1
123	148	1
123	155	1
123	156	1
123	158	-1
123	160	-1
123	161	1
123	168	-1
123	170	1
123	171	-1
123	177	1
123	191	-1
123	193	1
123	194	1
123	199	1
123	200	-1
123	202	-1
123	203	-1
123	206	1
123	208	1
123	210	-1
123	212	1
123	217	1
123	223	1
123	229	-1
123	233	1
123	234	-1
123	235	1
123	240	1
123	242	1
123	243	-1
123	244	1
123	246	-1
123	248	1
123	250	1
123	254	1
123	258	1
123	264	1
123	265	1
123	268	1
123	269	-1
123	270	1
123	271	1
123	275	1
123	278	1
123	280	-1
123	287	-1
123	290	-1
123	291	-1
123	292	-1
123	295	-1
123	296	-1
123	297	1
123	298	-1
123	300	1
123	305	-1
123	309	-1
123	315	-1
123	316	1
123	317	1
123	320	1
123	322	1
123	325	1
123	326	1
123	327	-1
123	328	1
123	329	-1
123	332	1
123	333	-1
123	341	1
123	342	1
123	345	1
123	348	-1
123	349	1
123	358	-1
123	360	-1
123	362	-1
123	370	-1
123	371	-1
123	374	1
123	375	-1
123	376	1
123	378	1
123	382	1
123	383	-1
123	384	1
123	386	-1
123	387	1
123	390	1
123	392	1
123	394	-1
123	395	-1
123	399	-1
123	400	1
123	401	1
123	402	1
123	406	1
123	407	-1
123	410	1
123	411	-1
123	412	1
123	422	-1
123	423	-1
123	424	1
123	426	-1
123	428	1
123	429	1
123	431	1
123	436	-1
123	441	-1
123	442	-1
123	443	-1
123	444	1
123	445	1
123	450	-1
123	452	-1
123	454	1
123	455	1
123	456	1
123	457	1
123	460	-1
123	469	-1
123	470	1
123	471	-1
123	475	-1
123	479	-1
123	481	-1
123	486	-1
123	490	1
123	493	-1
123	496	-1
124	136	1
124	137	1
124	142	-1
124	143	-1
124	146	-1
124	148	1
124	149	1
124	150	1
124	151	1
124	152	-1
124	155	1
124	157	1
124	159	1
124	160	1
124	163	-1
124	164	-1
124	166	-1
124	171	-1
124	174	1
124	175	-1
124	179	1
124	182	1
124	193	-1
124	195	1
124	198	1
124	205	-1
124	209	1
124	210	1
124	211	1
124	213	1
124	214	1
124	215	1
124	216	-1
124	223	-1
124	224	-1
124	226	-1
124	227	-1
124	231	1
124	237	1
124	242	-1
124	246	-1
124	252	-1
124	254	1
124	255	1
124	256	-1
124	258	1
124	260	1
124	263	1
124	266	1
124	267	1
124	270	-1
124	272	1
124	275	1
124	276	1
124	277	-1
124	280	-1
124	287	1
124	289	-1
124	290	-1
124	295	1
124	296	-1
124	298	1
124	302	-1
124	303	-1
124	304	1
124	305	1
124	308	-1
124	309	1
124	310	-1
124	311	1
124	313	-1
124	315	1
124	316	-1
124	318	-1
124	320	1
124	325	1
124	327	1
124	332	1
124	338	-1
124	348	-1
124	354	1
124	357	-1
124	358	1
124	360	-1
124	362	1
124	365	1
124	371	-1
124	372	1
124	377	1
124	380	1
124	385	1
124	387	-1
124	388	-1
124	393	-1
124	394	1
124	395	-1
124	396	-1
124	400	1
124	402	1
124	404	-1
124	405	-1
124	409	-1
124	411	-1
124	413	-1
124	414	-1
124	419	1
124	420	-1
124	422	1
124	423	1
124	424	-1
124	427	1
124	428	1
124	438	-1
124	442	-1
124	444	-1
124	448	1
124	450	-1
124	458	-1
124	466	-1
124	470	-1
124	473	-1
124	474	1
124	477	1
124	478	-1
124	479	-1
124	483	-1
124	486	1
124	489	-1
124	491	-1
124	494	1
124	495	1
125	132	1
125	136	1
125	140	-1
125	142	1
125	144	-1
125	150	1
125	152	-1
125	153	1
125	155	1
125	156	1
125	157	1
125	159	1
125	160	1
125	161	1
125	164	1
125	166	-1
125	169	-1
125	171	-1
125	176	-1
125	178	1
125	183	1
125	184	-1
125	185	-1
125	186	1
125	192	1
125	193	-1
125	198	1
125	201	1
125	202	1
125	205	1
125	207	-1
125	210	1
125	212	-1
125	214	-1
125	217	-1
125	218	1
125	219	-1
125	220	1
125	221	-1
125	224	1
125	225	1
125	226	1
125	227	-1
125	228	1
125	229	1
125	230	1
125	233	1
125	236	-1
125	240	1
125	254	1
125	256	1
125	257	-1
125	259	1
125	260	-1
125	265	-1
125	271	1
125	272	-1
125	281	-1
125	283	-1
125	284	1
125	285	-1
125	291	-1
125	295	-1
125	297	-1
125	300	1
125	301	-1
125	307	1
125	308	1
125	312	1
125	313	-1
125	314	1
125	315	1
125	317	-1
125	319	1
125	321	1
125	323	-1
125	325	1
125	327	1
125	329	1
125	333	1
125	334	-1
125	338	-1
125	341	-1
125	344	-1
125	345	1
125	346	-1
125	349	1
125	352	1
125	353	1
125	355	1
125	356	1
125	357	-1
125	359	-1
125	360	-1
125	369	-1
125	370	1
125	372	-1
125	375	1
125	376	1
125	377	-1
125	378	1
125	383	-1
125	384	-1
125	385	-1
125	388	1
125	389	-1
125	394	1
125	409	-1
125	416	-1
125	418	1
125	421	1
125	422	1
125	430	-1
125	437	-1
125	440	-1
125	441	1
125	444	-1
125	445	1
125	446	1
125	448	1
125	452	1
125	460	1
125	464	1
125	466	1
125	471	1
125	472	1
125	476	-1
125	479	1
125	482	-1
125	483	1
125	484	1
125	491	-1
125	493	1
125	498	1
125	499	-1
126	127	-1
126	132	1
126	133	-1
126	134	1
126	135	-1
126	139	-1
126	143	-1
126	144	1
126	151	1
126	155	1
126	158	1
126	160	-1
126	161	-1
126	163	1
126	169	1
126	170	1
126	172	1
126	174	1
126	178	-1
126	180	1
126	181	-1
126	182	-1
126	185	1
126	190	1
126	192	-1
126	193	1
126	195	-1
126	197	-1
126	199	1
126	204	-1
126	205	-1
126	206	1
126	209	1
126	210	-1
126	211	-1
126	218	-1
126	222	-1
126	225	1
126	232	1
126	234	-1
126	235	1
126	237	1
126	239	1
126	242	-1
126	243	1
126	244	-1
126	246	-1
126	248	1
126	251	-1
126	255	-1
126	256	-1
126	259	-1
126	260	-1
126	263	-1
126	267	-1
126	271	-1
126	280	1
126	283	1
126	288	-1
126	290	-1
126	294	-1
126	295	1
126	299	1
126	300	-1
126	302	-1
126	305	-1
126	306	1
126	307	-1
126	309	1
126	310	1
126	311	-1
126	313	1
126	315	-1
126	321	-1
126	322	-1
126	325	-1
126	331	1
126	332	-1
126	335	-1
126	336	-1
126	337	1
126	340	-1
126	343	1
126	347	1
126	349	-1
126	350	-1
126	352	1
126	353	1
126	354	1
126	356	-1
126	363	1
126	368	1
126	369	-1
126	372	-1
126	373	1
126	375	1
126	380	1
126	382	-1
126	383	-1
126	387	1
126	391	-1
126	392	1
126	397	1
126	398	1
126	401	-1
126	405	1
126	406	1
126	410	1
126	411	-1
126	413	-1
126	420	-1
126	426	1
126	427	-1
126	432	1
126	435	1
126	436	-1
126	437	-1
126	438	1
126	443	-1
126	444	-1
126	446	-1
126	455	-1
126	457	1
126	459	1
126	460	1
126	464	1
126	466	1
126	468	-1
126	471	-1
126	473	1
126	474	1
126	479	1
126	481	-1
126	488	-1
126	489	1
126	497	-1
126	498	-1
127	128	1
127	131	1
127	132	1
127	138	-1
127	140	1
127	141	1
127	142	1
127	151	-1
127	155	1
127	160	-1
127	161	1
127	165	1
127	174	-1
127	176	1
127	178	-1
127	181	-1
127	186	1
127	187	1
127	193	-1
127	195	1
127	197	1
127	198	1
127	200	-1
127	204	-1
127	205	-1
127	210	1
127	211	1
127	213	1
127	214	-1
127	215	-1
127	217	1
127	220	1
127	221	-1
127	222	1
127	227	-1
127	228	-1
127	229	1
127	231	1
127	234	-1
127	235	1
127	239	1
127	241	1
127	246	-1
127	248	1
127	251	1
127	255	-1
127	257	1
127	260	1
127	262	1
127	267	-1
127	271	1
127	275	1
127	280	-1
127	281	1
127	284	1
127	295	1
127	298	1
127	306	-1
127	310	-1
127	312	-1
127	317	-1
127	318	1
127	319	-1
127	322	-1
127	325	1
127	326	1
127	330	1
127	332	-1
127	339	-1
127	341	1
127	342	-1
127	343	-1
127	344	-1
127	345	1
127	347	-1
127	349	-1
127	352	1
127	356	1
127	359	1
127	367	1
127	368	1
127	370	-1
127	372	1
127	373	1
127	375	1
127	377	-1
127	381	1
127	386	-1
127	389	1
127	391	1
127	393	-1
127	399	1
127	404	1
127	405	1
127	406	-1
127	411	-1
127	413	1
127	414	1
127	418	1
127	421	1
127	426	1
127	427	-1
127	432	1
127	436	1
127	437	1
127	438	1
127	440	1
127	447	-1
127	449	-1
127	450	1
127	451	1
127	452	-1
127	455	-1
127	456	1
127	458	-1
127	459	-1
127	460	1
127	464	-1
127	474	-1
127	479	-1
127	481	1
127	483	1
127	487	1
127	488	1
127	489	1
127	493	-1
127	494	-1
127	496	1
127	497	-1
127	498	-1
127	499	-1
128	133	-1
128	136	-1
128	137	1
128	139	-1
128	140	1
128	141	-1
128	142	1
128	145	1
128	147	-1
128	151	-1
128	152	1
128	158	-1
128	161	1
128	167	-1
128	169	-1
128	171	1
128	172	-1
128	173	1
128	177	-1
128	187	-1
128	188	-1
128	193	1
128	198	-1
128	206	1
128	213	1
128	214	-1
128	220	-1
128	222	1
128	224	-1
128	227	1
128	229	-1
128	230	1
128	236	-1
128	237	-1
128	238	-1
128	241	1
128	243	-1
128	245	1
128	247	1
128	248	1
128	249	-1
128	256	-1
128	258	-1
128	260	1
128	268	-1
128	272	1
128	275	1
128	278	1
128	285	-1
128	286	-1
128	293	-1
128	297	-1
128	300	1
128	302	-1
128	303	-1
128	304	-1
128	307	-1
128	308	1
128	310	-1
128	312	1
128	313	-1
128	325	1
128	331	1
128	332	1
128	341	-1
128	343	-1
128	345	-1
128	346	1
128	350	-1
128	351	1
128	353	1
128	356	1
128	357	-1
128	363	-1
128	372	-1
128	375	1
128	376	-1
128	378	-1
128	380	-1
128	381	1
128	384	1
128	387	1
128	399	-1
128	401	-1
128	402	-1
128	404	1
128	406	-1
128	409	-1
128	410	-1
128	411	-1
128	420	1
128	422	1
128	425	-1
128	429	-1
128	431	-1
128	433	-1
128	436	1
128	438	-1
128	442	-1
128	445	1
128	447	1
128	448	-1
128	452	-1
128	455	-1
128	456	-1
128	461	1
128	463	-1
128	469	-1
128	471	-1
128	473	1
128	474	1
128	477	1
128	478	1
128	481	1
128	482	-1
128	484	1
128	485	-1
128	486	-1
128	488	1
128	492	1
128	495	-1
129	136	-1
129	139	1
129	140	-1
129	141	-1
129	144	-1
129	149	1
129	152	-1
129	154	-1
129	157	-1
129	158	-1
129	161	-1
129	169	1
129	170	-1
129	173	-1
129	174	1
129	177	-1
129	180	1
129	184	1
129	188	-1
129	190	-1
129	191	-1
129	201	-1
129	202	1
129	206	1
129	208	-1
129	212	-1
129	218	1
129	220	-1
129	224	1
129	225	1
129	229	1
129	231	1
129	235	1
129	239	-1
129	240	-1
129	243	-1
129	244	-1
129	247	1
129	249	-1
129	253	-1
129	257	-1
129	261	-1
129	263	1
129	264	1
129	266	-1
129	278	1
129	280	-1
129	282	-1
129	285	1
129	287	1
129	288	-1
129	292	-1
129	293	1
129	296	-1
129	300	1
129	301	-1
129	304	-1
129	313	1
129	316	-1
129	317	1
129	318	1
129	329	1
129	333	-1
129	336	1
129	338	-1
129	345	1
129	355	-1
129	356	1
129	367	1
129	370	-1
129	375	1
129	376	1
129	379	1
129	380	1
129	383	1
129	387	1
129	390	1
129	392	1
129	393	-1
129	394	-1
129	395	-1
129	400	-1
129	402	1
129	403	-1
129	410	1
129	411	1
129	414	1
129	417	1
129	423	1
129	425	1
129	426	-1
129	428	1
129	429	1
129	437	-1
129	438	-1
129	441	1
129	444	1
129	445	1
129	446	-1
129	448	1
129	450	1
129	453	1
129	459	1
129	461	1
129	462	1
129	463	-1
129	464	-1
129	465	1
129	469	1
129	472	-1
129	479	-1
129	481	1
129	485	-1
129	497	-1
129	499	-1
130	131	-1
130	132	1
130	134	1
130	137	-1
130	139	-1
130	140	1
130	142	-1
130	146	-1
130	147	1
130	148	-1
130	149	-1
130	151	1
130	157	-1
130	166	1
130	167	-1
130	171	-1
130	172	-1
130	183	-1
130	184	1
130	190	1
130	191	1
130	192	-1
130	196	1
130	199	-1
130	202	1
130	203	-1
130	204	-1
130	205	-1
130	206	1
130	208	1
130	210	-1
130	211	-1
130	214	-1
130	216	-1
130	218	-1
130	225	-1
130	238	1
130	242	-1
130	244	-1
130	246	-1
130	248	1
130	251	1
130	252	1
130	254	1
130	258	1
130	260	-1
130	262	-1
130	269	1
130	272	-1
130	274	-1
130	276	1
130	277	1
130	283	-1
130	284	1
130	290	1
130	291	1
130	296	1
130	306	1
130	308	-1
130	309	1
130	311	-1
130	312	1
130	313	-1
130	317	-1
130	320	-1
130	324	1
130	325	-1
130	330	1
130	332	1
130	337	-1
130	343	1
130	349	1
130	350	1
130	358	-1
130	360	-1
130	363	1
130	366	1
130	367	1
130	370	-1
130	373	1
130	374	-1
130	378	1
130	382	1
130	385	1
130	386	-1
130	389	-1
130	390	-1
130	394	-1
130	395	-1
130	398	-1
130	400	1
130	404	1
130	406	-1
130	407	1
130	408	1
130	412	1
130	413	1
130	416	1
130	419	1
130	420	-1
130	427	-1
130	429	1
130	430	-1
130	431	1
130	434	-1
130	438	1
130	439	1
130	443	1
130	447	1
130	448	-1
130	452	-1
130	453	-1
130	454	1
130	458	-1
130	462	1
130	467	-1
130	469	1
130	470	-1
130	471	1
130	473	1
130	474	-1
130	477	-1
130	479	-1
130	481	1
130	482	-1
130	484	1
130	485	1
130	492	1
130	495	1
130	497	-1
130	499	1
131	136	1
131	137	1
131	142	1
131	149	1
131	152	1
131	159	1
131	161	-1
131	165	-1
131	167	-1
131	177	1
131	178	1
131	181	-1
131	182	-1
131	184	-1
131	185	-1
131	187	1
131	188	-1
131	189	-1
131	192	-1
131	200	-1
131	205	1
131	207	1
131	208	1
131	209	1
131	211	-1
131	212	-1
131	213	1
131	216	1
131	217	-1
131	219	1
131	221	-1
131	223	-1
131	225	1
131	227	-1
131	233	-1
131	234	-1
131	235	1
131	238	-1
131	243	1
131	246	-1
131	250	1
131	262	-1
131	266	-1
131	267	-1
131	275	1
131	279	1
131	280	-1
131	284	1
131	286	1
131	287	-1
131	288	-1
131	290	-1
131	291	1
131	296	1
131	307	-1
131	309	1
131	315	1
131	316	-1
131	318	1
131	320	1
131	327	-1
131	330	-1
131	331	-1
131	334	-1
131	337	1
131	343	1
131	346	1
131	347	1
131	348	-1
131	350	-1
131	351	-1
131	352	-1
131	353	1
131	354	-1
131	356	1
131	357	1
131	358	-1
131	360	1
131	361	1
131	367	1
131	368	1
131	369	-1
131	371	1
131	374	1
131	375	1
131	377	-1
131	385	1
131	387	1
131	391	1
131	394	1
131	397	-1
131	399	-1
131	410	-1
131	412	-1
131	414	-1
131	416	-1
131	420	-1
131	421	-1
131	422	1
131	428	-1
131	433	1
131	434	-1
131	435	-1
131	436	-1
131	440	-1
131	442	1
131	444	1
131	446	-1
131	448	-1
131	450	1
131	455	1
131	458	-1
131	460	1
131	464	-1
131	467	-1
131	468	-1
131	469	1
131	472	1
131	473	1
131	474	-1
131	476	1
131	478	1
131	480	1
131	482	-1
131	488	1
131	493	1
131	497	-1
132	135	1
132	137	1
132	139	-1
132	142	-1
132	144	1
132	147	1
132	150	-1
132	155	-1
132	160	1
132	164	1
132	168	-1
132	169	1
132	170	-1
132	171	-1
132	176	1
132	177	-1
132	178	-1
132	179	1
132	181	-1
132	183	-1
132	188	1
132	189	-1
132	194	1
132	196	1
132	197	-1
132	198	1
132	201	-1
132	203	1
132	209	1
132	213	-1
132	216	-1
132	217	-1
132	218	1
132	221	1
132	222	1
132	225	-1
132	232	-1
132	237	1
132	244	1
132	246	-1
132	247	1
132	257	1
132	258	-1
132	259	1
132	265	-1
132	266	-1
132	268	1
132	269	1
132	270	1
132	271	-1
132	275	1
132	277	1
132	281	1
132	286	-1
132	287	1
132	288	-1
132	291	-1
132	292	1
132	293	1
132	294	-1
132	295	1
132	298	1
132	304	1
132	306	-1
132	307	-1
132	310	1
132	312	-1
132	314	1
132	317	-1
132	324	-1
132	325	1
132	326	-1
132	327	-1
132	329	-1
132	334	-1
132	343	1
132	345	-1
132	347	1
132	348	1
132	349	-1
132	351	1
132	352	1
132	355	-1
132	361	-1
132	362	1
132	363	1
132	364	1
132	365	-1
132	366	-1
132	368	1
132	370	-1
132	371	1
132	372	1
132	375	1
132	378	-1
132	380	-1
132	382	1
132	387	-1
132	388	-1
132	391	-1
132	393	-1
132	396	-1
132	403	-1
132	408	-1
132	410	-1
132	411	1
132	412	-1
132	414	1
132	423	1
132	430	1
132	431	-1
132	437	-1
132	438	1
132	441	1
132	446	1
132	447	1
132	448	1
132	454	1
132	460	1
132	464	1
132	471	1
132	474	1
132	476	1
132	477	-1
132	484	-1
132	485	-1
132	486	-1
132	488	-1
132	489	-1
132	490	-1
132	491	-1
132	492	-1
132	498	-1
132	499	-1
133	138	-1
133	139	-1
133	140	-1
133	141	-1
133	142	-1
133	144	-1
133	145	-1
133	150	1
133	152	-1
133	153	-1
133	158	-1
133	160	-1
133	174	1
133	175	-1
133	176	-1
133	177	-1
133	178	-1
133	179	1
133	182	1
133	184	1
133	185	1
133	187	1
133	188	-1
133	191	-1
133	192	-1
133	193	1
133	198	1
133	200	1
133	201	1
133	204	-1
133	210	-1
133	211	1
133	213	1
133	214	1
133	215	1
133	219	1
133	222	-1
133	226	1
133	230	1
133	233	-1
133	234	-1
133	236	1
133	240	-1
133	241	-1
133	243	-1
133	248	-1
133	253	-1
133	255	1
133	258	1
133	264	-1
133	267	1
133	269	-1
133	274	1
133	276	1
133	279	-1
133	283	-1
133	284	1
133	286	-1
133	289	-1
133	291	-1
133	292	-1
133	294	-1
133	297	1
133	305	-1
133	306	-1
133	308	-1
133	309	-1
133	313	1
133	316	-1
133	317	-1
133	322	1
133	323	-1
133	339	1
133	341	-1
133	351	-1
133	352	1
133	353	-1
133	361	-1
133	365	-1
133	366	1
133	367	1
133	375	1
133	376	1
133	378	1
133	381	-1
133	384	-1
133	386	-1
133	387	1
133	388	-1
133	390	-1
133	394	1
133	401	1
133	402	1
133	404	1
133	407	1
133	408	1
133	412	-1
133	413	-1
133	416	1
133	422	1
133	425	1
133	426	1
133	427	-1
133	428	-1
133	437	-1
133	444	-1
133	445	-1
133	447	1
133	450	1
133	452	-1
133	454	-1
133	462	1
133	463	-1
133	469	-1
133	470	-1
133	472	-1
133	474	1
133	476	-1
133	477	1
133	480	1
133	483	-1
133	484	1
133	487	-1
133	488	1
133	490	-1
133	493	-1
133	494	-1
133	497	1
134	139	1
134	140	-1
134	141	-1
134	146	-1
134	147	-1
134	148	1
134	151	1
134	155	1
134	161	1
134	163	1
134	166	-1
134	173	-1
134	174	1
134	175	-1
134	188	1
134	189	-1
134	190	1
134	192	-1
134	195	1
134	199	1
134	200	1
134	201	1
134	207	-1
134	210	-1
134	214	1
134	217	1
134	220	-1
134	221	1
134	223	1
134	227	1
134	228	1
134	229	-1
134	230	-1
134	232	-1
134	234	-1
134	237	-1
134	240	1
134	242	1
134	243	1
134	244	1
134	245	1
134	247	-1
134	248	1
134	253	1
134	258	-1
134	260	1
134	265	1
134	269	1
134	278	-1
134	279	-1
134	281	1
134	286	-1
134	293	1
134	295	1
134	300	1
134	301	-1
134	302	1
134	305	-1
134	306	1
134	308	1
134	310	1
134	311	-1
134	312	1
134	315	1
134	316	1
134	320	1
134	323	1
134	325	1
134	328	1
134	333	1
134	336	-1
134	337	-1
134	341	1
134	344	-1
134	345	-1
134	346	1
134	348	-1
134	354	-1
134	356	-1
134	362	1
134	369	-1
134	370	1
134	385	-1
134	389	1
134	391	-1
134	403	1
134	405	1
134	412	-1
134	415	-1
134	418	1
134	420	-1
134	421	1
134	422	1
134	424	1
134	431	-1
134	434	1
134	442	-1
134	444	1
134	446	-1
134	456	-1
134	459	1
134	460	1
134	461	-1
134	464	1
134	467	-1
134	468	-1
134	473	1
134	474	1
134	475	-1
134	485	-1
134	490	-1
134	496	1
134	497	-1
135	140	1
135	141	-1
135	142	-1
135	143	-1
135	147	-1
135	148	-1
135	152	-1
135	154	-1
135	155	-1
135	156	-1
135	162	-1
135	165	1
135	173	-1
135	175	-1
135	177	-1
135	179	-1
135	187	-1
135	188	1
135	192	1
135	196	-1
135	198	1
135	204	-1
135	205	-1
135	206	-1
135	207	-1
135	209	1
135	213	-1
135	215	1
135	216	1
135	217	-1
135	220	-1
135	221	-1
135	222	1
135	223	-1
135	224	-1
135	230	-1
135	240	-1
135	242	-1
135	246	1
135	249	-1
135	250	1
135	255	-1
135	256	-1
135	259	1
135	264	1
135	266	-1
135	270	1
135	273	-1
135	276	1
135	277	1
135	287	-1
135	288	1
135	293	1
135	295	1
135	296	-1
135	299	1
135	301	-1
135	315	-1
135	316	-1
135	319	1
135	321	-1
135	326	1
135	328	1
135	329	1
135	330	-1
135	333	1
135	334	-1
135	335	1
135	338	-1
135	340	1
135	350	-1
135	354	-1
135	355	-1
135	356	-1
135	357	1
135	365	1
135	373	1
135	376	1
135	380	1
135	381	-1
135	382	-1
135	383	1
135	384	1
135	385	-1
135	392	-1
135	395	-1
135	396	-1
135	398	-1
135	406	1
135	408	1
135	413	1
135	416	1
135	420	-1
135	425	-1
135	426	1
135	430	1
135	434	-1
135	436	-1
135	438	-1
135	441	1
135	443	-1
135	444	-1
135	445	-1
135	447	-1
135	451	1
135	453	1
135	456	1
135	458	-1
135	459	1
135	461	1
135	462	1
135	469	-1
135	479	1
135	482	-1
135	485	1
135	488	1
135	497	1
135	498	1
136	146	1
136	150	1
136	152	-1
136	153	1
136	154	1
136	155	-1
136	157	-1
136	163	-1
136	164	-1
136	165	1
136	169	-1
136	170	1
136	172	-1
136	173	1
136	178	1
136	182	-1
136	185	1
136	186	-1
136	188	-1
136	191	1
136	192	-1
136	195	1
136	199	1
136	202	1
136	204	1
136	207	1
136	208	1
136	209	-1
136	216	-1
136	217	1
136	222	-1
136	226	1
136	231	-1
136	234	1
136	235	1
136	237	1
136	238	-1
136	249	1
136	250	-1
136	251	-1
136	255	-1
136	262	-1
136	263	1
136	264	-1
136	266	1
136	267	1
136	268	-1
136	274	-1
136	276	1
136	277	-1
136	279	1
136	283	1
136	286	-1
136	290	1
136	293	1
136	294	-1
136	295	-1
136	299	1
136	304	-1
136	309	1
136	312	-1
136	315	1
136	317	1
136	318	1
136	319	-1
136	322	-1
136	323	1
136	325	1
136	327	-1
136	329	-1
136	332	1
136	336	1
136	339	-1
136	346	1
136	347	1
136	350	-1
136	353	-1
136	355	-1
136	359	-1
136	361	-1
136	371	-1
136	372	-1
136	374	1
136	376	-1
136	380	-1
136	383	-1
136	384	-1
136	386	1
136	390	-1
136	392	1
136	393	-1
136	395	1
136	396	-1
136	398	1
136	399	1
136	402	-1
136	407	1
136	408	-1
136	412	1
136	413	-1
136	421	1
136	424	-1
136	426	1
136	428	1
136	432	-1
136	433	-1
136	435	-1
136	444	-1
136	450	1
136	455	1
136	456	-1
136	461	-1
136	462	-1
136	463	1
136	465	1
136	473	-1
136	474	-1
136	475	1
136	476	-1
136	478	1
136	484	1
136	490	1
136	493	-1
136	494	-1
136	495	-1
136	496	1
136	497	-1
137	138	1
137	142	1
137	148	1
137	149	-1
137	153	-1
137	155	-1
137	159	1
137	164	-1
137	167	1
137	168	-1
137	169	-1
137	171	-1
137	174	1
137	179	-1
137	180	-1
137	182	1
137	187	-1
137	188	1
137	195	-1
137	197	-1
137	198	1
137	205	1
137	209	-1
137	212	1
137	220	-1
137	221	1
137	222	1
137	227	-1
137	229	1
137	231	1
137	232	-1
137	234	-1
137	243	-1
137	245	1
137	249	-1
137	257	1
137	258	-1
137	260	-1
137	262	1
137	268	-1
137	276	-1
137	279	1
137	280	-1
137	281	1
137	282	1
137	284	-1
137	287	-1
137	289	1
137	293	-1
137	294	1
137	300	-1
137	301	-1
137	302	-1
137	309	1
137	310	1
137	312	-1
137	315	1
137	318	-1
137	319	-1
137	325	-1
137	326	-1
137	330	1
137	331	-1
137	333	1
137	335	1
137	336	1
137	338	-1
137	339	-1
137	342	-1
137	344	-1
137	351	-1
137	352	-1
137	354	-1
137	356	-1
137	359	-1
137	363	-1
137	370	1
137	371	1
137	379	1
137	380	-1
137	381	-1
137	382	1
137	386	-1
137	390	1
137	392	1
137	395	-1
137	396	-1
137	397	-1
137	401	1
137	405	1
137	408	-1
137	412	1
137	414	-1
137	415	1
137	419	1
137	427	-1
137	431	1
137	438	1
137	442	1
137	445	1
137	446	-1
137	447	-1
137	448	1
137	450	1
137	451	-1
137	452	-1
137	456	-1
137	458	-1
137	460	-1
137	465	1
137	468	-1
137	474	1
137	475	-1
137	480	1
137	484	-1
137	487	1
137	489	1
137	495	-1
138	139	1
138	142	-1
138	144	1
138	145	-1
138	152	-1
138	156	-1
138	158	1
138	159	1
138	160	-1
138	162	1
138	165	1
138	166	-1
138	167	-1
138	169	-1
138	171	-1
138	181	-1
138	192	1
138	193	-1
138	194	-1
138	198	1
138	199	-1
138	200	-1
138	201	1
138	202	1
138	205	1
138	206	-1
138	210	1
138	211	1
138	212	-1
138	217	1
138	219	-1
138	220	1
138	221	1
138	228	-1
138	231	1
138	238	1
138	240	1
138	241	-1
138	242	1
138	252	1
138	256	-1
138	259	-1
138	262	-1
138	265	-1
138	268	1
138	271	1
138	274	-1
138	286	-1
138	291	-1
138	297	1
138	298	-1
138	299	1
138	303	-1
138	309	1
138	310	-1
138	312	-1
138	313	1
138	316	-1
138	318	-1
138	320	-1
138	322	-1
138	323	1
138	324	1
138	328	1
138	330	1
138	335	-1
138	336	-1
138	338	1
138	339	-1
138	342	-1
138	344	1
138	345	-1
138	346	1
138	349	1
138	353	1
138	365	-1
138	367	1
138	369	-1
138	370	-1
138	376	1
138	377	-1
138	379	1
138	381	1
138	382	-1
138	383	-1
138	384	1
138	387	1
138	388	-1
138	389	-1
138	390	1
138	396	-1
138	401	-1
138	403	-1
138	405	-1
138	408	-1
138	409	-1
138	411	1
138	413	-1
138	414	1
138	417	1
138	418	1
138	426	1
138	427	-1
138	429	-1
138	430	1
138	431	1
138	438	-1
138	444	-1
138	446	-1
138	447	-1
138	450	1
138	451	1
138	452	1
138	453	-1
138	458	1
138	460	-1
138	472	-1
138	475	-1
138	478	1
138	480	1
138	481	1
138	482	-1
138	483	-1
138	486	1
138	487	-1
138	489	-1
138	492	1
138	494	-1
138	495	-1
138	499	1
139	142	1
139	150	-1
139	154	1
139	158	1
139	159	-1
139	162	1
139	168	1
139	169	1
139	173	1
139	174	-1
139	177	-1
139	180	-1
139	182	-1
139	187	1
139	191	-1
139	193	1
139	196	1
139	198	1
139	199	-1
139	203	-1
139	205	-1
139	207	1
139	208	-1
139	213	1
139	214	1
139	215	1
139	221	-1
139	222	1
139	228	-1
139	237	1
139	244	-1
139	249	1
139	251	1
139	255	-1
139	258	-1
139	261	-1
139	262	1
139	265	-1
139	267	-1
139	269	-1
139	270	1
139	275	1
139	284	-1
139	288	1
139	289	1
139	290	1
139	293	-1
139	299	1
139	300	1
139	301	-1
139	303	-1
139	305	1
139	306	1
139	307	-1
139	310	-1
139	312	-1
139	314	1
139	317	1
139	318	1
139	321	-1
139	322	-1
139	323	1
139	327	1
139	331	1
139	333	1
139	335	-1
139	336	1
139	339	1
139	343	-1
139	344	-1
139	353	1
139	361	-1
139	362	-1
139	363	-1
139	364	-1
139	367	1
139	368	1
139	369	-1
139	371	-1
139	374	1
139	376	1
139	377	1
139	381	1
139	382	1
139	385	-1
139	386	1
139	387	1
139	388	1
139	392	-1
139	394	1
139	403	-1
139	404	-1
139	406	-1
139	409	-1
139	411	1
139	414	1
139	415	-1
139	416	-1
139	420	1
139	423	-1
139	424	1
139	427	-1
139	429	-1
139	435	-1
139	445	1
139	452	1
139	461	1
139	464	1
139	467	-1
139	469	-1
139	474	-1
139	475	1
139	481	-1
139	485	-1
139	487	1
139	493	1
139	495	1
140	141	1
140	148	1
140	154	1
140	157	1
140	158	-1
140	166	1
140	167	-1
140	169	1
140	171	-1
140	175	-1
140	179	1
140	183	1
140	191	1
140	192	-1
140	194	1
140	197	1
140	198	-1
140	201	1
140	204	-1
140	205	1
140	210	-1
140	217	1
140	219	1
140	222	-1
140	224	1
140	227	1
140	229	-1
140	232	-1
140	235	1
140	236	1
140	237	1
140	241	1
140	244	-1
140	249	1
140	252	1
140	253	-1
140	254	1
140	258	1
140	264	-1
140	268	-1
140	270	-1
140	272	-1
140	277	1
140	278	1
140	279	-1
140	282	-1
140	284	-1
140	288	-1
140	292	-1
140	293	1
140	297	-1
140	303	-1
140	304	1
140	317	1
140	320	1
140	323	-1
140	324	1
140	325	1
140	326	1
140	331	1
140	333	-1
140	335	-1
140	340	1
140	341	-1
140	342	-1
140	345	1
140	348	-1
140	350	1
140	352	-1
140	356	1
140	359	1
140	360	-1
140	361	-1
140	365	1
140	368	-1
140	377	1
140	378	-1
140	384	1
140	385	1
140	386	-1
140	387	-1
140	388	1
140	393	-1
140	396	1
140	400	-1
140	402	1
140	403	1
140	409	1
140	410	1
140	411	1
140	412	-1
140	413	-1
140	414	-1
140	415	1
140	417	1
140	420	-1
140	421	1
140	424	1
140	426	1
140	427	1
140	430	1
140	431	-1
140	434	-1
140	435	-1
140	439	-1
140	444	1
140	449	-1
140	451	-1
140	455	-1
140	456	1
140	462	1
140	465	1
140	468	-1
140	469	1
140	471	-1
140	474	1
140	476	-1
140	480	1
140	482	-1
140	483	-1
140	484	-1
140	485	-1
140	486	1
140	488	1
140	494	-1
140	495	-1
141	148	-1
141	154	-1
141	156	1
141	158	1
141	159	1
141	164	-1
141	165	1
141	166	-1
141	171	-1
141	173	-1
141	178	-1
141	180	-1
141	183	-1
141	185	-1
141	190	1
141	195	-1
141	202	-1
141	209	-1
141	212	-1
141	218	1
141	231	1
141	232	-1
141	235	1
141	239	-1
141	245	-1
141	248	1
141	249	-1
141	251	-1
141	255	1
141	258	1
141	260	-1
141	261	-1
141	265	-1
141	267	1
141	270	-1
141	271	-1
141	272	1
141	274	-1
141	278	-1
141	279	-1
141	284	-1
141	291	-1
141	292	-1
141	294	-1
141	295	1
141	296	1
141	300	-1
141	303	1
141	306	1
141	310	1
141	311	1
141	312	-1
141	313	-1
141	318	1
141	324	-1
141	325	-1
141	326	1
141	337	-1
141	340	1
141	342	1
141	343	-1
141	358	1
141	359	-1
141	361	1
141	362	1
141	365	-1
141	368	1
141	374	1
141	379	-1
141	380	1
141	386	-1
141	396	1
141	397	1
141	399	-1
141	401	1
141	402	-1
141	411	-1
141	415	-1
141	417	1
141	419	1
141	421	1
141	426	1
141	434	1
141	435	-1
141	436	-1
141	439	1
141	442	-1
141	448	1
141	450	-1
141	453	-1
141	454	1
141	455	1
141	456	-1
141	458	1
141	460	1
141	461	1
141	466	-1
141	470	-1
141	473	-1
141	474	-1
141	475	1
141	480	1
141	486	1
141	489	1
141	491	1
141	494	-1
142	143	1
142	144	1
142	145	1
142	149	1
142	151	1
142	152	1
142	158	1
142	159	1
142	161	1
142	169	1
142	170	-1
142	172	1
142	173	1
142	179	1
142	185	-1
142	187	1
142	188	-1
142	199	1
142	201	-1
142	202	1
142	203	-1
142	205	1
142	210	1
142	212	1
142	214	1
142	217	-1
142	218	1
142	219	1
142	220	1
142	221	-1
142	222	-1
142	225	-1
142	228	-1
142	230	1
142	232	-1
142	233	1
142	235	1
142	236	1
142	243	-1
142	244	-1
142	245	-1
142	252	1
142	254	-1
142	259	-1
142	260	1
142	263	1
142	266	-1
142	267	1
142	273	-1
142	274	-1
142	277	1
142	281	1
142	284	-1
142	285	-1
142	287	1
142	291	1
142	293	-1
142	301	1
142	304	-1
142	306	1
142	307	-1
142	308	1
142	310	1
142	312	-1
142	317	-1
142	320	-1
142	321	-1
142	327	1
142	328	1
142	329	1
142	332	1
142	335	-1
142	336	-1
142	340	-1
142	342	1
142	344	-1
142	345	-1
142	346	1
142	349	-1
142	351	-1
142	355	-1
142	358	1
142	359	1
142	363	-1
142	364	-1
142	365	1
142	371	1
142	372	-1
142	373	-1
142	374	1
142	375	1
142	377	-1
142	379	-1
142	382	1
142	392	1
142	396	-1
142	397	1
142	400	1
142	402	-1
142	403	-1
142	404	-1
142	406	1
142	408	1
142	409	1
142	411	-1
142	412	1
142	416	1
142	418	1
142	419	-1
142	423	1
142	429	1
142	430	1
142	434	1
142	439	-1
142	441	-1
142	452	-1
142	454	1
142	457	-1
142	459	1
142	461	1
142	462	1
142	463	1
142	464	-1
142	466	-1
142	468	1
142	469	1
142	472	-1
142	473	-1
142	476	-1
142	486	-1
142	489	-1
142	495	-1
142	497	-1
143	147	-1
143	152	-1
143	159	1
143	161	1
143	163	-1
143	169	1
143	170	1
143	175	1
143	177	-1
143	182	1
143	184	-1
143	185	1
143	189	-1
143	194	1
143	195	1
143	197	1
143	198	-1
143	200	-1
143	205	1
143	210	-1
143	216	1
143	217	1
143	225	-1
143	229	1
143	231	-1
143	232	1
143	234	-1
143	236	-1
143	237	1
143	241	1
143	244	-1
143	246	-1
143	247	1
143	253	1
143	254	-1
143	257	-1
143	259	1
143	260	-1
143	263	-1
143	268	-1
143	275	-1
143	282	1
143	283	-1
143	286	1
143	287	1
143	290	-1
143	294	1
143	295	-1
143	299	-1
143	307	1
143	310	1
143	313	-1
143	314	1
143	316	1
143	322	-1
143	325	1
143	327	-1
143	331	1
143	334	1
143	337	1
143	345	-1
143	350	-1
143	355	-1
143	358	1
143	360	1
143	361	1
143	362	1
143	364	1
143	370	-1
143	371	1
143	373	-1
143	374	-1
143	378	1
143	379	1
143	381	-1
143	383	1
143	391	1
143	393	-1
143	400	-1
143	403	-1
143	405	1
143	406	-1
143	408	-1
143	411	1
143	412	1
143	414	1
143	420	-1
143	421	-1
143	422	1
143	428	1
143	429	-1
143	434	-1
143	436	1
143	438	-1
143	439	-1
143	442	-1
143	443	-1
143	446	1
143	447	-1
143	448	1
143	450	-1
143	456	-1
143	459	-1
143	466	1
143	469	1
143	472	-1
143	473	1
143	475	1
143	477	1
143	481	1
143	482	1
143	485	1
143	486	1
143	489	-1
143	491	1
143	498	1
144	145	1
144	152	1
144	153	-1
144	157	-1
144	158	-1
144	162	1
144	163	1
144	166	1
144	168	1
144	170	1
144	176	1
144	177	1
144	185	1
144	189	-1
144	198	-1
144	200	1
144	201	-1
144	207	1
144	208	1
144	211	1
144	214	-1
144	215	-1
144	216	-1
144	219	1
144	221	1
144	222	-1
144	224	1
144	226	-1
144	227	1
144	230	-1
144	237	-1
144	238	-1
144	239	1
144	240	-1
144	241	-1
144	246	-1
144	248	-1
144	251	1
144	255	1
144	256	-1
144	259	1
144	260	1
144	262	1
144	265	1
144	271	1
144	275	-1
144	277	-1
144	278	-1
144	282	-1
144	283	-1
144	284	-1
144	288	1
144	289	1
144	292	1
144	293	1
144	295	-1
144	296	1
144	303	-1
144	305	-1
144	306	1
144	315	-1
144	320	-1
144	321	-1
144	322	1
144	323	-1
144	326	-1
144	328	1
144	331	-1
144	332	1
144	333	1
144	334	-1
144	335	-1
144	338	1
144	340	1
144	343	-1
144	345	1
144	346	-1
144	347	1
144	349	1
144	352	1
144	359	1
144	360	1
144	363	-1
144	365	-1
144	366	-1
144	367	-1
144	368	1
144	369	-1
144	374	-1
144	376	-1
144	378	-1
144	383	-1
144	393	-1
144	394	-1
144	395	1
144	396	-1
144	400	-1
144	407	-1
144	408	-1
144	415	-1
144	417	1
144	421	1
144	431	-1
144	434	1
144	443	-1
144	452	1
144	454	1
144	461	-1
144	463	-1
144	465	1
144	467	-1
144	469	1
144	470	-1
144	471	1
144	472	1
144	476	1
144	485	-1
144	486	1
144	487	-1
144	489	-1
144	492	-1
144	494	-1
144	496	-1
145	147	-1
145	148	1
145	155	1
145	161	1
145	162	-1
145	163	-1
145	164	-1
145	165	1
145	172	-1
145	173	1
145	182	-1
145	183	-1
145	185	1
145	187	1
145	189	-1
145	191	1
145	194	1
145	202	-1
145	203	1
145	204	-1
145	206	-1
145	207	-1
145	213	1
145	214	1
145	220	-1
145	223	-1
145	224	1
145	234	-1
145	239	1
145	241	-1
145	243	-1
145	244	-1
145	246	1
145	247	-1
145	250	-1
145	251	-1
145	252	-1
145	254	-1
145	256	-1
145	258	-1
145	259	1
145	260	-1
145	263	-1
145	265	-1
145	266	-1
145	272	-1
145	273	-1
145	279	-1
145	281	-1
145	282	1
145	287	-1
145	288	-1
145	297	-1
145	298	1
145	306	-1
145	317	-1
145	318	1
145	322	1
145	324	1
145	328	-1
145	331	-1
145	332	1
145	334	1
145	335	-1
145	336	-1
145	340	1
145	345	1
145	350	1
145	352	-1
145	360	1
145	361	1
145	366	-1
145	367	-1
145	368	-1
145	370	1
145	371	1
145	375	1
145	376	1
145	377	-1
145	379	1
145	380	1
145	381	-1
145	387	-1
145	390	-1
145	395	1
145	398	1
145	404	1
145	406	-1
145	410	-1
145	412	-1
145	419	-1
145	425	1
145	427	-1
145	428	-1
145	433	-1
145	440	1
145	441	1
145	442	1
145	445	1
145	449	-1
145	452	-1
145	455	-1
145	456	-1
145	458	-1
145	461	-1
145	463	-1
145	464	-1
145	465	-1
145	469	-1
145	470	-1
145	471	-1
145	472	-1
145	478	1
145	483	-1
145	484	-1
145	493	1
145	495	-1
146	148	1
146	154	-1
146	155	1
146	159	-1
146	163	1
146	164	-1
146	165	-1
146	166	1
146	169	-1
146	171	-1
146	172	1
146	173	-1
146	175	1
146	179	1
146	182	1
146	183	-1
146	185	1
146	188	1
146	191	-1
146	192	1
146	196	1
146	200	-1
146	205	1
146	206	1
146	207	1
146	210	1
146	211	-1
146	212	-1
146	225	-1
146	227	-1
146	233	-1
146	235	1
146	236	1
146	241	-1
146	247	1
146	248	1
146	256	-1
146	258	1
146	262	1
146	263	1
146	266	1
146	267	-1
146	270	-1
146	272	-1
146	274	-1
146	278	-1
146	281	-1
146	284	1
146	285	-1
146	288	1
146	291	-1
146	292	-1
146	294	1
146	295	1
146	298	-1
146	301	-1
146	303	1
146	308	-1
146	310	1
146	311	-1
146	315	1
146	316	-1
146	318	1
146	320	-1
146	323	1
146	326	1
146	328	-1
146	336	-1
146	337	-1
146	338	-1
146	339	1
146	341	1
146	342	1
146	344	1
146	346	1
146	350	-1
146	352	1
146	354	-1
146	355	1
146	360	1
146	362	1
146	363	-1
146	376	1
146	378	1
146	381	1
146	385	1
146	387	1
146	391	-1
146	394	-1
146	396	1
146	397	-1
146	399	1
146	401	-1
146	409	-1
146	415	1
146	418	1
146	419	-1
146	420	-1
146	421	-1
146	423	1
146	426	-1
146	431	-1
146	433	1
146	436	-1
146	440	1
146	443	-1
146	445	1
146	446	-1
146	447	1
146	448	1
146	449	1
146	450	1
146	451	-1
146	452	-1
146	453	-1
146	457	1
146	464	-1
146	467	-1
146	470	1
146	471	1
146	474	1
146	476	1
146	478	1
146	479	-1
146	484	-1
146	485	1
146	487	-1
146	489	-1
146	490	-1
146	499	-1
147	150	1
147	155	-1
147	160	-1
147	165	1
147	166	-1
147	168	-1
147	173	1
147	179	-1
147	182	-1
147	186	1
147	197	-1
147	205	1
147	206	-1
147	208	-1
147	211	1
147	212	-1
147	215	1
147	217	-1
147	218	-1
147	219	1
147	222	1
147	223	1
147	224	-1
147	230	-1
147	233	-1
147	234	1
147	236	1
147	245	1
147	247	1
147	256	1
147	261	-1
147	262	-1
147	263	-1
147	270	1
147	271	-1
147	276	1
147	280	1
147	281	-1
147	285	-1
147	288	1
147	289	-1
147	290	-1
147	291	1
147	297	-1
147	299	1
147	301	-1
147	303	1
147	311	-1
147	312	1
147	314	1
147	315	-1
147	316	-1
147	318	1
147	322	1
147	323	-1
147	326	-1
147	332	1
147	339	1
147	349	-1
147	352	1
147	355	-1
147	357	1
147	360	1
147	362	1
147	364	1
147	365	-1
147	366	1
147	370	-1
147	379	-1
147	382	1
147	390	1
147	391	-1
147	392	-1
147	393	1
147	396	-1
147	399	-1
147	400	1
147	402	1
147	405	-1
147	410	-1
147	411	-1
147	418	-1
147	422	-1
147	423	1
147	426	1
147	429	1
147	442	1
147	443	1
147	446	1
147	448	1
147	449	-1
147	452	1
147	461	1
147	463	-1
147	465	-1
147	469	1
147	470	-1
147	477	-1
147	483	1
147	485	-1
147	486	-1
147	487	1
147	493	1
147	494	-1
147	495	1
147	496	-1
147	497	1
147	498	-1
147	499	-1
148	152	-1
148	155	-1
148	157	1
148	158	-1
148	159	-1
148	161	1
148	163	-1
148	164	-1
148	168	-1
148	169	1
148	171	-1
148	172	1
148	173	-1
148	179	-1
148	180	-1
148	181	1
148	183	1
148	188	-1
148	191	1
148	193	-1
148	197	1
148	201	-1
148	203	-1
148	204	1
148	206	1
148	209	-1
148	214	-1
148	215	-1
148	217	-1
148	220	-1
148	222	-1
148	231	-1
148	233	-1
148	235	-1
148	237	1
148	238	1
148	241	-1
148	245	1
148	246	1
148	248	-1
148	250	1
148	252	-1
148	255	1
148	258	1
148	260	-1
148	263	1
148	266	1
148	267	-1
148	278	-1
148	281	1
148	293	-1
148	294	1
148	295	-1
148	296	1
148	298	-1
148	299	1
148	300	-1
148	301	1
148	302	1
148	306	-1
148	307	-1
148	310	1
148	312	1
148	313	-1
148	314	1
148	316	-1
148	317	1
148	319	-1
148	322	1
148	323	-1
148	325	-1
148	331	-1
148	335	1
148	337	-1
148	338	-1
148	341	-1
148	342	-1
148	348	-1
148	351	1
148	354	-1
148	355	-1
148	357	-1
148	358	-1
148	361	1
148	362	-1
148	366	-1
148	368	1
148	369	-1
148	370	-1
148	372	1
148	378	-1
148	385	1
148	388	-1
148	390	1
148	393	1
148	395	1
148	396	-1
148	401	-1
148	403	1
148	404	-1
148	406	1
148	411	1
148	412	-1
148	416	1
148	417	-1
148	421	-1
148	425	1
148	426	1
148	427	-1
148	428	-1
148	431	1
148	434	1
148	436	1
148	440	1
148	449	1
148	457	1
148	458	1
148	459	-1
148	460	1
148	462	-1
148	464	-1
148	467	1
148	468	-1
148	475	-1
148	480	1
148	481	-1
148	490	-1
148	495	1
148	497	1
148	499	-1
149	150	-1
149	151	1
149	157	-1
149	158	1
149	159	1
149	162	1
149	163	1
149	165	1
149	166	-1
149	177	-1
149	184	-1
149	185	1
149	186	1
149	189	-1
149	190	-1
149	191	-1
149	192	1
149	193	1
149	194	1
149	199	1
149	204	1
149	205	1
149	208	1
149	209	-1
149	212	1
149	216	1
149	225	-1
149	228	-1
149	235	1
149	237	-1
149	244	1
149	246	1
149	249	-1
149	252	1
149	254	-1
149	255	1
149	261	1
149	263	1
149	264	1
149	266	-1
149	269	-1
149	270	1
149	273	1
149	274	-1
149	277	1
149	281	1
149	282	1
149	285	-1
149	286	1
149	289	-1
149	293	1
149	297	1
149	300	1
149	301	-1
149	303	-1
149	304	1
149	306	1
149	307	-1
149	309	-1
149	310	1
149	311	-1
149	313	1
149	316	-1
149	317	1
149	320	1
149	324	-1
149	325	1
149	327	1
149	332	1
149	335	1
149	351	1
149	359	-1
149	361	1
149	365	1
149	375	-1
149	379	-1
149	383	1
149	394	1
149	396	-1
149	401	-1
149	403	1
149	406	-1
149	408	1
149	412	-1
149	415	-1
149	419	1
149	425	1
149	433	-1
149	435	1
149	440	1
149	443	-1
149	446	1
149	448	1
149	449	1
149	452	-1
149	464	1
149	469	-1
149	470	-1
149	473	1
149	475	1
149	478	-1
149	480	1
149	485	-1
149	489	-1
149	490	1
149	493	-1
149	498	1
150	151	-1
150	167	1
150	168	1
150	172	-1
150	174	-1
150	176	1
150	180	1
150	190	1
150	192	1
150	194	1
150	197	1
150	205	1
150	216	1
150	218	-1
150	219	-1
150	220	-1
150	222	1
150	224	-1
150	228	1
150	230	-1
150	237	1
150	239	-1
150	245	1
150	246	-1
150	247	1
150	248	1
150	251	1
150	253	1
150	261	-1
150	262	-1
150	273	-1
150	275	1
150	279	-1
150	285	1
150	290	-1
150	292	-1
150	294	-1
150	295	-1
150	299	1
150	301	1
150	304	-1
150	312	1
150	314	-1
150	317	1
150	318	-1
150	322	-1
150	326	-1
150	328	1
150	333	1
150	337	-1
150	339	-1
150	340	1
150	341	-1
150	343	1
150	348	1
150	361	-1
150	362	1
150	365	1
150	367	-1
150	371	1
150	376	1
150	381	1
150	384	1
150	387	1
150	388	-1
150	389	1
150	391	1
150	392	1
150	393	1
150	397	-1
150	410	-1
150	411	-1
150	413	-1
150	416	1
150	417	-1
150	420	1
150	424	-1
150	430	-1
150	433	-1
150	436	-1
150	438	1
150	441	-1
150	452	1
150	455	1
150	456	-1
150	457	-1
150	464	-1
150	465	-1
150	469	-1
150	472	-1
150	473	-1
150	474	-1
150	479	1
150	480	1
150	481	1
150	485	-1
150	493	1
151	153	-1
151	157	-1
151	170	-1
151	171	-1
151	172	-1
151	176	1
151	181	-1
151	183	-1
151	184	1
151	188	1
151	201	1
151	207	1
151	213	-1
151	217	1
151	218	-1
151	221	-1
151	222	-1
151	223	-1
151	227	1
151	228	1
151	229	-1
151	230	1
151	231	1
151	241	1
151	245	-1
151	246	-1
151	247	-1
151	248	1
151	250	1
151	251	1
151	252	-1
151	255	-1
151	257	1
151	266	1
151	269	-1
151	270	1
151	271	-1
151	275	1
151	277	-1
151	282	-1
151	283	-1
151	285	1
151	288	-1
151	290	-1
151	301	-1
151	305	1
151	307	-1
151	309	1
151	314	1
151	319	1
151	322	-1
151	327	1
151	332	1
151	337	1
151	345	-1
151	347	-1
151	348	1
151	355	1
151	358	-1
151	365	-1
151	368	1
151	369	1
151	370	1
151	374	1
151	375	1
151	376	-1
151	378	1
151	379	-1
151	381	-1
151	382	-1
151	384	1
151	389	1
151	393	-1
151	395	-1
151	399	1
151	401	-1
151	407	1
151	410	1
151	412	-1
151	416	1
151	425	-1
151	427	-1
151	430	1
151	432	1
151	433	-1
151	435	1
151	437	-1
151	439	-1
151	441	-1
151	450	-1
151	452	-1
151	453	-1
151	454	-1
151	456	1
151	459	-1
151	460	-1
151	472	-1
151	476	-1
151	478	-1
151	483	-1
151	484	1
151	488	1
151	490	-1
151	496	-1
151	498	1
152	154	-1
152	158	-1
152	159	-1
152	161	-1
152	163	1
152	168	-1
152	171	-1
152	172	1
152	178	-1
152	183	1
152	186	1
152	187	-1
152	188	-1
152	189	1
152	194	1
152	196	-1
152	197	-1
152	199	1
152	201	1
152	210	-1
152	217	-1
152	231	-1
152	232	1
152	233	1
152	238	1
152	243	-1
152	248	-1
152	263	1
152	264	1
152	267	1
152	272	1
152	275	-1
152	277	-1
152	278	-1
152	279	1
152	282	-1
152	285	1
152	286	1
152	288	1
152	291	1
152	293	-1
152	294	-1
152	296	1
152	301	-1
152	304	1
152	313	-1
152	327	1
152	328	1
152	330	-1
152	334	-1
152	336	1
152	338	1
152	340	-1
152	343	1
152	346	1
152	347	-1
152	350	-1
152	357	-1
152	358	1
152	371	-1
152	374	-1
152	376	-1
152	377	-1
152	379	-1
152	390	-1
152	395	1
152	398	1
152	403	-1
152	406	-1
152	408	1
152	411	1
152	414	1
152	418	-1
152	421	-1
152	427	1
152	428	1
152	432	-1
152	433	1
152	436	1
152	437	1
152	439	1
152	442	-1
152	443	-1
152	444	-1
152	445	-1
152	446	-1
152	449	1
152	450	1
152	452	1
152	454	1
152	459	1
152	463	-1
152	464	-1
152	467	-1
152	468	-1
152	469	-1
152	470	-1
152	471	-1
152	472	-1
152	474	-1
152	478	-1
152	481	1
152	483	-1
152	484	-1
152	486	-1
152	488	1
152	494	1
152	499	-1
153	154	-1
153	158	-1
153	163	-1
153	164	1
153	165	-1
153	167	1
153	174	1
153	179	1
153	181	1
153	183	-1
153	185	-1
153	188	1
153	194	1
153	197	-1
153	201	-1
153	203	-1
153	205	1
153	207	1
153	208	-1
153	213	-1
153	218	-1
153	221	1
153	223	-1
153	224	1
153	225	1
153	232	-1
153	241	-1
153	247	1
153	254	1
153	266	1
153	267	1
153	268	1
153	269	1
153	272	-1
153	278	-1
153	280	-1
153	282	-1
153	285	1
153	287	1
153	289	1
153	291	1
153	293	1
153	294	-1
153	295	1
153	298	-1
153	299	1
153	300	-1
153	303	-1
153	304	1
153	308	-1
153	314	-1
153	316	-1
153	317	1
153	318	1
153	324	1
153	327	1
153	328	-1
153	329	1
153	333	1
153	334	-1
153	340	1
153	343	-1
153	344	1
153	348	-1
153	350	-1
153	353	1
153	354	-1
153	357	-1
153	361	1
153	362	-1
153	365	-1
153	368	-1
153	370	1
153	371	-1
153	374	1
153	375	-1
153	378	-1
153	382	1
153	383	-1
153	384	1
153	392	-1
153	393	1
153	394	-1
153	399	-1
153	400	1
153	403	1
153	407	1
153	409	1
153	410	1
153	411	1
153	417	-1
153	418	-1
153	421	-1
153	422	1
153	424	1
153	426	-1
153	430	-1
153	433	-1
153	435	-1
153	436	-1
153	437	-1
153	440	1
153	443	-1
153	449	-1
153	450	1
153	451	1
153	452	-1
153	454	1
153	458	1
153	463	1
153	465	1
153	467	-1
153	477	1
153	482	1
153	484	1
153	485	-1
153	489	1
153	492	1
153	493	-1
153	497	-1
154	155	-1
154	159	-1
154	160	-1
154	162	1
154	175	1
154	177	1
154	189	1
154	193	-1
154	194	1
154	195	1
154	198	1
154	200	1
154	202	1
154	203	1
154	206	-1
154	215	-1
154	217	-1
154	218	1
154	221	-1
154	225	1
154	228	1
154	232	1
154	236	1
154	238	1
154	241	1
154	243	-1
154	246	-1
154	247	-1
154	249	-1
154	251	1
154	252	1
154	255	-1
154	256	-1
154	267	-1
154	269	1
154	271	1
154	275	-1
154	276	1
154	277	1
154	280	-1
154	281	1
154	282	1
154	283	-1
154	286	-1
154	291	-1
154	293	1
154	296	1
154	297	-1
154	298	-1
154	299	1
154	301	-1
154	305	1
154	307	1
154	309	-1
154	312	1
154	313	1
154	314	-1
154	319	-1
154	321	-1
154	322	-1
154	325	1
154	330	1
154	332	1
154	333	-1
154	338	-1
154	347	1
154	348	-1
154	349	-1
154	350	1
154	355	-1
154	356	-1
154	357	-1
154	360	-1
154	364	-1
154	367	-1
154	370	1
154	371	-1
154	373	-1
154	377	-1
154	385	-1
154	387	-1
154	388	-1
154	390	1
154	391	-1
154	392	1
154	395	-1
154	398	-1
154	399	1
154	400	-1
154	403	-1
154	407	-1
154	409	-1
154	413	-1
154	419	-1
154	423	-1
154	425	1
154	427	-1
154	429	-1
154	433	-1
154	436	-1
154	438	-1
154	439	-1
154	442	-1
154	447	-1
154	450	1
154	456	1
154	457	1
154	467	1
154	471	-1
154	477	-1
154	478	-1
154	479	1
154	480	1
154	486	1
154	487	1
154	488	-1
154	491	1
154	497	1
155	161	-1
155	169	-1
155	170	1
155	173	-1
155	175	-1
155	178	-1
155	179	1
155	182	-1
155	186	1
155	193	1
155	194	1
155	199	1
155	207	1
155	210	1
155	215	1
155	224	1
155	227	-1
155	228	-1
155	229	-1
155	232	-1
155	234	1
155	236	-1
155	238	-1
155	239	-1
155	240	1
155	242	-1
155	245	-1
155	247	-1
155	249	1
155	260	-1
155	261	1
155	262	1
155	263	1
155	264	1
155	266	1
155	267	-1
155	279	1
155	281	-1
155	282	-1
155	283	-1
155	287	1
155	289	1
155	294	1
155	297	1
155	299	-1
155	301	-1
155	302	1
155	305	-1
155	311	1
155	315	-1
155	317	-1
155	323	-1
155	326	1
155	335	1
155	337	1
155	339	1
155	343	-1
155	345	-1
155	346	-1
155	349	1
155	350	1
155	352	-1
155	354	1
155	356	-1
155	358	1
155	363	-1
155	364	-1
155	366	-1
155	369	1
155	373	1
155	379	1
155	387	-1
155	390	1
155	393	1
155	394	-1
155	395	-1
155	399	1
155	400	1
155	401	-1
155	410	-1
155	411	1
155	412	-1
155	413	1
155	414	1
155	420	1
155	421	-1
155	423	-1
155	424	-1
155	425	1
155	427	-1
155	428	-1
155	430	-1
155	431	-1
155	433	1
155	436	1
155	440	-1
155	441	1
155	442	1
155	459	-1
155	462	1
155	463	1
155	464	-1
155	466	1
155	473	-1
155	474	1
155	482	-1
155	484	-1
155	485	-1
155	487	-1
155	493	-1
155	494	-1
155	496	-1
155	498	1
155	499	1
156	157	-1
156	158	-1
156	160	1
156	162	1
156	165	1
156	168	-1
156	169	-1
156	170	1
156	175	-1
156	176	1
156	177	1
156	179	1
156	181	1
156	182	-1
156	184	-1
156	186	-1
156	189	-1
156	193	1
156	194	1
156	205	1
156	209	-1
156	211	-1
156	213	1
156	216	1
156	218	1
156	219	1
156	222	1
156	224	-1
156	225	-1
156	233	-1
156	235	1
156	236	1
156	242	-1
156	243	1
156	244	1
156	249	-1
156	250	-1
156	251	1
156	252	1
156	255	1
156	256	-1
156	261	-1
156	264	-1
156	266	1
156	267	-1
156	269	1
156	270	-1
156	275	-1
156	277	-1
156	278	1
156	280	-1
156	281	1
156	283	-1
156	285	1
156	286	-1
156	289	1
156	291	1
156	292	-1
156	296	1
156	299	-1
156	300	-1
156	308	-1
156	312	-1
156	322	-1
156	324	-1
156	327	-1
156	333	1
156	334	-1
156	337	-1
156	338	1
156	339	1
156	341	-1
156	342	1
156	345	1
156	350	1
156	352	1
156	354	1
156	355	1
156	359	1
156	365	1
156	366	1
156	369	1
156	372	-1
156	374	-1
156	375	-1
156	376	1
156	379	-1
156	389	-1
156	390	-1
156	392	-1
156	393	-1
156	395	-1
156	397	1
156	399	-1
156	404	1
156	409	1
156	410	1
156	416	-1
156	418	1
156	420	-1
156	423	1
156	424	1
156	427	1
156	430	1
156	437	-1
156	439	-1
156	440	1
156	452	1
156	453	1
156	454	-1
156	456	1
156	457	1
156	465	-1
156	473	-1
156	476	1
156	477	-1
156	480	-1
156	486	-1
156	490	1
156	492	1
156	495	1
156	499	-1
157	160	-1
157	161	1
157	166	1
157	167	1
157	169	-1
157	170	-1
157	173	-1
157	181	1
157	185	1
157	190	-1
157	193	1
157	194	-1
157	196	-1
157	200	1
157	201	-1
157	204	1
157	205	1
157	206	-1
157	209	1
157	213	-1
157	220	-1
157	224	-1
157	227	-1
157	230	1
157	233	-1
157	237	1
157	238	-1
157	239	1
157	241	1
157	243	1
157	245	1
157	251	-1
157	252	-1
157	254	-1
157	255	1
157	257	1
157	259	1
157	262	-1
157	265	-1
157	269	1
157	270	-1
157	271	-1
157	273	-1
157	274	-1
157	275	-1
157	276	1
157	279	-1
157	280	-1
157	284	-1
157	287	1
157	289	-1
157	302	1
157	304	-1
157	306	1
157	312	-1
157	315	1
157	318	-1
157	320	-1
157	321	-1
157	326	1
157	330	-1
157	331	1
157	334	1
157	337	-1
157	345	-1
157	347	1
157	349	-1
157	354	1
157	355	1
157	367	1
157	373	1
157	378	-1
157	379	1
157	382	-1
157	383	1
157	385	1
157	386	1
157	389	-1
157	391	-1
157	393	1
157	395	-1
157	397	-1
157	401	-1
157	402	1
157	407	1
157	411	-1
157	415	-1
157	420	1
157	422	-1
157	423	-1
157	424	-1
157	427	-1
157	434	-1
157	438	-1
157	440	1
157	441	1
157	443	-1
157	446	1
157	449	1
157	450	1
157	451	-1
157	456	-1
157	458	-1
157	463	-1
157	465	-1
157	467	-1
157	468	-1
157	470	1
157	471	-1
157	472	1
157	479	1
157	480	-1
157	481	1
157	484	-1
157	486	-1
157	488	1
157	496	1
157	498	-1
157	499	1
158	159	1
158	160	-1
158	161	1
158	163	-1
158	165	1
158	169	-1
158	173	-1
158	174	1
158	176	1
158	183	1
158	186	1
158	188	1
158	190	1
158	192	1
158	197	1
158	199	-1
158	200	-1
158	201	1
158	209	-1
158	210	1
158	216	1
158	220	-1
158	225	-1
158	227	-1
158	231	1
158	233	-1
158	236	-1
158	239	-1
158	243	1
158	244	1
158	245	1
158	248	1
158	254	-1
158	259	1
158	265	-1
158	266	1
158	267	-1
158	269	-1
158	274	-1
158	275	1
158	278	-1
158	279	-1
158	286	-1
158	287	-1
158	290	-1
158	294	-1
158	295	-1
158	296	1
158	297	-1
158	309	-1
158	315	1
158	319	1
158	320	1
158	321	1
158	323	-1
158	325	-1
158	326	-1
158	327	1
158	331	1
158	333	1
158	338	-1
158	345	1
158	346	1
158	350	-1
158	352	1
158	356	-1
158	357	-1
158	360	1
158	362	-1
158	364	-1
158	365	-1
158	372	-1
158	373	-1
158	377	1
158	383	-1
158	384	1
158	387	1
158	390	-1
158	393	1
158	394	1
158	399	1
158	406	1
158	407	-1
158	413	-1
158	414	-1
158	416	1
158	417	1
158	419	1
158	423	1
158	426	1
158	430	-1
158	433	-1
158	436	1
158	445	1
158	452	1
158	455	-1
158	457	-1
158	462	-1
158	463	-1
158	470	1
158	471	1
158	474	-1
158	475	-1
158	477	1
158	479	1
158	481	-1
158	486	-1
158	488	1
158	490	-1
158	491	-1
158	492	1
158	493	1
158	497	1
159	181	-1
159	185	1
159	189	1
159	191	1
159	197	1
159	199	1
159	200	1
159	202	1
159	203	1
159	204	-1
159	213	1
159	214	-1
159	218	-1
159	223	-1
159	226	-1
159	232	-1
159	237	1
159	241	-1
159	243	-1
159	249	1
159	250	-1
159	254	1
159	255	-1
159	258	1
159	265	-1
159	273	-1
159	274	-1
159	277	-1
159	280	1
159	282	1
159	286	1
159	287	1
159	289	-1
159	299	-1
159	301	1
159	307	-1
159	308	-1
159	313	1
159	319	1
159	320	1
159	325	-1
159	326	-1
159	329	-1
159	330	-1
159	332	1
159	334	-1
159	336	-1
159	338	1
159	340	-1
159	348	-1
159	349	1
159	350	-1
159	351	1
159	357	1
159	358	-1
159	360	-1
159	366	1
159	370	-1
159	373	1
159	381	-1
159	382	1
159	384	-1
159	388	-1
159	389	1
159	393	1
159	394	-1
159	397	-1
159	399	-1
159	400	-1
159	414	-1
159	419	1
159	420	-1
159	425	1
159	427	1
159	433	-1
159	434	-1
159	438	-1
159	443	-1
159	446	-1
159	453	1
159	455	1
159	457	1
159	463	-1
159	471	1
159	475	1
159	476	1
159	479	1
159	487	-1
159	493	1
159	494	-1
159	495	1
159	496	-1
159	498	1
160	162	-1
160	163	1
160	169	-1
160	176	1
160	178	1
160	181	-1
160	184	-1
160	186	1
160	189	-1
160	202	1
160	207	-1
160	209	1
160	210	1
160	219	-1
160	222	-1
160	226	1
160	228	1
160	229	1
160	230	1
160	231	1
160	232	-1
160	234	-1
160	238	-1
160	241	1
160	243	-1
160	244	1
160	245	-1
160	248	1
160	255	1
160	257	-1
160	264	-1
160	265	-1
160	269	-1
160	271	1
160	276	-1
160	278	-1
160	280	-1
160	282	-1
160	283	1
160	287	1
160	288	-1
160	291	-1
160	292	-1
160	298	1
160	300	-1
160	301	1
160	305	-1
160	307	-1
160	308	1
160	309	1
160	310	1
160	312	1
160	317	1
160	318	-1
160	320	1
160	321	1
160	322	-1
160	324	-1
160	328	1
160	330	1
160	336	-1
160	339	1
160	340	-1
160	343	-1
160	346	1
160	348	1
160	349	-1
160	350	-1
160	353	1
160	355	-1
160	356	-1
160	358	-1
160	360	1
160	362	1
160	367	-1
160	368	1
160	372	-1
160	375	1
160	379	1
160	380	-1
160	382	1
160	383	-1
160	390	-1
160	391	1
160	393	1
160	404	-1
160	411	1
160	412	1
160	414	-1
160	423	1
160	429	-1
160	433	-1
160	435	1
160	436	-1
160	437	1
160	440	1
160	442	-1
160	443	-1
160	446	-1
160	447	-1
160	454	-1
160	457	-1
160	464	-1
160	466	1
160	474	1
160	476	1
160	479	1
160	482	-1
160	483	1
160	485	-1
160	486	1
160	487	1
160	491	1
160	499	1
161	163	-1
161	165	-1
161	168	1
161	171	1
161	174	1
161	176	-1
161	177	1
161	178	1
161	182	1
161	184	-1
161	188	1
161	189	-1
161	190	1
161	191	-1
161	195	-1
161	203	1
161	205	-1
161	206	-1
161	209	1
161	219	1
161	221	1
161	222	1
161	225	-1
161	226	1
161	227	1
161	232	1
161	233	-1
161	236	-1
161	237	1
161	238	1
161	243	-1
161	246	-1
161	247	-1
161	249	1
161	257	-1
161	258	1
161	261	-1
161	262	1
161	274	1
161	277	1
161	278	-1
161	283	1
161	288	-1
161	293	-1
161	295	1
161	298	1
161	301	1
161	304	1
161	307	-1
161	312	-1
161	316	-1
161	317	1
161	318	-1
161	320	1
161	321	1
161	322	-1
161	325	-1
161	328	1
161	329	1
161	330	1
161	332	-1
161	337	-1
161	338	-1
161	340	-1
161	342	-1
161	344	-1
161	350	-1
161	355	1
161	357	1
161	358	-1
161	359	1
161	368	1
161	369	1
161	372	1
161	373	-1
161	375	1
161	380	-1
161	381	1
161	385	-1
161	391	1
161	398	-1
161	406	-1
161	407	1
161	414	-1
161	415	1
161	416	-1
161	417	-1
161	419	-1
161	431	-1
161	432	1
161	440	-1
161	446	1
161	456	1
161	457	-1
161	462	1
161	464	1
161	465	-1
161	469	1
161	473	1
161	478	1
161	488	1
161	496	1
162	165	-1
162	167	-1
162	168	-1
162	169	-1
162	170	-1
162	175	1
162	176	-1
162	178	-1
162	179	1
162	180	1
162	183	-1
162	184	1
162	185	1
162	189	1
162	192	1
162	198	1
162	201	-1
162	203	-1
162	205	-1
162	214	-1
162	216	-1
162	217	1
162	223	1
162	225	-1
162	232	1
162	236	-1
162	242	-1
162	243	-1
162	247	-1
162	248	1
162	250	-1
162	252	1
162	253	1
162	255	1
162	259	-1
162	260	1
162	263	-1
162	267	1
162	268	-1
162	269	1
162	271	-1
162	273	1
162	276	1
162	277	1
162	279	1
162	281	-1
162	288	-1
162	300	-1
162	304	1
162	306	1
162	310	1
162	312	-1
162	316	-1
162	317	1
162	318	1
162	320	-1
162	331	1
162	336	1
162	338	-1
162	339	-1
162	340	1
162	343	1
162	344	1
162	347	1
162	348	1
162	352	-1
162	353	-1
162	354	-1
162	355	1
162	357	-1
162	359	-1
162	363	-1
162	365	1
162	368	1
162	374	1
162	377	1
162	379	-1
162	385	-1
162	386	-1
162	392	1
162	395	1
162	397	1
162	399	-1
162	401	1
162	407	-1
162	408	1
162	414	1
162	415	1
162	416	-1
162	418	-1
162	420	-1
162	423	-1
162	434	-1
162	437	-1
162	438	1
162	439	-1
162	440	-1
162	446	-1
162	449	-1
162	451	-1
162	457	1
162	458	1
162	467	-1
162	472	-1
162	485	1
162	488	1
162	490	1
162	492	-1
162	493	1
162	495	1
162	496	1
162	498	-1
163	165	1
163	167	-1
163	169	1
163	171	-1
163	177	-1
163	183	1
163	192	1
163	193	1
163	196	-1
163	200	-1
163	202	1
163	205	-1
163	213	-1
163	215	1
163	216	-1
163	217	1
163	221	-1
163	225	1
163	227	-1
163	229	-1
163	231	-1
163	234	-1
163	236	1
163	237	1
163	239	1
163	240	1
163	241	1
163	247	1
163	249	-1
163	252	1
163	254	1
163	261	1
163	263	1
163	264	-1
163	265	-1
163	267	1
163	268	1
163	269	1
163	270	1
163	271	1
163	272	1
163	278	1
163	280	-1
163	284	1
163	288	-1
163	292	1
163	294	-1
163	295	-1
163	296	-1
163	297	-1
163	303	1
163	305	-1
163	310	1
163	314	-1
163	315	-1
163	317	1
163	318	1
163	320	1
163	321	-1
163	322	1
163	324	1
163	325	-1
163	332	1
163	334	-1
163	337	-1
163	342	-1
163	347	1
163	349	1
163	352	1
163	357	-1
163	359	-1
163	364	-1
163	365	-1
163	370	-1
163	371	-1
163	372	1
163	374	1
163	376	-1
163	380	-1
163	382	1
163	384	-1
163	387	-1
163	388	-1
163	391	-1
163	394	-1
163	398	-1
163	399	1
163	406	1
163	407	-1
163	418	1
163	423	1
163	424	-1
163	426	-1
163	431	-1
163	436	1
163	457	-1
163	464	1
163	465	1
163	473	1
163	478	1
163	480	-1
163	483	-1
163	484	1
163	491	1
164	165	-1
164	168	1
164	171	1
164	172	-1
164	174	1
164	181	1
164	186	-1
164	189	1
164	191	-1
164	193	-1
164	196	-1
164	197	-1
164	199	-1
164	200	-1
164	203	1
164	207	1
164	210	1
164	212	-1
164	220	-1
164	223	1
164	231	1
164	238	-1
164	244	1
164	245	1
164	247	-1
164	248	1
164	249	1
164	251	1
164	253	-1
164	254	1
164	255	1
164	257	1
164	258	1
164	262	1
164	266	-1
164	267	1
164	272	1
164	276	1
164	280	-1
164	289	-1
164	291	1
164	295	1
164	300	-1
164	301	1
164	304	1
164	308	-1
164	310	-1
164	315	-1
164	316	1
164	317	1
164	320	-1
164	323	1
164	327	1
164	328	1
164	332	-1
164	335	1
164	345	1
164	346	1
164	349	-1
164	352	1
164	355	1
164	357	1
164	358	1
164	365	1
164	368	1
164	369	-1
164	370	1
164	375	-1
164	376	-1
164	378	-1
164	379	-1
164	382	-1
164	384	1
164	386	-1
164	390	1
164	396	1
164	397	1
164	401	1
164	404	1
164	405	-1
164	407	1
164	417	1
164	421	1
164	425	-1
164	427	-1
164	428	1
164	431	-1
164	432	1
164	436	-1
164	437	-1
164	439	1
164	440	1
164	444	1
164	445	-1
164	448	1
164	450	1
164	451	1
164	455	1
164	461	1
164	466	1
164	470	-1
164	472	1
164	473	-1
164	476	-1
164	478	1
164	480	-1
164	484	-1
164	488	1
164	499	1
165	166	-1
165	172	-1
165	176	-1
165	178	1
165	183	1
165	186	-1
165	188	-1
165	191	1
165	197	1
165	200	1
165	201	-1
165	202	1
165	208	1
165	209	1
165	214	1
165	215	1
165	216	-1
165	217	1
165	220	-1
165	225	1
165	228	1
165	229	-1
165	230	-1
165	234	1
165	235	1
165	237	1
165	238	1
165	240	1
165	241	1
165	242	-1
165	244	1
165	247	1
165	249	-1
165	250	-1
165	251	1
165	253	-1
165	254	1
165	255	1
165	265	-1
165	270	1
165	271	1
165	278	-1
165	279	1
165	281	-1
165	284	1
165	293	1
165	295	1
165	297	1
165	298	-1
165	300	-1
165	302	-1
165	303	1
165	308	1
165	310	-1
165	311	-1
165	313	-1
165	324	-1
165	332	1
165	335	-1
165	336	1
165	337	1
165	346	-1
165	348	-1
165	357	-1
165	358	1
165	359	1
165	362	-1
165	371	-1
165	372	1
165	373	1
165	374	-1
165	375	-1
165	376	1
165	378	-1
165	380	1
165	381	1
165	382	-1
165	384	1
165	385	-1
165	387	1
165	388	-1
165	391	-1
165	394	-1
165	397	1
165	399	-1
165	402	-1
165	404	1
165	408	1
165	409	1
165	411	-1
165	414	1
165	421	1
165	422	-1
165	423	-1
165	425	-1
165	427	1
165	428	1
165	431	-1
165	433	-1
165	436	1
165	438	1
165	439	-1
165	441	1
165	443	-1
165	448	-1
165	449	-1
165	450	1
165	456	-1
165	460	-1
165	467	-1
165	470	-1
165	474	1
165	476	1
165	478	1
165	479	-1
165	481	1
165	484	1
165	485	-1
165	489	-1
165	491	-1
165	493	1
165	495	-1
165	498	-1
165	499	1
166	167	1
166	169	-1
166	170	-1
166	171	1
166	173	1
166	175	-1
166	179	1
166	180	1
166	187	-1
166	188	-1
166	189	-1
166	190	1
166	192	1
166	195	1
166	201	-1
166	204	-1
166	205	-1
166	206	-1
166	210	-1
166	211	1
166	212	1
166	213	1
166	215	-1
166	219	-1
166	222	-1
166	226	-1
166	227	-1
166	228	-1
166	237	1
166	238	-1
166	239	-1
166	243	-1
166	247	1
166	249	1
166	255	1
166	257	1
166	258	-1
166	266	1
166	267	1
166	279	-1
166	282	-1
166	284	-1
166	288	1
166	291	-1
166	293	-1
166	294	1
166	296	1
166	298	1
166	302	1
166	308	-1
166	310	-1
166	312	1
166	316	1
166	317	1
166	321	-1
166	324	-1
166	325	1
166	328	-1
166	332	-1
166	337	-1
166	341	1
166	347	1
166	350	-1
166	353	1
166	354	1
166	363	-1
166	369	1
166	370	1
166	373	-1
166	376	1
166	381	-1
166	382	1
166	384	-1
166	386	1
166	387	-1
166	388	-1
166	389	-1
166	391	-1
166	393	1
166	400	1
166	408	-1
166	412	1
166	415	1
166	417	1
166	420	1
166	428	-1
166	429	-1
166	432	-1
166	434	1
166	439	-1
166	442	-1
166	443	-1
166	444	-1
166	446	-1
166	461	-1
166	462	-1
166	463	-1
166	464	-1
166	467	-1
166	469	-1
166	472	1
166	474	1
166	475	1
166	479	1
166	483	-1
166	486	1
166	492	-1
166	494	-1
166	495	-1
167	169	1
167	178	1
167	180	-1
167	189	1
167	190	-1
167	194	-1
167	195	1
167	196	-1
167	198	1
167	200	1
167	203	1
167	204	1
167	206	-1
167	208	-1
167	212	-1
167	219	1
167	221	-1
167	222	1
167	224	1
167	230	1
167	231	1
167	236	-1
167	244	-1
167	253	1
167	255	-1
167	257	-1
167	261	-1
167	271	1
167	273	-1
167	274	1
167	276	-1
167	277	-1
167	278	1
167	285	1
167	288	-1
167	291	-1
167	296	1
167	300	1
167	302	1
167	303	-1
167	305	1
167	306	1
167	315	-1
167	316	1
167	317	-1
167	318	1
167	319	1
167	320	-1
167	327	1
167	329	-1
167	334	-1
167	335	1
167	337	-1
167	338	1
167	344	-1
167	346	1
167	351	-1
167	354	1
167	356	1
167	360	-1
167	363	1
167	364	-1
167	372	1
167	374	1
167	376	-1
167	382	1
167	389	-1
167	394	1
167	395	-1
167	405	1
167	407	-1
167	410	1
167	413	-1
167	414	1
167	418	1
167	420	-1
167	421	1
167	422	-1
167	423	-1
167	426	-1
167	427	1
167	428	1
167	429	1
167	430	1
167	435	1
167	437	-1
167	442	1
167	450	-1
167	457	1
167	459	-1
167	460	-1
167	461	-1
167	465	1
167	468	1
167	469	-1
167	475	-1
167	480	1
167	481	1
167	483	1
167	490	1
167	494	1
167	495	-1
168	170	-1
168	172	1
168	175	1
168	180	-1
168	181	1
168	183	-1
168	189	-1
168	190	-1
168	191	1
168	192	-1
168	196	1
168	197	-1
168	198	-1
168	201	1
168	204	-1
168	205	1
168	209	1
168	211	-1
168	212	1
168	214	-1
168	216	-1
168	217	-1
168	218	-1
168	220	1
168	222	-1
168	225	-1
168	228	1
168	229	1
168	231	1
168	235	1
168	236	1
168	238	-1
168	242	-1
168	248	-1
168	250	-1
168	253	-1
168	256	-1
168	261	1
168	262	1
168	269	-1
168	272	1
168	273	-1
168	275	-1
168	281	1
168	282	1
168	285	-1
168	288	1
168	289	-1
168	291	-1
168	293	1
168	297	-1
168	298	1
168	300	-1
168	302	1
168	304	1
168	305	1
168	307	-1
168	315	-1
168	317	1
168	331	-1
168	339	-1
168	342	-1
168	345	-1
168	348	-1
168	351	1
168	353	-1
168	356	-1
168	360	1
168	361	-1
168	362	1
168	366	1
168	367	1
168	369	1
168	373	-1
168	374	-1
168	376	1
168	382	1
168	383	1
168	384	1
168	387	1
168	388	1
168	397	-1
168	399	1
168	401	-1
168	402	-1
168	403	-1
168	410	-1
168	412	1
168	419	-1
168	420	1
168	428	-1
168	430	1
168	432	1
168	439	-1
168	447	1
168	448	-1
168	449	-1
168	459	1
168	460	1
168	467	-1
168	473	-1
168	487	1
168	488	-1
168	494	-1
168	496	1
168	498	-1
169	173	-1
169	180	-1
169	181	1
169	186	-1
169	187	-1
169	188	1
169	190	-1
169	191	-1
169	194	1
169	200	-1
169	201	-1
169	206	1
169	207	1
169	210	1
169	212	-1
169	214	1
169	215	-1
169	220	-1
169	224	1
169	229	1
169	232	1
169	233	-1
169	240	1
169	241	-1
169	243	-1
169	245	1
169	248	-1
169	249	-1
169	251	-1
169	252	1
169	255	1
169	256	-1
169	267	-1
169	270	-1
169	274	-1
169	276	-1
169	278	-1
169	279	1
169	280	-1
169	285	1
169	286	1
169	288	1
169	304	1
169	309	1
169	312	-1
169	314	-1
169	321	-1
169	322	1
169	323	1
169	326	-1
169	331	1
169	332	-1
169	333	1
169	335	-1
169	340	1
169	347	1
169	348	1
169	353	-1
169	357	1
169	358	-1
169	363	-1
169	366	-1
169	370	1
169	372	1
169	374	1
169	378	-1
169	379	-1
169	383	1
169	391	-1
169	395	1
169	396	1
169	398	1
169	401	-1
169	406	1
169	416	1
169	418	1
169	419	-1
169	421	1
169	423	-1
169	429	1
169	439	1
169	441	-1
169	443	1
169	448	1
169	451	1
169	453	1
169	454	-1
169	455	-1
169	456	-1
169	457	1
169	461	1
169	462	-1
169	465	-1
169	466	-1
169	469	1
169	475	-1
169	477	1
169	478	-1
169	479	-1
169	482	-1
169	483	-1
169	485	-1
169	486	-1
169	488	1
169	490	1
169	492	-1
169	496	-1
169	497	1
169	498	1
169	499	-1
170	179	1
170	180	1
170	181	-1
170	183	1
170	197	-1
170	202	-1
170	204	1
170	206	-1
170	208	1
170	209	-1
170	210	1
170	213	-1
170	219	-1
170	221	1
170	226	1
170	229	-1
170	230	1
170	240	-1
170	243	-1
170	249	1
170	251	-1
170	252	-1
170	261	1
170	264	1
170	265	1
170	267	-1
170	268	-1
170	276	1
170	282	1
170	286	-1
170	289	1
170	292	-1
170	293	1
170	295	-1
170	298	-1
170	299	-1
170	301	-1
170	303	1
170	310	-1
170	313	1
170	316	-1
170	319	-1
170	320	-1
170	323	-1
170	324	-1
170	326	1
170	329	-1
170	330	1
170	332	1
170	334	-1
170	338	1
170	339	1
170	341	1
170	344	1
170	345	1
170	347	-1
170	348	-1
170	349	1
170	351	-1
170	353	-1
170	354	-1
170	355	1
170	357	1
170	359	1
170	362	-1
170	370	1
170	373	-1
170	376	1
170	377	1
170	378	1
170	384	1
170	388	-1
170	389	1
170	393	-1
170	395	-1
170	397	1
170	398	1
170	399	-1
170	402	1
170	407	-1
170	409	1
170	411	-1
170	413	-1
170	417	-1
170	418	-1
170	423	-1
170	425	-1
170	426	1
170	430	-1
170	435	-1
170	438	-1
170	439	1
170	441	-1
170	443	-1
170	445	1
170	446	1
170	448	1
170	450	-1
170	455	1
170	456	-1
170	457	-1
170	458	1
170	461	-1
170	469	-1
170	470	-1
170	471	-1
170	482	1
170	483	1
170	495	-1
170	496	1
170	499	1
171	172	1
171	173	-1
171	178	-1
171	183	1
171	188	-1
171	189	1
171	192	-1
171	196	-1
171	197	1
171	198	1
171	213	-1
171	216	-1
171	217	-1
171	219	-1
171	220	-1
171	222	1
171	223	1
171	231	-1
171	234	-1
171	236	1
171	238	1
171	240	-1
171	242	-1
171	244	-1
171	245	1
171	246	-1
171	247	-1
171	249	1
171	253	1
171	256	-1
171	257	1
171	264	1
171	269	-1
171	274	-1
171	278	1
171	279	-1
171	280	1
171	284	1
171	289	-1
171	292	1
171	293	1
171	299	1
171	302	-1
171	303	-1
171	307	1
171	312	1
171	313	-1
171	314	-1
171	323	-1
171	325	-1
171	327	-1
171	329	1
171	335	1
171	339	1
171	345	1
171	348	-1
171	349	-1
171	353	-1
171	354	1
171	355	-1
171	364	1
171	368	-1
171	369	1
171	370	-1
171	375	-1
171	378	1
171	379	-1
171	380	1
171	381	-1
171	384	-1
171	386	-1
171	389	-1
171	393	-1
171	395	-1
171	399	-1
171	401	1
171	404	-1
171	405	1
171	409	1
171	410	-1
171	417	1
171	418	1
171	419	-1
171	421	1
171	422	-1
171	424	1
171	426	1
171	429	-1
171	431	1
171	432	-1
171	437	-1
171	438	-1
171	440	1
171	442	1
171	444	1
171	445	1
171	446	1
171	448	1
171	453	1
171	456	1
171	463	-1
171	464	1
171	465	-1
171	467	-1
171	469	1
171	472	-1
171	473	1
171	475	-1
171	478	1
171	483	1
171	485	1
171	487	-1
171	488	-1
171	490	1
171	493	-1
171	494	1
171	496	-1
171	497	-1
172	174	1
172	175	1
172	176	1
172	178	-1
172	179	-1
172	180	-1
172	183	-1
172	186	1
172	188	1
172	190	-1
172	203	-1
172	204	1
172	205	1
172	207	1
172	210	1
172	211	-1
172	213	1
172	216	-1
172	217	-1
172	218	-1
172	219	1
172	223	-1
172	227	-1
172	228	-1
172	229	-1
172	233	-1
172	243	-1
172	249	1
172	250	-1
172	252	-1
172	254	1
172	255	-1
172	257	-1
172	262	1
172	266	1
172	272	1
172	273	1
172	275	1
172	277	-1
172	280	1
172	299	-1
172	301	-1
172	302	1
172	305	1
172	306	-1
172	316	-1
172	317	-1
172	319	-1
172	322	-1
172	327	-1
172	329	1
172	333	1
172	336	-1
172	342	1
172	346	1
172	347	-1
172	351	1
172	355	1
172	356	1
172	357	-1
172	359	1
172	362	1
172	363	-1
172	365	1
172	367	-1
172	369	1
172	372	-1
172	378	-1
172	383	-1
172	391	-1
172	392	1
172	397	-1
172	398	-1
172	404	1
172	406	-1
172	407	1
172	408	-1
172	409	-1
172	416	-1
172	417	1
172	418	-1
172	421	-1
172	427	1
172	430	1
172	433	-1
172	434	1
172	435	-1
172	446	1
172	448	1
172	451	-1
172	454	1
172	456	1
172	457	1
172	463	1
172	464	1
172	467	-1
172	468	-1
172	469	-1
172	473	-1
172	474	-1
172	475	1
172	476	-1
172	477	1
172	478	-1
172	491	-1
172	495	1
172	496	1
172	497	1
172	498	-1
173	176	1
173	179	-1
173	182	-1
173	184	1
173	189	-1
173	191	-1
173	194	1
173	195	1
173	196	-1
173	202	1
173	207	1
173	211	1
173	213	1
173	218	-1
173	219	1
173	221	1
173	229	1
173	235	-1
173	243	-1
173	251	1
173	257	1
173	260	-1
173	261	1
173	267	1
173	269	-1
173	270	-1
173	271	1
173	272	-1
173	276	1
173	279	1
173	284	1
173	285	1
173	289	-1
173	291	1
173	299	1
173	300	1
173	301	1
173	304	-1
173	305	-1
173	308	-1
173	309	1
173	311	-1
173	315	-1
173	316	-1
173	329	-1
173	331	1
173	333	1
173	334	-1
173	340	-1
173	341	1
173	342	-1
173	343	-1
173	352	1
173	353	-1
173	358	1
173	362	-1
173	366	-1
173	377	1
173	390	1
173	394	-1
173	397	-1
173	398	-1
173	400	-1
173	416	1
173	417	-1
173	422	-1
173	424	1
173	428	-1
173	431	-1
173	436	-1
173	437	-1
173	438	1
173	443	1
173	444	1
173	447	1
173	450	-1
173	452	-1
173	455	1
173	461	1
173	462	1
173	467	1
173	470	-1
173	473	-1
173	477	1
173	479	1
173	482	-1
173	483	-1
173	484	-1
173	488	-1
173	489	-1
173	492	-1
173	494	1
173	495	-1
173	496	1
173	498	-1
173	499	-1
174	176	-1
174	178	1
174	179	1
174	180	1
174	184	1
174	185	-1
174	186	1
174	188	1
174	196	1
174	197	-1
174	198	-1
174	201	1
174	203	1
174	206	-1
174	209	-1
174	213	1
174	217	-1
174	218	-1
174	220	-1
174	223	1
174	227	1
174	228	-1
174	229	-1
174	230	1
174	231	1
174	241	1
174	243	1
174	244	1
174	245	1
174	246	1
174	247	-1
174	251	-1
174	252	1
174	253	1
174	257	-1
174	260	-1
174	261	-1
174	262	1
174	264	1
174	266	1
174	270	-1
174	271	-1
174	273	-1
174	274	1
174	275	-1
174	284	-1
174	286	-1
174	287	-1
174	294	1
174	299	-1
174	300	1
174	301	1
174	302	-1
174	311	-1
174	314	-1
174	315	1
174	320	1
174	322	-1
174	323	1
174	324	-1
174	327	-1
174	328	1
174	329	1
174	336	-1
174	337	-1
174	339	1
174	340	1
174	341	1
174	342	1
174	343	1
174	357	1
174	358	-1
174	360	1
174	368	1
174	370	1
174	371	1
174	373	-1
174	378	1
174	381	1
174	383	-1
174	385	1
174	386	-1
174	392	-1
174	399	-1
174	402	1
174	405	1
174	408	1
174	410	-1
174	411	-1
174	412	1
174	415	-1
174	422	1
174	429	1
174	432	1
174	435	-1
174	437	1
174	438	1
174	442	-1
174	443	1
174	445	-1
174	446	-1
174	449	1
174	450	1
174	451	1
174	453	1
174	454	1
174	461	-1
174	463	1
174	464	1
174	469	1
174	470	-1
174	472	1
174	481	-1
174	482	1
174	487	-1
174	488	-1
174	489	1
174	496	1
174	498	-1
174	499	1
175	176	1
175	178	1
175	184	1
175	186	-1
175	187	1
175	190	1
175	191	-1
175	197	-1
175	202	-1
175	203	-1
175	205	1
175	206	-1
175	211	-1
175	212	-1
175	214	-1
175	216	-1
175	217	1
175	220	-1
175	223	1
175	224	1
175	231	-1
175	233	-1
175	237	-1
175	238	1
175	240	1
175	241	-1
175	246	-1
175	248	1
175	257	-1
175	267	1
175	272	-1
175	273	-1
175	274	-1
175	284	-1
175	285	-1
175	288	1
175	289	1
175	295	-1
175	297	-1
175	298	-1
175	306	1
175	307	1
175	309	1
175	317	1
175	323	-1
175	328	-1
175	337	1
175	341	1
175	342	-1
175	345	-1
175	346	-1
175	350	-1
175	351	-1
175	352	-1
175	353	1
175	355	1
175	357	1
175	358	-1
175	362	-1
175	368	1
175	373	1
175	375	1
175	380	1
175	385	1
175	387	1
175	390	-1
175	391	1
175	392	1
175	394	1
175	395	1
175	399	1
175	400	-1
175	403	-1
175	404	1
175	406	-1
175	409	-1
175	412	-1
175	415	1
175	416	1
175	426	-1
175	428	1
175	429	-1
175	431	1
175	432	1
175	435	1
175	436	-1
175	443	-1
175	444	-1
175	446	-1
175	447	1
175	448	-1
175	449	-1
175	450	-1
175	451	-1
175	453	1
175	457	-1
175	459	-1
175	461	1
175	465	1
175	469	1
175	471	-1
175	483	1
175	486	1
175	487	1
175	488	-1
175	492	-1
175	499	-1
176	180	-1
176	186	1
176	188	1
176	191	1
176	192	1
176	197	-1
176	200	1
176	201	-1
176	204	-1
176	207	1
176	209	1
176	210	-1
176	211	-1
176	217	-1
176	219	-1
176	224	-1
176	225	-1
176	233	1
176	240	-1
176	241	-1
176	244	1
176	245	1
176	247	1
176	250	1
176	251	1
176	253	1
176	255	1
176	262	1
176	266	1
176	267	1
176	272	-1
176	274	-1
176	275	1
176	279	1
176	281	1
176	283	-1
176	284	1
176	285	1
176	286	1
176	287	1
176	288	1
176	293	1
176	294	-1
176	299	1
176	300	-1
176	302	1
176	303	-1
176	304	1
176	305	-1
176	306	-1
176	313	-1
176	318	1
176	320	1
176	321	-1
176	322	-1
176	326	1
176	341	-1
176	342	1
176	344	1
176	347	-1
176	352	1
176	370	-1
176	371	-1
176	375	1
176	377	1
176	381	1
176	383	-1
176	384	-1
176	385	-1
176	386	1
176	389	1
176	391	-1
176	393	1
176	397	-1
176	400	-1
176	403	1
176	404	1
176	407	1
176	413	-1
176	415	-1
176	426	-1
176	428	-1
176	432	1
176	434	1
176	439	1
176	443	-1
176	448	-1
176	449	-1
176	454	-1
176	455	1
176	462	-1
176	463	-1
176	467	1
176	471	-1
176	472	1
176	473	1
176	477	1
176	478	-1
176	479	1
176	483	-1
176	486	-1
177	178	1
177	182	-1
177	183	-1
177	186	-1
177	187	-1
177	192	1
177	195	1
177	198	1
177	200	1
177	201	-1
177	202	1
177	207	1
177	209	1
177	210	-1
177	212	-1
177	216	1
177	220	1
177	221	-1
177	223	-1
177	224	-1
177	225	1
177	226	1
177	228	1
177	229	1
177	230	-1
177	231	-1
177	232	1
177	233	-1
177	235	-1
177	238	-1
177	247	1
177	249	-1
177	253	1
177	255	-1
177	260	1
177	261	1
177	266	-1
177	268	1
177	269	1
177	278	1
177	281	-1
177	287	-1
177	288	1
177	289	-1
177	290	1
177	292	1
177	293	-1
177	294	-1
177	299	-1
177	302	-1
177	306	-1
177	308	-1
177	309	1
177	310	1
177	311	1
177	313	-1
177	315	-1
177	316	-1
177	319	1
177	324	1
177	326	1
177	329	-1
177	330	1
177	334	-1
177	335	-1
177	336	-1
177	337	1
177	340	-1
177	341	-1
177	343	-1
177	353	-1
177	357	-1
177	358	1
177	363	1
177	366	-1
177	369	-1
177	371	-1
177	373	-1
177	378	1
177	383	1
177	384	-1
177	386	-1
177	387	1
177	389	1
177	397	-1
177	399	1
177	400	-1
177	405	1
177	406	-1
177	409	1
177	410	-1
177	417	-1
177	419	-1
177	421	-1
177	426	1
177	436	-1
177	437	1
177	441	-1
177	443	1
177	446	-1
177	450	-1
177	451	1
177	453	-1
177	456	-1
177	459	1
177	462	1
177	464	1
177	467	-1
177	469	-1
177	472	-1
177	475	-1
177	479	-1
177	480	1
177	484	1
177	486	1
177	493	1
177	494	1
178	183	1
178	185	1
178	194	-1
178	196	-1
178	198	1
178	202	-1
178	203	1
178	204	-1
178	205	1
178	206	1
178	209	-1
178	216	1
178	222	-1
178	223	1
178	226	-1
178	228	1
178	229	1
178	234	-1
178	235	1
178	238	-1
178	242	1
178	247	1
178	248	1
178	249	1
178	250	1
178	251	1
178	257	-1
178	258	1
178	264	-1
178	265	1
178	267	1
178	269	-1
178	270	1
178	271	1
178	272	1
178	275	1
178	278	1
178	280	1
178	281	-1
178	284	-1
178	289	1
178	291	-1
178	294	1
178	297	1
178	298	1
178	299	-1
178	301	-1
178	304	-1
178	306	1
178	307	1
178	313	-1
178	317	-1
178	330	1
178	331	-1
178	337	1
178	341	-1
178	344	1
178	345	1
178	346	1
178	347	1
178	352	1
178	358	1
178	359	-1
178	364	-1
178	368	-1
178	369	-1
178	371	-1
178	377	1
178	379	1
178	386	-1
178	389	-1
178	390	1
178	394	1
178	399	1
178	400	-1
178	402	1
178	403	-1
178	410	1
178	412	-1
178	414	1
178	417	-1
178	423	-1
178	424	-1
178	427	-1
178	429	1
178	437	1
178	445	1
178	447	-1
178	448	1
178	453	-1
178	456	-1
178	457	1
178	459	-1
178	460	1
178	461	1
178	465	1
178	467	1
178	470	-1
178	471	1
178	473	-1
178	475	1
178	477	1
178	479	-1
178	481	1
178	482	-1
178	485	1
178	487	1
178	489	-1
178	490	-1
178	493	-1
178	494	1
178	495	-1
178	496	1
178	497	-1
179	181	1
179	182	1
179	183	-1
179	188	-1
179	189	-1
179	190	1
179	199	-1
179	201	-1
179	202	-1
179	203	-1
179	204	1
179	206	-1
179	210	1
179	211	1
179	218	-1
179	219	-1
179	222	1
179	223	1
179	224	1
179	228	1
179	231	-1
179	232	-1
179	236	-1
179	241	1
179	247	-1
179	249	1
179	250	-1
179	252	1
179	254	-1
179	260	1
179	263	1
179	272	-1
179	273	-1
179	284	-1
179	296	1
179	298	1
179	299	1
179	302	-1
179	312	1
179	316	1
179	318	1
179	322	1
179	323	-1
179	325	-1
179	326	-1
179	328	-1
179	330	-1
179	331	-1
179	335	-1
179	336	-1
179	337	1
179	343	1
179	344	1
179	346	1
179	347	-1
179	348	1
179	351	1
179	356	1
179	357	-1
179	358	-1
179	359	1
179	361	1
179	362	1
179	363	1
179	366	1
179	367	1
179	369	1
179	376	-1
179	377	-1
179	378	1
179	381	-1
179	384	1
179	385	1
179	390	-1
179	391	-1
179	392	-1
179	394	1
179	396	1
179	406	-1
179	413	-1
179	416	-1
179	417	-1
179	422	1
179	425	1
179	429	-1
179	437	1
179	438	1
179	440	-1
179	443	1
179	445	1
179	448	-1
179	451	-1
179	455	-1
179	456	-1
179	460	-1
179	464	-1
179	465	-1
179	469	1
179	472	1
179	473	-1
179	476	-1
179	477	-1
179	478	1
179	479	1
179	480	1
179	484	1
179	485	-1
179	488	-1
179	489	-1
179	490	1
179	494	1
179	496	-1
179	497	-1
179	499	-1
180	181	1
180	186	1
180	187	-1
180	192	1
180	197	-1
180	198	1
180	200	-1
180	203	1
180	206	1
180	210	-1
180	211	1
180	216	-1
180	218	-1
180	224	1
180	226	-1
180	227	-1
180	228	1
180	229	1
180	231	1
180	232	-1
180	233	-1
180	234	1
180	239	-1
180	241	-1
180	243	-1
180	244	1
180	245	-1
180	249	-1
180	257	1
180	258	1
180	259	-1
180	260	-1
180	266	-1
180	275	-1
180	278	-1
180	285	1
180	288	-1
180	295	-1
180	296	-1
180	299	1
180	301	1
180	303	1
180	304	1
180	312	-1
180	314	1
180	317	1
180	322	-1
180	326	-1
180	327	-1
180	329	-1
180	332	1
180	335	1
180	338	-1
180	347	-1
180	350	-1
180	354	-1
180	357	-1
180	358	-1
180	361	1
180	368	-1
180	370	1
180	371	-1
180	373	-1
180	374	-1
180	376	-1
180	377	-1
180	378	1
180	380	1
180	388	1
180	389	1
180	391	1
180	394	1
180	397	1
180	398	-1
180	399	-1
180	402	-1
180	403	-1
180	406	-1
180	416	1
180	417	1
180	420	1
180	421	-1
180	422	-1
180	424	-1
180	425	-1
180	426	-1
180	431	1
180	432	-1
180	433	1
180	434	-1
180	436	-1
180	440	1
180	441	1
180	442	1
180	443	1
180	450	1
180	452	1
180	453	-1
180	454	1
180	457	1
180	459	1
180	471	-1
180	473	-1
180	474	-1
180	477	1
180	479	1
180	481	-1
180	489	-1
180	497	-1
180	498	-1
180	499	-1
181	183	1
181	188	-1
181	191	1
181	197	1
181	200	1
181	205	1
181	206	-1
181	207	-1
181	208	-1
181	214	-1
181	220	-1
181	227	-1
181	230	-1
181	232	1
181	233	-1
181	236	-1
181	238	-1
181	239	-1
181	242	1
181	243	-1
181	246	1
181	247	-1
181	252	1
181	253	-1
181	259	1
181	260	-1
181	261	-1
181	269	-1
181	270	1
181	271	-1
181	273	1
181	277	-1
181	278	-1
181	284	1
181	285	-1
181	286	1
181	288	1
181	294	-1
181	295	-1
181	298	-1
181	299	1
181	302	1
181	317	1
181	319	-1
181	320	1
181	322	-1
181	326	-1
181	332	-1
181	335	1
181	336	-1
181	337	-1
181	351	1
181	352	1
181	353	1
181	354	-1
181	357	1
181	358	-1
181	359	1
181	360	-1
181	362	-1
181	365	1
181	366	-1
181	370	1
181	372	1
181	382	1
181	383	1
181	385	-1
181	387	-1
181	390	-1
181	393	1
181	398	-1
181	405	-1
181	407	1
181	412	-1
181	414	1
181	418	1
181	419	-1
181	421	-1
181	424	1
181	425	1
181	433	1
181	435	-1
181	436	1
181	437	-1
181	443	1
181	449	-1
181	454	1
181	456	-1
181	468	-1
181	469	1
181	471	-1
181	474	1
181	475	-1
181	481	1
181	482	-1
181	484	-1
181	487	-1
181	491	1
181	493	-1
181	494	1
182	186	-1
182	188	-1
182	194	1
182	200	1
182	203	-1
182	204	1
182	206	-1
182	207	-1
182	208	1
182	212	-1
182	214	1
182	215	-1
182	218	1
182	225	1
182	234	1
182	235	1
182	237	1
182	238	1
182	240	-1
182	243	-1
182	244	1
182	251	-1
182	256	1
182	259	1
182	261	1
182	265	1
182	273	1
182	274	-1
182	277	-1
182	285	-1
182	287	-1
182	291	-1
182	292	1
182	294	1
182	296	-1
182	298	-1
182	301	1
182	304	1
182	309	1
182	310	-1
182	312	1
182	314	-1
182	315	1
182	319	-1
182	320	-1
182	325	1
182	326	-1
182	327	1
182	330	1
182	332	-1
182	334	1
182	335	1
182	336	1
182	339	1
182	346	1
182	348	-1
182	349	-1
182	351	1
182	356	1
182	358	-1
182	359	1
182	370	1
182	390	1
182	392	1
182	398	1
182	408	1
182	411	1
182	418	-1
182	420	1
182	424	1
182	430	1
182	432	1
182	433	-1
182	438	1
182	442	1
182	443	1
182	444	1
182	446	-1
182	449	1
182	452	-1
182	453	-1
182	455	-1
182	456	-1
182	459	-1
182	460	1
182	461	1
182	462	-1
182	467	1
182	469	-1
182	471	1
182	473	1
182	474	-1
182	476	-1
182	481	1
182	487	1
182	491	-1
182	492	-1
182	494	-1
182	498	-1
183	184	-1
183	192	-1
183	193	1
183	194	1
183	195	-1
183	197	-1
183	202	1
183	203	-1
183	204	1
183	205	-1
183	207	1
183	210	1
183	212	1
183	214	1
183	215	1
183	218	1
183	222	-1
183	223	-1
183	225	-1
183	233	-1
183	235	1
183	238	1
183	239	1
183	241	1
183	244	-1
183	246	1
183	248	-1
183	249	-1
183	253	1
183	255	1
183	256	-1
183	263	-1
183	271	-1
183	277	1
183	280	1
183	282	-1
183	285	1
183	288	1
183	290	1
183	292	1
183	294	-1
183	295	-1
183	298	1
183	303	-1
183	305	1
183	314	1
183	315	-1
183	325	-1
183	326	1
183	328	-1
183	337	-1
183	338	-1
183	339	-1
183	345	-1
183	347	1
183	349	1
183	363	1
183	365	1
183	366	-1
183	368	1
183	370	-1
183	372	1
183	373	1
183	376	1
183	382	1
183	384	-1
183	385	1
183	386	1
183	388	1
183	393	-1
183	395	-1
183	397	1
183	399	1
183	400	1
183	403	-1
183	406	-1
183	407	1
183	411	1
183	412	1
183	415	-1
183	416	-1
183	417	1
183	419	1
183	422	1
183	427	1
183	428	-1
183	429	-1
183	431	-1
183	432	1
183	434	-1
183	435	-1
183	439	1
183	440	1
183	441	-1
183	443	-1
183	445	-1
183	447	-1
183	456	1
183	463	1
183	464	1
183	466	-1
183	471	1
183	472	1
183	473	-1
183	474	-1
183	475	-1
183	480	-1
183	481	-1
183	484	-1
183	486	-1
183	487	1
183	491	1
183	493	1
183	499	-1
184	186	1
184	188	1
184	189	-1
184	191	-1
184	194	-1
184	195	-1
184	201	-1
184	204	1
184	206	-1
184	212	1
184	214	-1
184	215	1
184	218	1
184	219	1
184	220	-1
184	226	-1
184	227	-1
184	230	1
184	233	1
184	234	-1
184	236	-1
184	238	1
184	240	1
184	241	-1
184	242	1
184	245	1
184	246	1
184	250	-1
184	252	-1
184	253	-1
184	255	-1
184	256	1
184	257	1
184	261	-1
184	263	1
184	278	-1
184	279	1
184	280	1
184	289	-1
184	292	-1
184	296	-1
184	300	1
184	301	1
184	302	1
184	309	1
184	311	-1
184	314	-1
184	318	-1
184	320	-1
184	321	1
184	325	-1
184	328	-1
184	329	1
184	330	-1
184	331	1
184	335	1
184	343	-1
184	348	-1
184	352	1
184	353	1
184	355	1
184	356	1
184	357	-1
184	372	-1
184	378	-1
184	382	-1
184	384	-1
184	385	-1
184	386	1
184	387	-1
184	394	1
184	398	1
184	399	1
184	401	1
184	402	-1
184	409	1
184	413	-1
184	414	1
184	415	1
184	416	-1
184	417	-1
184	418	-1
184	421	1
184	422	-1
184	423	-1
184	432	1
184	435	-1
184	437	1
184	439	1
184	440	1
184	442	1
184	443	1
184	452	-1
184	453	1
184	454	1
184	455	1
184	458	1
184	461	-1
184	465	-1
184	467	-1
184	473	1
184	478	1
184	479	1
184	482	-1
184	486	1
184	487	1
184	490	-1
184	494	-1
184	495	-1
184	499	1
185	186	1
185	187	1
185	191	-1
185	193	1
185	197	1
185	204	-1
185	205	1
185	210	1
185	215	1
185	219	1
185	222	1
185	224	-1
185	225	-1
185	226	-1
185	228	1
185	229	1
185	237	-1
185	238	1
185	244	-1
185	245	-1
185	251	1
185	260	1
185	266	1
185	268	-1
185	272	1
185	273	-1
185	278	-1
185	279	1
185	281	-1
185	283	1
185	284	1
185	289	-1
185	291	1
185	294	1
185	296	-1
185	299	1
185	307	1
185	308	1
185	313	-1
185	315	-1
185	316	-1
185	318	1
185	319	1
185	320	-1
185	323	1
185	324	1
185	328	1
185	338	-1
185	343	1
185	347	1
185	348	1
185	349	1
185	350	1
185	352	-1
185	353	-1
185	355	1
185	356	1
185	359	1
185	360	-1
185	364	-1
185	365	-1
185	366	1
185	367	-1
185	372	1
185	380	1
185	383	-1
185	384	1
185	388	1
185	390	1
185	393	1
185	395	1
185	397	1
185	401	-1
185	402	-1
185	410	1
185	417	1
185	419	-1
185	428	-1
185	429	1
185	430	-1
185	431	1
185	434	-1
185	439	-1
185	444	1
185	457	-1
185	461	-1
185	467	1
185	468	-1
185	470	1
185	472	-1
185	475	1
185	476	-1
185	477	-1
185	480	-1
185	482	1
185	483	1
185	484	1
185	488	-1
185	490	1
185	492	1
185	493	1
185	495	1
185	497	-1
185	498	1
186	190	-1
186	191	1
186	194	-1
186	198	1
186	199	-1
186	202	-1
186	206	1
186	211	-1
186	215	1
186	219	1
186	225	-1
186	227	-1
186	228	-1
186	230	-1
186	237	-1
186	241	1
186	243	1
186	246	-1
186	248	-1
186	249	1
186	250	-1
186	252	1
186	253	1
186	258	-1
186	259	-1
186	262	-1
186	263	1
186	265	1
186	271	1
186	273	1
186	275	1
186	277	-1
186	281	1
186	288	-1
186	291	1
186	292	1
186	296	1
186	298	-1
186	300	-1
186	303	-1
186	310	1
186	311	-1
186	316	-1
186	317	1
186	318	-1
186	322	-1
186	324	1
186	325	-1
186	328	-1
186	329	-1
186	330	1
186	334	1
186	338	-1
186	340	1
186	346	1
186	348	1
186	350	-1
186	351	-1
186	352	1
186	356	1
186	359	1
186	362	1
186	369	-1
186	378	-1
186	381	-1
186	385	-1
186	386	-1
186	387	1
186	391	-1
186	395	-1
186	400	-1
186	403	1
186	404	-1
186	406	1
186	408	-1
186	415	-1
186	418	-1
186	420	1
186	428	1
186	429	1
186	435	-1
186	436	-1
186	437	-1
186	439	1
186	441	-1
186	453	1
186	456	-1
186	460	-1
186	472	-1
186	479	-1
186	482	1
186	483	1
186	484	-1
186	489	1
186	490	-1
186	493	1
186	497	-1
186	498	1
186	499	1
187	189	-1
187	193	-1
187	197	-1
187	199	1
187	200	1
187	210	1
187	211	-1
187	215	-1
187	216	-1
187	217	-1
187	221	1
187	225	1
187	227	1
187	228	-1
187	229	-1
187	232	1
187	233	-1
187	237	1
187	239	-1
187	241	1
187	242	-1
187	243	-1
187	249	-1
187	253	-1
187	257	-1
187	258	1
187	270	1
187	271	-1
187	283	1
187	284	-1
187	288	1
187	289	1
187	291	-1
187	293	-1
187	299	1
187	301	1
187	309	1
187	311	1
187	313	-1
187	317	-1
187	323	-1
187	324	1
187	326	1
187	336	-1
187	337	-1
187	341	-1
187	343	-1
187	348	-1
187	352	1
187	360	1
187	361	-1
187	362	1
187	364	-1
187	365	1
187	367	-1
187	368	-1
187	369	1
187	372	1
187	375	1
187	377	1
187	378	-1
187	385	-1
187	389	1
187	391	-1
187	396	-1
187	398	-1
187	406	-1
187	414	1
187	419	1
187	423	1
187	425	-1
187	428	1
187	433	1
187	434	1
187	437	1
187	442	1
187	446	1
187	449	-1
187	451	1
187	452	1
187	457	1
187	459	-1
187	462	1
187	466	1
187	472	-1
187	474	-1
187	475	-1
187	476	-1
187	478	-1
187	480	-1
187	484	-1
187	485	-1
187	490	1
187	493	-1
187	494	1
187	497	1
187	498	1
188	193	-1
188	196	-1
188	200	-1
188	207	-1
188	211	-1
188	212	-1
188	214	1
188	216	1
188	220	-1
188	222	-1
188	223	1
188	225	-1
188	229	-1
188	231	-1
188	238	-1
188	239	1
188	240	1
188	244	-1
188	246	-1
188	249	1
188	251	-1
188	261	1
188	264	1
188	266	1
188	268	1
188	269	-1
188	270	-1
188	272	1
188	278	-1
188	283	1
188	286	-1
188	287	1
188	291	1
188	292	-1
188	294	-1
188	295	1
188	297	-1
188	298	1
188	302	1
188	304	-1
188	305	1
188	309	1
188	311	-1
188	316	1
188	317	1
188	320	-1
188	322	1
188	324	1
188	328	-1
188	336	-1
188	338	-1
188	341	-1
188	342	-1
188	343	-1
188	346	-1
188	348	1
188	351	1
188	353	-1
188	354	1
188	356	1
188	357	1
188	359	-1
188	360	1
188	368	1
188	374	1
188	383	-1
188	388	1
188	392	1
188	395	1
188	396	1
188	399	1
188	400	1
188	404	-1
188	405	1
188	407	-1
188	409	-1
188	411	1
188	413	-1
188	415	1
188	419	1
188	420	1
188	422	1
188	427	1
188	430	1
188	431	1
188	434	1
188	436	1
188	440	1
188	441	1
188	442	-1
188	443	1
188	444	1
188	445	-1
188	446	-1
188	448	1
188	463	1
188	467	-1
188	471	-1
188	476	-1
188	478	1
188	489	1
188	491	-1
188	493	-1
188	497	1
189	190	1
189	192	1
189	195	-1
189	198	-1
189	199	1
189	201	1
189	202	-1
189	204	-1
189	206	1
189	208	1
189	211	1
189	213	-1
189	215	-1
189	218	1
189	221	1
189	226	1
189	228	1
189	230	-1
189	233	-1
189	234	1
189	235	-1
189	236	-1
189	241	-1
189	243	1
189	246	1
189	248	1
189	254	-1
189	255	-1
189	256	-1
189	262	1
189	263	1
189	264	1
189	271	1
189	274	1
189	276	-1
189	278	1
189	281	1
189	293	1
189	295	-1
189	296	1
189	297	-1
189	299	-1
189	301	-1
189	307	-1
189	317	-1
189	319	1
189	322	1
189	325	1
189	328	-1
189	330	-1
189	333	1
189	335	-1
189	338	-1
189	348	1
189	352	1
189	354	-1
189	361	-1
189	363	-1
189	365	-1
189	371	-1
189	374	1
189	376	1
189	377	-1
189	383	1
189	386	1
189	389	1
189	392	1
189	394	1
189	395	-1
189	398	-1
189	400	-1
189	402	1
189	407	-1
189	408	1
189	411	-1
189	414	1
189	419	-1
189	420	-1
189	423	-1
189	424	1
189	425	1
189	426	1
189	427	1
189	429	-1
189	430	-1
189	432	1
189	434	-1
189	435	1
189	445	-1
189	446	-1
189	450	-1
189	454	-1
189	457	1
189	461	-1
189	464	-1
189	467	-1
189	471	1
189	473	1
189	474	-1
189	478	1
189	480	-1
189	485	-1
189	492	-1
189	495	1
189	499	1
190	198	-1
190	200	-1
190	203	-1
190	204	-1
190	206	1
190	207	-1
190	209	1
190	213	1
190	214	1
190	215	1
190	220	-1
190	221	-1
190	222	1
190	225	1
190	227	-1
190	231	-1
190	232	-1
190	238	1
190	239	-1
190	240	1
190	243	1
190	245	-1
190	249	-1
190	253	-1
190	254	-1
190	267	1
190	268	-1
190	274	-1
190	280	-1
190	282	-1
190	289	-1
190	290	-1
190	292	-1
190	293	-1
190	297	1
190	298	-1
190	300	1
190	304	1
190	307	-1
190	309	1
190	310	1
190	311	-1
190	314	-1
190	317	1
190	325	-1
190	327	-1
190	336	1
190	339	1
190	340	-1
190	342	-1
190	343	1
190	345	1
190	349	-1
190	350	-1
190	352	-1
190	354	-1
190	356	-1
190	357	-1
190	362	1
190	367	1
190	368	1
190	376	1
190	383	1
190	384	-1
190	388	1
190	389	1
190	391	1
190	394	1
190	395	-1
190	400	-1
190	406	1
190	407	-1
190	412	1
190	413	1
190	417	-1
190	418	-1
190	419	1
190	422	-1
190	425	-1
190	427	1
190	437	1
190	441	-1
190	442	-1
190	446	-1
190	448	-1
190	451	1
190	454	1
190	457	-1
190	459	-1
190	461	-1
190	463	1
190	469	1
190	471	1
190	478	1
190	481	1
190	490	1
190	491	-1
191	192	1
191	193	1
191	195	1
191	196	1
191	197	-1
191	199	1
191	201	-1
191	210	1
191	211	-1
191	221	-1
191	222	-1
191	223	1
191	224	-1
191	226	-1
191	227	-1
191	231	1
191	234	-1
191	236	-1
191	240	-1
191	244	1
191	247	-1
191	250	1
191	251	1
191	262	1
191	266	-1
191	267	-1
191	269	1
191	272	-1
191	273	1
191	274	1
191	275	1
191	276	-1
191	278	-1
191	281	1
191	283	1
191	287	-1
191	296	1
191	300	1
191	307	1
191	315	-1
191	321	1
191	327	-1
191	328	-1
191	332	1
191	337	-1
191	341	-1
191	342	1
191	348	-1
191	352	1
191	355	-1
191	358	-1
191	362	1
191	367	1
191	368	1
191	372	1
191	376	1
191	382	1
191	386	1
191	390	-1
191	394	-1
191	400	1
191	402	1
191	405	-1
191	406	1
191	407	1
191	411	-1
191	415	1
191	417	-1
191	419	1
191	420	1
191	421	-1
191	422	1
191	424	-1
191	426	1
191	429	-1
191	432	-1
191	434	-1
191	436	1
191	438	1
191	439	-1
191	440	-1
191	442	-1
191	450	-1
191	453	1
191	454	1
191	461	-1
191	464	1
191	467	-1
191	469	-1
191	471	1
191	472	1
191	475	-1
191	477	1
191	481	-1
191	486	-1
191	489	1
191	493	-1
191	494	-1
191	495	-1
191	496	-1
191	499	1
192	193	-1
192	195	-1
192	196	-1
192	199	1
192	200	-1
192	201	1
192	205	-1
192	208	1
192	210	1
192	212	-1
192	215	1
192	219	1
192	223	1
192	229	-1
192	231	-1
192	239	1
192	240	-1
192	241	1
192	247	1
192	248	-1
192	264	1
192	265	1
192	269	1
192	273	1
192	274	1
192	278	-1
192	279	1
192	280	1
192	295	1
192	302	1
192	304	1
192	308	-1
192	309	1
192	310	-1
192	312	1
192	313	-1
192	317	-1
192	334	-1
192	337	1
192	341	1
192	347	1
192	348	1
192	349	-1
192	350	1
192	351	-1
192	352	-1
192	355	1
192	356	1
192	357	1
192	360	-1
192	361	1
192	362	1
192	363	-1
192	368	1
192	372	1
192	376	1
192	378	1
192	383	1
192	386	-1
192	389	-1
192	391	1
192	395	1
192	396	1
192	397	1
192	399	-1
192	403	1
192	405	-1
192	407	-1
192	410	-1
192	411	1
192	415	-1
192	416	1
192	417	1
192	418	1
192	420	-1
192	427	1
192	428	-1
192	429	1
192	430	-1
192	432	-1
192	433	-1
192	435	-1
192	437	1
192	438	-1
192	439	-1
192	442	-1
192	443	1
192	445	1
192	446	-1
192	448	1
192	449	1
192	456	-1
192	458	1
192	471	-1
192	474	-1
192	482	1
192	485	-1
192	486	-1
192	487	1
192	491	-1
192	493	-1
192	494	1
192	495	-1
193	198	-1
193	208	-1
193	216	-1
193	219	-1
193	221	1
193	225	-1
193	226	1
193	227	-1
193	234	-1
193	236	1
193	239	1
193	244	1
193	246	-1
193	260	-1
193	261	-1
193	262	1
193	264	1
193	266	-1
193	268	1
193	269	1
193	273	-1
193	275	-1
193	276	-1
193	277	-1
193	286	1
193	290	1
193	291	-1
193	294	-1
193	295	1
193	303	1
193	307	-1
193	309	-1
193	312	-1
193	314	1
193	315	-1
193	317	-1
193	318	-1
193	321	-1
193	324	-1
193	325	1
193	327	-1
193	329	-1
193	338	1
193	345	-1
193	347	-1
193	348	1
193	350	1
193	352	1
193	354	1
193	355	-1
193	356	-1
193	359	-1
193	360	-1
193	362	-1
193	366	1
193	369	-1
193	371	1
193	375	1
193	376	1
193	377	1
193	378	-1
193	380	-1
193	381	-1
193	385	1
193	386	-1
193	387	-1
193	388	-1
193	394	1
193	400	-1
193	408	-1
193	409	-1
193	410	-1
193	413	1
193	414	-1
193	418	-1
193	426	1
193	428	-1
193	429	1
193	435	1
193	445	1
193	446	1
193	447	1
193	450	-1
193	451	-1
193	452	-1
193	456	-1
193	459	1
193	460	-1
193	462	-1
193	467	1
193	472	1
193	474	1
193	476	-1
193	477	-1
193	478	1
193	480	1
193	481	1
193	484	1
193	485	-1
193	486	1
193	490	-1
193	493	-1
193	494	1
193	497	1
194	195	-1
194	198	1
194	199	-1
194	200	-1
194	203	1
194	205	-1
194	208	1
194	209	-1
194	214	-1
194	220	1
194	223	-1
194	225	-1
194	229	-1
194	232	1
194	233	-1
194	234	-1
194	235	1
194	237	-1
194	238	1
194	244	1
194	247	1
194	248	-1
194	253	1
194	254	-1
194	256	-1
194	260	-1
194	261	-1
194	263	-1
194	264	1
194	265	-1
194	266	-1
194	275	-1
194	276	1
194	278	-1
194	279	-1
194	282	-1
194	283	-1
194	284	1
194	285	1
194	286	1
194	287	-1
194	298	-1
194	299	-1
194	300	-1
194	303	1
194	304	-1
194	306	1
194	308	-1
194	309	1
194	319	1
194	322	1
194	326	-1
194	327	1
194	328	1
194	330	1
194	335	1
194	338	1
194	339	-1
194	344	-1
194	345	-1
194	356	1
194	361	1
194	363	-1
194	365	1
194	367	1
194	369	1
194	372	1
194	373	1
194	378	1
194	382	-1
194	388	1
194	390	-1
194	393	-1
194	394	1
194	396	1
194	398	1
194	399	-1
194	400	1
194	402	-1
194	413	-1
194	415	-1
194	416	-1
194	421	1
194	422	-1
194	425	1
194	426	1
194	427	1
194	429	-1
194	431	1
194	439	1
194	441	-1
194	442	-1
194	444	-1
194	445	-1
194	455	-1
194	459	1
194	465	-1
194	468	-1
194	475	1
194	479	1
194	487	1
194	489	1
194	492	1
194	493	1
194	496	1
195	197	1
195	200	1
195	204	1
195	209	1
195	210	-1
195	218	1
195	219	1
195	221	-1
195	223	-1
195	229	1
195	234	1
195	239	1
195	240	-1
195	245	1
195	255	-1
195	257	-1
195	259	-1
195	261	-1
195	264	-1
195	266	-1
195	267	1
195	271	-1
195	277	1
195	282	1
195	286	-1
195	287	-1
195	293	1
195	299	-1
195	300	1
195	304	-1
195	305	-1
195	308	-1
195	312	1
195	320	-1
195	321	1
195	322	1
195	324	-1
195	325	-1
195	330	1
195	331	-1
195	332	1
195	335	-1
195	336	1
195	344	-1
195	346	1
195	354	-1
195	357	-1
195	373	-1
195	374	-1
195	375	-1
195	379	-1
195	382	-1
195	386	1
195	389	-1
195	391	-1
195	397	1
195	399	1
195	406	1
195	408	-1
195	411	1
195	414	1
195	415	-1
195	417	1
195	419	1
195	424	1
195	425	1
195	428	-1
195	431	-1
195	439	1
195	441	-1
195	444	1
195	447	-1
195	448	1
195	450	1
195	451	1
195	455	1
195	457	-1
195	461	1
195	463	1
195	465	-1
195	467	-1
195	469	-1
195	470	1
195	471	1
195	474	-1
195	475	1
195	476	1
195	478	-1
195	480	-1
195	481	1
195	484	1
195	486	-1
195	488	1
195	494	1
195	495	1
195	498	-1
196	197	-1
196	198	-1
196	199	-1
196	211	-1
196	212	-1
196	216	-1
196	217	-1
196	223	-1
196	225	-1
196	226	1
196	228	-1
196	229	-1
196	239	-1
196	240	-1
196	241	1
196	242	1
196	243	1
196	249	-1
196	259	-1
196	268	-1
196	269	1
196	270	-1
196	274	-1
196	276	1
196	277	-1
196	278	-1
196	280	-1
196	282	-1
196	287	1
196	289	-1
196	298	1
196	302	-1
196	303	1
196	304	1
196	310	1
196	311	-1
196	313	1
196	314	-1
196	319	1
196	333	-1
196	334	1
196	335	1
196	336	1
196	339	-1
196	347	1
196	352	1
196	354	-1
196	357	-1
196	359	-1
196	361	-1
196	362	-1
196	363	1
196	367	1
196	369	1
196	375	-1
196	376	-1
196	379	-1
196	383	1
196	388	1
196	391	1
196	393	-1
196	398	1
196	399	-1
196	400	-1
196	403	-1
196	404	1
196	405	1
196	406	1
196	408	1
196	412	1
196	414	-1
196	420	-1
196	421	-1
196	423	-1
196	425	-1
196	427	-1
196	428	-1
196	430	-1
196	434	-1
196	437	-1
196	441	1
196	442	-1
196	443	1
196	444	1
196	446	-1
196	447	1
196	448	-1
196	449	-1
196	453	-1
196	460	1
196	463	-1
196	466	1
196	479	-1
196	481	-1
196	482	-1
196	483	-1
196	484	1
196	488	-1
196	490	-1
196	491	1
196	492	-1
196	493	1
196	496	1
197	199	1
197	207	-1
197	208	1
197	209	1
197	210	-1
197	211	-1
197	216	-1
197	221	-1
197	222	1
197	225	1
197	229	-1
197	230	1
197	234	1
197	235	-1
197	239	-1
197	241	1
197	242	-1
197	243	-1
197	244	1
197	246	1
197	247	-1
197	249	1
197	251	1
197	252	1
197	255	1
197	256	-1
197	259	1
197	264	1
197	265	-1
197	266	1
197	269	1
197	272	1
197	273	1
197	281	-1
197	283	-1
197	284	-1
197	285	-1
197	286	-1
197	287	-1
197	292	1
197	294	1
197	297	1
197	301	-1
197	303	1
197	304	1
197	309	-1
197	311	-1
197	314	1
197	318	-1
197	319	-1
197	324	1
197	328	1
197	333	1
197	335	-1
197	337	-1
197	339	1
197	345	-1
197	360	-1
197	364	-1
197	369	1
197	375	-1
197	380	1
197	381	1
197	383	-1
197	386	-1
197	388	-1
197	390	-1
197	392	1
197	393	1
197	394	1
197	395	1
197	397	-1
197	400	-1
197	402	-1
197	403	-1
197	407	-1
197	410	-1
197	417	1
197	419	-1
197	421	1
197	422	-1
197	428	-1
197	429	1
197	434	1
197	438	-1
197	440	1
197	442	1
197	444	-1
197	445	1
197	446	1
197	447	-1
197	450	1
197	453	1
197	456	-1
197	458	-1
197	461	-1
197	462	-1
197	463	-1
197	472	-1
197	475	-1
197	477	-1
197	481	-1
197	484	1
197	485	1
197	487	1
197	489	-1
197	490	1
197	491	-1
197	492	-1
197	493	1
197	498	-1
197	499	1
198	199	1
198	204	1
198	205	1
198	209	1
198	210	-1
198	217	1
198	222	-1
198	223	-1
198	226	-1
198	228	1
198	235	1
198	236	1
198	240	-1
198	247	1
198	249	1
198	250	-1
198	254	-1
198	256	-1
198	259	1
198	276	1
198	278	1
198	280	1
198	282	1
198	283	1
198	284	1
198	285	1
198	288	-1
198	290	1
198	295	1
198	296	1
198	301	-1
198	303	-1
198	304	1
198	305	1
198	310	-1
198	314	-1
198	316	-1
198	318	1
198	320	1
198	324	-1
198	327	1
198	335	-1
198	340	-1
198	342	1
198	351	1
198	352	1
198	353	-1
198	358	1
198	359	1
198	361	1
198	362	-1
198	371	1
198	373	1
198	374	1
198	375	-1
198	378	1
198	386	-1
198	387	1
198	393	1
198	395	-1
198	401	1
198	406	-1
198	409	1
198	413	1
198	415	1
198	416	-1
198	419	-1
198	423	1
198	427	1
198	428	-1
198	430	1
198	441	-1
198	442	1
198	448	1
198	452	-1
198	457	-1
198	459	1
198	460	1
198	461	1
198	463	1
198	466	1
198	472	1
198	474	1
198	475	1
198	476	-1
198	477	1
198	478	1
198	484	1
198	488	1
198	495	-1
198	496	-1
198	499	1
199	204	1
199	208	-1
199	210	-1
199	214	1
199	215	-1
199	218	1
199	221	-1
199	225	1
199	226	1
199	232	-1
199	236	1
199	237	-1
199	241	-1
199	244	-1
199	247	1
199	248	1
199	249	-1
199	250	-1
199	256	1
199	264	1
199	265	-1
199	270	1
199	274	-1
199	275	-1
199	276	-1
199	279	-1
199	281	-1
199	283	-1
199	287	1
199	301	-1
199	304	1
199	311	-1
199	313	1
199	314	1
199	316	-1
199	318	-1
199	319	-1
199	320	1
199	321	1
199	323	-1
199	325	-1
199	338	1
199	345	-1
199	354	-1
199	356	1
199	360	-1
199	364	-1
199	368	-1
199	372	1
199	383	1
199	384	-1
199	385	-1
199	386	-1
199	387	1
199	394	-1
199	399	1
199	404	-1
199	405	1
199	407	1
199	414	-1
199	416	-1
199	417	-1
199	419	-1
199	420	-1
199	423	-1
199	431	-1
199	435	1
199	437	1
199	442	-1
199	445	1
199	446	-1
199	449	-1
199	453	-1
199	455	-1
199	458	-1
199	464	1
199	465	1
199	466	1
199	467	-1
199	468	-1
199	471	1
199	474	1
199	478	-1
199	479	-1
199	482	1
199	486	-1
199	490	-1
200	204	1
200	205	1
200	206	-1
200	207	-1
200	208	1
200	209	-1
200	210	1
200	213	1
200	214	1
200	218	1
200	221	-1
200	222	-1
200	224	1
200	227	1
200	231	1
200	241	1
200	244	-1
200	245	-1
200	246	-1
200	247	1
200	248	-1
200	249	-1
200	252	1
200	257	1
200	260	1
200	262	1
200	264	-1
200	267	1
200	268	-1
200	275	1
200	280	1
200	282	1
200	284	-1
200	286	-1
200	288	-1
200	289	-1
200	293	-1
200	296	-1
200	309	1
200	310	-1
200	312	-1
200	322	1
200	328	1
200	331	1
200	333	1
200	336	1
200	338	-1
200	341	1
200	348	-1
200	351	1
200	353	1
200	354	-1
200	359	-1
200	362	1
200	364	-1
200	365	1
200	366	-1
200	369	-1
200	370	-1
200	380	-1
200	381	-1
200	384	-1
200	387	1
200	391	-1
200	396	1
200	399	-1
200	402	1
200	404	1
200	407	1
200	411	1
200	413	-1
200	420	-1
200	423	1
200	430	1
200	431	-1
200	432	-1
200	434	1
200	436	1
200	438	1
200	440	1
200	443	-1
200	445	-1
200	450	-1
200	452	1
200	459	-1
200	461	-1
200	462	1
200	469	1
200	471	1
200	474	-1
200	480	-1
200	482	-1
200	483	-1
200	484	-1
200	494	-1
200	497	1
200	498	-1
201	202	-1
201	203	1
201	210	-1
201	211	1
201	216	-1
201	224	1
201	225	-1
201	237	1
201	241	-1
201	242	-1
201	247	-1
201	248	-1
201	253	-1
201	254	-1
201	256	-1
201	260	1
201	263	-1
201	265	1
201	267	1
201	273	1
201	277	1
201	278	1
201	283	-1
201	292	1
201	295	-1
201	300	-1
201	303	-1
201	304	1
201	310	-1
201	312	1
201	314	1
201	315	-1
201	318	-1
201	319	1
201	320	1
201	331	-1
201	332	1
201	337	-1
201	339	-1
201	341	-1
201	342	-1
201	345	1
201	352	1
201	353	-1
201	354	-1
201	365	1
201	366	1
201	368	-1
201	370	-1
201	377	1
201	378	-1
201	379	-1
201	383	-1
201	387	-1
201	390	-1
201	392	-1
201	396	1
201	397	1
201	398	1
201	400	1
201	401	1
201	409	-1
201	413	1
201	416	1
201	419	1
201	420	-1
201	422	-1
201	427	-1
201	430	-1
201	438	-1
201	441	1
201	442	1
201	443	-1
201	444	-1
201	446	-1
201	448	-1
201	453	1
201	458	-1
201	460	1
201	462	-1
201	463	-1
201	466	-1
201	469	-1
201	471	-1
201	475	1
201	480	-1
201	486	-1
201	489	-1
201	493	-1
201	496	-1
201	499	1
202	203	1
202	210	1
202	212	1
202	217	-1
202	218	1
202	225	1
202	226	-1
202	228	1
202	229	-1
202	231	1
202	233	1
202	235	-1
202	237	1
202	239	1
202	241	1
202	244	1
202	245	-1
202	248	-1
202	251	-1
202	253	1
202	257	-1
202	261	1
202	266	1
202	267	-1
202	269	-1
202	270	-1
202	272	-1
202	273	1
202	274	-1
202	280	1
202	282	-1
202	284	-1
202	287	-1
202	289	1
202	291	1
202	293	1
202	300	-1
202	301	-1
202	303	-1
202	311	-1
202	312	1
202	318	1
202	319	-1
202	321	1
202	325	1
202	326	1
202	327	-1
202	329	1
202	330	1
202	335	-1
202	339	-1
202	341	-1
202	344	1
202	347	-1
202	348	1
202	351	1
202	354	1
202	358	-1
202	359	-1
202	366	1
202	372	-1
202	374	1
202	376	1
202	377	-1
202	379	-1
202	381	1
202	382	-1
202	383	-1
202	387	1
202	388	1
202	392	-1
202	394	1
202	395	1
202	398	-1
202	399	-1
202	406	1
202	415	-1
202	421	-1
202	424	-1
202	426	-1
202	430	-1
202	435	-1
202	436	1
202	441	-1
202	443	-1
202	446	-1
202	455	1
202	456	1
202	459	-1
202	463	1
202	464	1
202	467	-1
202	469	-1
202	473	-1
202	478	1
202	482	1
202	486	1
202	487	-1
202	491	1
202	492	1
202	494	1
202	496	-1
202	497	1
202	499	-1
203	206	1
203	210	1
203	214	-1
203	215	-1
203	220	1
203	226	-1
203	227	1
203	229	-1
203	232	1
203	241	1
203	244	1
203	246	-1
203	247	-1
203	249	1
203	250	-1
203	254	1
203	256	1
203	260	1
203	261	1
203	262	-1
203	263	1
203	266	-1
203	273	-1
203	274	1
203	275	1
203	282	-1
203	283	1
203	286	-1
203	291	1
203	296	-1
203	297	1
203	298	1
203	303	1
203	306	-1
203	308	1
203	315	-1
203	317	1
203	321	-1
203	323	1
203	328	-1
203	332	1
203	336	1
203	339	1
203	341	-1
203	345	-1
203	347	1
203	349	-1
203	355	1
203	356	-1
203	358	-1
203	360	-1
203	362	-1
203	364	-1
203	366	1
203	368	1
203	369	1
203	371	1
203	373	1
203	376	1
203	377	-1
203	381	1
203	386	-1
203	387	1
203	388	1
203	391	-1
203	392	1
203	400	1
203	401	-1
203	402	-1
203	403	1
203	404	-1
203	405	1
203	406	1
203	409	-1
203	412	1
203	421	-1
203	423	-1
203	424	-1
203	426	-1
203	427	-1
203	428	-1
203	431	-1
203	432	-1
203	433	1
203	434	-1
203	436	-1
203	440	1
203	443	1
203	444	1
203	446	1
203	454	1
203	457	1
203	462	-1
203	463	1
203	464	1
203	465	-1
203	466	-1
203	469	-1
203	471	1
203	478	-1
203	485	1
203	486	1
203	488	-1
203	491	1
203	492	1
203	493	-1
203	494	-1
203	495	-1
203	498	1
204	206	1
204	210	1
204	211	-1
204	213	1
204	215	-1
204	217	1
204	219	-1
204	222	1
204	228	-1
204	232	-1
204	233	-1
204	239	-1
204	241	1
204	243	1
204	245	-1
204	247	1
204	248	-1
204	250	1
204	251	-1
204	252	-1
204	256	-1
204	263	1
204	264	-1
204	267	1
204	270	1
204	280	-1
204	283	1
204	284	-1
204	289	-1
204	293	-1
204	299	1
204	301	1
204	307	-1
204	308	-1
204	309	1
204	312	-1
204	314	-1
204	318	1
204	319	-1
204	321	-1
204	324	-1
204	325	-1
204	326	1
204	327	1
204	328	-1
204	341	-1
204	345	-1
204	347	1
204	348	1
204	352	1
204	354	-1
204	355	-1
204	356	1
204	361	-1
204	362	1
204	364	-1
204	365	1
204	366	1
204	372	-1
204	376	-1
204	378	1
204	383	-1
204	384	1
204	387	-1
204	395	-1
204	397	1
204	400	-1
204	404	1
204	405	-1
204	406	-1
204	409	-1
204	414	-1
204	417	1
204	418	1
204	419	-1
204	422	1
204	428	-1
204	430	1
204	434	-1
204	438	-1
204	439	1
204	444	1
204	445	-1
204	448	1
204	453	-1
204	454	-1
204	455	1
204	456	1
204	459	1
204	461	1
204	463	-1
204	468	-1
204	470	1
204	472	1
204	476	-1
204	478	-1
204	480	1
204	485	-1
204	486	1
204	488	-1
204	489	-1
204	492	1
204	493	1
204	494	-1
204	498	1
205	206	1
205	207	1
205	208	1
205	211	-1
205	213	1
205	217	1
205	218	1
205	222	1
205	223	1
205	227	-1
205	228	1
205	232	1
205	233	1
205	237	1
205	238	1
205	243	1
205	245	-1
205	248	1
205	249	-1
205	252	1
205	260	1
205	262	-1
205	263	1
205	264	-1
205	265	-1
205	266	1
205	268	1
205	270	1
205	274	1
205	279	-1
205	280	1
205	285	1
205	288	1
205	290	-1
205	292	1
205	294	-1
205	295	1
205	296	-1
205	300	-1
205	301	-1
205	304	1
205	307	1
205	308	1
205	309	-1
205	310	1
205	311	1
205	312	-1
205	313	1
205	315	1
205	324	-1
205	327	1
205	329	1
205	331	-1
205	333	1
205	339	-1
205	340	-1
205	344	1
205	345	1
205	347	1
205	352	-1
205	354	-1
205	355	-1
205	359	1
205	360	1
205	365	-1
205	367	-1
205	370	-1
205	374	1
205	379	-1
205	380	-1
205	381	1
205	382	1
205	384	1
205	398	-1
205	408	-1
205	409	1
205	410	1
205	413	-1
205	415	-1
205	417	1
205	418	1
205	419	1
205	421	1
205	424	-1
205	446	-1
205	448	-1
205	449	1
205	453	1
205	454	1
205	455	-1
205	462	1
205	467	-1
205	470	1
205	472	1
205	474	1
205	479	-1
205	484	-1
205	486	1
205	488	1
205	496	-1
206	211	1
206	212	-1
206	213	1
206	214	1
206	215	1
206	219	1
206	220	1
206	222	-1
206	224	-1
206	226	1
206	227	1
206	228	1
206	229	1
206	232	-1
206	234	-1
206	238	-1
206	239	-1
206	245	-1
206	247	1
206	249	1
206	253	1
206	256	1
206	257	1
206	258	-1
206	259	1
206	270	1
206	271	-1
206	272	1
206	276	1
206	282	-1
206	283	1
206	286	-1
206	287	1
206	290	-1
206	291	-1
206	295	1
206	299	-1
206	301	-1
206	304	1
206	308	-1
206	309	-1
206	314	1
206	315	1
206	316	1
206	320	-1
206	324	-1
206	326	1
206	330	1
206	332	1
206	334	-1
206	339	-1
206	340	1
206	342	1
206	343	1
206	346	1
206	358	1
206	359	1
206	360	-1
206	368	-1
206	376	-1
206	380	-1
206	385	1
206	386	1
206	387	1
206	388	-1
206	391	-1
206	397	-1
206	400	1
206	403	1
206	406	-1
206	408	-1
206	409	-1
206	411	-1
206	413	-1
206	415	1
206	417	1
206	419	1
206	421	-1
206	428	-1
206	433	-1
206	437	-1
206	439	1
206	440	1
206	443	-1
206	445	-1
206	446	-1
206	449	1
206	456	-1
206	457	-1
206	467	-1
206	470	-1
206	471	-1
206	473	1
206	474	-1
206	477	-1
206	479	-1
206	483	-1
206	484	1
206	489	-1
206	494	1
207	208	1
207	210	-1
207	214	1
207	215	-1
207	216	1
207	219	1
207	220	1
207	223	1
207	229	-1
207	233	-1
207	234	1
207	235	1
207	237	-1
207	243	1
207	244	1
207	245	1
207	246	1
207	247	1
207	251	-1
207	254	-1
207	255	-1
207	262	1
207	264	1
207	266	1
207	269	1
207	271	1
207	273	-1
207	274	1
207	275	1
207	281	1
207	287	-1
207	290	1
207	291	-1
207	293	1
207	295	1
207	297	1
207	299	1
207	301	-1
207	304	-1
207	305	1
207	306	1
207	310	1
207	315	-1
207	316	1
207	317	1
207	319	-1
207	320	-1
207	329	-1
207	334	-1
207	338	-1
207	339	1
207	341	1
207	345	1
207	346	-1
207	347	-1
207	353	1
207	363	1
207	365	1
207	369	-1
207	374	1
207	378	1
207	379	-1
207	380	-1
207	382	-1
207	385	1
207	386	1
207	387	-1
207	388	1
207	390	1
207	394	-1
207	399	-1
207	416	-1
207	418	1
207	424	-1
207	426	1
207	428	-1
207	429	-1
207	430	1
207	438	-1
207	443	-1
207	449	1
207	450	1
207	452	-1
207	456	-1
207	458	-1
207	459	-1
207	461	-1
207	463	-1
207	467	-1
207	468	1
207	470	1
207	472	-1
207	473	1
207	475	-1
207	478	1
207	479	1
207	481	-1
207	482	1
207	484	-1
207	486	1
207	488	-1
207	491	-1
207	492	1
207	493	1
207	494	-1
208	210	1
208	212	1
208	220	-1
208	225	-1
208	226	-1
208	228	1
208	230	-1
208	236	1
208	238	1
208	239	-1
208	251	-1
208	254	1
208	255	-1
208	257	1
208	258	-1
208	263	-1
208	267	1
208	268	-1
208	271	1
208	272	-1
208	275	1
208	283	1
208	284	-1
208	295	-1
208	297	-1
208	300	1
208	323	-1
208	327	1
208	336	-1
208	338	1
208	339	-1
208	341	-1
208	345	-1
208	346	-1
208	348	-1
208	349	-1
208	350	1
208	355	-1
208	356	-1
208	358	1
208	367	1
208	368	1
208	372	-1
208	374	-1
208	381	1
208	399	-1
208	400	1
208	402	-1
208	404	-1
208	413	1
208	416	-1
208	419	-1
208	424	1
208	437	1
208	439	-1
208	443	-1
208	444	1
208	445	-1
208	447	1
208	452	1
208	455	-1
208	460	1
208	461	-1
208	464	1
208	470	1
208	475	1
208	481	-1
208	487	1
208	489	-1
208	491	1
208	493	-1
208	495	1
208	498	-1
209	213	1
209	216	-1
209	223	1
209	226	-1
209	228	-1
209	229	1
209	231	-1
209	235	1
209	239	1
209	242	-1
209	244	1
209	246	1
209	248	1
209	249	1
209	250	1
209	251	1
209	261	1
209	262	1
209	263	-1
209	264	1
209	265	-1
209	266	-1
209	271	1
209	273	1
209	274	-1
209	276	1
209	279	-1
209	280	-1
209	288	-1
209	290	-1
209	295	-1
209	296	1
209	297	1
209	299	-1
209	303	-1
209	305	-1
209	306	-1
209	310	-1
209	318	1
209	320	-1
209	324	-1
209	325	-1
209	326	-1
209	328	1
209	330	-1
209	331	1
209	337	1
209	339	1
209	340	-1
209	342	-1
209	345	-1
209	348	-1
209	351	-1
209	353	1
209	355	-1
209	356	-1
209	357	1
209	358	-1
209	359	-1
209	361	1
209	365	1
209	366	1
209	367	1
209	368	1
209	369	1
209	370	1
209	373	1
209	390	1
209	391	1
209	394	1
209	398	1
209	401	-1
209	402	1
209	403	-1
209	411	1
209	413	1
209	414	-1
209	416	1
209	418	-1
209	421	-1
209	424	1
209	429	-1
209	430	-1
209	437	1
209	438	1
209	439	-1
209	443	-1
209	444	-1
209	445	1
209	448	1
209	450	-1
209	452	-1
209	458	-1
209	462	-1
209	468	-1
209	473	-1
209	474	1
209	475	1
209	481	-1
209	485	-1
209	486	-1
209	489	-1
209	492	1
209	496	-1
209	497	-1
209	498	1
209	499	1
210	213	-1
210	217	-1
210	221	1
210	226	-1
210	231	1
210	232	-1
210	233	1
210	234	-1
210	236	-1
210	237	-1
210	239	-1
210	242	1
210	247	1
210	249	-1
210	251	1
210	253	1
210	262	-1
210	265	-1
210	270	-1
210	273	-1
210	279	-1
210	284	1
210	287	-1
210	288	1
210	289	-1
210	290	-1
210	296	-1
210	298	-1
210	301	-1
210	309	1
210	310	1
210	312	1
210	313	1
210	314	-1
210	315	-1
210	316	1
210	319	-1
210	320	-1
210	322	-1
210	326	-1
210	328	1
210	329	1
210	331	1
210	332	-1
210	339	-1
210	343	1
210	344	1
210	345	1
210	346	-1
210	349	1
210	352	-1
210	354	1
210	358	-1
210	359	-1
210	363	1
210	365	-1
210	366	1
210	367	1
210	371	-1
210	374	-1
210	377	-1
210	378	1
210	381	-1
210	387	1
210	389	1
210	392	-1
210	394	1
210	398	1
210	403	-1
210	405	-1
210	406	1
210	413	-1
210	416	-1
210	418	-1
210	431	1
210	432	1
210	437	-1
210	439	-1
210	444	1
210	446	1
210	447	1
210	449	-1
210	452	-1
210	453	-1
210	455	1
210	458	1
210	459	-1
210	460	-1
210	461	-1
210	465	-1
210	466	-1
210	469	-1
210	470	1
210	471	-1
210	474	1
210	478	-1
210	481	1
210	482	-1
210	484	-1
210	486	1
210	490	-1
210	495	-1
210	498	-1
211	215	1
211	217	1
211	221	1
211	223	1
211	224	1
211	225	-1
211	229	1
211	230	1
211	231	1
211	239	-1
211	243	-1
211	244	-1
211	245	-1
211	246	1
211	249	1
211	253	-1
211	261	1
211	266	-1
211	268	-1
211	269	-1
211	270	1
211	271	-1
211	272	-1
211	273	-1
211	274	1
211	279	1
211	282	-1
211	285	-1
211	286	-1
211	289	-1
211	296	1
211	297	-1
211	302	1
211	305	1
211	306	1
211	308	1
211	312	-1
211	316	1
211	318	-1
211	321	1
211	324	-1
211	325	-1
211	327	1
211	329	1
211	335	1
211	338	-1
211	341	-1
211	342	1
211	344	-1
211	346	1
211	355	1
211	358	-1
211	359	1
211	360	-1
211	363	1
211	367	1
211	372	1
211	377	-1
211	379	-1
211	382	-1
211	385	1
211	386	1
211	387	-1
211	389	1
211	391	1
211	392	1
211	393	-1
211	397	1
211	400	-1
211	404	-1
211	405	-1
211	407	1
211	414	-1
211	416	-1
211	419	-1
211	420	-1
211	422	-1
211	423	1
211	425	1
211	426	1
211	427	-1
211	428	1
211	429	1
211	432	-1
211	442	-1
211	443	1
211	446	-1
211	449	-1
211	450	1
211	456	-1
211	457	-1
211	458	-1
211	459	-1
211	460	1
211	466	1
211	471	1
211	472	-1
211	476	-1
211	477	1
211	480	-1
211	485	1
211	487	1
211	488	-1
211	490	1
211	493	1
211	494	-1
211	498	1
212	213	-1
212	219	1
212	220	1
212	221	1
212	225	1
212	226	-1
212	227	1
212	230	-1
212	236	1
212	241	1
212	242	1
212	250	1
212	251	1
212	252	1
212	254	1
212	257	1
212	259	-1
212	263	-1
212	274	1
212	275	-1
212	280	-1
212	282	1
212	285	-1
212	288	-1
212	289	-1
212	292	1
212	296	-1
212	297	1
212	298	-1
212	299	-1
212	301	1
212	305	1
212	306	-1
212	307	-1
212	318	1
212	319	1
212	321	1
212	325	-1
212	326	-1
212	327	1
212	331	-1
212	334	1
212	335	-1
212	339	1
212	343	-1
212	348	-1
212	350	-1
212	356	-1
212	359	-1
212	361	1
212	364	-1
212	368	-1
212	370	-1
212	373	1
212	376	1
212	377	-1
212	382	-1
212	383	1
212	391	1
212	400	1
212	402	-1
212	405	-1
212	414	-1
212	415	-1
212	417	1
212	418	-1
212	422	-1
212	424	1
212	426	-1
212	427	1
212	430	-1
212	435	-1
212	440	-1
212	441	-1
212	445	1
212	446	-1
212	449	1
212	455	1
212	458	1
212	459	-1
212	460	-1
212	471	-1
212	473	1
212	478	1
212	483	1
212	484	-1
212	486	1
212	487	-1
212	488	1
213	215	1
213	216	-1
213	223	-1
213	237	1
213	240	-1
213	243	1
213	246	-1
213	250	-1
213	252	-1
213	253	1
213	259	1
213	263	-1
213	264	1
213	266	-1
213	267	-1
213	271	-1
213	277	-1
213	278	1
213	281	-1
213	283	-1
213	284	1
213	291	1
213	296	1
213	297	-1
213	305	-1
213	311	1
213	312	1
213	313	-1
213	319	1
213	322	-1
213	329	1
213	331	1
213	332	1
213	333	1
213	334	1
213	337	1
213	340	-1
213	341	1
213	342	-1
213	343	1
213	348	1
213	351	1
213	366	1
213	370	1
213	371	1
213	372	1
213	374	1
213	379	1
213	387	-1
213	389	-1
213	391	1
213	392	-1
213	393	1
213	395	-1
213	396	-1
213	398	1
213	401	1
213	408	1
213	409	-1
213	412	-1
213	416	-1
213	419	-1
213	430	1
213	436	-1
213	437	1
213	440	1
213	441	-1
213	443	-1
213	454	-1
213	457	-1
213	458	1
213	461	-1
213	463	-1
213	464	-1
213	468	-1
213	469	-1
213	470	1
213	478	-1
213	479	1
213	481	-1
213	485	1
213	490	1
213	491	1
213	493	1
213	494	1
213	499	1
214	215	1
214	217	-1
214	222	-1
214	224	1
214	226	1
214	227	1
214	229	1
214	230	-1
214	233	-1
214	235	1
214	236	-1
214	238	1
214	243	-1
214	245	1
214	260	-1
214	261	-1
214	270	-1
214	273	1
214	275	-1
214	276	1
214	277	1
214	280	1
214	283	-1
214	292	-1
214	293	1
214	297	-1
214	306	1
214	308	1
214	310	1
214	313	-1
214	315	1
214	317	-1
214	318	1
214	321	-1
214	322	-1
214	323	-1
214	329	-1
214	331	1
214	332	1
214	336	-1
214	342	-1
214	345	1
214	346	-1
214	349	-1
214	355	-1
214	359	-1
214	360	-1
214	361	-1
214	362	-1
214	365	-1
214	369	-1
214	376	-1
214	378	1
214	381	1
214	387	-1
214	389	1
214	393	1
214	397	1
214	400	1
214	401	-1
214	402	-1
214	405	1
214	406	-1
214	413	1
214	422	1
214	423	1
214	427	-1
214	431	-1
214	432	1
214	433	1
214	434	1
214	435	1
214	436	1
214	446	1
214	448	-1
214	456	1
214	457	-1
214	461	-1
214	466	1
214	474	1
214	475	1
214	483	1
214	489	1
214	493	-1
214	496	-1
215	217	-1
215	219	-1
215	223	1
215	236	-1
215	241	-1
215	247	1
215	249	1
215	251	-1
215	252	1
215	253	-1
215	256	-1
215	257	-1
215	260	-1
215	263	-1
215	268	1
215	272	-1
215	273	1
215	274	-1
215	275	1
215	278	1
215	279	1
215	281	-1
215	282	1
215	284	1
215	286	-1
215	291	-1
215	292	1
215	299	1
215	305	1
215	307	-1
215	309	-1
215	313	1
215	314	-1
215	316	1
215	318	1
215	320	1
215	321	-1
215	323	-1
215	324	1
215	326	1
215	328	-1
215	330	-1
215	337	-1
215	346	1
215	349	1
215	350	1
215	352	-1
215	354	1
215	363	1
215	366	1
215	368	-1
215	375	1
215	377	-1
215	379	1
215	384	1
215	388	1
215	391	1
215	396	-1
215	401	1
215	402	1
215	404	1
215	408	1
215	409	1
215	415	-1
215	419	1
215	420	-1
215	421	-1
215	422	-1
215	423	-1
215	424	-1
215	425	-1
215	427	1
215	433	-1
215	436	1
215	440	-1
215	445	-1
215	446	-1
215	455	1
215	456	1
215	459	-1
215	464	1
215	465	1
215	471	1
215	472	-1
215	473	1
215	475	1
215	476	1
215	477	-1
215	479	1
215	483	1
215	484	-1
215	485	-1
215	488	-1
216	219	-1
216	220	-1
216	221	-1
216	223	-1
216	230	1
216	231	-1
216	233	1
216	234	1
216	235	-1
216	236	-1
216	238	-1
216	239	1
216	244	-1
216	249	1
216	257	-1
216	258	-1
216	267	-1
216	271	1
216	272	1
216	278	1
216	279	1
216	282	-1
216	283	1
216	284	-1
216	288	-1
216	289	1
216	291	-1
216	292	1
216	294	1
216	296	1
216	298	1
216	299	1
216	301	1
216	303	-1
216	309	1
216	311	-1
216	316	-1
216	317	-1
216	318	-1
216	321	1
216	323	-1
216	325	1
216	328	-1
216	335	1
216	336	-1
216	337	-1
216	342	1
216	344	-1
216	346	-1
216	347	1
216	349	1
216	354	1
216	355	-1
216	358	-1
216	361	-1
216	362	1
216	369	1
216	372	1
216	377	-1
216	378	1
216	380	-1
216	384	-1
216	386	1
216	387	1
216	390	1
216	394	-1
216	397	-1
216	400	1
216	409	1
216	412	-1
216	418	-1
216	421	1
216	425	1
216	426	-1
216	433	1
216	436	-1
216	442	1
216	447	1
216	449	-1
216	464	1
216	465	1
216	468	-1
216	470	-1
216	478	-1
216	481	1
216	482	1
216	483	1
216	487	1
216	492	1
216	498	-1
216	499	1
217	219	1
217	222	1
217	233	1
217	234	1
217	237	1
217	246	-1
217	248	1
217	249	-1
217	251	1
217	254	-1
217	257	1
217	260	1
217	261	1
217	268	1
217	270	1
217	271	1
217	272	-1
217	280	1
217	297	1
217	301	-1
217	302	-1
217	305	-1
217	306	1
217	313	-1
217	321	1
217	327	1
217	332	1
217	333	1
217	334	1
217	337	1
217	339	-1
217	344	-1
217	345	-1
217	350	1
217	351	-1
217	353	-1
217	355	1
217	358	-1
217	363	-1
217	366	1
217	367	1
217	372	1
217	373	1
217	375	1
217	377	-1
217	380	1
217	384	-1
217	393	1
217	395	1
217	396	1
217	400	1
217	402	-1
217	403	1
217	404	1
217	415	1
217	417	1
217	422	-1
217	427	1
217	429	1
217	431	-1
217	432	1
217	436	-1
217	437	1
217	438	1
217	439	-1
217	441	1
217	445	1
217	448	1
217	450	1
217	461	-1
217	463	-1
217	466	-1
217	473	-1
217	475	1
217	480	1
217	481	1
217	483	-1
217	486	1
217	487	-1
217	493	1
217	495	1
217	497	1
218	221	1
218	223	1
218	224	1
218	226	1
218	229	1
218	231	-1
218	237	-1
218	245	-1
218	246	1
218	247	1
218	248	1
218	250	-1
218	251	-1
218	253	-1
218	255	1
218	259	-1
218	260	1
218	261	-1
218	266	1
218	268	1
218	272	1
218	276	1
218	277	-1
218	279	-1
218	282	1
218	283	-1
218	285	1
218	293	-1
218	294	-1
218	295	-1
218	297	1
218	298	1
218	300	1
218	301	1
218	305	1
218	306	-1
218	310	1
218	313	-1
218	316	1
218	319	1
218	320	-1
218	321	-1
218	325	1
218	330	1
218	336	1
218	337	1
218	338	1
218	340	-1
218	341	1
218	343	-1
218	344	1
218	346	-1
218	347	1
218	349	1
218	352	-1
218	353	1
218	360	-1
218	364	1
218	365	1
218	367	1
218	373	-1
218	376	1
218	379	1
218	380	1
218	381	-1
218	384	1
218	389	-1
218	390	1
218	393	1
218	397	1
218	398	1
218	399	1
218	400	-1
218	402	-1
218	403	-1
218	404	-1
218	407	-1
218	409	1
218	411	1
218	416	-1
218	422	1
218	424	1
218	425	1
218	431	-1
218	434	1
218	440	-1
218	445	-1
218	446	1
218	457	1
218	458	-1
218	466	1
218	469	-1
218	470	-1
218	472	1
218	473	-1
218	475	-1
218	476	1
218	478	1
218	491	1
218	492	1
218	495	-1
218	497	-1
218	498	1
219	224	-1
219	227	-1
219	232	1
219	234	1
219	235	1
219	241	-1
219	243	-1
219	245	1
219	246	-1
219	254	1
219	255	1
219	260	-1
219	262	1
219	266	-1
219	267	-1
219	268	1
219	275	-1
219	282	-1
219	289	-1
219	290	1
219	296	-1
219	297	1
219	303	1
219	308	1
219	310	1
219	312	1
219	315	-1
219	320	1
219	327	1
219	334	-1
219	343	-1
219	346	-1
219	351	1
219	352	-1
219	353	-1
219	364	-1
219	371	-1
219	379	-1
219	380	-1
219	384	1
219	385	1
219	386	-1
219	390	-1
219	397	1
219	400	-1
219	402	-1
219	405	1
219	407	-1
219	409	1
219	410	1
219	411	-1
219	412	-1
219	414	-1
219	417	1
219	422	-1
219	423	-1
219	425	-1
219	431	1
219	433	1
219	434	-1
219	438	1
219	446	-1
219	447	1
219	449	-1
219	453	-1
219	454	1
219	456	1
219	464	1
219	465	1
219	471	-1
219	475	1
219	479	-1
219	483	1
219	485	-1
219	486	-1
219	487	-1
219	489	1
219	490	1
219	491	-1
219	493	-1
219	495	-1
219	499	1
220	221	-1
220	225	-1
220	226	1
220	228	-1
220	233	1
220	234	-1
220	239	-1
220	243	1
220	247	1
220	248	1
220	256	1
220	258	1
220	259	-1
220	262	1
220	263	-1
220	264	1
220	265	-1
220	268	1
220	274	-1
220	275	-1
220	278	-1
220	280	-1
220	281	1
220	288	-1
220	290	-1
220	294	-1
220	295	1
220	297	1
220	300	1
220	302	1
220	312	1
220	314	-1
220	315	1
220	316	-1
220	318	-1
220	322	-1
220	327	1
220	330	-1
220	332	-1
220	335	-1
220	342	-1
220	343	-1
220	344	1
220	347	-1
220	348	1
220	357	-1
220	358	1
220	363	1
220	365	1
220	366	-1
220	371	-1
220	376	-1
220	380	1
220	383	1
220	384	-1
220	389	-1
220	392	1
220	393	1
220	397	-1
220	398	1
220	399	1
220	401	1
220	402	-1
220	406	1
220	410	-1
220	412	-1
220	420	-1
220	421	-1
220	422	1
220	429	1
220	431	1
220	438	-1
220	439	-1
220	442	-1
220	443	1
220	444	1
220	451	1
220	455	1
220	456	-1
220	460	1
220	463	-1
220	464	1
220	467	-1
220	470	1
220	473	-1
220	482	-1
220	483	1
220	484	-1
220	485	1
220	490	1
220	491	1
220	492	1
220	493	-1
220	494	1
220	495	1
220	499	-1
221	223	-1
221	225	-1
221	228	1
221	239	-1
221	250	-1
221	251	1
221	255	-1
221	256	1
221	260	1
221	274	1
221	279	-1
221	284	1
221	285	1
221	286	1
221	291	1
221	292	1
221	295	1
221	298	1
221	301	1
221	304	-1
221	305	-1
221	310	1
221	311	-1
221	313	1
221	317	-1
221	318	1
221	319	-1
221	320	1
221	323	-1
221	325	1
221	332	1
221	336	-1
221	339	1
221	341	1
221	342	1
221	343	1
221	344	1
221	347	-1
221	349	-1
221	351	1
221	358	1
221	360	-1
221	367	-1
221	372	1
221	373	-1
221	374	1
221	377	1
221	378	-1
221	380	1
221	384	-1
221	388	1
221	390	-1
221	394	1
221	396	1
221	400	1
221	401	1
221	403	-1
221	404	1
221	406	1
221	407	-1
221	412	1
221	416	-1
221	418	-1
221	423	1
221	428	-1
221	430	-1
221	434	1
221	435	1
221	436	-1
221	437	1
221	440	1
221	445	-1
221	446	-1
221	447	-1
221	452	1
221	455	1
221	457	1
221	461	-1
221	463	1
221	471	1
221	472	1
221	480	1
221	481	1
221	485	-1
221	488	-1
221	489	1
221	491	1
221	494	-1
221	495	1
221	497	1
222	223	1
222	224	-1
222	228	-1
222	229	1
222	234	1
222	237	-1
222	242	1
222	248	1
222	252	-1
222	256	-1
222	258	-1
222	265	-1
222	266	1
222	267	-1
222	269	-1
222	270	1
222	275	-1
222	278	-1
222	282	-1
222	283	-1
222	286	1
222	287	1
222	288	1
222	289	-1
222	296	1
222	298	1
222	303	-1
222	309	1
222	311	1
222	315	-1
222	316	1
222	319	-1
222	320	1
222	322	1
222	323	1
222	328	1
222	330	-1
222	335	-1
222	337	1
222	340	1
222	343	1
222	347	-1
222	351	1
222	352	-1
222	353	1
222	360	-1
222	361	-1
222	362	-1
222	363	1
222	368	1
222	381	-1
222	386	1
222	387	1
222	395	1
222	397	1
222	399	-1
222	400	-1
222	402	1
222	403	1
222	404	1
222	406	-1
222	418	1
222	422	1
222	424	1
222	425	-1
222	426	-1
222	428	1
222	430	-1
222	433	1
222	437	-1
222	442	-1
222	443	1
222	449	1
222	451	-1
222	453	-1
222	457	-1
222	463	1
222	464	1
222	466	1
222	467	1
222	474	-1
222	478	-1
222	481	-1
222	486	1
222	488	1
222	493	-1
222	499	-1
223	226	1
223	230	-1
223	233	1
223	235	1
223	239	1
223	245	-1
223	248	1
223	251	1
223	254	-1
223	256	1
223	261	-1
223	278	1
223	279	1
223	283	-1
223	286	-1
223	287	1
223	294	-1
223	301	-1
223	312	-1
223	315	-1
223	319	-1
223	321	-1
223	324	1
223	326	1
223	327	-1
223	328	1
223	329	1
223	333	-1
223	338	-1
223	342	-1
223	347	1
223	348	1
223	349	1
223	351	-1
223	352	1
223	356	1
223	360	-1
223	361	1
223	362	-1
223	363	1
223	370	-1
223	372	1
223	379	-1
223	381	-1
223	382	1
223	383	1
223	385	1
223	387	-1
223	391	-1
223	397	1
223	398	1
223	400	-1
223	402	1
223	403	1
223	404	1
223	407	-1
223	409	1
223	412	-1
223	414	-1
223	415	1
223	419	1
223	420	1
223	422	-1
223	425	1
223	427	-1
223	428	-1
223	429	-1
223	430	1
223	431	-1
223	432	1
223	436	1
223	437	1
223	438	-1
223	441	-1
223	443	1
223	444	1
223	446	1
223	447	-1
223	449	1
223	452	-1
223	457	1
223	459	1
223	464	1
223	465	-1
223	474	-1
223	476	1
223	478	-1
223	481	1
223	485	1
223	487	1
223	490	1
223	497	1
223	498	1
223	499	1
224	225	-1
224	230	-1
224	232	1
224	237	-1
224	245	1
224	248	-1
224	249	-1
224	250	1
224	251	1
224	253	-1
224	257	-1
224	258	1
224	261	1
224	262	-1
224	264	-1
224	266	-1
224	269	-1
224	270	-1
224	271	1
224	273	1
224	277	1
224	281	-1
224	283	1
224	284	-1
224	295	-1
224	298	-1
224	299	1
224	301	-1
224	308	1
224	314	1
224	317	-1
224	319	1
224	326	1
224	328	-1
224	335	-1
224	337	1
224	342	-1
224	343	1
224	344	1
224	345	1
224	346	-1
224	351	1
224	356	1
224	364	-1
224	365	-1
224	366	-1
224	368	1
224	369	1
224	376	1
224	379	-1
224	380	-1
224	384	-1
224	386	-1
224	387	-1
224	393	-1
224	395	-1
224	399	-1
224	401	1
224	406	1
224	408	1
224	409	1
224	410	1
224	419	-1
224	422	-1
224	423	1
224	430	1
224	433	1
224	435	-1
224	436	1
224	437	-1
224	440	1
224	441	-1
224	445	1
224	448	1
224	454	-1
224	462	1
224	464	-1
224	470	-1
224	475	-1
224	479	1
224	482	1
224	484	-1
224	486	1
224	488	-1
224	489	-1
224	492	1
224	499	1
225	226	-1
225	232	-1
225	233	1
225	237	1
225	239	1
225	243	-1
225	249	1
225	253	1
225	256	1
225	258	-1
225	259	1
225	264	1
225	267	-1
225	269	-1
225	272	-1
225	277	1
225	278	-1
225	280	1
225	282	1
225	285	-1
225	291	-1
225	292	1
225	293	1
225	294	1
225	296	-1
225	298	-1
225	304	-1
225	309	-1
225	313	1
225	314	-1
225	315	1
225	320	-1
225	323	1
225	331	1
225	334	1
225	338	-1
225	341	1
225	342	-1
225	343	-1
225	344	1
225	345	-1
225	346	-1
225	348	-1
225	349	1
225	355	1
225	356	1
225	359	1
225	361	1
225	362	-1
225	365	-1
225	367	-1
225	372	-1
225	373	1
225	374	1
225	380	1
225	381	1
225	382	-1
225	384	1
225	386	-1
225	395	1
225	397	1
225	398	-1
225	399	1
225	400	1
225	401	-1
225	404	1
225	405	1
225	407	-1
225	409	-1
225	410	-1
225	417	-1
225	418	1
225	419	-1
225	420	-1
225	421	1
225	427	1
225	430	-1
225	431	1
225	432	-1
225	439	-1
225	440	1
225	442	1
225	444	1
225	449	1
225	454	-1
225	459	-1
225	462	-1
225	467	1
225	468	1
225	472	1
225	473	1
225	475	-1
225	476	-1
225	477	1
225	479	1
225	483	-1
225	485	1
225	487	1
225	489	-1
225	496	1
225	497	-1
225	498	1
226	229	1
226	232	-1
226	233	1
226	238	-1
226	239	-1
226	244	-1
226	248	1
226	253	1
226	256	1
226	259	-1
226	263	1
226	266	1
226	270	1
226	276	-1
226	279	1
226	281	-1
226	285	1
226	288	1
226	290	-1
226	292	-1
226	294	1
226	298	-1
226	301	-1
226	303	-1
226	305	-1
226	309	1
226	313	-1
226	318	1
226	320	-1
226	321	1
226	322	-1
226	323	-1
226	325	-1
226	330	-1
226	334	1
226	340	1
226	342	-1
226	344	-1
226	345	1
226	346	-1
226	347	-1
226	354	-1
226	366	1
226	371	-1
226	372	-1
226	375	-1
226	378	-1
226	379	-1
226	380	1
226	382	1
226	386	1
226	392	-1
226	396	-1
226	400	1
226	401	-1
226	404	-1
226	413	1
226	415	-1
226	418	-1
226	420	-1
226	423	-1
226	424	-1
226	425	-1
226	441	-1
226	444	-1
226	446	-1
226	447	-1
226	450	1
226	451	1
226	452	1
226	455	1
226	456	1
226	460	1
226	468	1
226	474	1
226	476	1
226	477	1
226	480	1
226	483	1
226	489	-1
226	492	1
226	493	-1
226	494	-1
226	497	-1
227	234	-1
227	235	1
227	236	1
227	239	-1
227	240	-1
227	243	-1
227	244	-1
227	246	1
227	247	1
227	257	1
227	260	-1
227	264	-1
227	266	1
227	268	-1
227	269	1
227	271	1
227	277	-1
227	278	1
227	279	-1
227	282	-1
227	284	1
227	287	1
227	288	-1
227	296	1
227	305	1
227	309	1
227	311	1
227	313	1
227	315	1
227	317	-1
227	321	1
227	323	1
227	330	1
227	331	-1
227	335	1
227	337	-1
227	341	1
227	345	-1
227	350	1
227	352	1
227	355	1
227	356	1
227	359	-1
227	368	-1
227	370	-1
227	379	-1
227	380	1
227	386	-1
227	388	-1
227	393	1
227	394	1
227	395	-1
227	402	-1
227	404	-1
227	411	-1
227	415	1
227	416	1
227	418	-1
227	419	1
227	422	-1
227	424	-1
227	427	1
227	428	1
227	431	1
227	432	-1
227	433	1
227	439	-1
227	442	-1
227	443	-1
227	446	-1
227	448	-1
227	449	-1
227	452	1
227	459	-1
227	461	-1
227	462	-1
227	465	-1
227	473	1
227	474	1
227	477	1
227	483	1
227	493	1
227	494	-1
227	496	1
227	499	-1
228	235	-1
228	239	1
228	241	-1
228	245	-1
228	249	-1
228	251	-1
228	252	1
228	254	1
228	256	-1
228	258	1
228	260	-1
228	263	1
228	265	1
228	270	-1
228	272	-1
228	278	-1
228	280	-1
228	281	-1
228	283	-1
228	287	-1
228	291	1
228	299	1
228	300	1
228	307	1
228	308	-1
228	310	1
228	313	-1
228	319	1
228	321	-1
228	323	1
228	328	1
228	334	-1
228	337	-1
228	338	1
228	340	1
228	343	-1
228	345	1
228	346	1
228	347	1
228	351	-1
228	356	-1
228	359	-1
228	360	1
228	362	-1
228	364	-1
228	373	-1
228	384	1
228	392	1
228	393	-1
228	396	1
228	400	1
228	403	-1
228	406	-1
228	409	-1
228	410	-1
228	412	1
228	415	-1
228	418	1
228	420	-1
228	421	1
228	422	1
228	424	1
228	427	1
228	432	-1
228	434	1
228	440	-1
228	441	-1
228	442	-1
228	448	1
228	457	1
228	458	-1
228	460	-1
228	464	1
228	469	-1
228	470	1
228	471	1
228	473	1
228	475	1
228	478	1
228	480	-1
228	483	-1
228	488	-1
228	490	-1
228	492	-1
228	494	-1
228	496	-1
228	498	1
229	231	-1
229	236	-1
229	241	-1
229	242	1
229	244	1
229	245	1
229	246	1
229	253	-1
229	257	1
229	259	1
229	260	1
229	261	-1
229	265	-1
229	267	1
229	269	-1
229	272	1
229	276	1
229	279	1
229	282	1
229	289	1
229	291	-1
229	293	1
229	300	1
229	301	1
229	303	-1
229	307	-1
229	308	-1
229	309	-1
229	312	1
229	314	1
229	315	-1
229	316	-1
229	317	-1
229	319	1
229	321	-1
229	322	1
229	323	1
229	325	1
229	335	1
229	336	1
229	338	1
229	341	1
229	343	1
229	345	-1
229	346	-1
229	348	1
229	353	1
229	354	-1
229	356	-1
229	361	-1
229	373	-1
229	375	-1
229	376	1
229	378	-1
229	382	-1
229	383	-1
229	384	1
229	389	-1
229	394	-1
229	395	1
229	396	1
229	397	-1
229	399	-1
229	409	1
229	416	1
229	417	-1
229	418	-1
229	428	1
229	431	-1
229	432	1
229	434	1
229	438	1
229	442	1
229	444	-1
229	448	-1
229	451	-1
229	454	-1
229	456	-1
229	458	1
229	459	-1
229	462	-1
229	466	1
229	468	1
229	470	-1
229	473	1
229	474	-1
229	475	1
229	479	-1
229	481	-1
229	482	-1
229	483	1
229	489	-1
229	490	1
229	492	-1
229	497	1
230	231	1
230	232	1
230	233	-1
230	234	1
230	242	1
230	244	-1
230	245	-1
230	248	1
230	256	1
230	259	1
230	260	1
230	263	-1
230	264	-1
230	269	-1
230	271	-1
230	272	1
230	273	1
230	275	1
230	283	1
230	284	-1
230	285	-1
230	287	-1
230	289	1
230	296	-1
230	297	-1
230	298	1
230	299	-1
230	312	1
230	313	-1
230	314	1
230	315	-1
230	320	-1
230	328	1
230	330	-1
230	331	-1
230	333	1
230	334	-1
230	336	-1
230	338	1
230	339	1
230	341	1
230	343	1
230	344	-1
230	346	1
230	349	-1
230	351	1
230	353	-1
230	354	-1
230	356	1
230	361	1
230	367	-1
230	369	1
230	370	1
230	372	1
230	376	1
230	378	-1
230	379	-1
230	385	1
230	391	-1
230	397	-1
230	398	-1
230	400	-1
230	402	-1
230	405	-1
230	409	-1
230	411	1
230	415	-1
230	421	1
230	422	-1
230	428	1
230	429	1
230	431	1
230	435	-1
230	439	-1
230	444	-1
230	449	-1
230	451	1
230	453	-1
230	459	1
230	463	-1
230	469	-1
230	471	1
230	472	1
230	479	1
230	484	1
230	485	1
230	487	-1
230	488	-1
230	489	1
230	495	1
230	499	-1
231	234	-1
231	235	-1
231	236	-1
231	237	1
231	240	-1
231	248	1
231	249	1
231	256	1
231	257	1
231	262	-1
231	264	1
231	265	1
231	267	-1
231	268	-1
231	272	-1
231	273	-1
231	274	1
231	275	1
231	279	-1
231	289	1
231	299	-1
231	301	1
231	305	-1
231	306	-1
231	309	-1
231	312	1
231	314	1
231	315	1
231	322	-1
231	324	-1
231	325	-1
231	332	1
231	339	-1
231	343	-1
231	347	1
231	348	1
231	349	1
231	350	-1
231	357	1
231	362	-1
231	363	1
231	365	-1
231	366	1
231	369	1
231	372	1
231	373	-1
231	375	1
231	377	-1
231	383	1
231	387	-1
231	388	1
231	390	1
231	391	-1
231	397	-1
231	405	1
231	414	-1
231	416	-1
231	419	1
231	420	-1
231	421	1
231	424	1
231	427	-1
231	432	-1
231	437	1
231	440	1
231	444	-1
231	447	1
231	449	-1
231	454	-1
231	457	1
231	463	-1
231	464	-1
231	465	1
231	467	1
231	468	-1
231	469	-1
231	470	-1
231	479	1
231	486	1
231	489	-1
231	491	-1
231	492	-1
231	493	1
231	497	1
232	233	-1
232	234	-1
232	236	1
232	237	1
232	239	1
232	241	-1
232	246	1
232	248	-1
232	251	1
232	253	-1
232	256	1
232	258	-1
232	259	-1
232	261	-1
232	262	1
232	266	1
232	268	-1
232	273	1
232	279	-1
232	286	-1
232	287	1
232	289	-1
232	293	-1
232	294	-1
232	297	1
232	298	-1
232	307	-1
232	308	-1
232	309	1
232	310	-1
232	313	-1
232	316	-1
232	318	1
232	324	1
232	325	1
232	326	-1
232	328	1
232	331	1
232	336	1
232	339	1
232	342	1
232	356	1
232	358	-1
232	362	-1
232	368	1
232	371	1
232	374	1
232	376	1
232	380	1
232	382	-1
232	385	1
232	388	-1
232	394	1
232	396	-1
232	398	-1
232	407	1
232	410	-1
232	415	-1
232	418	1
232	423	1
232	427	1
232	428	-1
232	430	1
232	433	-1
232	434	-1
232	435	-1
232	437	-1
232	446	1
232	451	-1
232	453	-1
232	458	1
232	459	1
232	470	-1
232	471	-1
232	472	1
232	476	1
232	480	1
232	484	1
232	487	-1
232	490	1
232	495	1
232	497	-1
233	234	-1
233	235	-1
233	237	-1
233	240	1
233	244	1
233	247	1
233	248	-1
233	259	1
233	260	-1
233	263	1
233	268	1
233	274	1
233	275	1
233	278	1
233	280	1
233	281	1
233	285	-1
233	286	-1
233	287	-1
233	290	-1
233	294	1
233	296	1
233	299	-1
233	306	1
233	309	1
233	311	-1
233	316	1
233	324	1
233	325	1
233	326	-1
233	345	-1
233	346	-1
233	352	-1
233	355	-1
233	358	1
233	361	1
233	368	1
233	369	-1
233	378	-1
233	380	1
233	381	-1
233	394	1
233	395	1
233	396	-1
233	401	1
233	406	-1
233	409	-1
233	410	-1
233	413	1
233	414	-1
233	420	-1
233	424	1
233	426	1
233	429	-1
233	433	1
233	434	1
233	437	-1
233	440	1
233	441	1
233	448	1
233	452	1
233	454	1
233	456	-1
233	457	1
233	461	1
233	463	1
233	464	1
233	466	1
233	467	1
233	468	-1
233	470	-1
233	471	-1
233	473	-1
233	474	1
233	475	-1
233	485	-1
233	487	1
233	488	-1
233	489	1
233	491	-1
234	235	1
234	236	1
234	238	1
234	240	1
234	243	-1
234	244	1
234	251	1
234	254	1
234	255	1
234	256	1
234	257	1
234	259	1
234	261	-1
234	266	-1
234	268	-1
234	269	-1
234	270	-1
234	273	-1
234	277	1
234	278	-1
234	281	-1
234	283	1
234	284	1
234	288	-1
234	289	1
234	292	1
234	296	-1
234	301	1
234	303	-1
234	306	-1
234	309	1
234	311	-1
234	312	1
234	313	-1
234	315	-1
234	317	1
234	318	1
234	320	-1
234	321	-1
234	322	1
234	325	-1
234	330	-1
234	333	-1
234	340	-1
234	349	-1
234	352	-1
234	354	-1
234	355	-1
234	357	-1
234	359	1
234	361	-1
234	366	1
234	367	1
234	369	-1
234	371	1
234	372	1
234	373	1
234	377	1
234	380	-1
234	381	-1
234	383	1
234	384	1
234	391	1
234	396	-1
234	400	1
234	402	1
234	406	-1
234	408	1
234	409	-1
234	410	1
234	411	-1
234	412	1
234	416	1
234	419	-1
234	421	-1
234	426	-1
234	427	1
234	432	1
234	434	-1
234	439	-1
234	442	1
234	444	-1
234	445	-1
234	446	1
234	452	1
234	454	1
234	457	1
234	469	-1
234	475	1
234	476	1
234	477	1
234	478	1
234	479	1
234	481	-1
234	483	1
234	484	-1
234	486	-1
234	487	-1
234	489	1
234	494	1
235	237	1
235	242	1
235	245	-1
235	246	1
235	248	1
235	252	1
235	261	-1
235	264	-1
235	266	1
235	267	1
235	268	1
235	270	1
235	272	1
235	274	1
235	278	1
235	282	1
235	285	-1
235	288	1
235	291	-1
235	293	1
235	294	1
235	295	1
235	296	1
235	299	-1
235	301	1
235	303	1
235	307	-1
235	310	1
235	314	1
235	316	1
235	319	1
235	325	1
235	329	1
235	334	1
235	335	-1
235	336	1
235	339	1
235	340	1
235	346	-1
235	348	-1
235	349	-1
235	354	1
235	355	-1
235	356	-1
235	357	-1
235	362	-1
235	364	-1
235	365	1
235	366	-1
235	368	-1
235	369	-1
235	370	1
235	372	-1
235	374	1
235	376	1
235	377	-1
235	378	-1
235	381	1
235	382	-1
235	383	-1
235	385	1
235	387	1
235	392	-1
235	393	1
235	394	-1
235	395	1
235	396	-1
235	403	1
235	405	1
235	409	1
235	410	-1
235	412	-1
235	414	1
235	423	1
235	433	-1
235	434	1
235	437	-1
235	442	1
235	456	1
235	458	1
235	459	1
235	461	-1
235	464	-1
235	466	1
235	467	-1
235	473	-1
235	477	-1
235	478	-1
235	479	1
235	480	1
235	484	1
235	490	-1
235	492	-1
235	494	1
235	495	-1
235	496	-1
236	240	-1
236	243	1
236	247	-1
236	250	1
236	251	-1
236	256	1
236	258	1
236	259	-1
236	268	1
236	272	-1
236	276	1
236	277	-1
236	278	1
236	279	1
236	280	1
236	281	1
236	285	1
236	286	1
236	287	-1
236	288	-1
236	291	1
236	292	1
236	301	1
236	302	-1
236	303	-1
236	304	-1
236	306	-1
236	310	-1
236	324	1
236	325	1
236	327	1
236	328	1
236	334	1
236	336	-1
236	337	-1
236	338	-1
236	340	1
236	343	-1
236	349	1
236	350	-1
236	353	1
236	355	1
236	357	1
236	360	-1
236	361	-1
236	362	1
236	368	1
236	375	-1
236	387	1
236	389	-1
236	392	-1
236	393	-1
236	396	1
236	400	-1
236	401	-1
236	406	1
236	410	-1
236	411	1
236	412	-1
236	414	1
236	416	1
236	419	-1
236	422	-1
236	424	1
236	425	1
236	427	-1
236	433	-1
236	435	-1
236	441	-1
236	444	1
236	447	-1
236	451	1
236	453	-1
236	457	-1
236	459	-1
236	461	1
236	463	1
236	470	1
236	471	-1
236	476	-1
236	478	1
236	479	-1
236	481	1
236	484	1
236	488	-1
236	495	-1
237	238	-1
237	240	1
237	241	1
237	242	-1
237	243	1
237	245	1
237	246	-1
237	250	-1
237	253	-1
237	254	1
237	257	1
237	260	-1
237	265	-1
237	268	1
237	270	-1
237	271	-1
237	272	1
237	279	-1
237	284	1
237	288	-1
237	289	1
237	299	-1
237	300	-1
237	304	-1
237	313	-1
237	316	-1
237	317	1
237	319	1
237	320	-1
237	321	-1
237	324	-1
237	325	1
237	330	1
237	331	1
237	339	-1
237	345	-1
237	349	1
237	352	1
237	355	-1
237	357	-1
237	358	-1
237	364	1
237	367	1
237	371	-1
237	376	-1
237	385	-1
237	388	-1
237	391	-1
237	392	-1
237	393	-1
237	396	1
237	399	1
237	416	-1
237	420	-1
237	422	1
237	428	-1
237	432	1
237	433	-1
237	436	-1
237	437	-1
237	440	1
237	443	-1
237	444	-1
237	449	-1
237	451	1
237	452	-1
237	453	1
237	456	1
237	457	1
237	458	-1
237	459	-1
237	464	-1
237	465	1
237	473	1
237	475	1
237	476	1
237	478	-1
237	479	1
237	480	1
237	485	1
237	486	-1
237	487	1
237	488	1
237	491	-1
237	495	1
237	496	-1
237	498	-1
237	499	1
238	239	1
238	244	-1
238	245	-1
238	251	-1
238	254	1
238	256	1
238	258	-1
238	265	1
238	267	-1
238	268	-1
238	269	-1
238	270	1
238	271	-1
238	273	-1
238	275	-1
238	278	1
238	283	-1
238	288	-1
238	290	-1
238	291	-1
238	292	-1
238	296	-1
238	300	-1
238	301	1
238	302	-1
238	305	-1
238	311	1
238	316	1
238	317	-1
238	320	-1
238	321	1
238	324	-1
238	325	-1
238	328	-1
238	332	-1
238	333	1
238	338	1
238	339	-1
238	346	1
238	349	1
238	351	-1
238	352	-1
238	353	1
238	354	1
238	355	-1
238	357	-1
238	360	1
238	372	-1
238	373	1
238	378	-1
238	380	1
238	383	1
238	386	-1
238	387	-1
238	389	-1
238	391	-1
238	393	-1
238	395	-1
238	399	-1
238	405	-1
238	409	1
238	412	1
238	414	-1
238	416	1
238	419	-1
238	420	1
238	425	-1
238	428	-1
238	444	-1
238	447	1
238	450	1
238	451	1
238	453	-1
238	455	-1
238	456	-1
238	457	1
238	462	-1
238	471	1
238	474	1
238	477	-1
238	478	-1
238	480	1
238	481	-1
238	485	1
238	487	1
238	489	-1
238	493	1
239	240	1
239	241	-1
239	244	-1
239	245	1
239	247	-1
239	248	-1
239	250	1
239	259	-1
239	262	1
239	264	-1
239	270	-1
239	273	1
239	274	-1
239	275	1
239	278	1
239	284	-1
239	285	1
239	292	-1
239	295	-1
239	301	1
239	308	-1
239	309	-1
239	311	1
239	312	1
239	318	1
239	323	1
239	326	-1
239	332	1
239	334	-1
239	335	-1
239	337	-1
239	338	1
239	339	1
239	341	-1
239	343	-1
239	346	-1
239	347	1
239	351	-1
239	360	1
239	364	1
239	367	1
239	370	-1
239	374	-1
239	375	1
239	379	1
239	381	1
239	385	-1
239	388	-1
239	390	1
239	391	1
239	393	1
239	394	-1
239	403	-1
239	411	-1
239	413	-1
239	416	1
239	417	-1
239	421	1
239	426	-1
239	427	1
239	428	-1
239	431	1
239	435	1
239	440	1
239	445	1
239	447	-1
239	451	-1
239	454	-1
239	458	1
239	464	1
239	465	1
239	466	1
239	468	1
239	470	1
239	485	-1
239	489	1
239	491	1
239	492	-1
239	498	1
240	241	1
240	243	-1
240	245	-1
240	246	-1
240	250	-1
240	254	1
240	255	-1
240	260	1
240	265	-1
240	266	-1
240	267	1
240	269	-1
240	270	-1
240	271	-1
240	273	-1
240	278	-1
240	282	1
240	288	-1
240	289	-1
240	292	-1
240	295	-1
240	298	-1
240	300	1
240	301	1
240	303	1
240	304	1
240	311	1
240	312	1
240	314	1
240	316	-1
240	318	1
240	320	-1
240	325	1
240	333	-1
240	335	1
240	336	-1
240	338	-1
240	340	-1
240	342	1
240	344	-1
240	345	1
240	354	1
240	358	-1
240	359	1
240	363	1
240	366	1
240	367	-1
240	368	-1
240	371	-1
240	375	-1
240	377	-1
240	378	1
240	380	1
240	381	1
240	385	-1
240	387	1
240	388	-1
240	390	1
240	391	-1
240	393	1
240	395	-1
240	397	-1
240	398	1
240	401	-1
240	403	-1
240	407	1
240	414	1
240	416	1
240	418	-1
240	421	-1
240	426	-1
240	429	1
240	438	1
240	445	-1
240	448	-1
240	450	1
240	451	-1
240	454	-1
240	460	-1
240	461	1
240	462	-1
240	463	-1
240	466	1
240	467	1
240	476	-1
240	480	1
240	485	1
240	486	1
240	487	-1
240	495	-1
240	497	-1
240	498	1
241	243	-1
241	246	-1
241	249	-1
241	253	1
241	256	1
241	257	-1
241	258	1
241	262	-1
241	263	-1
241	268	-1
241	272	1
241	273	-1
241	274	1
241	281	1
241	283	-1
241	287	-1
241	290	1
241	295	1
241	302	1
241	303	1
241	304	-1
241	305	1
241	308	1
241	311	1
241	315	-1
241	318	1
241	320	-1
241	323	1
241	326	1
241	327	-1
241	329	1
241	331	1
241	337	-1
241	340	-1
241	341	1
241	342	-1
241	343	1
241	347	-1
241	348	1
241	350	-1
241	352	-1
241	359	-1
241	361	1
241	363	1
241	364	1
241	365	1
241	366	1
241	372	1
241	374	-1
241	380	-1
241	383	1
241	384	-1
241	385	1
241	388	1
241	390	1
241	392	1
241	393	1
241	395	1
241	396	1
241	397	1
241	402	1
241	403	1
241	404	1
241	406	1
241	407	1
241	410	1
241	412	-1
241	414	-1
241	415	1
241	416	-1
241	417	1
241	419	-1
241	420	1
241	421	1
241	425	1
241	428	1
241	433	1
241	439	1
241	443	-1
241	444	-1
241	448	1
241	452	1
241	454	-1
241	455	-1
241	456	-1
241	459	-1
241	462	-1
241	471	-1
241	475	1
241	477	-1
241	479	1
241	481	1
241	482	1
241	483	-1
241	484	-1
241	486	1
241	488	-1
241	490	-1
241	496	-1
242	243	-1
242	244	1
242	245	1
242	248	-1
242	256	1
242	259	-1
242	261	-1
242	263	1
242	267	-1
242	268	1
242	269	-1
242	271	-1
242	272	1
242	273	1
242	276	-1
242	278	1
242	279	-1
242	282	1
242	286	-1
242	289	-1
242	290	1
242	295	1
242	304	-1
242	308	-1
242	309	-1
242	318	-1
242	321	-1
242	331	1
242	338	-1
242	340	-1
242	343	-1
242	346	1
242	347	1
242	349	1
242	350	-1
242	355	-1
242	357	1
242	358	1
242	359	1
242	361	1
242	362	-1
242	364	1
242	369	1
242	375	1
242	378	-1
242	380	1
242	382	1
242	384	1
242	387	1
242	390	1
242	397	1
242	399	-1
242	400	1
242	401	-1
242	406	-1
242	413	1
242	420	1
242	422	-1
242	424	-1
242	426	-1
242	427	1
242	428	-1
242	434	1
242	437	1
242	442	1
242	443	1
242	447	-1
242	451	-1
242	452	1
242	457	1
242	458	-1
242	463	1
242	464	-1
242	467	1
242	468	-1
242	470	1
242	474	1
242	477	-1
242	482	1
242	483	1
242	485	-1
242	486	1
242	489	-1
242	490	1
242	491	-1
242	492	-1
242	496	1
242	497	1
243	245	1
243	249	1
243	252	1
243	253	-1
243	254	-1
243	255	-1
243	256	1
243	257	1
243	261	1
243	263	1
243	265	1
243	266	-1
243	268	1
243	269	-1
243	270	-1
243	274	-1
243	277	1
243	279	1
243	285	-1
243	286	1
243	292	1
243	295	1
243	296	1
243	297	1
243	305	-1
243	306	-1
243	309	1
243	311	-1
243	315	-1
243	317	-1
243	318	1
243	320	-1
243	327	-1
243	328	-1
243	330	-1
243	331	1
243	336	-1
243	337	1
243	338	-1
243	339	-1
243	340	-1
243	343	1
243	345	1
243	347	-1
243	348	1
243	352	-1
243	355	1
243	360	1
243	362	-1
243	367	-1
243	368	-1
243	369	-1
243	372	-1
243	374	1
243	377	1
243	378	-1
243	379	1
243	380	-1
243	383	1
243	387	-1
243	389	1
243	394	1
243	400	1
243	402	-1
243	406	-1
243	409	-1
243	412	-1
243	413	1
243	418	1
243	420	-1
243	422	1
243	424	-1
243	426	1
243	428	-1
243	431	1
243	437	1
243	440	1
243	441	-1
243	442	-1
243	447	1
243	449	1
243	451	-1
243	452	-1
243	455	1
243	458	1
243	462	1
243	463	-1
243	467	1
243	468	1
243	469	1
243	470	1
243	472	-1
243	479	-1
243	481	1
243	483	1
243	489	1
243	493	-1
243	494	-1
243	496	-1
244	246	1
244	248	-1
244	249	1
244	251	-1
244	255	-1
244	256	-1
244	257	1
244	258	-1
244	263	-1
244	265	1
244	266	-1
244	269	1
244	270	-1
244	274	1
244	281	-1
244	283	-1
244	285	-1
244	287	-1
244	289	1
244	291	1
244	295	-1
244	300	1
244	303	1
244	305	-1
244	307	1
244	310	-1
244	312	1
244	313	1
244	320	-1
244	322	1
244	323	1
244	326	-1
244	329	1
244	330	1
244	331	-1
244	332	1
244	333	1
244	334	-1
244	335	-1
244	337	-1
244	338	-1
244	339	1
244	341	-1
244	342	1
244	344	-1
244	347	-1
244	349	-1
244	351	1
244	352	-1
244	356	1
244	357	-1
244	360	1
244	362	1
244	368	1
244	372	-1
244	373	-1
244	379	-1
244	382	-1
244	385	1
244	388	1
244	392	-1
244	393	1
244	395	1
244	396	1
244	399	1
244	401	1
244	404	1
244	412	-1
244	417	1
244	421	-1
244	422	1
244	433	-1
244	435	1
244	436	-1
244	438	-1
244	440	1
244	441	-1
244	448	1
244	449	1
244	455	-1
244	460	-1
244	470	1
244	471	-1
244	473	1
244	479	-1
244	480	1
244	481	1
244	482	1
244	488	1
245	247	1
245	249	1
245	255	-1
245	259	1
245	265	-1
245	268	-1
245	269	-1
245	276	-1
245	280	1
245	289	1
245	290	-1
245	291	-1
245	295	1
245	298	1
245	299	1
245	305	-1
245	310	1
245	311	-1
245	312	1
245	317	-1
245	321	1
245	322	-1
245	330	1
245	331	1
245	335	-1
245	340	-1
245	341	-1
245	343	1
245	344	-1
245	345	-1
245	348	1
245	353	1
245	354	-1
245	355	1
245	358	1
245	361	-1
245	362	-1
245	363	1
245	364	1
245	366	1
245	368	1
245	369	1
245	377	-1
245	381	-1
245	384	-1
245	385	1
245	388	1
245	390	1
245	391	1
245	395	1
245	401	-1
245	405	-1
245	409	-1
245	410	-1
245	416	-1
245	419	1
245	420	-1
245	423	1
245	427	-1
245	429	-1
245	436	-1
245	437	1
245	438	1
245	442	1
245	443	1
245	451	-1
245	452	-1
245	453	1
245	455	1
245	458	1
245	463	1
245	465	1
245	468	-1
245	473	1
245	483	-1
245	485	-1
245	489	1
245	490	-1
245	492	1
245	497	1
245	499	-1
246	248	-1
246	250	1
246	252	-1
246	253	-1
246	256	-1
246	258	1
246	262	1
246	268	1
246	270	-1
246	271	1
246	273	-1
246	280	1
246	281	-1
246	283	1
246	286	-1
246	290	1
246	293	-1
246	297	-1
246	300	-1
246	302	-1
246	305	1
246	312	-1
246	313	1
246	315	-1
246	322	-1
246	323	1
246	324	-1
246	327	1
246	330	1
246	331	1
246	335	-1
246	336	1
246	341	-1
246	343	-1
246	350	1
246	351	-1
246	352	-1
246	355	-1
246	357	1
246	358	-1
246	359	1
246	363	-1
246	365	1
246	373	-1
246	375	-1
246	381	1
246	384	1
246	387	1
246	390	-1
246	392	-1
246	393	1
246	407	1
246	409	1
246	413	-1
246	416	-1
246	420	1
246	423	-1
246	427	1
246	432	-1
246	436	-1
246	440	-1
246	446	1
246	452	-1
246	453	1
246	455	1
246	458	-1
246	463	1
246	464	-1
246	470	-1
246	471	-1
246	475	1
246	476	-1
246	479	-1
246	482	-1
246	483	-1
246	484	1
246	485	-1
246	486	-1
246	487	-1
246	489	-1
246	490	1
246	493	-1
246	494	-1
246	495	1
246	499	1
247	248	-1
247	253	1
247	258	1
247	259	-1
247	260	1
247	262	-1
247	266	-1
247	267	-1
247	269	1
247	270	-1
247	272	-1
247	278	-1
247	281	-1
247	284	-1
247	287	1
247	290	1
247	292	-1
247	293	-1
247	295	-1
247	296	1
247	301	-1
247	302	1
247	305	-1
247	310	-1
247	313	-1
247	317	1
247	318	1
247	319	-1
247	320	-1
247	325	-1
247	334	1
247	335	1
247	342	-1
247	343	1
247	344	1
247	345	1
247	350	-1
247	354	1
247	356	-1
247	358	1
247	363	1
247	368	1
247	370	-1
247	374	1
247	375	-1
247	379	-1
247	382	-1
247	386	1
247	390	-1
247	391	1
247	397	1
247	398	1
247	400	1
247	401	1
247	404	1
247	405	-1
247	407	1
247	410	1
247	413	1
247	417	1
247	418	-1
247	419	-1
247	421	1
247	423	1
247	426	1
247	428	-1
247	429	1
247	430	-1
247	434	-1
247	441	-1
247	442	1
247	445	1
247	448	1
247	450	1
247	462	1
247	469	1
247	475	1
247	476	-1
247	477	1
247	480	1
247	483	-1
247	487	1
247	489	-1
247	494	-1
247	497	1
247	499	1
248	253	-1
248	254	-1
248	265	-1
248	267	-1
248	268	-1
248	269	-1
248	272	1
248	273	1
248	275	1
248	276	1
248	279	1
248	280	-1
248	281	-1
248	282	-1
248	284	-1
248	285	1
248	286	1
248	293	1
248	294	1
248	297	-1
248	300	-1
248	301	-1
248	302	1
248	309	1
248	310	-1
248	311	1
248	314	-1
248	319	-1
248	320	1
248	321	-1
248	322	1
248	323	1
248	325	-1
248	328	1
248	329	1
248	330	-1
248	331	-1
248	333	-1
248	335	-1
248	336	-1
248	342	1
248	345	1
248	347	-1
248	348	1
248	351	1
248	353	1
248	358	-1
248	360	1
248	361	1
248	363	1
248	365	-1
248	369	1
248	371	1
248	375	1
248	376	-1
248	378	1
248	379	1
248	380	1
248	383	1
248	387	-1
248	388	-1
248	394	-1
248	397	-1
248	400	1
248	401	1
248	406	-1
248	407	-1
248	408	-1
248	410	-1
248	415	-1
248	418	1
248	421	-1
248	427	-1
248	428	1
248	429	-1
248	431	-1
248	433	-1
248	435	-1
248	437	1
248	438	1
248	442	1
248	443	-1
248	446	-1
248	452	-1
248	453	1
248	457	1
248	461	1
248	462	1
248	466	1
248	470	1
248	478	1
248	480	-1
248	483	-1
248	484	-1
248	486	1
248	488	-1
248	491	1
248	496	-1
249	252	-1
249	253	1
249	255	1
249	257	-1
249	258	1
249	261	-1
249	263	1
249	264	-1
249	265	-1
249	272	-1
249	276	1
249	280	1
249	283	1
249	284	-1
249	287	1
249	288	1
249	289	1
249	292	1
249	295	-1
249	298	-1
249	299	1
249	300	1
249	301	-1
249	302	1
249	314	-1
249	315	1
249	317	1
249	322	-1
249	327	-1
249	330	1
249	332	1
249	333	1
249	335	1
249	338	1
249	339	-1
249	342	-1
249	344	-1
249	347	1
249	348	1
249	349	1
249	350	1
249	354	1
249	356	-1
249	362	-1
249	364	-1
249	366	-1
249	367	1
249	368	-1
249	369	-1
249	371	1
249	375	1
249	377	1
249	382	-1
249	386	1
249	392	-1
249	394	1
249	396	-1
249	401	-1
249	408	1
249	412	-1
249	419	1
249	420	1
249	421	1
249	425	-1
249	428	-1
249	429	-1
249	430	-1
249	432	-1
249	445	-1
249	447	-1
249	449	1
249	451	1
249	453	-1
249	460	1
249	464	-1
249	471	1
249	473	1
249	480	-1
249	482	1
249	484	1
249	486	-1
249	490	1
249	492	-1
249	495	1
249	496	1
249	498	-1
250	253	-1
250	255	-1
250	257	-1
250	261	1
250	264	-1
250	265	1
250	267	1
250	269	1
250	270	1
250	273	1
250	279	1
250	281	1
250	282	1
250	283	1
250	292	1
250	294	1
250	297	-1
250	300	-1
250	301	-1
250	303	-1
250	308	1
250	311	-1
250	314	-1
250	316	1
250	317	1
250	320	1
250	321	-1
250	325	-1
250	326	-1
250	329	-1
250	333	1
250	334	1
250	335	1
250	338	-1
250	342	-1
250	345	1
250	347	1
250	350	-1
250	354	-1
250	355	-1
250	358	-1
250	359	-1
250	360	-1
250	361	1
250	362	1
250	365	1
250	370	1
250	373	1
250	376	-1
250	380	1
250	381	1
250	382	1
250	387	1
250	389	1
250	390	-1
250	391	1
250	397	-1
250	399	-1
250	402	1
250	404	-1
250	405	1
250	409	-1
250	410	-1
250	415	1
250	417	1
250	421	1
250	422	1
250	428	-1
250	434	1
250	435	-1
250	442	-1
250	450	1
250	453	1
250	456	1
250	459	1
250	463	-1
250	468	1
250	469	1
250	471	-1
250	472	-1
250	473	1
250	478	1
250	482	1
250	484	1
250	488	-1
250	493	-1
250	496	-1
250	497	-1
251	252	-1
251	255	1
251	256	-1
251	259	1
251	263	-1
251	267	1
251	270	-1
251	274	1
251	276	-1
251	277	1
251	279	1
251	284	1
251	285	-1
251	286	1
251	292	1
251	295	-1
251	298	1
251	300	1
251	311	1
251	316	-1
251	317	1
251	318	1
251	319	-1
251	321	1
251	323	-1
251	324	1
251	327	-1
251	329	1
251	330	1
251	334	-1
251	340	-1
251	341	-1
251	342	-1
251	343	1
251	345	-1
251	349	-1
251	351	1
251	360	1
251	361	1
251	366	-1
251	367	-1
251	369	1
251	371	1
251	372	-1
251	377	-1
251	381	-1
251	382	-1
251	384	-1
251	387	1
251	388	1
251	392	-1
251	396	-1
251	398	1
251	402	-1
251	404	-1
251	413	-1
251	414	-1
251	420	1
251	422	-1
251	425	1
251	426	1
251	427	-1
251	432	1
251	435	-1
251	436	-1
251	446	-1
251	450	1
251	452	-1
251	453	1
251	457	-1
251	460	-1
251	468	1
251	470	-1
251	474	1
251	476	-1
251	478	1
251	479	1
251	480	-1
251	483	-1
251	488	-1
251	491	1
251	495	-1
251	497	-1
251	498	1
252	253	1
252	256	1
252	257	1
252	259	-1
252	261	-1
252	265	-1
252	270	1
252	273	-1
252	275	-1
252	276	-1
252	277	-1
252	279	1
252	280	1
252	281	1
252	283	1
252	284	1
252	286	-1
252	288	-1
252	290	-1
252	292	-1
252	293	1
252	296	1
252	297	1
252	298	-1
252	302	-1
252	303	1
252	307	1
252	315	-1
252	318	-1
252	322	-1
252	324	1
252	327	-1
252	328	1
252	333	1
252	334	-1
252	339	-1
252	342	1
252	350	1
252	351	-1
252	354	-1
252	355	-1
252	356	1
252	357	1
252	359	-1
252	364	1
252	367	-1
252	371	1
252	372	-1
252	376	1
252	383	-1
252	390	-1
252	391	-1
252	398	1
252	400	1
252	403	-1
252	404	1
252	405	-1
252	407	-1
252	414	1
252	417	-1
252	418	-1
252	419	1
252	421	1
252	422	1
252	424	-1
252	430	1
252	434	-1
252	435	1
252	436	-1
252	438	-1
252	451	-1
252	454	1
252	456	1
252	458	-1
252	460	1
252	461	1
252	462	-1
252	463	1
252	466	1
252	467	-1
252	469	-1
252	471	-1
252	475	-1
252	477	-1
252	481	1
252	490	-1
252	497	-1
253	257	1
253	261	-1
253	262	1
253	263	1
253	271	-1
253	272	-1
253	273	-1
253	277	1
253	283	1
253	284	-1
253	285	-1
253	287	1
253	293	-1
253	297	-1
253	301	1
253	303	-1
253	305	-1
253	306	-1
253	316	-1
253	317	1
253	318	-1
253	319	1
253	321	-1
253	326	1
253	327	1
253	328	-1
253	330	-1
253	331	1
253	333	-1
253	334	1
253	340	1
253	344	-1
253	346	1
253	347	1
253	351	-1
253	354	1
253	356	-1
253	363	1
253	365	-1
253	374	-1
253	393	-1
253	395	1
253	398	-1
253	403	1
253	405	1
253	407	-1
253	408	1
253	411	-1
253	418	-1
253	419	-1
253	420	-1
253	422	-1
253	425	-1
253	429	-1
253	430	-1
253	435	-1
253	443	1
253	444	1
253	446	1
253	447	1
253	448	1
253	449	-1
253	451	-1
253	453	1
253	456	-1
253	461	1
253	465	1
253	466	-1
253	468	-1
253	470	-1
253	472	1
253	473	1
253	476	-1
253	480	1
253	482	-1
253	484	-1
253	485	-1
253	486	1
253	490	-1
253	491	-1
253	492	-1
253	495	1
253	496	1
253	499	-1
254	257	1
254	258	1
254	260	1
254	264	1
254	267	1
254	268	-1
254	270	-1
254	271	-1
254	274	-1
254	275	1
254	276	1
254	277	1
254	280	-1
254	281	1
254	285	-1
254	287	-1
254	288	-1
254	292	1
254	295	1
254	300	1
254	301	1
254	307	1
254	309	1
254	311	-1
254	313	1
254	317	-1
254	318	1
254	322	1
254	324	-1
254	327	1
254	330	1
254	331	1
254	349	1
254	351	1
254	354	-1
254	358	1
254	360	-1
254	362	1
254	363	1
254	365	1
254	369	-1
254	371	1
254	375	1
254	377	-1
254	387	1
254	389	1
254	392	-1
254	396	1
254	399	1
254	400	1
254	404	-1
254	408	1
254	409	-1
254	412	1
254	419	-1
254	422	-1
254	423	-1
254	424	-1
254	425	-1
254	429	-1
254	431	1
254	436	-1
254	444	1
254	451	-1
254	455	1
254	460	-1
254	461	-1
254	462	1
254	466	-1
254	469	1
254	471	1
254	476	-1
254	481	1
254	482	1
254	483	1
254	486	1
254	487	1
254	488	1
254	489	-1
254	493	-1
254	496	1
254	498	-1
255	263	-1
255	265	1
255	266	-1
255	270	-1
255	276	1
255	279	1
255	280	1
255	281	1
255	282	1
255	283	1
255	284	1
255	295	1
255	300	-1
255	301	1
255	304	1
255	306	-1
255	307	-1
255	308	1
255	309	-1
255	314	-1
255	321	1
255	323	-1
255	326	1
255	327	1
255	328	1
255	332	1
255	336	-1
255	341	1
255	342	-1
255	343	-1
255	346	1
255	347	-1
255	350	1
255	357	-1
255	358	1
255	362	1
255	367	1
255	369	-1
255	372	1
255	374	-1
255	378	1
255	379	-1
255	384	-1
255	393	-1
255	398	-1
255	399	-1
255	401	1
255	410	1
255	412	-1
255	414	1
255	415	-1
255	419	1
255	421	-1
255	424	1
255	428	-1
255	429	-1
255	431	-1
255	432	1
255	434	-1
255	437	1
255	449	-1
255	454	1
255	456	1
255	459	-1
255	465	-1
255	467	1
255	468	-1
255	475	1
255	481	1
255	486	1
255	487	1
255	493	-1
256	258	-1
256	264	1
256	270	-1
256	271	-1
256	273	-1
256	279	-1
256	284	-1
256	285	-1
256	288	1
256	291	-1
256	292	1
256	295	-1
256	296	1
256	298	1
256	299	-1
256	311	1
256	313	1
256	317	-1
256	320	-1
256	323	-1
256	327	1
256	328	1
256	334	-1
256	337	1
256	344	1
256	348	-1
256	351	-1
256	352	1
256	353	1
256	354	1
256	358	-1
256	361	1
256	366	-1
256	367	1
256	370	1
256	373	-1
256	374	1
256	376	1
256	383	-1
256	387	-1
256	388	-1
256	393	-1
256	399	1
256	401	1
256	406	-1
256	409	-1
256	421	1
256	422	-1
256	427	-1
256	431	-1
256	435	1
256	437	1
256	445	-1
256	449	-1
256	450	-1
256	454	-1
256	458	1
256	459	1
256	462	1
256	464	-1
256	470	-1
256	471	-1
256	474	1
256	477	1
256	480	-1
256	481	-1
256	484	-1
256	488	1
256	489	-1
256	490	1
256	492	1
256	495	1
256	496	-1
257	259	1
257	260	1
257	268	1
257	269	1
257	270	-1
257	271	-1
257	274	1
257	275	-1
257	279	1
257	283	-1
257	284	-1
257	293	-1
257	294	-1
257	300	1
257	303	-1
257	304	1
257	306	1
257	309	1
257	310	-1
257	312	-1
257	315	-1
257	316	-1
257	317	-1
257	321	-1
257	322	-1
257	323	-1
257	326	1
257	329	-1
257	330	-1
257	337	1
257	338	-1
257	341	-1
257	344	1
257	345	1
257	348	1
257	350	-1
257	353	1
257	354	-1
257	356	-1
257	357	-1
257	360	-1
257	366	1
257	368	1
257	370	1
257	371	-1
257	374	-1
257	377	-1
257	379	1
257	381	-1
257	391	-1
257	392	1
257	394	-1
257	396	-1
257	398	-1
257	399	-1
257	405	1
257	407	-1
257	410	1
257	411	1
257	413	-1
257	414	-1
257	419	1
257	423	-1
257	426	-1
257	428	-1
257	429	-1
257	430	1
257	432	-1
257	433	-1
257	434	1
257	435	-1
257	438	1
257	440	-1
257	441	1
257	442	-1
257	444	1
257	445	-1
257	449	-1
257	450	-1
257	452	-1
257	457	1
257	458	1
257	462	1
257	463	1
257	464	-1
257	466	-1
257	467	1
257	468	-1
257	480	-1
257	482	1
257	483	1
257	485	1
257	486	-1
257	488	1
257	489	-1
257	493	1
257	495	-1
257	496	1
258	259	1
258	261	1
258	262	1
258	264	-1
258	265	-1
258	266	-1
258	270	1
258	271	1
258	272	-1
258	275	1
258	276	1
258	280	1
258	282	1
258	283	-1
258	284	1
258	285	-1
258	286	1
258	287	-1
258	288	-1
258	290	-1
258	294	1
258	295	-1
258	296	1
258	297	-1
258	298	1
258	299	-1
258	304	-1
258	305	1
258	312	-1
258	315	-1
258	316	-1
258	318	-1
258	322	1
258	326	1
258	329	-1
258	330	1
258	333	1
258	334	-1
258	340	-1
258	345	-1
258	348	1
258	349	1
258	350	-1
258	352	-1
258	353	1
258	355	-1
258	356	1
258	357	1
258	360	-1
258	363	1
258	364	1
258	365	-1
258	368	-1
258	371	1
258	375	1
258	378	-1
258	379	-1
258	382	-1
258	383	1
258	384	1
258	396	1
258	397	-1
258	412	-1
258	413	-1
258	415	-1
258	416	-1
258	422	-1
258	426	-1
258	429	-1
258	433	1
258	440	1
258	444	-1
258	452	1
258	453	1
258	457	-1
258	461	1
258	464	1
258	470	1
258	472	1
258	474	-1
258	477	1
258	480	1
258	482	1
258	485	-1
258	486	1
258	490	-1
258	491	-1
258	496	1
258	497	1
258	498	1
259	262	1
259	266	1
259	269	-1
259	270	-1
259	271	-1
259	273	-1
259	274	-1
259	277	-1
259	279	-1
259	281	-1
259	283	-1
259	287	1
259	296	-1
259	297	1
259	304	-1
259	305	1
259	306	1
259	308	1
259	312	1
259	313	-1
259	314	-1
259	315	1
259	317	-1
259	327	-1
259	328	1
259	333	1
259	339	-1
259	341	1
259	342	1
259	344	-1
259	348	-1
259	350	-1
259	351	-1
259	352	-1
259	353	1
259	356	-1
259	357	1
259	360	-1
259	361	1
259	363	1
259	366	1
259	368	1
259	369	1
259	370	-1
259	373	1
259	376	-1
259	379	1
259	383	1
259	384	1
259	387	-1
259	390	1
259	391	-1
259	393	-1
259	397	-1
259	398	-1
259	399	-1
259	400	1
259	408	1
259	412	1
259	413	-1
259	414	-1
259	415	1
259	418	1
259	420	1
259	421	-1
259	422	-1
259	424	-1
259	426	1
259	431	-1
259	432	1
259	433	1
259	434	1
259	441	-1
259	444	-1
259	446	-1
259	447	1
259	454	-1
259	455	-1
259	460	1
259	462	1
259	466	-1
259	467	1
259	469	-1
259	471	-1
259	474	-1
259	483	-1
259	486	1
259	488	-1
259	490	1
259	499	1
260	276	-1
260	277	1
260	281	-1
260	282	-1
260	284	1
260	287	-1
260	298	-1
260	301	1
260	302	1
260	306	-1
260	309	-1
260	312	1
260	313	1
260	318	1
260	320	-1
260	321	1
260	326	-1
260	329	-1
260	333	1
260	334	-1
260	342	1
260	344	-1
260	357	1
260	360	-1
260	362	1
260	363	1
260	367	-1
260	368	-1
260	372	1
260	378	-1
260	381	-1
260	384	1
260	391	1
260	392	-1
260	398	1
260	400	-1
260	402	1
260	403	1
260	404	-1
260	405	-1
260	407	-1
260	411	-1
260	412	-1
260	413	1
260	416	1
260	417	1
260	423	1
260	424	1
260	428	1
260	431	1
260	432	-1
260	434	1
260	435	-1
260	438	-1
260	448	-1
260	450	1
260	451	1
260	452	1
260	453	-1
260	454	1
260	457	1
260	460	1
260	465	1
260	471	-1
260	475	-1
260	478	1
260	483	1
260	485	-1
260	487	-1
260	490	-1
260	491	1
260	493	-1
260	494	-1
260	499	1
261	264	-1
261	268	1
261	270	-1
261	273	-1
261	275	-1
261	276	-1
261	279	-1
261	280	1
261	288	-1
261	298	-1
261	299	1
261	304	1
261	305	-1
261	313	-1
261	314	-1
261	316	1
261	321	-1
261	324	1
261	327	-1
261	334	1
261	341	-1
261	342	-1
261	344	1
261	347	-1
261	349	1
261	352	-1
261	354	-1
261	361	-1
261	362	-1
261	363	1
261	366	1
261	370	1
261	373	1
261	374	-1
261	376	-1
261	378	1
261	381	1
261	382	-1
261	383	-1
261	384	-1
261	385	1
261	388	-1
261	389	1
261	392	-1
261	395	-1
261	402	1
261	404	-1
261	408	1
261	412	1
261	413	1
261	415	1
261	416	1
261	418	-1
261	421	-1
261	426	1
261	427	-1
261	431	1
261	435	1
261	436	-1
261	441	1
261	444	-1
261	445	1
261	449	-1
261	450	1
261	455	-1
261	457	1
261	459	1
261	466	1
261	467	1
261	468	-1
261	469	-1
261	472	1
261	475	1
261	480	1
261	485	1
261	487	-1
261	488	1
261	489	-1
261	491	1
261	498	1
262	266	-1
262	268	-1
262	269	1
262	272	1
262	275	1
262	288	-1
262	289	1
262	294	1
262	295	-1
262	296	-1
262	300	-1
262	309	1
262	316	-1
262	317	-1
262	318	1
262	319	-1
262	323	-1
262	324	1
262	325	1
262	332	-1
262	333	-1
262	337	1
262	339	1
262	342	1
262	345	1
262	346	1
262	347	1
262	353	-1
262	354	-1
262	356	-1
262	360	1
262	362	1
262	369	-1
262	370	-1
262	371	1
262	383	1
262	384	1
262	391	-1
262	397	1
262	398	1
262	401	-1
262	406	1
262	408	1
262	412	-1
262	413	1
262	416	1
262	423	-1
262	424	-1
262	426	1
262	436	-1
262	438	-1
262	439	1
262	440	1
262	447	-1
262	450	1
262	451	-1
262	452	1
262	454	1
262	455	1
262	456	-1
262	458	-1
262	459	-1
262	464	-1
262	466	-1
262	471	-1
262	492	-1
262	494	1
262	495	-1
262	497	1
262	498	1
263	264	1
263	267	1
263	269	-1
263	270	-1
263	274	1
263	285	1
263	287	-1
263	289	-1
263	290	-1
263	293	-1
263	296	-1
263	304	-1
263	307	1
263	312	1
263	316	1
263	322	-1
263	324	1
263	325	1
263	329	1
263	332	-1
263	336	1
263	338	1
263	341	1
263	343	1
263	344	-1
263	350	1
263	353	1
263	354	-1
263	360	-1
263	361	-1
263	364	1
263	366	1
263	368	-1
263	371	-1
263	372	-1
263	380	-1
263	381	1
263	382	-1
263	391	1
263	393	1
263	394	-1
263	395	1
263	397	1
263	404	-1
263	410	-1
263	413	1
263	414	1
263	415	1
263	417	1
263	419	1
263	426	-1
263	438	1
263	453	1
263	454	1
263	455	1
263	457	1
263	458	1
263	459	-1
263	467	-1
263	469	1
263	473	1
263	474	1
263	476	1
263	480	-1
263	488	-1
263	489	1
263	490	1
263	491	-1
263	496	1
264	267	1
264	270	1
264	278	-1
264	279	1
264	281	-1
264	289	1
264	294	-1
264	295	-1
264	296	-1
264	298	-1
264	302	1
264	308	-1
264	310	1
264	314	-1
264	316	-1
264	320	1
264	323	1
264	328	1
264	330	-1
264	331	-1
264	334	-1
264	335	1
264	338	1
264	339	1
264	340	-1
264	343	-1
264	346	-1
264	347	-1
264	356	1
264	358	-1
264	363	-1
264	364	-1
264	365	1
264	370	-1
264	372	1
264	374	1
264	378	-1
264	380	-1
264	384	-1
264	387	-1
264	389	1
264	396	-1
264	402	-1
264	417	1
264	425	-1
264	430	1
264	432	1
264	437	-1
264	440	1
264	445	-1
264	448	1
264	452	1
264	462	1
264	464	-1
264	465	-1
264	467	-1
264	468	-1
264	469	1
264	470	1
264	471	1
264	473	-1
264	474	1
264	478	-1
264	479	-1
264	480	1
264	483	-1
264	486	1
264	491	-1
264	492	-1
264	493	-1
264	495	1
264	496	1
264	498	1
264	499	1
265	267	-1
265	269	1
265	270	1
265	274	-1
265	275	-1
265	276	1
265	278	1
265	279	-1
265	280	1
265	282	-1
265	283	-1
265	285	-1
265	293	1
265	295	1
265	296	-1
265	298	-1
265	304	-1
265	310	1
265	315	1
265	316	1
265	318	-1
265	319	-1
265	320	-1
265	322	1
265	323	1
265	325	1
265	326	-1
265	328	1
265	334	1
265	336	-1
265	341	-1
265	346	-1
265	350	1
265	351	1
265	352	1
265	358	-1
265	360	-1
265	366	-1
265	367	-1
265	375	1
265	379	-1
265	381	-1
265	383	-1
265	389	-1
265	395	-1
265	401	1
265	402	-1
265	406	1
265	408	1
265	410	1
265	412	1
265	415	1
265	417	-1
265	419	1
265	422	-1
265	431	1
265	432	1
265	433	1
265	435	1
265	436	1
265	437	1
265	440	1
265	441	1
265	442	1
265	443	-1
265	448	1
265	450	1
265	452	-1
265	456	-1
265	457	-1
265	461	1
265	462	-1
265	463	-1
265	465	-1
265	468	-1
265	472	1
265	473	-1
265	476	1
265	478	1
265	480	-1
265	482	1
265	484	1
265	487	-1
265	489	1
265	491	-1
265	495	1
265	497	1
266	272	1
266	273	1
266	274	-1
266	275	-1
266	276	-1
266	284	-1
266	285	-1
266	286	1
266	288	1
266	291	1
266	292	1
266	295	-1
266	296	-1
266	301	1
266	303	1
266	304	-1
266	305	1
266	306	-1
266	307	-1
266	309	1
266	311	-1
266	312	1
266	316	-1
266	318	-1
266	319	1
266	320	-1
266	323	-1
266	324	1
266	327	1
266	328	-1
266	329	-1
266	336	1
266	340	-1
266	341	1
266	344	-1
266	345	-1
266	350	-1
266	354	-1
266	356	-1
266	359	-1
266	363	-1
266	364	-1
266	365	-1
266	366	1
266	367	-1
266	369	-1
266	370	1
266	373	-1
266	375	-1
266	383	1
266	384	1
266	386	-1
266	387	1
266	390	-1
266	392	-1
266	394	1
266	396	-1
266	397	-1
266	398	1
266	404	-1
266	407	-1
266	409	1
266	410	-1
266	415	1
266	419	-1
266	422	1
266	424	-1
266	427	-1
266	428	-1
266	429	-1
266	437	-1
266	440	1
266	445	1
266	446	-1
266	447	-1
266	452	-1
266	456	-1
266	458	1
266	459	1
266	463	1
266	465	-1
266	468	-1
266	470	1
266	473	1
266	475	-1
266	476	1
266	477	1
266	483	1
266	484	1
266	489	-1
266	490	-1
266	492	-1
266	493	1
266	494	1
266	496	-1
266	497	1
266	498	-1
266	499	1
267	270	-1
267	271	-1
267	272	1
267	273	-1
267	276	1
267	277	1
267	280	1
267	284	-1
267	292	1
267	297	-1
267	298	1
267	302	1
267	306	-1
267	309	-1
267	310	1
267	311	-1
267	314	-1
267	316	-1
267	319	1
267	320	-1
267	321	-1
267	322	-1
267	323	-1
267	326	1
267	331	1
267	333	1
267	334	-1
267	335	1
267	336	-1
267	337	-1
267	340	-1
267	341	1
267	342	-1
267	348	-1
267	349	1
267	351	-1
267	353	1
267	357	-1
267	364	-1
267	365	-1
267	366	1
267	371	-1
267	373	1
267	375	1
267	376	-1
267	379	-1
267	382	-1
267	383	-1
267	389	1
267	393	-1
267	400	1
267	402	-1
267	403	1
267	405	-1
267	409	1
267	410	1
267	412	1
267	413	1
267	419	-1
267	420	-1
267	427	1
267	433	1
267	435	-1
267	440	-1
267	441	1
267	444	-1
267	446	-1
267	448	1
267	452	-1
267	456	-1
267	458	1
267	459	-1
267	462	-1
267	463	1
267	469	-1
267	476	1
267	481	-1
267	484	1
267	487	-1
267	491	-1
267	493	1
267	494	-1
267	496	-1
267	497	1
267	498	1
268	272	-1
268	277	1
268	279	-1
268	283	1
268	284	1
268	285	-1
268	294	-1
268	296	-1
268	299	-1
268	302	-1
268	304	-1
268	306	-1
268	309	1
268	314	-1
268	317	1
268	321	1
268	325	1
268	328	-1
268	331	1
268	332	-1
268	333	1
268	334	1
268	337	1
268	339	1
268	342	-1
268	353	-1
268	355	1
268	357	1
268	361	1
268	362	-1
268	365	-1
268	366	1
268	368	-1
268	372	1
268	373	1
268	378	1
268	379	-1
268	380	1
268	381	1
268	384	1
268	387	-1
268	390	1
268	392	-1
268	393	1
268	395	-1
268	397	1
268	399	-1
268	401	-1
268	403	-1
268	405	1
268	410	1
268	414	-1
268	415	1
268	418	1
268	422	1
268	429	-1
268	430	1
268	432	-1
268	435	1
268	436	-1
268	438	-1
268	440	-1
268	444	1
268	453	1
268	454	-1
268	455	-1
268	456	1
268	460	-1
268	461	1
268	469	-1
268	470	1
268	474	-1
268	475	1
268	476	1
268	478	1
268	479	1
268	480	1
268	481	-1
268	490	1
268	494	-1
268	496	1
268	498	1
269	271	1
269	275	1
269	277	1
269	278	1
269	279	1
269	280	-1
269	282	1
269	292	1
269	294	1
269	302	-1
269	305	-1
269	306	-1
269	307	1
269	310	-1
269	312	1
269	314	-1
269	317	-1
269	318	1
269	320	-1
269	322	1
269	327	1
269	328	-1
269	330	1
269	331	-1
269	332	1
269	340	1
269	344	-1
269	351	-1
269	354	1
269	358	1
269	359	-1
269	361	1
269	367	1
269	375	-1
269	376	-1
269	380	-1
269	382	1
269	384	1
269	390	-1
269	391	-1
269	401	-1
269	403	1
269	404	-1
269	405	1
269	410	-1
269	416	-1
269	417	1
269	419	-1
269	427	1
269	430	-1
269	431	1
269	432	1
269	434	-1
269	435	-1
269	437	1
269	441	1
269	442	1
269	445	-1
269	446	1
269	451	1
269	458	1
269	463	1
269	466	-1
269	468	1
269	470	1
269	477	1
269	481	1
269	483	-1
269	484	-1
269	485	-1
269	488	-1
269	491	1
269	494	-1
269	499	1
270	276	1
270	279	1
270	283	1
270	284	-1
270	285	1
270	287	-1
270	293	1
270	294	1
270	297	-1
270	301	-1
270	305	1
270	306	-1
270	312	1
270	318	1
270	321	-1
270	323	-1
270	324	-1
270	329	-1
270	333	1
270	341	1
270	347	1
270	350	-1
270	353	-1
270	354	1
270	362	1
270	364	-1
270	383	1
270	386	1
270	389	1
270	391	1
270	393	1
270	395	1
270	397	1
270	399	-1
270	407	-1
270	409	1
270	410	-1
270	417	-1
270	418	-1
270	419	-1
270	420	-1
270	421	1
270	422	-1
270	423	1
270	428	1
270	430	1
270	432	-1
270	434	-1
270	436	-1
270	437	-1
270	438	1
270	439	-1
270	440	-1
270	442	1
270	443	1
270	454	-1
270	455	1
270	456	-1
270	459	1
270	466	1
270	469	1
270	470	1
270	473	-1
270	474	-1
270	475	-1
270	478	-1
270	483	-1
270	485	-1
270	487	-1
270	488	-1
270	490	1
270	496	-1
271	272	-1
271	273	-1
271	289	-1
271	290	-1
271	291	1
271	293	-1
271	294	1
271	296	1
271	300	-1
271	303	-1
271	312	1
271	313	1
271	314	-1
271	315	-1
271	319	1
271	321	1
271	322	-1
271	324	-1
271	325	1
271	326	-1
271	328	-1
271	329	1
271	330	1
271	332	-1
271	341	1
271	351	-1
271	353	1
271	354	-1
271	356	-1
271	359	-1
271	363	1
271	365	1
271	372	-1
271	373	-1
271	374	-1
271	377	1
271	381	-1
271	382	1
271	384	1
271	387	-1
271	388	-1
271	389	1
271	390	1
271	392	1
271	393	1
271	397	-1
271	399	1
271	401	1
271	404	1
271	406	1
271	412	1
271	414	1
271	415	1
271	420	1
271	423	1
271	426	1
271	427	-1
271	428	1
271	430	1
271	431	1
271	435	1
271	440	1
271	443	-1
271	446	1
271	449	-1
271	450	1
271	452	-1
271	454	1
271	457	-1
271	459	-1
271	460	1
271	462	-1
271	470	-1
271	471	1
271	473	1
271	475	-1
271	476	-1
271	479	-1
271	481	1
271	482	-1
271	488	1
271	489	1
271	490	1
271	492	-1
271	494	1
271	496	1
271	497	1
271	498	-1
272	273	-1
272	277	1
272	278	1
272	280	1
272	286	1
272	290	-1
272	291	-1
272	295	1
272	296	-1
272	304	-1
272	305	1
272	314	1
272	315	1
272	317	1
272	319	-1
272	328	1
272	330	-1
272	335	1
272	342	1
272	355	-1
272	356	-1
272	358	1
272	360	1
272	362	-1
272	363	-1
272	371	1
272	376	1
272	378	-1
272	380	-1
272	382	-1
272	383	-1
272	385	-1
272	391	-1
272	393	-1
272	396	1
272	399	-1
272	402	1
272	403	-1
272	407	-1
272	408	-1
272	412	-1
272	413	-1
272	416	-1
272	418	-1
272	419	-1
272	420	-1
272	421	1
272	422	-1
272	423	1
272	430	-1
272	432	-1
272	442	1
272	444	1
272	445	-1
272	448	1
272	449	-1
272	450	-1
272	451	-1
272	452	-1
272	454	-1
272	459	-1
272	460	1
272	462	1
272	463	-1
272	464	1
272	466	1
272	467	-1
272	468	1
272	472	-1
272	475	-1
272	477	1
272	479	-1
272	480	1
272	482	1
272	485	1
272	486	-1
272	489	1
272	490	-1
273	275	-1
273	276	1
273	292	-1
273	293	-1
273	303	1
273	305	1
273	306	-1
273	310	1
273	311	1
273	312	-1
273	316	1
273	317	1
273	322	-1
273	325	1
273	326	1
273	332	-1
273	334	1
273	337	1
273	340	-1
273	341	1
273	342	1
273	344	1
273	348	-1
273	352	-1
273	359	1
273	362	-1
273	366	-1
273	367	1
273	369	-1
273	370	-1
273	371	-1
273	373	1
273	376	-1
273	379	1
273	382	-1
273	383	-1
273	387	-1
273	395	1
273	402	1
273	404	-1
273	410	1
273	411	-1
273	412	1
273	417	1
273	419	-1
273	420	1
273	422	-1
273	425	1
273	426	1
273	428	-1
273	429	-1
273	433	1
273	435	1
273	438	-1
273	442	1
273	444	1
273	447	-1
273	451	-1
273	456	1
273	461	1
273	462	1
273	465	-1
273	469	1
273	470	1
273	471	-1
273	475	-1
273	477	-1
273	478	-1
273	479	1
273	482	1
273	484	-1
273	486	1
273	491	-1
273	492	-1
273	493	1
273	495	1
273	497	-1
273	499	-1
274	276	-1
274	281	1
274	284	1
274	289	1
274	293	-1
274	294	-1
274	295	1
274	296	1
274	297	1
274	298	-1
274	299	1
274	300	1
274	307	1
274	309	1
274	310	1
274	311	-1
274	313	1
274	314	1
274	315	1
274	316	-1
274	317	-1
274	319	1
274	321	1
274	322	1
274	328	1
274	329	1
274	333	-1
274	337	-1
274	338	1
274	346	1
274	352	-1
274	359	-1
274	362	-1
274	364	-1
274	365	1
274	372	1
274	383	1
274	387	-1
274	388	1
274	390	-1
274	393	1
274	398	-1
274	400	-1
274	403	-1
274	406	-1
274	415	-1
274	417	1
274	418	1
274	420	1
274	424	-1
274	425	-1
274	427	1
274	428	1
274	429	-1
274	431	1
274	432	-1
274	436	1
274	437	1
274	438	-1
274	440	-1
274	441	1
274	442	1
274	446	-1
274	452	-1
274	454	-1
274	457	1
274	458	-1
274	460	-1
274	463	1
274	466	-1
274	475	-1
274	480	-1
274	488	-1
274	495	1
274	498	-1
275	276	-1
275	281	1
275	282	1
275	284	-1
275	286	-1
275	287	1
275	289	1
275	295	1
275	296	1
275	297	1
275	299	1
275	300	1
275	303	1
275	304	-1
275	305	1
275	306	-1
275	307	-1
275	310	-1
275	314	1
275	316	-1
275	317	-1
275	319	1
275	321	1
275	323	-1
275	335	-1
275	340	-1
275	341	1
275	342	1
275	346	-1
275	350	-1
275	355	1
275	359	1
275	367	1
275	369	-1
275	370	1
275	371	1
275	375	-1
275	376	-1
275	378	1
275	379	-1
275	380	1
275	381	1
275	382	-1
275	383	-1
275	385	-1
275	388	-1
275	393	1
275	395	-1
275	400	1
275	401	1
275	405	-1
275	409	1
275	412	-1
275	418	1
275	419	-1
275	421	-1
275	422	1
275	423	-1
275	425	-1
275	426	1
275	428	-1
275	433	-1
275	434	-1
275	435	1
275	438	-1
275	444	-1
275	445	1
275	447	-1
275	449	-1
275	467	1
275	468	1
275	471	1
275	472	1
275	474	1
275	475	-1
275	477	-1
275	486	1
275	488	1
275	495	1
275	496	-1
275	499	1
276	279	1
276	280	1
276	281	1
276	284	1
276	288	1
276	290	1
276	294	1
276	297	1
276	298	-1
276	301	-1
276	308	-1
276	312	-1
276	314	1
276	316	-1
276	320	-1
276	321	1
276	324	-1
276	326	1
276	329	1
276	331	-1
276	337	1
276	339	1
276	349	1
276	350	-1
276	352	-1
276	353	-1
276	354	1
276	362	1
276	370	-1
276	375	-1
276	376	-1
276	380	1
276	386	-1
276	387	1
276	388	-1
276	400	1
276	401	-1
276	402	-1
276	403	1
276	405	-1
276	415	-1
276	424	1
276	432	-1
276	433	-1
276	435	-1
276	446	-1
276	448	1
276	449	1
276	450	1
276	451	1
276	456	-1
276	457	1
276	459	-1
276	462	1
276	466	1
276	467	-1
276	468	1
276	472	-1
276	473	1
276	479	-1
276	484	1
276	485	1
276	486	-1
276	487	1
276	490	1
276	499	1
277	281	1
277	283	-1
277	285	1
277	287	-1
277	293	1
277	294	1
277	295	1
277	296	1
277	299	1
277	305	-1
277	306	-1
277	308	-1
277	310	1
277	311	1
277	316	-1
277	318	-1
277	322	-1
277	329	-1
277	330	-1
277	331	-1
277	333	-1
277	335	-1
277	338	1
277	340	-1
277	343	-1
277	351	-1
277	352	1
277	355	-1
277	359	1
277	363	1
277	366	1
277	369	1
277	370	-1
277	374	1
277	382	-1
277	386	-1
277	388	1
277	392	-1
277	394	1
277	396	1
277	397	-1
277	401	-1
277	403	1
277	409	-1
277	410	-1
277	411	-1
277	413	-1
277	416	1
277	420	-1
277	423	1
277	424	1
277	428	-1
277	429	-1
277	430	-1
277	431	1
277	434	-1
277	436	1
277	437	1
277	442	-1
277	447	-1
277	452	1
277	455	1
277	456	-1
277	457	-1
277	458	-1
277	467	-1
277	476	1
277	479	-1
277	482	1
277	484	-1
277	487	-1
277	490	1
277	492	1
277	493	1
277	497	-1
277	498	1
278	279	-1
278	282	1
278	283	1
278	284	1
278	285	1
278	286	1
278	288	-1
278	289	-1
278	290	-1
278	291	-1
278	293	1
278	294	1
278	296	-1
278	302	-1
278	311	-1
278	314	-1
278	317	1
278	320	-1
278	324	-1
278	325	-1
278	326	-1
278	329	1
278	331	-1
278	339	-1
278	340	-1
278	348	-1
278	349	1
278	356	-1
278	359	1
278	360	1
278	361	1
278	362	1
278	365	-1
278	368	1
278	383	-1
278	387	-1
278	389	1
278	395	-1
278	405	1
278	407	1
278	409	-1
278	415	-1
278	420	-1
278	421	-1
278	425	1
278	426	1
278	428	-1
278	439	-1
278	440	1
278	442	1
278	445	1
278	446	1
278	448	-1
278	449	-1
278	451	-1
278	459	1
278	460	1
278	467	-1
278	470	1
278	471	-1
278	484	-1
278	485	-1
278	492	-1
278	494	-1
278	496	1
278	499	-1
279	281	-1
279	287	-1
279	291	-1
279	294	-1
279	295	-1
279	296	1
279	298	-1
279	299	-1
279	301	-1
279	307	1
279	309	-1
279	311	-1
279	313	1
279	314	1
279	315	1
279	316	1
279	321	-1
279	326	-1
279	332	-1
279	334	1
279	354	-1
279	361	1
279	363	-1
279	365	-1
279	369	1
279	370	-1
279	374	1
279	376	-1
279	381	1
279	383	1
279	384	-1
279	391	1
279	403	-1
279	404	-1
279	405	1
279	407	1
279	411	1
279	416	1
279	418	-1
279	419	-1
279	420	1
279	421	-1
279	425	1
279	428	-1
279	435	-1
279	438	1
279	441	1
279	445	1
279	448	-1
279	449	1
279	453	1
279	455	1
279	457	1
279	460	-1
279	461	1
279	462	-1
279	464	1
279	467	1
279	469	-1
279	474	1
279	478	-1
279	480	-1
279	483	1
279	486	-1
279	487	1
279	491	1
279	494	-1
279	495	1
280	289	-1
280	291	-1
280	297	-1
280	301	1
280	302	-1
280	309	-1
280	311	1
280	312	-1
280	315	-1
280	317	-1
280	321	-1
280	322	1
280	324	1
280	328	-1
280	330	-1
280	332	-1
280	333	1
280	340	-1
280	349	-1
280	351	1
280	352	-1
280	354	-1
280	355	-1
280	356	1
280	358	-1
280	362	-1
280	363	1
280	365	-1
280	367	-1
280	368	-1
280	369	-1
280	371	1
280	373	1
280	375	-1
280	376	1
280	381	1
280	384	1
280	385	1
280	389	-1
280	390	-1
280	392	1
280	396	-1
280	398	1
280	401	1
280	405	-1
280	408	1
280	410	1
280	418	-1
280	419	-1
280	421	-1
280	423	-1
280	430	1
280	432	-1
280	437	-1
280	439	1
280	440	1
280	442	1
280	445	1
280	452	1
280	453	-1
280	454	-1
280	456	1
280	467	1
280	469	1
280	471	-1
280	475	1
280	477	-1
280	478	1
280	486	1
280	489	1
280	495	-1
281	283	-1
281	285	1
281	287	-1
281	289	-1
281	290	1
281	296	1
281	297	-1
281	300	-1
281	302	-1
281	307	-1
281	309	-1
281	310	1
281	311	1
281	314	1
281	317	1
281	318	-1
281	320	1
281	323	1
281	325	-1
281	336	-1
281	338	-1
281	346	-1
281	350	-1
281	351	1
281	352	-1
281	353	1
281	354	-1
281	357	-1
281	360	-1
281	361	-1
281	362	-1
281	370	1
281	373	1
281	381	-1
281	382	1
281	386	-1
281	391	-1
281	393	1
281	397	-1
281	401	1
281	404	1
281	405	-1
281	409	1
281	412	-1
281	415	1
281	420	1
281	422	1
281	425	-1
281	426	-1
281	430	1
281	436	1
281	438	1
281	440	1
281	441	-1
281	442	1
281	447	1
281	457	1
281	459	1
281	460	-1
281	463	-1
281	465	1
281	470	1
281	472	-1
281	474	-1
281	475	1
281	478	1
281	480	-1
281	486	-1
281	487	1
281	490	-1
281	491	1
281	497	1
281	499	1
282	283	-1
282	284	1
282	285	1
282	288	1
282	289	1
282	291	-1
282	295	-1
282	300	-1
282	301	-1
282	305	1
282	307	-1
282	313	-1
282	314	-1
282	316	-1
282	319	-1
282	326	1
282	333	1
282	335	1
282	340	-1
282	341	1
282	342	-1
282	345	1
282	349	1
282	350	1
282	354	-1
282	355	-1
282	360	1
282	364	-1
282	365	-1
282	367	-1
282	369	1
282	373	1
282	374	1
282	375	-1
282	380	-1
282	381	1
282	382	-1
282	383	1
282	386	-1
282	388	1
282	391	-1
282	392	-1
282	394	-1
282	396	1
282	398	1
282	404	-1
282	408	1
282	410	-1
282	414	1
282	415	1
282	417	-1
282	419	1
282	422	-1
282	424	-1
282	425	-1
282	427	1
282	429	1
282	431	1
282	435	-1
282	436	1
282	437	1
282	439	1
282	442	-1
282	445	1
282	449	1
282	451	1
282	454	1
282	459	-1
282	462	-1
282	464	1
282	465	1
282	467	1
282	474	-1
282	477	1
282	478	-1
282	482	1
282	483	-1
282	486	-1
282	488	-1
282	490	-1
282	491	-1
282	494	1
282	496	-1
283	287	1
283	288	1
283	294	1
283	295	1
283	301	1
283	306	-1
283	307	1
283	311	-1
283	317	1
283	320	-1
283	326	-1
283	329	1
283	332	1
283	335	1
283	336	-1
283	338	-1
283	343	1
283	346	1
283	347	-1
283	358	1
283	359	-1
283	362	1
283	363	-1
283	365	1
283	367	-1
283	371	1
283	372	1
283	376	-1
283	377	1
283	384	1
283	390	1
283	391	-1
283	392	-1
283	395	-1
283	397	-1
283	406	1
283	408	-1
283	413	-1
283	418	1
283	424	-1
283	427	-1
283	431	-1
283	432	1
283	433	1
283	434	1
283	435	1
283	438	1
283	443	-1
283	445	-1
283	447	-1
283	451	1
283	455	-1
283	458	-1
283	459	-1
283	470	1
283	479	1
283	481	1
283	482	1
283	484	-1
283	486	1
283	487	1
283	489	1
283	492	1
283	493	-1
283	494	-1
283	496	1
284	288	-1
284	289	-1
284	293	-1
284	294	-1
284	295	-1
284	300	1
284	302	-1
284	309	1
284	312	-1
284	314	-1
284	315	1
284	318	1
284	319	1
284	323	1
284	326	1
284	328	-1
284	330	1
284	331	1
284	336	-1
284	340	-1
284	341	-1
284	343	1
284	347	1
284	349	1
284	350	-1
284	352	1
284	353	1
284	354	1
284	357	1
284	358	1
284	360	-1
284	361	1
284	363	-1
284	366	-1
284	368	1
284	372	-1
284	377	-1
284	378	1
284	380	1
284	382	-1
284	383	-1
284	386	-1
284	388	1
284	389	1
284	393	-1
284	403	-1
284	405	-1
284	407	1
284	408	1
284	409	-1
284	425	1
284	426	1
284	427	1
284	434	-1
284	435	1
284	441	-1
284	445	-1
284	450	1
284	453	-1
284	456	-1
284	458	-1
284	459	1
284	461	1
284	463	-1
284	464	1
284	475	-1
284	479	1
284	482	1
284	485	-1
284	486	-1
284	487	1
284	489	1
284	490	1
284	491	1
284	493	1
284	495	1
284	498	-1
285	290	1
285	294	-1
285	296	-1
285	298	1
285	306	1
285	308	1
285	313	-1
285	315	-1
285	318	1
285	320	1
285	321	-1
285	323	-1
285	325	1
285	329	-1
285	331	1
285	332	1
285	333	-1
285	334	1
285	335	-1
285	338	-1
285	339	-1
285	340	-1
285	341	1
285	345	-1
285	347	1
285	348	-1
285	349	1
285	351	-1
285	352	1
285	354	1
285	359	1
285	360	1
285	367	-1
285	372	1
285	374	-1
285	378	1
285	383	-1
285	384	1
285	391	1
285	399	1
285	400	-1
285	401	1
285	402	1
285	406	1
285	407	1
285	410	-1
285	414	-1
285	417	1
285	419	1
285	420	-1
285	421	-1
285	423	1
285	424	1
285	426	1
285	434	-1
285	435	-1
285	439	1
285	440	-1
285	444	1
285	446	-1
285	450	-1
285	452	-1
285	460	-1
285	462	-1
285	463	1
285	469	1
285	483	1
285	486	1
285	490	1
285	498	-1
286	287	1
286	289	-1
286	291	-1
286	292	-1
286	298	1
286	303	-1
286	306	1
286	311	1
286	317	-1
286	318	1
286	324	-1
286	328	1
286	330	1
286	334	1
286	337	1
286	341	1
286	348	-1
286	350	1
286	351	1
286	352	1
286	354	-1
286	356	1
286	358	1
286	359	1
286	364	-1
286	365	1
286	367	1
286	370	-1
286	374	1
286	378	1
286	380	-1
286	383	-1
286	388	1
286	393	1
286	396	1
286	397	1
286	400	-1
286	402	-1
286	405	1
286	407	1
286	410	-1
286	415	-1
286	416	1
286	419	1
286	420	1
286	421	1
286	422	-1
286	424	1
286	426	1
286	427	1
286	431	1
286	432	1
286	434	-1
286	437	1
286	438	-1
286	439	-1
286	443	-1
286	444	1
286	452	1
286	459	-1
286	461	-1
286	464	-1
286	467	1
286	468	1
286	471	1
286	473	1
286	476	-1
286	482	-1
286	485	1
286	487	1
286	488	-1
286	489	-1
286	490	1
286	492	-1
286	495	-1
286	497	1
286	498	1
286	499	1
287	289	1
287	291	-1
287	295	-1
287	296	1
287	297	1
287	299	1
287	301	-1
287	305	1
287	308	1
287	310	1
287	311	-1
287	312	1
287	315	1
287	318	1
287	321	1
287	323	1
287	329	-1
287	334	-1
287	336	1
287	345	1
287	346	1
287	350	1
287	352	1
287	355	-1
287	359	1
287	360	1
287	362	1
287	364	-1
287	368	-1
287	373	-1
287	383	-1
287	387	-1
287	390	1
287	395	-1
287	396	-1
287	401	-1
287	404	1
287	405	-1
287	409	-1
287	410	1
287	413	-1
287	421	-1
287	425	1
287	430	1
287	433	-1
287	439	1
287	442	-1
287	444	-1
287	452	-1
287	454	1
287	455	-1
287	456	-1
287	459	1
287	460	1
287	465	1
287	466	1
287	467	-1
287	469	-1
287	470	1
287	471	-1
287	480	-1
287	492	-1
287	495	1
287	498	1
288	291	1
288	292	1
288	295	1
288	296	-1
288	298	-1
288	305	-1
288	311	-1
288	312	1
288	313	-1
288	314	-1
288	315	-1
288	316	1
288	317	1
288	320	-1
288	327	-1
288	328	1
288	329	1
288	333	1
288	335	-1
288	339	-1
288	341	-1
288	343	1
288	344	-1
288	345	-1
288	346	1
288	348	1
288	355	1
288	356	1
288	358	-1
288	360	-1
288	362	1
288	368	-1
288	373	-1
288	376	1
288	379	1
288	381	1
288	382	1
288	384	-1
288	387	-1
288	392	1
288	395	1
288	396	-1
288	399	1
288	402	-1
288	403	1
288	404	-1
288	405	-1
288	419	1
288	420	1
288	422	1
288	423	-1
288	424	1
288	431	1
288	435	-1
288	439	1
288	443	-1
288	455	-1
288	456	1
288	462	-1
288	472	1
288	473	1
288	478	-1
288	484	-1
288	486	1
288	487	1
288	491	-1
288	492	-1
288	495	1
288	498	1
288	499	-1
289	290	1
289	291	-1
289	298	1
289	300	1
289	301	1
289	311	1
289	320	1
289	321	1
289	322	-1
289	323	-1
289	325	-1
289	326	-1
289	327	1
289	333	-1
289	334	1
289	336	1
289	337	-1
289	338	1
289	339	-1
289	343	1
289	349	-1
289	350	-1
289	353	1
289	354	1
289	357	-1
289	358	-1
289	359	-1
289	361	1
289	364	1
289	366	1
289	370	1
289	372	1
289	373	-1
289	374	1
289	375	1
289	380	1
289	381	-1
289	382	1
289	383	1
289	385	1
289	390	1
289	393	-1
289	395	1
289	396	1
289	398	1
289	401	1
289	408	-1
289	410	-1
289	411	1
289	413	1
289	414	-1
289	423	-1
289	425	1
289	427	1
289	428	1
289	431	1
289	433	1
289	438	-1
289	439	-1
289	440	-1
289	442	1
289	443	1
289	446	-1
289	453	1
289	457	1
289	459	-1
289	460	-1
289	461	-1
289	462	1
289	464	-1
289	465	-1
289	467	-1
289	472	1
289	473	1
289	479	1
289	481	1
289	486	-1
289	489	1
289	497	1
289	498	-1
290	292	-1
290	295	-1
290	300	1
290	302	1
290	303	-1
290	308	1
290	310	1
290	311	1
290	315	1
290	317	-1
290	318	-1
290	323	1
290	326	-1
290	334	-1
290	335	1
290	336	-1
290	337	-1
290	339	-1
290	342	-1
290	349	-1
290	350	1
290	353	1
290	354	-1
290	356	-1
290	357	1
290	358	-1
290	363	-1
290	366	-1
290	367	-1
290	369	-1
290	373	-1
290	374	-1
290	382	1
290	385	1
290	386	-1
290	387	-1
290	390	1
290	392	1
290	393	1
290	394	-1
290	395	1
290	397	1
290	400	-1
290	406	1
290	409	-1
290	411	-1
290	414	-1
290	415	-1
290	417	-1
290	427	-1
290	430	1
290	433	1
290	434	1
290	435	1
290	438	1
290	439	-1
290	441	-1
290	445	-1
290	450	-1
290	451	-1
290	452	1
290	454	1
290	455	-1
290	458	1
290	462	-1
290	465	1
290	466	-1
290	471	1
290	475	1
290	477	1
290	485	1
290	486	-1
290	490	1
290	492	-1
290	493	1
290	495	1
290	496	1
290	497	1
291	297	1
291	298	1
291	300	-1
291	306	-1
291	308	1
291	313	-1
291	314	-1
291	316	1
291	318	-1
291	319	-1
291	326	1
291	327	1
291	331	-1
291	333	-1
291	337	-1
291	341	-1
291	344	1
291	348	-1
291	350	-1
291	352	1
291	354	-1
291	358	1
291	360	-1
291	363	-1
291	369	1
291	374	-1
291	377	-1
291	383	1
291	386	1
291	387	-1
291	391	-1
291	393	1
291	394	-1
291	399	-1
291	405	-1
291	406	1
291	408	-1
291	409	1
291	410	1
291	411	-1
291	413	1
291	414	1
291	421	1
291	434	-1
291	435	1
291	436	1
291	440	-1
291	446	-1
291	452	-1
291	454	1
291	456	1
291	458	1
291	460	-1
291	461	-1
291	463	-1
291	466	-1
291	468	-1
291	469	-1
291	475	1
291	477	1
291	483	1
291	489	-1
291	490	-1
291	493	1
291	494	-1
291	495	-1
292	293	-1
292	294	-1
292	297	1
292	299	-1
292	303	-1
292	304	-1
292	309	-1
292	315	-1
292	320	1
292	322	1
292	324	-1
292	329	-1
292	335	1
292	336	1
292	339	-1
292	342	-1
292	344	-1
292	345	-1
292	346	1
292	352	1
292	353	1
292	357	1
292	360	-1
292	364	-1
292	374	1
292	376	-1
292	378	-1
292	380	1
292	385	1
292	387	1
292	390	-1
292	394	1
292	395	1
292	396	-1
292	397	1
292	398	1
292	401	1
292	406	1
292	409	-1
292	412	-1
292	413	-1
292	415	-1
292	417	1
292	418	-1
292	423	-1
292	427	1
292	429	-1
292	432	1
292	433	-1
292	436	-1
292	437	-1
292	442	1
292	443	-1
292	447	1
292	448	1
292	451	-1
292	452	1
292	453	1
292	454	-1
292	457	-1
292	458	-1
292	465	1
292	470	-1
292	472	1
292	480	1
292	484	1
292	485	-1
292	486	1
292	491	1
292	492	-1
292	495	1
293	297	-1
293	298	1
293	301	-1
293	302	-1
293	304	-1
293	308	-1
293	309	-1
293	312	1
293	313	1
293	314	1
293	315	1
293	320	-1
293	321	-1
293	323	1
293	325	-1
293	330	-1
293	332	1
293	334	1
293	338	-1
293	339	-1
293	340	-1
293	342	1
293	346	-1
293	349	-1
293	354	-1
293	355	1
293	356	1
293	361	1
293	362	1
293	364	1
293	365	-1
293	366	-1
293	372	1
293	373	-1
293	382	1
293	383	1
293	384	1
293	385	-1
293	391	1
293	392	-1
293	394	-1
293	396	-1
293	397	-1
293	398	1
293	400	-1
293	401	1
293	403	1
293	404	1
293	406	1
293	408	-1
293	410	-1
293	413	-1
293	417	1
293	419	1
293	420	-1
293	421	-1
293	424	1
293	425	-1
293	426	-1
293	427	-1
293	431	-1
293	432	-1
293	436	-1
293	438	-1
293	444	1
293	445	-1
293	446	1
293	448	-1
293	451	1
293	452	1
293	455	1
293	456	-1
293	458	-1
293	460	-1
293	462	1
293	464	-1
293	479	1
293	481	-1
293	483	-1
293	484	-1
293	486	1
293	488	1
293	489	1
293	494	-1
293	495	1
293	496	1
293	498	1
293	499	-1
294	298	-1
294	299	1
294	303	1
294	304	1
294	307	1
294	309	-1
294	310	1
294	313	-1
294	315	1
294	316	-1
294	317	-1
294	319	-1
294	320	-1
294	323	1
294	324	1
294	325	-1
294	327	-1
294	332	1
294	334	-1
294	335	-1
294	336	1
294	337	1
294	344	1
294	345	-1
294	348	1
294	350	1
294	354	-1
294	355	1
294	356	-1
294	359	1
294	361	-1
294	364	-1
294	366	1
294	369	-1
294	371	1
294	372	1
294	374	1
294	375	1
294	376	-1
294	378	-1
294	381	1
294	384	-1
294	390	1
294	397	1
294	398	-1
294	404	1
294	411	-1
294	413	-1
294	415	-1
294	416	-1
294	419	1
294	420	-1
294	421	-1
294	422	1
294	424	1
294	428	-1
294	431	1
294	433	-1
294	435	1
294	440	-1
294	442	-1
294	444	1
294	445	-1
294	449	1
294	451	1
294	455	1
294	456	1
294	464	-1
294	466	1
294	469	1
294	471	1
294	476	-1
294	480	-1
294	482	1
294	486	1
294	487	1
294	488	1
294	493	-1
294	497	-1
294	499	-1
295	297	1
295	299	-1
295	300	1
295	301	1
295	307	-1
295	313	-1
295	314	-1
295	315	-1
295	317	1
295	321	1
295	323	1
295	326	1
295	328	1
295	329	1
295	331	-1
295	335	1
295	336	1
295	338	1
295	343	1
295	345	-1
295	349	1
295	351	-1
295	352	-1
295	353	-1
295	354	-1
295	355	1
295	358	-1
295	364	-1
295	372	-1
295	373	1
295	381	1
295	383	-1
295	384	-1
295	395	1
295	400	-1
295	409	-1
295	410	-1
295	418	1
295	422	-1
295	425	-1
295	427	1
295	430	-1
295	442	1
295	444	1
295	445	-1
295	447	-1
295	448	-1
295	451	-1
295	453	-1
295	454	1
295	456	-1
295	460	-1
295	461	-1
295	465	1
295	466	-1
295	467	1
295	470	1
295	473	1
295	476	1
295	477	-1
295	480	1
295	482	1
295	483	1
295	492	1
296	299	1
296	301	-1
296	303	1
296	306	1
296	311	1
296	316	-1
296	322	1
296	324	1
296	325	1
296	327	1
296	332	1
296	334	-1
296	339	1
296	343	-1
296	344	-1
296	351	-1
296	352	-1
296	356	1
296	357	1
296	360	-1
296	361	1
296	364	-1
296	365	1
296	370	1
296	372	-1
296	373	1
296	376	1
296	381	1
296	383	1
296	389	1
296	390	-1
296	391	1
296	396	-1
296	400	1
296	401	1
296	404	1
296	410	1
296	417	-1
296	421	1
296	423	-1
296	427	1
296	430	-1
296	431	-1
296	435	-1
296	436	1
296	440	-1
296	443	1
296	444	-1
296	447	1
296	452	-1
296	453	-1
296	459	1
296	462	1
296	465	1
296	467	1
296	468	1
296	469	1
296	472	1
296	473	1
296	478	1
296	482	-1
296	485	-1
296	486	-1
296	487	-1
296	489	1
296	494	1
296	496	-1
297	305	-1
297	316	1
297	317	-1
297	319	1
297	324	-1
297	332	1
297	336	-1
297	337	1
297	338	-1
297	341	-1
297	342	-1
297	343	1
297	345	1
297	348	1
297	353	-1
297	354	1
297	359	1
297	363	-1
297	365	1
297	373	-1
297	375	1
297	377	1
297	378	1
297	383	-1
297	385	-1
297	387	-1
297	389	-1
297	395	-1
297	396	1
297	402	1
297	406	1
297	408	1
297	413	1
297	414	-1
297	417	-1
297	419	-1
297	424	-1
297	430	1
297	431	1
297	432	1
297	436	1
297	437	-1
297	440	1
297	441	1
297	442	1
297	447	-1
297	450	-1
297	452	1
297	453	1
297	456	-1
297	457	1
297	458	-1
297	459	-1
297	463	1
297	472	1
297	476	-1
297	477	-1
297	481	1
297	482	1
297	483	1
297	484	-1
297	485	1
297	487	1
297	497	1
297	498	1
298	299	1
298	306	-1
298	309	1
298	314	1
298	315	1
298	318	1
298	321	1
298	323	-1
298	325	1
298	329	-1
298	338	1
298	340	-1
298	341	1
298	342	-1
298	344	-1
298	346	1
298	347	1
298	348	-1
298	349	1
298	353	-1
298	355	1
298	357	1
298	359	-1
298	360	-1
298	361	1
298	365	1
298	366	1
298	371	-1
298	372	1
298	376	-1
298	379	-1
298	382	-1
298	385	1
298	386	1
298	389	1
298	390	1
298	392	-1
298	393	-1
298	394	-1
298	395	1
298	398	1
298	400	1
298	404	1
298	405	1
298	406	1
298	408	-1
298	413	1
298	417	1
298	419	1
298	420	1
298	425	-1
298	432	-1
298	435	1
298	437	1
298	438	-1
298	439	1
298	440	-1
298	442	1
298	448	-1
298	449	-1
298	452	-1
298	455	1
298	459	1
298	461	-1
298	465	1
298	466	1
298	467	1
298	469	-1
298	471	1
298	475	1
298	476	1
298	480	-1
298	481	-1
298	484	1
298	486	-1
298	489	1
298	491	1
299	305	1
299	307	1
299	310	1
299	313	-1
299	318	-1
299	319	-1
299	324	-1
299	325	1
299	327	1
299	328	1
299	334	1
299	335	-1
299	338	-1
299	339	1
299	340	-1
299	344	1
299	345	-1
299	351	1
299	352	1
299	353	-1
299	356	1
299	357	1
299	358	1
299	359	1
299	361	-1
299	363	-1
299	367	-1
299	369	1
299	371	-1
299	373	1
299	375	1
299	376	-1
299	378	-1
299	380	-1
299	386	1
299	388	1
299	394	1
299	396	-1
299	399	1
299	406	-1
299	408	1
299	409	1
299	424	1
299	426	-1
299	436	-1
299	437	-1
299	438	1
299	451	-1
299	453	1
299	454	1
299	456	1
299	459	1
299	460	-1
299	461	1
299	466	-1
299	467	1
299	470	-1
299	476	-1
299	477	-1
299	479	1
299	480	1
299	481	-1
299	483	-1
299	484	1
299	487	1
299	488	1
299	490	-1
299	495	1
299	496	-1
299	497	-1
300	301	1
300	304	1
300	314	1
300	316	1
300	319	1
300	322	1
300	325	1
300	326	-1
300	328	1
300	329	1
300	330	1
300	334	1
300	336	1
300	340	-1
300	347	1
300	349	1
300	350	1
300	351	1
300	352	1
300	354	-1
300	356	-1
300	357	-1
300	359	-1
300	361	1
300	362	1
300	363	-1
300	365	1
300	367	1
300	369	1
300	372	-1
300	374	-1
300	375	-1
300	377	1
300	382	-1
300	383	-1
300	384	-1
300	389	1
300	391	-1
300	398	1
300	400	1
300	403	1
300	408	1
300	412	-1
300	413	-1
300	414	1
300	415	-1
300	416	1
300	417	1
300	418	1
300	421	1
300	423	-1
300	425	1
300	428	-1
300	429	-1
300	430	-1
300	432	-1
300	441	-1
300	442	1
300	444	-1
300	451	-1
300	456	1
300	457	1
300	458	-1
300	460	-1
300	461	-1
300	463	-1
300	464	-1
300	466	-1
300	470	1
300	477	1
300	484	1
300	488	1
300	495	-1
300	496	-1
300	497	-1
301	302	1
301	303	-1
301	304	1
301	311	-1
301	312	-1
301	315	-1
301	319	-1
301	320	-1
301	322	-1
301	326	-1
301	328	-1
301	330	-1
301	331	1
301	334	-1
301	335	1
301	337	1
301	342	-1
301	344	1
301	345	-1
301	347	1
301	351	1
301	352	1
301	360	-1
301	362	-1
301	365	1
301	371	-1
301	373	1
301	374	-1
301	376	1
301	377	1
301	380	-1
301	382	1
301	385	-1
301	386	-1
301	390	-1
301	401	1
301	402	-1
301	404	-1
301	405	1
301	406	-1
301	408	1
301	409	-1
301	414	1
301	416	1
301	418	1
301	420	1
301	425	-1
301	428	-1
301	429	1
301	433	-1
301	441	1
301	443	1
301	445	-1
301	454	-1
301	457	-1
301	459	-1
301	461	1
301	462	-1
301	468	1
301	469	-1
301	471	1
301	472	1
301	473	-1
301	476	1
301	482	1
301	483	-1
301	486	1
301	487	1
301	488	1
301	493	-1
301	497	1
302	303	-1
302	304	1
302	305	1
302	306	-1
302	308	-1
302	309	-1
302	311	-1
302	314	1
302	317	1
302	321	-1
302	328	1
302	330	1
302	333	-1
302	334	-1
302	335	-1
302	336	-1
302	338	-1
302	341	1
302	345	1
302	347	-1
302	353	1
302	354	-1
302	356	1
302	363	-1
302	366	-1
302	367	-1
302	368	-1
302	374	1
302	375	-1
302	378	1
302	386	-1
302	387	-1
302	388	-1
302	389	1
302	397	-1
302	401	-1
302	402	-1
302	405	-1
302	406	-1
302	407	-1
302	411	1
302	412	-1
302	413	-1
302	414	1
302	417	1
302	422	1
302	424	1
302	426	-1
302	427	1
302	433	1
302	434	1
302	436	1
302	438	1
302	445	-1
302	446	1
302	447	-1
302	449	-1
302	453	1
302	454	-1
302	455	1
302	459	1
302	460	-1
302	461	-1
302	466	1
302	468	1
302	471	-1
302	472	1
302	473	1
302	474	-1
302	476	-1
302	477	1
302	479	1
302	480	1
302	483	1
302	484	1
302	485	1
302	490	-1
302	494	1
302	495	-1
302	499	-1
303	304	-1
303	306	1
303	312	1
303	313	1
303	314	-1
303	315	-1
303	316	1
303	324	1
303	325	-1
303	326	-1
303	328	1
303	330	1
303	343	-1
303	344	-1
303	352	-1
303	353	1
303	354	-1
303	358	1
303	364	-1
303	373	-1
303	374	1
303	376	1
303	378	1
303	388	1
303	391	1
303	392	1
303	394	1
303	395	1
303	397	-1
303	403	1
303	406	1
303	409	-1
303	411	1
303	414	1
303	415	-1
303	417	-1
303	419	1
303	421	1
303	422	1
303	423	1
303	424	-1
303	425	1
303	428	1
303	439	-1
303	440	-1
303	442	1
303	447	1
303	451	-1
303	455	-1
303	457	1
303	459	-1
303	461	-1
303	465	-1
303	467	-1
303	476	-1
303	485	1
303	486	-1
303	487	-1
303	488	-1
303	491	-1
303	495	-1
303	499	-1
304	305	-1
304	309	-1
304	315	-1
304	316	-1
304	323	-1
304	325	1
304	326	-1
304	329	-1
304	330	1
304	336	-1
304	337	1
304	338	1
304	339	1
304	344	-1
304	345	-1
304	349	-1
304	352	1
304	353	-1
304	354	-1
304	358	-1
304	359	-1
304	362	1
304	363	1
304	366	1
304	367	1
304	368	1
304	372	-1
304	373	-1
304	374	-1
304	378	-1
304	381	1
304	382	-1
304	383	1
304	385	1
304	387	1
304	389	-1
304	390	1
304	391	-1
304	393	-1
304	394	1
304	399	-1
304	401	-1
304	403	1
304	411	1
304	416	1
304	417	-1
304	418	1
304	421	1
304	423	-1
304	424	-1
304	425	1
304	428	1
304	432	1
304	434	-1
304	439	-1
304	444	1
304	448	1
304	450	-1
304	451	1
304	452	-1
304	453	1
304	457	-1
304	458	-1
304	459	1
304	460	1
304	462	1
304	463	-1
304	474	-1
304	475	1
304	480	-1
304	488	1
304	490	-1
304	496	1
304	499	-1
305	306	-1
305	307	-1
305	311	-1
305	314	-1
305	316	-1
305	317	1
305	318	1
305	319	-1
305	325	-1
305	326	-1
305	327	1
305	331	1
305	336	-1
305	338	1
305	342	1
305	345	1
305	346	1
305	348	1
305	351	-1
305	353	1
305	355	1
305	356	-1
305	357	1
305	358	-1
305	361	1
305	368	-1
305	369	1
305	370	1
305	382	-1
305	383	1
305	386	-1
305	388	1
305	394	1
305	398	-1
305	399	-1
305	401	-1
305	404	1
305	406	1
305	408	1
305	413	-1
305	418	1
305	419	-1
305	427	-1
305	428	1
305	429	-1
305	430	1
305	440	-1
305	443	-1
305	444	-1
305	445	1
305	449	1
305	451	-1
305	453	1
305	457	1
305	458	-1
305	459	1
305	460	-1
305	462	-1
305	468	1
305	470	1
305	472	-1
305	473	-1
305	476	-1
305	478	1
305	479	-1
305	485	1
305	486	1
305	488	-1
305	490	1
305	492	1
305	495	-1
306	307	-1
306	308	-1
306	313	1
306	314	-1
306	317	-1
306	320	-1
306	321	-1
306	328	1
306	331	-1
306	336	-1
306	338	1
306	339	1
306	340	1
306	343	1
306	344	1
306	345	1
306	346	1
306	348	-1
306	352	1
306	353	-1
306	359	-1
306	367	1
306	370	1
306	374	1
306	375	-1
306	383	1
306	388	-1
306	390	1
306	393	1
306	394	1
306	398	1
306	399	-1
306	404	1
306	405	1
306	416	1
306	420	1
306	422	-1
306	425	-1
306	427	1
306	428	1
306	430	-1
306	432	1
306	433	1
306	437	-1
306	438	1
306	441	-1
306	443	-1
306	444	-1
306	448	-1
306	449	-1
306	451	-1
306	456	-1
306	457	1
306	459	1
306	460	1
306	462	1
306	473	-1
306	475	1
306	483	-1
306	488	1
306	489	-1
306	492	1
306	493	-1
306	494	-1
306	496	-1
306	498	-1
306	499	1
307	309	1
307	313	-1
307	314	-1
307	316	1
307	317	-1
307	322	-1
307	331	1
307	334	-1
307	337	1
307	340	-1
307	341	-1
307	343	1
307	347	1
307	348	1
307	350	1
307	353	-1
307	357	1
307	358	1
307	362	1
307	363	1
307	367	-1
307	369	-1
307	370	-1
307	371	1
307	373	-1
307	375	-1
307	377	1
307	378	-1
307	386	-1
307	387	1
307	390	1
307	391	-1
307	393	-1
307	394	1
307	396	1
307	397	1
307	401	-1
307	404	-1
307	408	1
307	413	-1
307	415	1
307	417	1
307	418	1
307	419	-1
307	420	-1
307	421	-1
307	423	-1
307	433	1
307	434	1
307	437	-1
307	438	1
307	439	-1
307	443	1
307	445	1
307	450	-1
307	457	-1
307	458	-1
307	462	1
307	464	1
307	465	1
307	467	1
307	469	1
307	470	1
307	474	1
307	476	-1
307	477	-1
307	481	-1
307	482	1
307	484	-1
307	485	-1
307	486	1
307	488	1
307	490	1
307	491	1
307	494	-1
307	496	-1
308	310	1
308	317	-1
308	318	1
308	322	1
308	325	1
308	327	1
308	330	-1
308	331	-1
308	335	-1
308	336	-1
308	338	-1
308	339	-1
308	342	1
308	350	1
308	352	-1
308	355	1
308	363	-1
308	364	-1
308	370	-1
308	371	1
308	375	1
308	376	-1
308	379	-1
308	380	-1
308	385	1
308	386	-1
308	387	1
308	389	1
308	391	-1
308	392	1
308	395	1
308	398	1
308	402	1
308	404	-1
308	405	1
308	408	-1
308	410	-1
308	411	-1
308	414	1
308	417	1
308	425	-1
308	426	-1
308	430	-1
308	434	-1
308	438	1
308	441	1
308	442	1
308	443	1
308	448	-1
308	449	-1
308	456	1
308	459	1
308	465	-1
308	469	-1
308	471	1
308	472	1
308	475	1
308	477	-1
308	478	-1
308	485	-1
308	489	1
308	490	-1
308	492	1
308	493	-1
308	494	1
308	497	-1
308	498	-1
308	499	1
309	310	1
309	311	1
309	313	-1
309	314	-1
309	315	1
309	316	1
309	318	-1
309	319	-1
309	320	1
309	321	-1
309	324	1
309	325	1
309	332	1
309	333	-1
309	334	1
309	335	-1
309	338	-1
309	341	1
309	342	-1
309	346	1
309	351	-1
309	355	-1
309	356	-1
309	357	1
309	360	-1
309	370	-1
309	374	-1
309	375	-1
309	376	1
309	378	-1
309	384	1
309	386	-1
309	387	-1
309	388	1
309	390	1
309	391	-1
309	393	1
309	398	1
309	400	-1
309	402	1
309	407	-1
309	409	1
309	410	-1
309	413	-1
309	415	-1
309	416	1
309	426	-1
309	429	-1
309	430	-1
309	436	-1
309	443	-1
309	446	-1
309	448	1
309	449	-1
309	452	-1
309	454	-1
309	455	1
309	456	-1
309	458	-1
309	459	-1
309	460	-1
309	461	1
309	466	-1
309	475	-1
309	476	-1
309	477	-1
309	479	1
309	481	1
309	482	1
309	483	-1
309	484	1
309	485	1
309	486	-1
309	487	-1
309	488	1
309	490	1
309	492	-1
309	495	1
309	497	-1
309	499	-1
310	311	1
310	314	1
310	317	-1
310	318	1
310	319	-1
310	324	-1
310	325	1
310	326	1
310	327	1
310	336	-1
310	337	1
310	341	-1
310	343	-1
310	344	-1
310	349	1
310	352	1
310	355	1
310	357	1
310	360	1
310	361	-1
310	362	-1
310	368	-1
310	369	1
310	374	1
310	379	-1
310	381	-1
310	382	1
310	383	-1
310	390	-1
310	395	1
310	397	1
310	399	1
310	400	-1
310	401	-1
310	403	-1
310	406	1
310	407	1
310	410	1
310	412	1
310	414	-1
310	417	-1
310	418	1
310	423	-1
310	427	1
310	431	-1
310	432	-1
310	434	1
310	435	1
310	438	-1
310	440	1
310	442	-1
310	444	-1
310	446	1
310	448	-1
310	452	1
310	464	-1
310	467	1
310	468	1
310	469	1
310	471	-1
310	472	1
310	480	1
310	485	-1
310	486	-1
310	489	-1
310	491	1
310	493	1
311	313	-1
311	314	1
311	316	-1
311	317	-1
311	319	-1
311	320	-1
311	322	-1
311	324	-1
311	326	1
311	327	-1
311	331	1
311	336	-1
311	338	-1
311	340	-1
311	343	1
311	348	-1
311	352	1
311	356	1
311	363	1
311	364	-1
311	367	1
311	368	1
311	372	1
311	377	1
311	381	1
311	383	1
311	385	1
311	387	-1
311	388	-1
311	390	1
311	392	-1
311	396	1
311	397	-1
311	398	-1
311	399	1
311	406	-1
311	409	1
311	410	-1
311	412	1
311	415	1
311	422	1
311	424	1
311	431	-1
311	434	-1
311	435	-1
311	438	1
311	440	1
311	444	-1
311	445	-1
311	456	1
311	457	-1
311	459	1
311	466	1
311	468	-1
311	470	-1
311	471	-1
311	473	-1
311	475	-1
311	476	-1
311	478	-1
311	486	1
311	491	1
311	497	-1
312	313	-1
312	317	-1
312	319	1
312	320	1
312	324	-1
312	330	-1
312	331	1
312	333	-1
312	335	1
312	336	1
312	338	-1
312	343	1
312	345	-1
312	347	1
312	350	1
312	351	1
312	352	-1
312	355	1
312	356	1
312	357	-1
312	360	1
312	364	-1
312	369	1
312	370	1
312	372	-1
312	374	-1
312	377	1
312	378	-1
312	384	-1
312	387	-1
312	394	1
312	398	1
312	399	-1
312	402	1
312	403	-1
312	405	-1
312	407	-1
312	408	-1
312	409	-1
312	418	-1
312	421	-1
312	422	-1
312	427	-1
312	430	1
312	434	-1
312	440	-1
312	443	-1
312	449	-1
312	455	-1
312	456	-1
312	457	1
312	464	-1
312	465	1
312	471	-1
312	474	-1
312	476	1
312	478	-1
312	479	1
312	480	-1
312	482	1
312	486	-1
312	487	1
312	488	1
312	490	1
312	491	-1
312	496	1
312	497	-1
312	498	-1
312	499	-1
313	314	1
313	318	1
313	320	1
313	324	-1
313	330	1
313	333	1
313	340	-1
313	343	-1
313	350	-1
313	352	-1
313	353	-1
313	361	1
313	368	1
313	370	1
313	371	-1
313	375	-1
313	381	-1
313	385	-1
313	388	-1
313	389	1
313	390	-1
313	391	-1
313	392	1
313	399	-1
313	402	-1
313	406	1
313	407	-1
313	408	1
313	410	-1
313	412	-1
313	414	1
313	416	1
313	418	1
313	420	1
313	426	-1
313	428	1
313	430	-1
313	433	-1
313	438	1
313	442	1
313	445	-1
313	446	-1
313	447	1
313	448	1
313	450	1
313	451	1
313	455	1
313	459	-1
313	462	-1
313	465	-1
313	467	1
313	468	-1
313	472	-1
313	473	1
313	474	1
313	477	1
313	484	-1
313	492	1
313	493	-1
313	494	-1
314	318	1
314	323	1
314	326	1
314	331	1
314	340	-1
314	344	-1
314	345	1
314	346	-1
314	348	1
314	351	1
314	352	-1
314	357	1
314	360	-1
314	361	-1
314	362	-1
314	366	-1
314	367	1
314	369	-1
314	374	1
314	377	1
314	380	1
314	383	-1
314	388	1
314	396	-1
314	397	-1
314	398	-1
314	406	-1
314	412	1
314	413	-1
314	414	-1
314	415	-1
314	417	-1
314	421	-1
314	423	1
314	425	-1
314	426	-1
314	427	-1
314	434	-1
314	435	-1
314	438	1
314	439	1
314	443	-1
314	447	1
314	449	1
314	450	-1
314	452	1
314	454	-1
314	455	1
314	456	1
314	460	1
314	461	1
314	462	1
314	465	1
314	471	-1
314	475	-1
314	476	-1
314	477	1
314	478	-1
314	479	1
314	480	1
314	481	1
314	482	1
314	487	-1
314	490	-1
314	492	1
314	494	-1
314	496	1
314	498	-1
314	499	-1
315	316	-1
315	317	1
315	318	-1
315	324	-1
315	325	-1
315	326	1
315	327	1
315	328	-1
315	335	1
315	339	-1
315	343	1
315	344	-1
315	346	1
315	347	-1
315	356	1
315	358	-1
315	366	-1
315	375	1
315	384	-1
315	393	1
315	394	-1
315	396	-1
315	397	-1
315	398	-1
315	400	-1
315	401	1
315	403	-1
315	405	-1
315	406	1
315	408	1
315	411	1
315	415	-1
315	419	-1
315	424	1
315	426	-1
315	428	1
315	432	-1
315	437	1
315	438	-1
315	441	-1
315	447	-1
315	448	-1
315	450	-1
315	457	-1
315	465	-1
315	466	-1
315	471	-1
315	472	1
315	474	1
315	476	1
315	480	1
315	481	1
315	485	1
315	487	-1
315	488	-1
315	490	-1
315	493	1
315	494	-1
315	495	-1
315	497	-1
316	318	-1
316	319	-1
316	323	1
316	326	-1
316	330	1
316	331	1
316	332	1
316	346	1
316	348	1
316	351	-1
316	359	1
316	363	1
316	365	1
316	366	1
316	367	1
316	371	1
316	373	-1
316	376	1
316	379	-1
316	381	1
316	391	-1
316	395	-1
316	401	-1
316	402	-1
316	405	-1
316	408	1
316	409	-1
316	410	1
316	411	-1
316	413	1
316	415	1
316	420	1
316	421	1
316	430	1
316	432	1
316	433	-1
316	439	1
316	441	1
316	442	1
316	445	1
316	446	1
316	448	1
316	450	-1
316	452	1
316	456	-1
316	457	-1
316	459	-1
316	460	-1
316	462	1
316	464	-1
316	469	1
316	472	1
316	474	-1
316	490	-1
316	493	1
316	498	-1
316	499	-1
317	318	1
317	321	-1
317	324	-1
317	326	-1
317	331	-1
317	334	1
317	340	-1
317	341	1
317	343	-1
317	344	-1
317	347	1
317	359	-1
317	360	-1
317	361	-1
317	362	1
317	366	-1
317	372	1
317	375	1
317	376	-1
317	379	1
317	380	1
317	381	-1
317	386	-1
317	389	1
317	390	1
317	393	1
317	394	1
317	398	1
317	399	1
317	400	-1
317	403	-1
317	404	1
317	408	1
317	409	1
317	416	-1
317	418	1
317	420	1
317	421	1
317	422	1
317	423	-1
317	426	1
317	428	1
317	429	-1
317	430	-1
317	435	-1
317	436	1
317	437	-1
317	438	1
317	439	-1
317	440	1
317	441	1
317	445	1
317	452	-1
317	455	1
317	456	1
317	460	1
317	461	1
317	463	-1
317	468	1
317	472	1
317	473	-1
317	477	-1
317	481	1
317	482	1
317	487	-1
317	490	1
317	491	1
317	492	-1
317	495	1
317	497	-1
318	321	-1
318	324	1
318	327	1
318	330	1
318	331	-1
318	332	-1
318	333	1
318	336	-1
318	338	1
318	340	1
318	341	-1
318	348	1
318	351	-1
318	356	1
318	361	1
318	363	1
318	364	-1
318	365	1
318	366	1
318	367	1
318	370	1
318	372	1
318	374	1
318	387	-1
318	390	1
318	392	-1
318	393	-1
318	394	-1
318	395	-1
318	396	-1
318	397	1
318	399	1
318	401	1
318	403	1
318	405	1
318	407	1
318	410	-1
318	414	-1
318	426	-1
318	428	1
318	432	-1
318	436	1
318	440	-1
318	442	-1
318	447	-1
318	449	-1
318	452	-1
318	453	1
318	454	1
318	457	-1
318	459	-1
318	460	1
318	465	-1
318	467	1
318	469	-1
318	470	1
318	471	-1
318	483	1
318	486	-1
318	487	-1
318	489	1
318	497	1
318	498	-1
319	324	-1
319	325	-1
319	328	1
319	330	1
319	331	-1
319	332	-1
319	333	1
319	335	-1
319	337	-1
319	342	1
319	348	1
319	350	1
319	354	1
319	360	-1
319	363	1
319	364	-1
319	366	-1
319	376	1
319	378	1
319	384	-1
319	386	1
319	390	-1
319	393	1
319	394	1
319	395	1
319	396	-1
319	397	-1
319	399	1
319	401	-1
319	402	1
319	403	-1
319	406	-1
319	407	-1
319	411	-1
319	415	-1
319	419	-1
319	422	1
319	423	1
319	431	-1
319	435	1
319	439	1
319	440	1
319	443	-1
319	445	-1
319	446	-1
319	447	-1
319	451	-1
319	452	-1
319	456	1
319	458	1
319	459	1
319	460	1
319	471	1
319	472	1
319	473	-1
319	475	-1
319	476	-1
319	479	-1
319	493	1
319	496	1
319	499	-1
320	321	1
320	326	-1
320	327	-1
320	328	1
320	332	1
320	335	-1
320	336	1
320	345	1
320	348	-1
320	349	-1
320	350	-1
320	358	1
320	362	-1
320	368	-1
320	371	-1
320	372	1
320	375	-1
320	377	-1
320	381	1
320	382	-1
320	384	-1
320	385	-1
320	386	1
320	388	-1
320	395	-1
320	397	-1
320	398	1
320	399	1
320	401	-1
320	408	-1
320	415	-1
320	417	-1
320	419	-1
320	423	1
320	428	-1
320	429	1
320	431	-1
320	432	-1
320	434	1
320	436	1
320	441	-1
320	442	-1
320	443	-1
320	444	-1
320	446	1
320	449	1
320	453	1
320	455	-1
320	457	-1
320	458	1
320	469	-1
320	472	-1
320	482	1
320	486	1
320	489	-1
320	491	1
320	493	-1
320	494	1
320	495	1
320	497	1
320	498	1
320	499	-1
321	324	1
321	330	1
321	333	-1
321	334	1
321	338	1
321	345	1
321	346	1
321	352	1
321	355	1
321	360	-1
321	362	-1
321	363	-1
321	364	1
321	365	-1
321	369	-1
321	370	1
321	371	-1
321	372	1
321	373	-1
321	374	-1
321	375	1
321	377	1
321	378	-1
321	380	-1
321	387	-1
321	388	1
321	392	-1
321	394	1
321	396	1
321	399	-1
321	401	-1
321	406	1
321	409	-1
321	410	-1
321	411	1
321	416	1
321	428	1
321	429	1
321	433	1
321	434	1
321	437	-1
321	444	-1
321	447	1
321	449	-1
321	450	1
321	452	1
321	454	1
321	456	1
321	461	-1
321	468	1
321	469	-1
321	470	-1
321	473	1
321	480	-1
321	485	1
321	487	1
321	489	1
321	492	-1
321	494	-1
321	497	1
322	327	1
322	330	1
322	332	1
322	333	1
322	335	1
322	345	-1
322	349	1
322	353	-1
322	356	1
322	357	-1
322	359	-1
322	361	-1
322	365	1
322	366	1
322	367	-1
322	368	1
322	371	-1
322	374	1
322	376	1
322	378	1
322	379	1
322	381	1
322	382	-1
322	385	-1
322	386	1
322	387	1
322	388	1
322	390	-1
322	394	1
322	395	1
322	396	1
322	408	1
322	411	1
322	412	1
322	414	-1
322	417	-1
322	418	1
322	422	1
322	423	1
322	424	-1
322	428	-1
322	433	1
322	438	-1
322	445	1
322	450	-1
322	451	-1
322	458	-1
322	460	-1
322	465	-1
322	473	-1
322	475	1
322	477	-1
322	478	1
322	485	-1
322	486	-1
322	487	-1
322	493	1
322	494	-1
322	496	-1
323	325	-1
323	327	1
323	329	1
323	331	1
323	340	-1
323	343	1
323	349	1
323	359	-1
323	367	1
323	370	1
323	371	-1
323	372	-1
323	375	1
323	377	-1
323	380	1
323	382	1
323	396	1
323	402	-1
323	405	1
323	407	-1
323	413	-1
323	414	-1
323	421	-1
323	422	-1
323	430	1
323	432	1
323	437	1
323	438	-1
323	441	1
323	444	1
323	445	-1
323	447	1
323	453	1
323	454	-1
323	456	1
323	461	1
323	462	-1
323	472	1
323	473	-1
323	475	1
323	476	-1
323	482	-1
323	485	-1
323	488	-1
323	492	-1
323	494	-1
323	496	-1
323	498	-1
324	325	1
324	335	-1
324	341	-1
324	343	-1
324	346	1
324	348	-1
324	350	-1
324	353	1
324	354	1
324	355	1
324	356	-1
324	357	-1
324	358	-1
324	359	-1
324	365	1
324	369	-1
324	373	-1
324	375	1
324	376	1
324	381	1
324	383	-1
324	384	1
324	386	-1
324	388	-1
324	391	-1
324	395	-1
324	396	1
324	401	1
324	403	1
324	405	1
324	411	1
324	415	1
324	417	1
324	418	-1
324	421	1
324	423	-1
324	424	1
324	427	1
324	428	1
324	429	1
324	439	1
324	442	-1
324	450	-1
324	452	-1
324	453	1
324	457	-1
324	459	1
324	460	-1
324	461	-1
324	462	-1
324	466	1
324	468	1
324	473	1
324	477	1
324	480	-1
324	481	-1
324	482	1
324	485	1
324	486	-1
324	487	1
324	489	1
324	490	1
324	492	-1
324	494	1
324	495	1
324	497	-1
324	499	-1
325	326	1
325	327	1
325	328	1
325	330	1
325	331	1
325	333	1
325	345	1
325	346	-1
325	348	1
325	351	1
325	356	1
325	358	1
325	361	-1
325	365	-1
325	374	-1
325	378	-1
325	382	-1
325	385	1
325	386	-1
325	387	-1
325	388	1
325	390	-1
325	395	-1
325	396	-1
325	398	1
325	401	-1
325	411	1
325	416	-1
325	417	-1
325	420	-1
325	422	-1
325	424	-1
325	426	1
325	429	1
325	432	-1
325	434	-1
325	437	-1
325	439	-1
325	440	1
325	442	1
325	444	1
325	447	1
325	448	-1
325	450	1
325	451	-1
325	455	1
325	458	-1
325	459	1
325	460	1
325	462	1
325	464	1
325	465	-1
325	468	-1
325	473	1
325	476	1
325	479	-1
325	480	-1
325	483	-1
325	489	1
325	490	-1
325	496	1
325	498	-1
326	328	1
326	333	1
326	335	-1
326	336	1
326	337	1
326	343	-1
326	348	-1
326	353	-1
326	356	1
326	357	-1
326	363	1
326	367	-1
326	370	1
326	373	1
326	375	1
326	376	-1
326	377	1
326	379	-1
326	380	1
326	383	-1
326	384	1
326	389	1
326	390	-1
326	392	-1
326	395	-1
326	397	1
326	400	1
326	401	-1
326	402	1
326	403	1
326	407	-1
326	408	1
326	413	-1
326	415	-1
326	417	1
326	418	-1
326	421	1
326	423	1
326	428	1
326	429	1
326	434	1
326	437	1
326	441	-1
326	446	1
326	447	-1
326	449	-1
326	450	1
326	455	1
326	456	1
326	457	-1
326	458	1
326	459	1
326	460	1
326	465	1
326	466	-1
326	467	-1
326	470	-1
326	475	-1
326	477	1
326	483	1
326	489	1
326	491	-1
326	492	-1
326	493	-1
326	494	1
326	496	-1
326	497	1
326	499	1
327	330	-1
327	331	1
327	332	1
327	334	1
327	340	-1
327	341	1
327	342	1
327	344	-1
327	345	1
327	346	1
327	350	1
327	352	-1
327	355	-1
327	358	1
327	359	-1
327	360	1
327	366	1
327	370	-1
327	374	-1
327	377	-1
327	379	-1
327	382	1
327	384	-1
327	385	-1
327	388	1
327	401	1
327	402	-1
327	403	1
327	404	1
327	406	1
327	407	1
327	408	1
327	412	1
327	418	-1
327	425	1
327	427	-1
327	436	-1
327	438	1
327	445	-1
327	446	1
327	448	1
327	460	1
327	463	-1
327	469	-1
327	470	1
327	471	1
327	475	1
327	478	1
327	479	-1
327	481	-1
327	491	1
327	495	-1
327	499	1
328	329	1
328	333	1
328	334	-1
328	336	-1
328	338	1
328	340	1
328	341	1
328	346	-1
328	350	-1
328	351	-1
328	353	-1
328	356	-1
328	362	-1
328	365	1
328	366	1
328	369	1
328	373	1
328	375	1
328	377	-1
328	386	-1
328	388	-1
328	392	-1
328	393	-1
328	396	-1
328	397	1
328	400	-1
328	406	1
328	411	1
328	415	-1
328	423	-1
328	435	1
328	437	1
328	441	1
328	443	-1
328	445	1
328	446	1
328	450	1
328	455	1
328	456	1
328	459	1
328	463	1
328	464	1
328	468	1
328	470	1
328	471	1
328	472	-1
328	478	-1
328	479	-1
328	481	1
328	485	1
328	489	1
328	490	-1
328	491	-1
328	495	-1
329	332	-1
329	335	-1
329	338	1
329	340	1
329	342	1
329	343	1
329	345	-1
329	346	1
329	350	1
329	351	1
329	354	1
329	355	-1
329	359	-1
329	360	1
329	361	-1
329	364	-1
329	365	-1
329	366	1
329	367	-1
329	371	-1
329	374	-1
329	375	-1
329	381	1
329	383	-1
329	384	1
329	387	1
329	388	-1
329	390	1
329	396	1
329	398	1
329	401	-1
329	403	-1
329	404	-1
329	405	-1
329	408	-1
329	410	-1
329	411	-1
329	412	-1
329	417	-1
329	419	-1
329	420	1
329	421	-1
329	422	-1
329	424	1
329	427	-1
329	432	1
329	435	1
329	438	-1
329	441	-1
329	445	1
329	450	-1
329	453	-1
329	455	1
329	457	-1
329	464	1
329	465	1
329	475	1
329	480	1
329	483	-1
329	484	-1
329	489	-1
329	490	-1
329	495	-1
329	496	1
329	497	-1
330	333	-1
330	339	-1
330	345	-1
330	349	1
330	355	-1
330	356	-1
330	357	1
330	358	-1
330	360	-1
330	365	-1
330	366	1
330	367	-1
330	368	-1
330	372	-1
330	379	-1
330	384	1
330	385	-1
330	386	-1
330	388	-1
330	389	1
330	392	1
330	396	1
330	399	1
330	400	1
330	401	-1
330	403	1
330	405	-1
330	408	-1
330	413	1
330	414	1
330	417	1
330	418	1
330	425	-1
330	429	1
330	430	1
330	432	-1
330	436	1
330	443	1
330	444	1
330	445	1
330	446	1
330	448	-1
330	449	-1
330	451	1
330	456	-1
330	458	1
330	460	1
330	462	-1
330	467	1
330	470	-1
330	475	1
330	476	-1
330	478	1
330	479	1
330	481	1
330	483	1
330	487	-1
330	489	-1
330	491	1
330	497	1
330	498	-1
330	499	1
331	332	1
331	335	1
331	336	-1
331	347	-1
331	349	-1
331	350	-1
331	354	-1
331	356	-1
331	358	1
331	364	-1
331	366	1
331	368	1
331	374	1
331	382	1
331	384	-1
331	391	-1
331	392	-1
331	394	1
331	400	1
331	401	1
331	402	1
331	404	1
331	406	-1
331	409	1
331	410	-1
331	411	-1
331	415	-1
331	417	-1
331	418	1
331	432	1
331	437	1
331	442	-1
331	444	1
331	448	1
331	451	-1
331	452	1
331	454	1
331	457	1
331	461	-1
331	463	1
331	464	1
331	466	-1
331	468	1
331	471	1
331	474	-1
331	475	-1
331	479	-1
331	482	-1
331	488	-1
331	491	1
331	494	-1
331	497	-1
331	498	-1
332	337	-1
332	340	-1
332	347	1
332	349	1
332	355	-1
332	357	1
332	358	1
332	360	1
332	363	1
332	364	-1
332	365	1
332	368	1
332	369	-1
332	370	1
332	372	-1
332	382	1
332	385	-1
332	389	1
332	390	1
332	395	-1
332	397	1
332	398	-1
332	402	-1
332	403	-1
332	405	-1
332	406	-1
332	410	-1
332	411	-1
332	418	-1
332	420	-1
332	426	-1
332	429	-1
332	431	1
332	433	-1
332	434	1
332	436	-1
332	440	-1
332	445	1
332	449	1
332	451	-1
332	454	1
332	455	-1
332	457	1
332	461	-1
332	462	1
332	465	-1
332	466	-1
332	468	1
332	470	-1
332	482	-1
332	483	1
332	485	-1
332	486	-1
332	488	1
332	490	-1
332	493	-1
332	494	-1
332	495	-1
332	497	1
333	335	1
333	338	-1
333	339	1
333	342	-1
333	355	1
333	359	-1
333	362	-1
333	366	-1
333	375	1
333	379	1
333	380	-1
333	381	1
333	385	-1
333	393	-1
333	396	1
333	400	-1
333	402	-1
333	404	1
333	407	-1
333	408	1
333	410	-1
333	415	1
333	418	1
333	420	-1
333	421	1
333	422	-1
333	423	1
333	424	-1
333	426	1
333	428	1
333	429	1
333	434	1
333	437	1
333	445	1
333	447	1
333	448	1
333	451	1
333	454	-1
333	456	1
333	459	1
333	460	-1
333	461	-1
333	463	1
333	469	1
333	471	-1
333	472	-1
333	475	1
333	477	1
333	480	-1
333	482	1
333	484	1
333	488	1
333	491	-1
333	493	-1
333	495	1
333	497	-1
333	498	1
334	335	1
334	342	1
334	346	1
334	348	1
334	350	-1
334	352	1
334	355	-1
334	356	1
334	357	-1
334	358	-1
334	359	-1
334	361	1
334	363	1
334	366	1
334	367	-1
334	368	1
334	373	-1
334	375	1
334	376	1
334	380	-1
334	386	1
334	388	1
334	392	-1
334	393	1
334	397	1
334	399	-1
334	402	-1
334	403	1
334	405	1
334	408	1
334	409	1
334	410	1
334	412	1
334	417	1
334	419	1
334	421	-1
334	423	-1
334	428	1
334	430	1
334	431	1
334	432	-1
334	434	1
334	435	-1
334	439	-1
334	440	-1
334	447	1
334	454	-1
334	456	1
334	458	-1
334	461	-1
334	463	-1
334	464	1
334	465	1
334	467	-1
334	468	-1
334	475	-1
334	477	-1
334	480	1
334	481	1
334	482	-1
334	484	-1
334	490	1
334	491	-1
334	492	1
334	495	1
334	496	1
334	499	-1
335	336	-1
335	337	-1
335	338	1
335	339	1
335	347	1
335	349	-1
335	350	-1
335	351	1
335	352	-1
335	355	1
335	358	1
335	360	-1
335	362	-1
335	367	-1
335	369	1
335	371	1
335	372	1
335	373	1
335	374	1
335	375	-1
335	383	1
335	385	-1
335	388	1
335	390	-1
335	393	-1
335	396	1
335	399	1
335	400	-1
335	402	-1
335	404	-1
335	406	1
335	409	1
335	410	-1
335	411	-1
335	412	1
335	414	1
335	418	1
335	421	1
335	424	-1
335	430	-1
335	432	1
335	435	1
335	438	-1
335	440	1
335	445	-1
335	450	-1
335	451	-1
335	452	-1
335	454	-1
335	456	1
335	460	-1
335	461	1
335	466	-1
335	467	-1
335	469	1
335	472	-1
335	473	1
335	474	-1
335	476	1
335	479	-1
335	481	-1
335	482	-1
335	483	-1
335	490	-1
335	491	-1
335	493	1
335	495	1
335	497	1
335	499	1
336	339	1
336	344	-1
336	350	1
336	351	1
336	356	-1
336	358	-1
336	359	-1
336	360	1
336	370	-1
336	371	1
336	372	-1
336	385	-1
336	387	-1
336	390	1
336	391	1
336	394	1
336	395	-1
336	397	-1
336	398	1
336	400	1
336	405	1
336	407	1
336	410	1
336	411	1
336	414	-1
336	415	-1
336	418	1
336	420	-1
336	421	-1
336	423	1
336	425	1
336	426	-1
336	429	-1
336	432	-1
336	437	1
336	438	-1
336	446	-1
336	450	-1
336	452	1
336	453	-1
336	455	1
336	458	1
336	463	-1
336	464	-1
336	472	1
336	478	-1
336	479	1
336	480	-1
336	481	1
336	484	-1
336	485	1
336	488	-1
336	489	1
336	491	1
336	493	1
336	494	1
336	497	-1
337	340	-1
337	347	-1
337	349	1
337	352	1
337	357	-1
337	360	1
337	369	1
337	373	-1
337	385	-1
337	386	1
337	388	1
337	394	-1
337	400	-1
337	409	1
337	412	-1
337	418	1
337	419	1
337	421	1
337	422	1
337	423	-1
337	424	1
337	430	1
337	431	-1
337	435	-1
337	436	-1
337	438	1
337	442	-1
337	445	-1
337	446	1
337	449	-1
337	453	-1
337	454	-1
337	458	1
337	469	-1
337	479	1
337	481	1
337	487	-1
337	488	1
337	489	-1
337	490	1
337	491	-1
337	494	-1
337	497	1
338	339	-1
338	340	-1
338	341	-1
338	344	1
338	345	-1
338	349	-1
338	352	-1
338	353	-1
338	357	-1
338	358	-1
338	359	1
338	362	-1
338	363	-1
338	365	1
338	369	-1
338	370	-1
338	373	-1
338	374	-1
338	375	-1
338	376	1
338	377	-1
338	380	-1
338	384	-1
338	385	-1
338	388	1
338	389	1
338	391	1
338	392	1
338	393	-1
338	398	1
338	403	-1
338	409	-1
338	412	1
338	418	1
338	419	1
338	430	1
338	432	1
338	435	-1
338	438	-1
338	441	1
338	453	1
338	454	1
338	455	1
338	456	1
338	458	1
338	461	-1
338	462	-1
338	464	-1
338	470	-1
338	472	1
338	475	1
338	476	1
338	477	-1
338	478	1
338	482	-1
338	483	1
338	484	1
338	485	-1
338	486	1
338	490	-1
338	491	-1
338	492	1
338	494	1
338	495	-1
338	498	1
339	342	-1
339	343	1
339	345	1
339	346	-1
339	347	1
339	348	-1
339	349	1
339	350	1
339	351	1
339	352	-1
339	353	-1
339	360	1
339	362	-1
339	365	1
339	367	-1
339	371	1
339	372	1
339	377	1
339	378	-1
339	379	1
339	381	1
339	386	-1
339	389	-1
339	390	-1
339	396	-1
339	399	-1
339	402	1
339	405	-1
339	407	-1
339	408	-1
339	409	1
339	410	1
339	415	-1
339	426	-1
339	428	1
339	430	1
339	432	1
339	433	1
339	436	1
339	437	-1
339	443	1
339	444	-1
339	445	1
339	450	-1
339	453	1
339	455	1
339	457	-1
339	461	1
339	469	-1
339	472	1
339	476	-1
339	485	1
339	486	1
339	488	-1
340	343	1
340	344	-1
340	350	1
340	352	1
340	356	1
340	357	1
340	358	1
340	360	1
340	362	-1
340	365	1
340	367	1
340	384	1
340	385	-1
340	386	1
340	389	-1
340	390	1
340	391	-1
340	394	1
340	396	1
340	398	-1
340	400	1
340	401	1
340	404	-1
340	405	1
340	407	1
340	408	-1
340	411	-1
340	415	1
340	417	1
340	419	-1
340	420	1
340	424	1
340	428	1
340	429	-1
340	432	-1
340	435	-1
340	436	-1
340	438	1
340	442	-1
340	443	-1
340	444	-1
340	445	-1
340	448	1
340	451	1
340	454	1
340	455	1
340	458	-1
340	464	1
340	467	1
340	472	1
340	473	1
340	477	-1
340	480	1
340	488	-1
340	491	1
340	492	1
340	493	-1
340	495	1
340	496	-1
341	342	-1
341	348	-1
341	353	-1
341	354	-1
341	363	1
341	368	1
341	369	-1
341	373	1
341	376	-1
341	377	-1
341	380	1
341	381	1
341	383	-1
341	385	1
341	387	-1
341	390	-1
341	391	1
341	392	-1
341	394	1
341	397	-1
341	398	1
341	399	1
341	403	-1
341	405	-1
341	406	1
341	408	1
341	409	-1
341	410	-1
341	412	1
341	413	-1
341	416	1
341	427	1
341	430	1
341	432	1
341	434	-1
341	435	-1
341	438	1
341	440	-1
341	441	1
341	443	1
341	444	-1
341	450	-1
341	451	1
341	452	-1
341	454	1
341	457	1
341	459	-1
341	460	1
341	461	1
341	468	1
341	469	1
341	470	1
341	471	1
341	477	-1
341	480	1
341	482	-1
341	486	-1
341	489	1
341	495	-1
341	496	1
341	497	1
342	343	-1
342	344	-1
342	348	1
342	350	1
342	352	1
342	354	1
342	355	-1
342	356	1
342	362	1
342	366	-1
342	368	1
342	372	1
342	383	1
342	393	-1
342	394	-1
342	400	-1
342	408	1
342	416	-1
342	420	1
342	423	-1
342	426	-1
342	427	-1
342	429	-1
342	430	1
342	431	-1
342	432	-1
342	433	-1
342	434	1
342	438	1
342	439	-1
342	440	-1
342	443	1
342	445	1
342	449	-1
342	451	1
342	453	1
342	454	-1
342	457	1
342	463	-1
342	466	-1
342	469	1
342	470	1
342	471	1
342	475	1
342	480	-1
342	481	-1
342	482	1
342	484	1
342	486	-1
342	487	-1
342	489	-1
342	492	1
343	344	-1
343	347	1
343	350	-1
343	352	-1
343	353	-1
343	361	1
343	362	-1
343	364	1
343	367	1
343	370	-1
343	372	-1
343	377	-1
343	378	1
343	379	1
343	383	-1
343	385	-1
343	392	1
343	399	1
343	404	1
343	407	-1
343	409	-1
343	411	1
343	412	1
343	413	-1
343	414	-1
343	416	-1
343	424	-1
343	425	-1
343	429	1
343	431	-1
343	441	1
343	442	1
343	444	-1
343	445	-1
343	446	1
343	448	-1
343	449	1
343	452	1
343	454	1
343	456	-1
343	457	-1
343	458	-1
343	460	1
343	463	-1
343	464	-1
343	467	1
343	469	1
343	470	1
343	471	1
343	473	1
343	475	-1
343	483	1
343	486	-1
343	487	1
343	491	-1
343	494	-1
343	496	1
344	347	-1
344	354	1
344	356	-1
344	358	1
344	361	-1
344	363	1
344	372	1
344	375	-1
344	379	1
344	386	1
344	390	1
344	391	-1
344	392	1
344	393	1
344	397	-1
344	400	1
344	402	-1
344	403	1
344	404	1
344	406	1
344	408	1
344	410	1
344	419	1
344	420	-1
344	421	1
344	424	-1
344	426	-1
344	427	-1
344	429	-1
344	432	1
344	433	1
344	434	-1
344	436	1
344	439	1
344	442	-1
344	444	1
344	449	1
344	450	1
344	454	1
344	455	-1
344	461	-1
344	466	1
344	467	1
344	470	1
344	473	-1
344	475	1
344	476	-1
344	483	-1
344	487	-1
344	488	-1
344	489	-1
344	490	1
344	492	1
344	493	-1
344	497	1
344	498	1
344	499	-1
345	346	-1
345	349	-1
345	350	-1
345	351	-1
345	355	1
345	356	-1
345	358	1
345	359	-1
345	363	1
345	364	-1
345	365	1
345	366	-1
345	367	1
345	368	1
345	370	1
345	371	1
345	375	-1
345	376	-1
345	382	1
345	385	1
345	388	-1
345	389	-1
345	390	1
345	392	1
345	393	-1
345	398	1
345	399	-1
345	400	1
345	402	1
345	410	-1
345	416	1
345	417	1
345	420	1
345	421	-1
345	429	-1
345	430	1
345	434	1
345	435	1
345	439	-1
345	440	1
345	444	1
345	446	-1
345	447	-1
345	448	-1
345	449	-1
345	457	-1
345	459	1
345	462	1
345	464	-1
345	465	1
345	467	-1
345	468	1
345	469	-1
345	470	-1
345	472	1
345	480	-1
345	481	1
345	488	-1
345	489	-1
345	494	-1
345	497	-1
346	347	1
346	348	-1
346	349	1
346	352	-1
346	353	-1
346	354	-1
346	355	-1
346	362	1
346	363	1
346	364	-1
346	367	-1
346	369	1
346	370	1
346	371	-1
346	378	1
346	379	-1
346	380	1
346	383	1
346	386	1
346	387	-1
346	388	-1
346	389	-1
346	390	1
346	391	1
346	392	1
346	393	-1
346	395	1
346	397	-1
346	398	1
346	400	1
346	408	-1
346	409	-1
346	412	-1
346	414	1
346	416	-1
346	425	-1
346	431	1
346	435	1
346	436	1
346	438	-1
346	440	-1
346	442	1
346	450	1
346	453	1
346	460	-1
346	461	1
346	463	1
346	464	1
346	465	-1
346	467	1
346	469	1
346	473	1
346	476	-1
346	477	-1
346	486	1
346	488	1
346	489	1
346	490	-1
346	492	-1
346	496	-1
346	498	-1
347	354	-1
347	357	1
347	358	1
347	359	-1
347	365	-1
347	366	1
347	367	-1
347	369	-1
347	371	1
347	374	1
347	375	1
347	376	1
347	382	-1
347	383	-1
347	384	-1
347	389	1
347	391	-1
347	398	1
347	403	-1
347	405	-1
347	408	1
347	409	-1
347	412	-1
347	413	1
347	415	-1
347	416	-1
347	418	1
347	420	1
347	426	-1
347	428	1
347	429	-1
347	430	-1
347	438	1
347	439	-1
347	440	-1
347	442	-1
347	444	1
347	448	-1
347	454	1
347	455	1
347	459	1
347	467	-1
347	471	-1
347	477	1
347	482	-1
347	488	-1
347	489	1
347	491	-1
347	492	1
347	494	1
347	496	1
348	353	-1
348	356	1
348	357	1
348	358	1
348	368	-1
348	383	1
348	384	-1
348	385	-1
348	388	-1
348	389	1
348	395	1
348	396	-1
348	397	-1
348	398	1
348	400	1
348	404	1
348	405	-1
348	406	-1
348	407	-1
348	411	-1
348	412	-1
348	415	-1
348	417	-1
348	418	-1
348	423	1
348	433	1
348	438	1
348	439	-1
348	445	-1
348	447	1
348	449	-1
348	450	1
348	451	-1
348	452	-1
348	453	1
348	456	1
348	458	-1
348	460	1
348	463	1
348	478	-1
348	482	1
348	484	-1
348	485	-1
348	486	1
348	495	1
348	496	1
348	499	-1
349	351	-1
349	354	1
349	356	-1
349	363	1
349	372	1
349	375	-1
349	377	1
349	379	-1
349	381	-1
349	382	1
349	388	-1
349	390	-1
349	392	1
349	395	1
349	397	-1
349	398	1
349	401	-1
349	402	-1
349	409	-1
349	410	-1
349	413	-1
349	420	1
349	421	1
349	424	1
349	426	-1
349	429	-1
349	433	1
349	434	-1
349	435	1
349	440	1
349	444	-1
349	448	1
349	450	1
349	451	1
349	452	-1
349	460	1
349	462	-1
349	463	1
349	468	1
349	469	1
349	477	-1
349	480	1
349	481	-1
349	483	1
349	486	1
349	487	1
349	488	-1
349	490	-1
349	492	1
349	493	1
349	498	1
350	351	-1
350	354	1
350	369	-1
350	377	-1
350	380	1
350	381	1
350	383	1
350	386	1
350	387	1
350	391	-1
350	393	1
350	395	1
350	396	-1
350	399	1
350	403	-1
350	405	1
350	411	1
350	412	1
350	414	1
350	423	-1
350	434	1
350	436	1
350	438	-1
350	441	1
350	442	1
350	444	-1
350	445	1
350	446	-1
350	450	1
350	452	1
350	453	-1
350	454	-1
350	459	-1
350	463	1
350	464	1
350	468	-1
350	482	1
350	483	1
350	489	-1
350	491	-1
350	493	-1
350	495	1
350	496	1
350	497	1
351	352	-1
351	353	-1
351	356	1
351	365	1
351	367	1
351	368	1
351	369	1
351	373	-1
351	377	-1
351	378	-1
351	380	1
351	381	1
351	384	-1
351	386	1
351	388	1
351	389	1
351	395	-1
351	397	1
351	398	1
351	400	-1
351	404	1
351	406	1
351	409	1
351	413	-1
351	414	-1
351	417	-1
351	420	1
351	421	1
351	422	1
351	423	-1
351	424	-1
351	428	1
351	429	-1
351	436	-1
351	439	1
351	442	1
351	444	-1
351	445	1
351	447	1
351	451	-1
351	453	-1
351	454	1
351	456	1
351	457	1
351	461	-1
351	463	-1
351	464	-1
351	467	-1
351	469	-1
351	473	1
351	474	-1
351	484	-1
351	485	-1
351	486	-1
351	487	-1
351	488	-1
351	490	-1
351	495	1
352	353	-1
352	354	1
352	357	1
352	360	-1
352	362	1
352	363	-1
352	365	1
352	367	-1
352	369	-1
352	372	1
352	373	1
352	377	1
352	382	-1
352	384	1
352	386	-1
352	387	1
352	390	1
352	393	1
352	395	-1
352	396	1
352	399	-1
352	403	1
352	405	-1
352	407	1
352	408	-1
352	410	-1
352	411	1
352	412	-1
352	414	1
352	419	1
352	424	-1
352	427	1
352	432	-1
352	433	-1
352	434	1
352	435	-1
352	437	1
352	438	1
352	439	1
352	441	-1
352	442	1
352	443	-1
352	445	1
352	446	-1
352	447	1
352	451	-1
352	453	1
352	454	1
352	465	-1
352	466	-1
352	467	-1
352	472	-1
352	473	-1
352	474	-1
352	479	-1
352	480	1
352	481	1
352	486	-1
352	487	-1
352	492	-1
352	497	1
352	498	-1
353	354	1
353	356	-1
353	359	1
353	364	-1
353	370	1
353	371	1
353	372	1
353	373	1
353	374	1
353	377	-1
353	380	1
353	381	1
353	384	1
353	387	1
353	388	-1
353	390	1
353	391	-1
353	394	1
353	395	1
353	400	-1
353	402	1
353	406	-1
353	408	-1
353	409	-1
353	410	-1
353	414	1
353	415	1
353	418	1
353	421	-1
353	423	-1
353	425	-1
353	427	-1
353	429	-1
353	430	-1
353	431	1
353	433	1
353	434	1
353	436	1
353	441	1
353	443	-1
353	445	1
353	447	-1
353	452	1
353	454	1
353	466	1
353	468	1
353	473	-1
353	476	-1
353	482	-1
353	483	-1
353	484	1
353	485	1
353	486	-1
353	487	-1
353	489	1
353	490	-1
353	498	1
354	358	1
354	361	-1
354	363	-1
354	365	1
354	366	-1
354	372	-1
354	375	-1
354	377	1
354	378	1
354	379	1
354	387	1
354	388	-1
354	390	1
354	392	1
354	393	1
354	394	1
354	395	-1
354	396	-1
354	397	1
354	400	-1
354	407	-1
354	410	1
354	411	1
354	412	1
354	416	-1
354	417	-1
354	420	-1
354	421	1
354	422	-1
354	424	-1
354	428	1
354	429	1
354	432	-1
354	440	1
354	443	-1
354	445	-1
354	452	-1
354	453	1
354	456	1
354	457	-1
354	459	-1
354	465	1
354	466	-1
354	470	-1
354	471	-1
354	476	1
354	477	-1
354	479	-1
354	481	1
354	482	-1
354	485	1
354	486	-1
354	488	1
354	489	-1
354	491	-1
354	492	1
355	361	-1
355	365	-1
355	371	-1
355	373	1
355	376	-1
355	377	-1
355	378	1
355	379	1
355	385	-1
355	386	-1
355	387	1
355	399	1
355	404	1
355	405	-1
355	406	1
355	407	1
355	410	-1
355	414	1
355	417	-1
355	419	-1
355	421	-1
355	424	1
355	426	-1
355	427	1
355	428	-1
355	430	-1
355	432	-1
355	437	-1
355	438	-1
355	441	1
355	442	1
355	448	1
355	449	1
355	459	1
355	460	1
355	462	1
355	466	-1
355	467	1
355	473	1
355	474	1
355	477	1
355	480	-1
355	481	1
355	484	1
355	486	1
355	487	1
355	490	-1
355	492	-1
355	496	1
355	498	1
356	359	-1
356	360	-1
356	361	1
356	362	1
356	363	-1
356	368	1
356	371	1
356	374	1
356	376	1
356	378	-1
356	379	1
356	381	-1
356	383	-1
356	385	1
356	387	-1
356	388	1
356	390	1
356	405	-1
356	407	-1
356	411	-1
356	413	-1
356	415	-1
356	423	-1
356	430	1
356	431	-1
356	432	1
356	433	1
356	434	1
356	441	-1
356	443	-1
356	444	-1
356	446	1
356	450	-1
356	452	1
356	453	1
356	455	1
356	457	-1
356	461	-1
356	462	-1
356	464	1
356	471	1
356	472	-1
356	473	-1
356	474	1
356	477	-1
356	478	1
356	482	1
356	484	1
356	486	1
356	489	-1
356	490	-1
356	491	1
356	493	1
356	494	1
356	496	1
356	498	-1
356	499	-1
357	358	1
357	360	-1
357	361	1
357	364	-1
357	365	-1
357	374	1
357	378	-1
357	382	-1
357	384	1
357	386	1
357	393	1
357	403	1
357	404	1
357	407	-1
357	408	1
357	413	1
357	414	-1
357	415	-1
357	416	-1
357	417	1
357	423	-1
357	425	-1
357	426	-1
357	427	-1
357	429	-1
357	432	-1
357	433	1
357	438	1
357	441	1
357	442	-1
357	450	1
357	451	1
357	452	-1
357	453	-1
357	454	-1
357	459	-1
357	461	1
357	464	-1
357	466	1
357	467	1
357	468	-1
357	473	1
357	474	1
357	475	-1
357	483	1
357	484	1
357	487	1
357	493	-1
357	495	-1
357	497	-1
358	361	1
358	363	1
358	365	-1
358	366	-1
358	373	-1
358	374	1
358	375	-1
358	376	-1
358	377	-1
358	380	1
358	389	-1
358	391	-1
358	396	1
358	397	-1
358	398	1
358	402	-1
358	408	1
358	409	1
358	410	-1
358	411	1
358	412	-1
358	413	-1
358	415	-1
358	422	-1
358	427	1
358	435	1
358	436	1
358	440	-1
358	441	1
358	443	1
358	444	-1
358	445	-1
358	447	-1
358	457	1
358	458	-1
358	460	1
358	463	1
358	470	1
358	473	-1
358	475	-1
358	480	-1
358	482	1
358	484	-1
358	486	-1
358	488	1
358	490	1
358	491	-1
358	493	-1
359	360	1
359	364	1
359	365	1
359	367	-1
359	371	-1
359	373	1
359	374	-1
359	376	1
359	378	-1
359	380	-1
359	383	1
359	384	-1
359	389	-1
359	390	-1
359	391	-1
359	392	-1
359	393	1
359	401	1
359	402	-1
359	404	1
359	406	-1
359	412	1
359	414	1
359	419	1
359	422	1
359	425	1
359	426	1
359	427	1
359	428	1
359	431	1
359	434	-1
359	435	-1
359	436	1
359	441	1
359	451	-1
359	452	1
359	454	1
359	455	-1
359	461	-1
359	464	1
359	466	1
359	467	1
359	477	-1
359	492	-1
359	493	-1
360	363	1
360	364	1
360	367	1
360	369	1
360	377	1
360	378	1
360	380	1
360	384	-1
360	385	1
360	386	-1
360	387	1
360	391	1
360	392	1
360	394	-1
360	396	1
360	398	1
360	400	-1
360	401	1
360	407	-1
360	411	1
360	416	1
360	417	-1
360	419	-1
360	420	-1
360	425	-1
360	426	1
360	430	-1
360	439	1
360	445	1
360	446	1
360	449	1
360	452	1
360	455	1
360	456	-1
360	461	1
360	462	-1
360	465	1
360	466	-1
360	467	1
360	468	-1
360	471	1
360	472	1
360	478	-1
360	480	-1
360	481	-1
360	483	-1
360	484	1
360	487	1
360	488	-1
360	494	-1
360	496	1
360	498	1
361	365	1
361	366	-1
361	367	1
361	369	-1
361	377	-1
361	379	-1
361	386	1
361	390	1
361	393	-1
361	400	1
361	402	-1
361	404	-1
361	405	-1
361	407	-1
361	408	-1
361	410	1
361	416	1
361	417	1
361	420	1
361	423	1
361	425	1
361	427	-1
361	428	1
361	429	-1
361	431	1
361	432	-1
361	434	-1
361	435	1
361	436	1
361	439	1
361	443	1
361	445	1
361	448	1
361	451	1
361	455	1
361	456	-1
361	457	-1
361	459	1
361	463	1
361	466	-1
361	467	-1
361	468	1
361	469	1
361	472	-1
361	473	-1
361	475	-1
361	479	-1
361	485	1
361	486	-1
361	487	-1
361	489	1
361	491	1
362	365	-1
362	367	-1
362	369	-1
362	376	1
362	380	1
362	382	1
362	383	-1
362	386	-1
362	387	1
362	390	1
362	391	1
362	394	1
362	400	-1
362	406	-1
362	408	-1
362	410	-1
362	412	-1
362	413	-1
362	418	1
362	420	1
362	425	-1
362	427	-1
362	429	-1
362	438	-1
362	446	1
362	448	1
362	459	-1
362	464	1
362	465	-1
362	473	1
362	476	-1
362	478	1
362	479	-1
362	481	-1
362	482	1
362	483	-1
362	484	1
362	487	-1
362	492	-1
363	367	-1
363	374	-1
363	375	1
363	378	1
363	379	1
363	381	-1
363	382	-1
363	383	-1
363	392	1
363	393	-1
363	399	-1
363	403	1
363	410	1
363	411	-1
363	415	1
363	417	1
363	422	1
363	426	-1
363	427	-1
363	428	1
363	429	1
363	433	-1
363	434	1
363	437	1
363	438	1
363	439	1
363	440	-1
363	443	-1
363	445	-1
363	450	-1
363	456	-1
363	460	1
363	461	1
363	467	-1
363	469	-1
363	476	1
363	484	-1
363	487	1
363	490	-1
363	493	1
363	498	1
363	499	1
364	370	1
364	372	1
364	375	-1
364	379	-1
364	383	1
364	384	1
364	391	-1
364	392	-1
364	397	1
364	402	1
364	406	1
364	407	-1
364	408	-1
364	411	-1
364	412	-1
364	418	1
364	419	-1
364	422	-1
364	425	1
364	429	1
364	436	1
364	442	1
364	448	1
364	449	1
364	451	1
364	457	-1
364	463	1
364	466	-1
364	474	-1
364	476	-1
364	477	-1
364	478	1
364	480	-1
364	481	-1
364	485	-1
364	486	1
364	487	1
364	491	1
364	495	-1
364	496	-1
364	497	1
364	498	-1
365	367	-1
365	371	1
365	373	-1
365	374	-1
365	377	1
365	378	-1
365	382	-1
365	385	-1
365	395	-1
365	396	-1
365	399	1
365	402	-1
365	408	-1
365	411	1
365	412	1
365	415	-1
365	417	-1
365	418	-1
365	420	1
365	421	-1
365	425	-1
365	426	-1
365	427	1
365	433	-1
365	437	1
365	439	1
365	444	1
365	451	-1
365	455	-1
365	459	-1
365	462	-1
365	463	-1
365	467	-1
365	469	-1
365	474	-1
365	479	1
365	480	1
365	482	1
365	485	1
365	492	1
366	369	-1
366	371	1
366	374	-1
366	377	1
366	380	1
366	383	1
366	386	-1
366	388	-1
366	389	1
366	390	-1
366	396	1
366	399	1
366	400	-1
366	401	1
366	403	1
366	405	1
366	406	-1
366	407	1
366	408	1
366	410	-1
366	411	-1
366	413	1
366	414	1
366	415	1
366	416	-1
366	417	-1
366	418	-1
366	419	-1
366	421	1
366	424	-1
366	425	-1
366	441	1
366	442	1
366	447	-1
366	448	-1
366	450	-1
366	454	-1
366	456	-1
366	460	1
366	467	-1
366	468	1
366	470	-1
366	473	1
366	480	1
366	481	1
366	484	-1
366	485	-1
366	488	1
366	489	1
366	490	1
366	491	1
367	372	-1
367	375	-1
367	377	1
367	379	1
367	381	-1
367	382	1
367	384	-1
367	385	1
367	389	-1
367	391	-1
367	393	1
367	398	-1
367	399	1
367	401	1
367	402	1
367	409	-1
367	411	1
367	415	1
367	422	1
367	424	-1
367	430	1
367	434	1
367	436	1
367	437	1
367	438	1
367	440	1
367	442	-1
367	445	1
367	450	1
367	452	1
367	454	-1
367	458	1
367	459	-1
367	464	-1
367	467	1
367	468	-1
367	469	1
367	476	-1
367	481	1
367	486	-1
367	487	1
367	489	-1
367	490	-1
367	493	1
367	496	1
367	498	1
368	374	-1
368	375	1
368	380	1
368	383	1
368	395	1
368	397	1
368	399	1
368	401	-1
368	402	-1
368	405	-1
368	406	1
368	407	1
368	412	-1
368	414	-1
368	416	1
368	418	-1
368	421	-1
368	423	-1
368	424	1
368	425	1
368	426	-1
368	427	1
368	430	1
368	431	-1
368	433	-1
368	439	-1
368	441	1
368	442	1
368	444	1
368	452	-1
368	462	-1
368	470	1
368	471	1
368	473	-1
368	474	-1
368	477	-1
368	478	-1
368	481	-1
368	484	-1
368	485	-1
368	489	1
368	490	1
368	494	1
368	499	1
369	371	-1
369	381	1
369	387	1
369	388	-1
369	389	-1
369	392	-1
369	401	1
369	402	-1
369	406	1
369	407	-1
369	408	-1
369	409	1
369	420	-1
369	422	-1
369	424	1
369	430	-1
369	431	-1
369	432	-1
369	434	-1
369	435	-1
369	440	1
369	444	1
369	449	1
369	453	1
369	454	1
369	460	1
369	466	1
369	467	-1
369	468	1
369	476	-1
369	477	1
369	479	-1
369	481	-1
369	483	1
369	484	1
369	486	-1
369	487	-1
369	488	1
369	491	1
369	492	-1
369	494	1
369	497	1
370	373	-1
370	376	1
370	383	1
370	389	1
370	390	1
370	391	-1
370	395	1
370	399	-1
370	401	-1
370	402	-1
370	405	-1
370	406	1
370	412	1
370	413	1
370	414	-1
370	419	1
370	423	-1
370	425	1
370	426	1
370	429	1
370	431	-1
370	434	1
370	435	1
370	439	1
370	440	-1
370	441	1
370	443	-1
370	449	1
370	453	1
370	454	1
370	456	-1
370	458	-1
370	461	-1
370	466	1
370	468	-1
370	469	1
370	470	-1
370	471	1
370	473	-1
370	474	-1
370	477	-1
370	478	1
370	481	1
370	484	1
370	487	1
370	496	1
370	497	-1
370	499	1
371	373	1
371	376	1
371	377	-1
371	378	1
371	379	-1
371	385	1
371	387	-1
371	391	1
371	392	-1
371	400	1
371	403	-1
371	404	-1
371	408	1
371	409	-1
371	412	1
371	413	-1
371	415	-1
371	417	1
371	421	-1
371	425	1
371	426	-1
371	432	1
371	433	-1
371	436	-1
371	437	-1
371	443	1
371	447	-1
371	450	-1
371	453	1
371	454	1
371	459	-1
371	460	-1
371	463	-1
371	465	1
371	468	-1
371	470	1
371	471	1
371	472	1
371	474	-1
371	475	1
371	476	1
371	477	1
371	478	1
371	479	-1
371	482	-1
371	485	-1
371	486	-1
371	487	-1
371	490	1
371	491	1
371	495	1
372	373	-1
372	374	1
372	376	1
372	377	-1
372	380	-1
372	385	1
372	386	1
372	387	-1
372	388	1
372	395	1
372	396	-1
372	402	-1
372	403	1
372	405	-1
372	417	1
372	421	1
372	423	1
372	428	-1
372	431	1
372	432	1
372	433	-1
372	436	1
372	438	1
372	439	-1
372	440	-1
372	441	1
372	443	-1
372	444	-1
372	446	-1
372	448	1
372	450	-1
372	458	-1
372	463	1
372	467	1
372	472	1
372	475	1
372	479	1
372	484	-1
372	487	-1
372	491	1
372	492	1
372	496	1
373	375	-1
373	379	-1
373	380	-1
373	388	-1
373	392	-1
373	395	-1
373	397	-1
373	400	1
373	410	-1
373	411	1
373	412	-1
373	415	-1
373	416	-1
373	417	1
373	418	1
373	419	1
373	422	-1
373	424	-1
373	428	1
373	431	-1
373	434	1
373	439	1
373	441	1
373	442	-1
373	443	1
373	445	-1
373	446	1
373	447	1
373	448	-1
373	449	1
373	450	1
373	452	-1
373	453	1
373	465	-1
373	469	1
373	470	1
373	471	1
373	476	1
373	479	1
373	484	1
373	490	-1
373	492	1
373	493	1
373	494	1
373	495	-1
373	498	-1
374	375	-1
374	377	1
374	378	1
374	379	1
374	380	1
374	382	-1
374	383	-1
374	387	1
374	392	1
374	397	-1
374	404	-1
374	405	-1
374	407	-1
374	408	-1
374	409	-1
374	413	1
374	415	-1
374	417	1
374	418	1
374	421	-1
374	422	-1
374	423	-1
374	424	1
374	431	-1
374	432	1
374	434	1
374	437	-1
374	442	-1
374	445	1
374	446	1
374	449	-1
374	453	1
374	456	-1
374	458	-1
374	459	-1
374	461	-1
374	462	-1
374	464	-1
374	466	1
374	469	1
374	476	1
374	478	-1
374	479	1
374	480	-1
374	481	-1
374	482	-1
374	484	-1
374	488	1
374	489	1
374	490	1
374	497	1
374	499	1
375	378	1
375	380	1
375	382	1
375	385	1
375	386	-1
375	391	-1
375	393	-1
375	397	-1
375	399	1
375	402	1
375	406	-1
375	408	1
375	409	-1
375	416	-1
375	417	-1
375	419	-1
375	425	-1
375	426	-1
375	429	-1
375	431	1
375	432	-1
375	437	-1
375	440	1
375	441	1
375	442	-1
375	448	-1
375	454	1
375	455	-1
375	458	-1
375	462	1
375	466	1
375	469	-1
375	472	-1
375	473	-1
375	474	1
375	477	1
375	480	1
375	481	1
375	482	-1
375	483	1
375	484	-1
375	487	-1
375	488	-1
375	493	1
375	499	1
376	377	-1
376	378	1
376	380	1
376	382	1
376	384	1
376	386	1
376	393	-1
376	394	1
376	398	-1
376	403	1
376	404	1
376	405	-1
376	406	-1
376	407	-1
376	408	1
376	409	-1
376	410	1
376	414	1
376	417	-1
376	419	1
376	420	-1
376	421	-1
376	422	1
376	424	-1
376	425	1
376	426	-1
376	427	-1
376	435	1
376	437	1
376	438	-1
376	443	-1
376	449	-1
376	450	-1
376	451	1
376	455	1
376	458	1
376	469	-1
376	472	1
376	473	-1
376	474	-1
376	482	1
376	484	1
376	486	1
376	495	1
377	378	-1
377	379	1
377	383	1
377	385	1
377	386	1
377	394	1
377	396	-1
377	399	1
377	400	-1
377	402	1
377	404	1
377	409	1
377	410	1
377	411	1
377	412	-1
377	416	-1
377	418	1
377	420	-1
377	423	1
377	432	-1
377	435	1
377	443	1
377	444	-1
377	447	-1
377	448	1
377	451	-1
377	452	-1
377	453	1
377	454	-1
377	458	1
377	459	-1
377	462	1
377	463	-1
377	464	1
377	473	-1
377	474	-1
377	475	-1
377	480	1
377	485	-1
377	488	-1
377	490	-1
377	493	1
377	496	-1
378	380	-1
378	383	-1
378	389	1
378	394	-1
378	395	-1
378	398	-1
378	399	-1
378	405	1
378	406	1
378	409	1
378	417	1
378	429	1
378	430	1
378	434	1
378	438	1
378	440	1
378	442	1
378	447	-1
378	448	1
378	453	-1
378	455	1
378	460	1
378	461	-1
378	465	-1
378	466	1
378	468	1
378	469	1
378	471	1
378	472	1
378	475	-1
378	477	-1
378	479	1
378	486	-1
378	487	1
378	495	1
379	380	-1
379	381	1
379	382	-1
379	385	1
379	388	1
379	390	1
379	391	-1
379	397	1
379	399	1
379	400	1
379	402	-1
379	404	1
379	406	1
379	410	-1
379	413	1
379	416	1
379	420	-1
379	422	1
379	425	1
379	427	1
379	432	-1
379	433	1
379	436	-1
379	438	-1
379	440	-1
379	442	-1
379	444	1
379	450	1
379	454	1
379	456	1
379	459	1
379	460	1
379	465	1
379	472	-1
379	474	1
379	475	-1
379	476	1
379	477	1
379	478	1
379	482	-1
379	487	1
379	492	-1
379	494	1
379	496	-1
380	382	1
380	384	1
380	385	-1
380	386	1
380	393	-1
380	394	1
380	396	-1
380	400	1
380	401	-1
380	402	1
380	404	-1
380	405	-1
380	406	-1
380	407	1
380	410	1
380	416	1
380	420	1
380	421	-1
380	425	-1
380	427	-1
380	430	-1
380	432	-1
380	439	-1
380	441	-1
380	442	-1
380	447	1
380	448	-1
380	450	-1
380	452	-1
380	461	1
380	462	1
380	463	-1
380	467	-1
380	469	1
380	474	-1
380	480	-1
380	483	-1
380	495	1
380	498	-1
381	382	-1
381	385	-1
381	389	1
381	392	1
381	395	1
381	398	1
381	401	1
381	404	1
381	405	-1
381	406	-1
381	407	1
381	411	1
381	412	-1
381	415	1
381	417	-1
381	422	1
381	427	-1
381	428	-1
381	430	1
381	431	1
381	443	-1
381	444	-1
381	449	-1
381	452	-1
381	454	-1
381	456	-1
381	458	-1
381	460	-1
381	461	-1
381	464	-1
381	466	1
381	469	1
381	471	1
381	472	1
381	473	1
381	475	-1
381	482	-1
381	488	-1
381	489	1
381	491	-1
381	492	-1
381	494	1
381	495	-1
382	384	-1
382	385	1
382	388	-1
382	390	-1
382	391	1
382	393	-1
382	396	1
382	397	1
382	399	1
382	401	-1
382	404	-1
382	405	-1
382	408	1
382	409	1
382	418	1
382	424	1
382	426	-1
382	427	1
382	428	1
382	430	1
382	432	1
382	433	1
382	438	1
382	439	-1
382	441	1
382	442	-1
382	447	-1
382	448	1
382	449	1
382	450	-1
382	451	1
382	452	1
382	453	-1
382	461	-1
382	462	-1
382	464	1
382	465	-1
382	467	1
382	468	-1
382	474	-1
382	476	-1
382	477	-1
382	479	-1
382	482	-1
382	485	-1
382	489	1
382	490	1
382	491	-1
382	493	-1
382	496	-1
383	384	1
383	386	1
383	387	-1
383	391	1
383	393	1
383	396	-1
383	400	1
383	401	-1
383	402	1
383	404	1
383	405	1
383	407	1
383	415	1
383	420	1
383	427	-1
383	432	1
383	435	1
383	436	-1
383	439	-1
383	440	-1
383	441	-1
383	444	1
383	449	1
383	454	1
383	459	1
383	461	-1
383	463	-1
383	464	1
383	465	-1
383	466	1
383	470	-1
383	471	-1
383	473	-1
383	474	-1
383	477	1
383	482	-1
383	483	1
383	484	1
383	485	1
383	486	-1
383	487	-1
383	491	-1
383	492	-1
383	493	1
383	495	1
383	497	-1
384	391	-1
384	393	-1
384	395	-1
384	397	-1
384	398	1
384	399	1
384	401	-1
384	407	1
384	409	1
384	419	-1
384	426	-1
384	427	-1
384	428	-1
384	429	-1
384	431	-1
384	433	-1
384	437	1
384	441	1
384	442	1
384	449	1
384	452	-1
384	457	1
384	459	-1
384	460	-1
384	461	1
384	462	-1
384	465	-1
384	466	1
384	467	1
384	470	-1
384	471	1
384	477	1
384	480	1
384	482	1
384	485	1
384	489	1
384	490	1
384	494	1
384	496	1
384	497	-1
384	498	1
385	387	-1
385	389	1
385	398	-1
385	399	-1
385	412	-1
385	413	1
385	414	1
385	415	-1
385	427	-1
385	432	-1
385	434	1
385	438	-1
385	442	-1
385	444	-1
385	447	1
385	452	-1
385	463	1
385	465	1
385	469	1
385	472	1
385	474	-1
385	476	-1
385	480	-1
385	482	1
385	485	-1
385	486	1
385	487	1
385	490	-1
385	493	1
385	496	-1
385	497	1
385	498	-1
385	499	1
386	391	-1
386	397	-1
386	399	1
386	400	1
386	405	-1
386	406	-1
386	407	-1
386	411	1
386	412	1
386	420	1
386	421	1
386	422	-1
386	423	-1
386	424	-1
386	425	1
386	426	1
386	431	1
386	433	-1
386	434	1
386	437	-1
386	440	-1
386	442	-1
386	443	1
386	444	-1
386	449	1
386	455	1
386	458	1
386	464	-1
386	465	1
386	467	-1
386	468	-1
386	470	-1
386	471	1
386	472	-1
386	475	-1
386	479	1
386	482	1
386	483	1
386	488	-1
386	491	1
386	492	1
386	494	1
386	495	-1
386	498	-1
386	499	1
387	391	-1
387	394	-1
387	409	-1
387	410	1
387	412	1
387	414	-1
387	418	-1
387	419	1
387	421	1
387	422	-1
387	423	1
387	426	1
387	430	1
387	434	1
387	436	1
387	438	-1
387	439	1
387	441	1
387	446	-1
387	447	-1
387	453	-1
387	456	1
387	457	-1
387	466	1
387	470	1
387	474	-1
387	476	1
387	481	1
387	484	1
387	485	-1
387	486	1
387	489	1
387	491	-1
387	493	-1
387	496	-1
388	389	1
388	390	1
388	391	-1
388	392	1
388	393	1
388	394	1
388	397	1
388	398	1
388	399	1
388	401	-1
388	404	-1
388	406	1
388	411	1
388	414	-1
388	415	1
388	416	1
388	417	1
388	418	1
388	421	-1
388	424	1
388	426	1
388	428	-1
388	431	-1
388	433	-1
388	437	-1
388	441	1
388	442	1
388	444	1
388	447	-1
388	448	-1
388	451	1
388	453	1
388	456	-1
388	458	-1
388	459	1
388	460	1
388	466	-1
388	471	1
388	480	-1
388	481	-1
388	482	-1
388	483	1
388	485	1
388	486	-1
388	487	1
388	490	1
388	492	-1
388	493	-1
389	391	1
389	393	1
389	395	1
389	400	1
389	402	1
389	406	-1
389	407	-1
389	408	1
389	410	1
389	415	-1
389	429	-1
389	430	-1
389	432	1
389	434	1
389	435	-1
389	438	-1
389	439	-1
389	441	1
389	447	-1
389	449	1
389	452	1
389	455	-1
389	460	-1
389	462	-1
389	467	-1
389	468	-1
389	470	-1
389	474	-1
389	475	-1
389	476	1
389	479	1
389	480	1
389	482	-1
389	483	1
389	498	-1
390	398	1
390	399	-1
390	403	1
390	404	1
390	406	-1
390	407	1
390	410	1
390	411	1
390	416	-1
390	417	-1
390	419	1
390	420	-1
390	422	-1
390	427	1
390	428	1
390	432	-1
390	438	-1
390	443	1
390	445	1
390	453	1
390	457	-1
390	459	1
390	462	-1
390	466	1
390	469	-1
390	470	1
390	472	-1
390	474	-1
390	477	1
390	486	-1
390	488	-1
390	490	-1
390	492	-1
390	496	-1
391	392	-1
391	394	1
391	395	1
391	396	1
391	397	1
391	399	-1
391	400	1
391	401	1
391	406	1
391	409	-1
391	411	-1
391	412	1
391	414	1
391	415	1
391	417	1
391	420	1
391	422	-1
391	426	-1
391	431	1
391	436	-1
391	437	1
391	439	1
391	440	1
391	441	1
391	442	1
391	443	-1
391	451	-1
391	453	-1
391	456	1
391	457	1
391	467	1
391	471	1
391	473	-1
391	474	-1
391	478	1
391	479	-1
391	482	-1
391	484	-1
391	486	-1
391	487	1
391	489	1
391	490	1
391	492	1
392	394	1
392	402	1
392	404	1
392	409	1
392	412	-1
392	414	-1
392	415	-1
392	422	1
392	427	-1
392	430	-1
392	433	-1
392	434	1
392	435	-1
392	439	-1
392	440	-1
392	441	1
392	442	1
392	445	-1
392	446	-1
392	449	1
392	450	1
392	457	-1
392	461	-1
392	462	1
392	467	-1
392	468	-1
392	469	-1
392	470	1
392	475	-1
392	478	-1
392	484	-1
392	485	1
392	488	-1
392	489	1
392	491	-1
392	493	-1
392	495	-1
392	496	-1
393	396	1
393	398	1
393	400	-1
393	401	1
393	403	1
393	404	-1
393	408	1
393	413	1
393	414	-1
393	415	-1
393	418	-1
393	419	1
393	424	-1
393	425	1
393	429	-1
393	430	1
393	436	-1
393	439	1
393	443	1
393	444	-1
393	446	1
393	447	-1
393	448	-1
393	450	1
393	452	1
393	455	1
393	459	-1
393	460	-1
393	473	1
393	476	1
393	480	1
393	484	1
393	492	-1
393	493	-1
393	494	-1
393	495	1
393	497	-1
394	397	-1
394	398	1
394	400	-1
394	401	-1
394	402	-1
394	404	1
394	407	-1
394	413	-1
394	414	-1
394	415	1
394	416	-1
394	417	-1
394	426	1
394	428	1
394	429	-1
394	431	1
394	432	1
394	433	-1
394	434	-1
394	437	1
394	448	1
394	449	-1
394	452	1
394	455	-1
394	461	1
394	463	-1
394	465	-1
394	466	1
394	471	-1
394	474	-1
394	475	1
394	477	-1
394	478	1
394	484	-1
394	485	-1
394	486	-1
394	489	1
394	490	-1
394	492	1
394	499	1
395	396	-1
395	399	1
395	401	1
395	402	1
395	403	-1
395	404	1
395	405	-1
395	407	-1
395	410	-1
395	415	1
395	416	1
395	417	1
395	418	-1
395	423	1
395	428	1
395	435	-1
395	438	-1
395	439	1
395	441	1
395	442	1
395	444	-1
395	448	-1
395	449	1
395	450	-1
395	454	1
395	464	1
395	465	-1
395	472	1
395	481	-1
395	493	-1
395	495	1
395	497	1
395	499	-1
396	397	-1
396	403	-1
396	406	1
396	408	1
396	409	-1
396	413	1
396	415	-1
396	421	1
396	435	-1
396	436	-1
396	438	1
396	444	-1
396	446	-1
396	447	1
396	451	-1
396	452	1
396	456	-1
396	458	1
396	460	1
396	463	-1
396	466	-1
396	473	-1
396	475	-1
396	477	1
396	483	1
396	492	1
396	495	-1
396	498	-1
397	404	1
397	410	-1
397	414	1
397	417	1
397	418	1
397	419	1
397	426	1
397	427	-1
397	428	1
397	433	1
397	434	1
397	440	-1
397	443	-1
397	445	-1
397	446	1
397	447	1
397	448	-1
397	450	1
397	451	-1
397	452	-1
397	455	1
397	456	1
397	459	-1
397	466	-1
397	467	1
397	468	1
397	469	1
397	478	1
397	479	1
397	484	1
397	486	1
397	494	1
397	495	-1
398	404	1
398	406	1
398	407	1
398	413	1
398	417	-1
398	419	1
398	421	-1
398	423	1
398	424	-1
398	426	1
398	427	1
398	428	-1
398	430	-1
398	432	1
398	434	-1
398	435	1
398	436	-1
398	437	1
398	438	-1
398	441	-1
398	443	-1
398	447	-1
398	451	1
398	452	1
398	453	-1
398	454	1
398	456	-1
398	458	1
398	460	-1
398	463	-1
398	464	-1
398	468	-1
398	472	1
398	474	-1
398	477	1
398	481	-1
398	488	-1
398	491	1
398	492	1
398	494	1
399	400	-1
399	401	-1
399	405	-1
399	409	1
399	411	1
399	412	1
399	416	-1
399	421	-1
399	426	-1
399	430	1
399	431	1
399	443	-1
399	448	1
399	450	-1
399	451	1
399	453	1
399	456	1
399	460	-1
399	466	-1
399	468	1
399	469	1
399	475	1
399	476	1
399	479	1
399	485	1
399	489	-1
399	493	1
399	496	-1
400	404	-1
400	405	-1
400	408	1
400	409	-1
400	411	-1
400	414	1
400	417	-1
400	430	-1
400	432	1
400	434	1
400	436	-1
400	444	1
400	446	1
400	447	-1
400	450	-1
400	452	-1
400	455	-1
400	458	1
400	461	1
400	462	-1
400	463	1
400	465	1
400	467	1
400	470	-1
400	472	-1
400	475	-1
400	476	-1
400	483	1
400	485	-1
400	489	1
400	490	-1
400	494	-1
400	495	1
400	499	-1
401	405	-1
401	408	-1
401	418	-1
401	425	-1
401	428	-1
401	430	-1
401	431	1
401	432	1
401	433	1
401	434	1
401	436	-1
401	438	1
401	441	1
401	442	-1
401	443	-1
401	446	1
401	447	1
401	449	-1
401	463	-1
401	468	-1
401	476	-1
401	478	-1
401	479	-1
401	480	-1
401	481	-1
401	482	-1
401	487	1
401	488	1
401	490	-1
401	491	1
401	492	1
401	493	1
401	495	-1
401	496	1
401	497	-1
401	498	-1
401	499	1
402	410	1
402	411	-1
402	424	-1
402	426	-1
402	429	-1
402	436	-1
402	437	1
402	447	1
402	454	-1
402	456	-1
402	459	1
402	461	-1
402	462	-1
402	463	-1
402	466	1
402	468	1
402	486	1
402	494	1
402	496	1
402	497	1
403	404	1
403	405	-1
403	406	1
403	409	1
403	410	1
403	418	-1
403	421	-1
403	422	-1
403	424	-1
403	429	-1
403	431	-1
403	435	-1
403	437	1
403	442	1
403	449	-1
403	450	1
403	453	-1
403	460	-1
403	462	-1
403	468	1
403	469	-1
403	471	-1
403	472	1
403	476	1
403	484	1
403	487	1
403	488	1
403	490	-1
403	491	1
403	493	-1
403	494	-1
403	498	1
404	411	-1
404	414	1
404	415	-1
404	416	-1
404	420	-1
404	421	1
404	423	1
404	425	1
404	432	1
404	435	1
404	444	1
404	445	-1
404	447	1
404	448	1
404	449	1
404	450	-1
404	453	1
404	455	-1
404	457	1
404	458	-1
404	460	-1
404	471	-1
404	474	1
404	477	1
404	480	-1
404	482	1
404	483	1
404	494	1
404	496	-1
405	406	-1
405	411	-1
405	419	1
405	422	-1
405	423	1
405	428	-1
405	434	-1
405	436	-1
405	437	1
405	439	1
405	445	-1
405	450	1
405	451	1
405	453	1
405	455	-1
405	458	-1
405	461	-1
405	462	-1
405	463	1
405	464	1
405	474	1
405	476	-1
405	477	1
405	484	-1
405	487	-1
405	488	1
405	491	1
405	492	-1
405	494	1
405	495	-1
405	498	1
405	499	-1
406	408	1
406	409	-1
406	410	-1
406	412	-1
406	413	-1
406	415	1
406	418	-1
406	425	-1
406	427	-1
406	430	1
406	435	1
406	438	1
406	440	-1
406	443	-1
406	444	1
406	449	-1
406	451	1
406	452	1
406	453	-1
406	454	-1
406	460	1
406	461	-1
406	463	-1
406	466	1
406	468	1
406	469	1
406	471	1
406	472	-1
406	473	-1
406	479	1
406	482	1
406	484	1
406	487	1
406	490	-1
406	492	1
406	499	-1
407	412	-1
407	415	1
407	416	-1
407	419	1
407	421	-1
407	422	-1
407	423	-1
407	426	1
407	428	1
407	430	-1
407	432	1
407	435	-1
407	436	-1
407	437	-1
407	441	1
407	442	-1
407	443	-1
407	447	1
407	450	1
407	453	-1
407	455	1
407	457	-1
407	459	-1
407	460	1
407	461	1
407	462	1
407	463	1
407	467	1
407	473	1
407	478	1
407	479	1
407	480	1
407	482	-1
407	486	-1
407	487	1
407	488	1
407	491	-1
407	495	-1
407	498	-1
408	410	-1
408	411	1
408	413	-1
408	414	1
408	417	-1
408	418	-1
408	419	-1
408	422	-1
408	426	-1
408	427	1
408	428	-1
408	432	1
408	433	-1
408	434	-1
408	435	1
408	437	-1
408	443	1
408	448	-1
408	449	-1
408	452	-1
408	454	-1
408	464	-1
408	471	1
408	472	1
408	473	1
408	474	1
408	482	-1
408	483	-1
408	486	-1
408	495	1
409	412	1
409	414	-1
409	416	1
409	418	-1
409	420	-1
409	428	-1
409	437	-1
409	438	1
409	441	1
409	442	-1
409	444	-1
409	446	1
409	449	1
409	450	1
409	452	1
409	453	1
409	454	-1
409	456	-1
409	458	-1
409	460	1
409	462	1
409	472	1
409	476	-1
409	477	-1
409	480	1
409	481	-1
409	482	1
409	484	-1
409	487	-1
409	497	1
410	421	1
410	423	1
410	425	-1
410	429	-1
410	431	-1
410	433	1
410	435	1
410	437	1
410	441	1
410	442	-1
410	447	-1
410	449	-1
410	452	-1
410	454	-1
410	462	-1
410	464	1
410	468	-1
410	471	-1
410	472	1
410	473	-1
410	479	-1
410	481	1
410	483	1
410	484	1
410	485	-1
410	486	1
410	488	1
410	490	1
411	414	-1
411	419	1
411	420	1
411	421	-1
411	423	-1
411	428	1
411	429	1
411	430	-1
411	432	1
411	433	1
411	435	1
411	440	1
411	442	-1
411	443	-1
411	446	-1
411	450	1
411	452	-1
411	453	1
411	455	-1
411	458	1
411	459	1
411	460	1
411	462	-1
411	468	1
411	472	-1
411	473	-1
411	475	1
411	478	-1
411	480	-1
411	483	-1
411	484	1
411	489	1
411	490	-1
411	491	1
411	493	-1
411	494	1
411	497	-1
411	498	-1
412	413	-1
412	414	-1
412	415	-1
412	416	1
412	421	1
412	431	1
412	433	1
412	434	1
412	437	-1
412	438	-1
412	443	1
412	445	1
412	450	-1
412	454	1
412	461	1
412	463	1
412	465	1
412	476	1
412	480	-1
412	481	-1
412	482	-1
412	483	1
412	484	-1
412	486	-1
412	491	1
412	494	1
412	495	-1
413	414	-1
413	421	-1
413	425	-1
413	428	1
413	430	1
413	438	1
413	441	1
413	443	1
413	446	1
413	451	1
413	452	1
413	453	-1
413	454	1
413	455	-1
413	457	1
413	464	-1
413	465	1
413	466	1
413	471	1
413	475	-1
413	479	-1
413	482	-1
413	493	-1
413	495	1
413	499	1
414	416	1
414	419	1
414	423	-1
414	427	1
414	432	1
414	436	1
414	439	-1
414	446	-1
414	447	-1
414	448	1
414	450	-1
414	452	-1
414	454	1
414	456	1
414	458	1
414	460	1
414	461	-1
414	465	-1
414	473	-1
414	476	1
414	480	-1
414	481	1
414	484	-1
414	486	1
414	487	1
414	490	-1
414	491	1
414	492	1
414	493	-1
414	496	1
414	497	1
415	417	1
415	420	1
415	421	-1
415	422	-1
415	423	1
415	425	1
415	426	1
415	428	1
415	429	-1
415	440	1
415	441	1
415	442	-1
415	446	1
415	455	1
415	457	1
415	459	1
415	460	1
415	461	1
415	468	-1
415	469	1
415	472	-1
415	473	-1
415	474	-1
415	475	1
415	477	1
415	478	1
415	479	1
415	481	1
415	484	-1
415	485	1
415	486	-1
415	488	-1
415	496	-1
416	417	-1
416	421	1
416	424	-1
416	427	-1
416	435	-1
416	436	-1
416	437	-1
416	438	1
416	439	-1
416	449	-1
416	453	-1
416	456	1
416	458	-1
416	459	1
416	463	1
416	464	1
416	466	-1
416	467	1
416	474	-1
416	476	1
416	479	-1
416	486	-1
416	489	-1
416	493	1
416	495	1
416	497	-1
417	418	1
417	421	1
417	422	-1
417	425	1
417	430	-1
417	433	-1
417	436	-1
417	438	1
417	439	-1
417	440	-1
417	447	1
417	451	1
417	454	1
417	455	-1
417	457	1
417	463	-1
417	467	-1
417	472	1
417	474	-1
417	475	1
417	480	1
417	482	-1
417	485	1
417	486	-1
417	488	-1
417	493	1
417	494	-1
417	496	-1
418	425	1
418	430	-1
418	431	-1
418	433	1
418	435	1
418	442	1
418	443	1
418	448	1
418	450	1
418	453	-1
418	457	1
418	458	1
418	459	1
418	465	-1
418	467	-1
418	470	1
418	492	-1
418	496	-1
418	498	-1
418	499	1
419	426	1
419	432	1
419	441	1
419	443	-1
419	444	-1
419	446	1
419	449	-1
419	450	1
419	456	-1
419	459	-1
419	461	1
419	463	1
419	464	-1
419	469	1
419	471	1
419	473	-1
419	477	-1
419	483	1
419	484	1
419	485	1
419	487	-1
419	490	1
419	491	1
419	493	1
419	494	1
419	496	-1
420	423	1
420	424	-1
420	431	1
420	432	1
420	435	-1
420	445	-1
420	449	-1
420	451	-1
420	453	-1
420	455	-1
420	459	-1
420	462	1
420	467	-1
420	472	1
420	474	-1
420	475	1
420	480	-1
420	482	-1
420	484	-1
420	491	-1
420	493	-1
420	497	-1
420	498	-1
420	499	1
421	425	-1
421	433	-1
421	434	1
421	435	1
421	440	-1
421	445	-1
421	450	1
421	452	-1
421	455	-1
421	457	-1
421	462	1
421	468	1
421	474	-1
421	478	-1
421	479	-1
421	484	1
421	486	1
421	487	1
421	488	1
421	489	-1
421	492	-1
421	493	1
421	495	1
421	499	-1
422	426	1
422	434	-1
422	439	-1
422	444	1
422	445	-1
422	447	1
422	450	-1
422	455	-1
422	456	-1
422	460	1
422	465	1
422	468	-1
422	469	-1
422	472	-1
422	474	1
422	477	-1
422	478	-1
422	480	1
422	483	-1
422	484	1
422	488	-1
422	492	1
422	494	1
422	498	-1
423	427	-1
423	431	1
423	432	1
423	437	1
423	439	1
423	441	1
423	442	-1
423	443	-1
423	446	1
423	453	1
423	467	-1
423	471	1
423	472	-1
423	473	-1
423	475	1
423	477	1
423	478	1
423	480	-1
423	484	-1
423	486	1
423	490	1
423	492	1
423	495	-1
424	428	-1
424	435	1
424	447	1
424	451	1
424	452	1
424	456	1
424	457	1
424	458	1
424	461	1
424	465	-1
424	467	1
424	468	-1
424	469	1
424	471	1
424	472	-1
424	474	-1
424	475	-1
424	476	1
424	480	1
424	482	-1
424	483	-1
424	485	-1
424	486	-1
424	487	1
424	489	-1
424	490	-1
424	493	-1
424	494	-1
424	496	1
425	427	-1
425	429	1
425	431	-1
425	434	1
425	435	1
425	437	1
425	441	1
425	446	1
425	454	-1
425	457	-1
425	459	1
425	460	-1
425	464	-1
425	469	1
425	470	1
425	471	1
425	481	1
425	483	-1
425	484	1
425	486	1
425	491	1
425	492	1
425	496	-1
425	497	1
425	499	1
426	428	1
426	429	-1
426	434	1
426	440	1
426	447	-1
426	448	1
426	449	1
426	450	1
426	453	1
426	456	-1
426	458	1
426	459	1
426	460	-1
426	461	1
426	463	-1
426	464	-1
426	470	-1
426	471	-1
426	473	-1
426	475	1
426	477	1
426	481	-1
426	482	1
426	486	-1
426	489	-1
426	493	1
426	495	-1
426	496	-1
427	428	-1
427	434	-1
427	439	-1
427	441	-1
427	447	-1
427	449	1
427	452	1
427	454	-1
427	462	1
427	466	1
427	469	1
427	473	-1
427	483	-1
427	485	-1
427	491	-1
427	492	1
427	493	-1
427	496	1
427	497	-1
427	498	-1
427	499	-1
428	433	-1
428	437	-1
428	442	1
428	444	1
428	449	-1
428	453	1
428	458	-1
428	461	-1
428	464	-1
428	468	1
428	473	-1
428	475	-1
428	477	-1
428	478	-1
428	485	1
428	486	1
428	488	1
428	489	-1
428	490	1
428	493	-1
428	494	-1
428	495	1
428	496	-1
428	498	1
428	499	-1
429	431	1
429	432	1
429	434	-1
429	439	-1
429	443	-1
429	444	1
429	447	1
429	450	-1
429	454	-1
429	455	1
429	457	-1
429	459	1
429	460	1
429	461	-1
429	464	-1
429	469	-1
429	470	-1
429	472	-1
429	474	-1
429	475	-1
429	476	1
429	481	-1
429	483	1
429	486	1
429	488	1
429	496	1
429	499	-1
430	434	-1
430	436	1
430	439	1
430	441	1
430	442	-1
430	444	1
430	445	1
430	448	-1
430	452	1
430	453	-1
430	460	-1
430	464	1
430	467	1
430	468	-1
430	469	-1
430	471	1
430	472	1
430	473	-1
430	476	-1
430	488	1
430	492	1
430	494	-1
430	497	-1
431	433	1
431	434	-1
431	446	1
431	451	-1
431	457	-1
431	459	-1
431	462	1
431	465	-1
431	468	-1
431	472	-1
431	474	-1
431	476	-1
431	478	-1
431	481	-1
431	484	1
431	485	1
431	486	-1
431	488	-1
431	490	1
431	497	-1
431	499	1
432	433	1
432	434	-1
432	438	1
432	441	-1
432	443	-1
432	449	-1
432	453	-1
432	456	1
432	460	-1
432	462	-1
432	466	-1
432	468	1
432	469	-1
432	475	-1
432	476	1
432	480	-1
432	484	1
432	488	-1
432	496	-1
432	497	1
432	499	1
433	434	1
433	437	-1
433	441	1
433	443	1
433	445	1
433	449	1
433	452	1
433	454	-1
433	457	-1
433	458	-1
433	463	1
433	465	-1
433	474	-1
433	477	-1
433	479	1
433	481	-1
433	485	-1
433	486	-1
433	488	1
433	493	1
433	494	1
433	495	-1
433	497	-1
433	499	1
434	438	1
434	439	-1
434	442	1
434	443	-1
434	445	-1
434	447	1
434	451	1
434	452	1
434	453	1
434	454	1
434	457	1
434	461	-1
434	464	1
434	466	-1
434	468	1
434	470	-1
434	471	1
434	476	-1
434	477	-1
434	478	1
434	481	-1
434	482	-1
434	486	-1
434	490	1
434	492	-1
434	493	-1
434	495	-1
434	496	1
434	498	-1
434	499	1
435	445	-1
435	446	1
435	448	-1
435	458	1
435	463	-1
435	465	1
435	469	-1
435	471	-1
435	472	1
435	473	-1
435	477	1
435	478	-1
435	481	1
435	483	-1
435	486	-1
435	487	1
435	490	-1
435	492	1
435	493	1
435	496	1
436	437	1
436	439	1
436	441	1
436	443	1
436	447	1
436	451	1
436	455	-1
436	460	-1
436	463	-1
436	471	-1
436	472	1
436	475	-1
436	477	-1
436	479	1
436	480	1
436	483	1
436	484	1
436	487	-1
436	489	1
436	492	1
436	493	1
436	497	-1
437	438	1
437	439	1
437	442	-1
437	443	-1
437	444	-1
437	446	1
437	447	1
437	454	-1
437	457	-1
437	461	-1
437	469	-1
437	470	1
437	473	1
437	479	-1
437	481	1
437	482	-1
437	484	1
437	487	-1
437	488	1
437	492	1
437	495	-1
437	497	1
437	499	1
438	441	-1
438	442	1
438	443	1
438	445	1
438	446	1
438	447	-1
438	451	1
438	455	1
438	456	1
438	458	1
438	463	1
438	464	1
438	467	1
438	468	-1
438	469	1
438	470	1
438	471	1
438	474	1
438	475	-1
438	477	1
438	484	-1
438	485	1
438	486	-1
438	487	-1
438	489	-1
438	491	-1
438	493	1
438	498	-1
439	449	1
439	454	1
439	459	1
439	463	-1
439	467	1
439	468	-1
439	469	1
439	470	1
439	473	1
439	476	1
439	478	1
439	480	-1
439	481	1
439	484	1
439	485	-1
439	490	1
439	491	-1
439	492	-1
439	497	1
439	499	-1
440	444	-1
440	445	1
440	455	-1
440	458	-1
440	460	-1
440	463	1
440	465	-1
440	467	1
440	469	-1
440	477	1
440	480	-1
440	486	-1
440	489	1
440	490	-1
440	492	1
440	493	1
440	494	1
440	495	1
440	497	1
440	499	-1
441	450	-1
441	452	-1
441	453	1
441	454	1
441	458	-1
441	460	1
441	462	1
441	467	1
441	469	-1
441	472	1
441	478	1
441	486	-1
441	489	1
442	443	-1
442	447	-1
442	448	1
442	455	1
442	460	-1
442	461	-1
442	464	-1
442	465	1
442	473	1
442	474	-1
442	479	-1
442	480	1
442	482	-1
442	486	1
442	496	1
443	444	1
443	449	1
443	450	-1
443	451	-1
443	453	-1
443	457	-1
443	460	1
443	463	-1
443	476	-1
443	484	1
443	489	-1
443	492	-1
443	495	1
443	496	-1
444	445	-1
444	446	-1
444	448	1
444	451	-1
444	454	1
444	457	1
444	462	-1
444	464	1
444	469	-1
444	470	1
444	474	-1
444	475	1
444	478	1
444	479	1
444	481	-1
444	483	1
444	484	1
444	489	1
444	491	1
444	496	1
445	446	1
445	447	1
445	448	1
445	449	1
445	452	-1
445	456	-1
445	459	1
445	460	1
445	462	-1
445	467	-1
445	468	-1
445	469	-1
445	470	1
445	471	1
445	473	1
445	480	-1
445	484	-1
445	485	1
445	487	-1
445	491	-1
445	492	1
445	495	1
445	499	-1
446	450	1
446	452	-1
446	458	-1
446	461	1
446	462	1
446	463	1
446	464	1
446	467	-1
446	468	-1
446	473	1
446	480	-1
446	481	1
446	483	1
446	487	1
446	493	-1
446	494	1
446	496	-1
447	451	1
447	459	-1
447	460	1
447	461	1
447	462	-1
447	464	1
447	465	-1
447	467	1
447	472	-1
447	475	1
447	477	-1
447	478	-1
447	479	-1
447	481	1
447	484	1
447	486	-1
447	489	-1
447	490	-1
447	492	1
447	496	1
447	498	1
448	450	1
448	451	-1
448	455	1
448	457	-1
448	458	-1
448	460	-1
448	461	-1
448	466	1
448	470	-1
448	475	1
448	478	-1
448	479	1
448	483	1
448	484	-1
448	485	1
448	486	1
448	492	-1
448	494	1
448	497	1
448	499	1
449	450	1
449	451	1
449	452	-1
449	455	1
449	460	1
449	461	1
449	462	-1
449	463	1
449	469	-1
449	470	1
449	472	-1
449	478	1
449	480	1
449	484	-1
449	485	1
449	486	1
449	487	-1
449	488	-1
449	491	1
449	495	1
449	496	1
449	497	1
449	498	1
450	451	1
450	455	1
450	456	1
450	457	1
450	462	1
450	464	1
450	467	-1
450	470	-1
450	472	1
450	476	-1
450	481	1
450	483	1
450	494	-1
450	497	-1
450	498	1
451	452	1
451	453	1
451	456	1
451	462	-1
451	467	-1
451	468	-1
451	469	1
451	472	-1
451	473	1
451	474	1
451	478	-1
451	479	1
451	482	1
451	485	-1
451	491	1
451	492	1
451	499	-1
452	453	-1
452	454	1
452	456	1
452	460	1
452	461	-1
452	465	-1
452	466	-1
452	473	1
452	477	1
452	481	1
452	482	-1
452	485	1
452	487	-1
452	489	1
452	491	-1
452	493	-1
452	496	1
452	498	1
452	499	-1
453	454	1
453	456	1
453	473	1
453	474	-1
453	475	-1
453	479	1
453	483	-1
453	485	-1
453	486	-1
453	488	1
453	491	-1
453	494	1
454	456	1
454	458	1
454	461	1
454	463	-1
454	466	1
454	467	-1
454	468	-1
454	474	1
454	476	-1
454	477	-1
454	484	1
454	485	-1
454	488	-1
454	489	1
454	495	-1
454	499	1
455	456	-1
455	457	1
455	458	1
455	464	-1
455	467	-1
455	468	1
455	470	1
455	473	-1
455	474	1
455	475	1
455	481	-1
455	482	1
455	490	1
455	494	-1
455	495	1
455	498	-1
456	457	1
456	458	-1
456	460	-1
456	469	1
456	471	1
456	478	-1
456	479	-1
456	480	1
456	481	-1
456	489	1
456	492	-1
456	493	1
456	494	-1
456	496	1
457	460	-1
457	463	-1
457	464	-1
457	465	-1
457	467	1
457	473	-1
457	478	-1
457	482	-1
457	484	1
457	486	-1
457	492	-1
457	493	1
457	494	1
457	495	1
457	498	1
457	499	-1
458	459	-1
458	460	-1
458	461	-1
458	466	-1
458	467	-1
458	470	-1
458	471	-1
458	476	1
458	477	-1
458	478	1
458	480	-1
458	481	-1
458	482	-1
458	483	1
458	485	-1
458	487	-1
458	493	1
458	496	-1
459	460	1
459	461	1
459	463	1
459	464	1
459	466	1
459	470	-1
459	472	-1
459	473	1
459	474	-1
459	479	1
459	482	1
459	486	-1
459	487	1
459	488	-1
459	491	1
459	493	1
459	497	-1
460	462	1
460	464	1
460	465	-1
460	469	1
460	472	-1
460	476	-1
460	482	1
460	483	1
460	484	-1
460	487	1
460	490	-1
460	493	1
460	495	-1
460	496	1
461	462	-1
461	464	-1
461	468	-1
461	471	1
461	472	1
461	474	-1
461	475	1
461	477	-1
461	478	1
461	484	1
461	489	-1
461	497	1
461	498	-1
462	463	1
462	467	-1
462	469	-1
462	470	1
462	471	-1
462	480	1
462	485	1
462	488	1
462	491	1
462	492	1
462	493	-1
462	494	1
462	495	1
462	498	1
463	467	1
463	469	-1
463	470	1
463	472	1
463	475	-1
463	478	1
463	479	1
463	481	1
463	482	-1
463	486	-1
463	487	-1
463	488	-1
463	494	1
463	495	-1
463	499	-1
464	481	-1
464	486	1
464	487	-1
464	489	1
464	493	-1
464	495	-1
464	496	1
464	499	1
465	466	-1
465	468	1
465	471	-1
465	473	1
465	477	1
465	481	1
465	486	1
465	487	-1
465	489	1
465	499	1
466	469	-1
466	475	1
466	476	1
466	478	1
466	479	1
466	482	1
466	484	-1
466	487	1
466	489	1
466	490	-1
466	494	1
467	469	1
467	470	1
467	471	-1
467	473	-1
467	477	1
467	481	1
467	484	1
467	488	-1
467	489	1
467	490	-1
467	494	1
467	498	1
468	470	-1
468	471	1
468	473	-1
468	476	1
468	481	1
468	484	1
468	485	1
468	490	1
468	492	1
468	493	1
468	495	1
468	496	-1
468	498	-1
469	474	-1
469	477	-1
469	482	1
469	485	-1
469	486	1
469	488	-1
469	489	1
469	492	1
469	493	1
470	476	-1
470	482	-1
470	485	1
470	489	1
470	491	-1
470	498	1
471	475	-1
471	476	-1
471	477	-1
471	480	1
471	481	1
471	483	-1
471	484	1
471	490	-1
471	494	-1
472	474	1
472	477	1
472	478	1
472	480	-1
472	481	-1
472	482	1
472	484	1
472	486	1
472	487	1
472	490	1
472	498	1
473	475	1
473	480	1
473	481	1
473	486	1
473	491	1
473	496	-1
473	497	1
474	476	-1
474	481	1
474	482	1
474	484	1
474	485	-1
474	488	-1
474	489	-1
474	490	-1
474	491	-1
474	492	1
474	493	1
474	497	-1
475	476	1
475	479	1
475	480	-1
475	484	-1
475	487	1
475	489	1
475	490	-1
475	494	1
476	477	1
476	479	1
476	486	1
476	489	-1
476	491	1
476	495	1
476	496	1
477	478	1
477	482	-1
477	491	-1
477	496	1
477	497	-1
477	498	1
478	480	-1
478	482	-1
478	483	1
478	489	1
478	493	-1
478	495	-1
478	496	-1
479	481	-1
479	484	-1
479	487	-1
479	492	1
479	496	1
479	497	-1
479	498	1
479	499	1
480	481	1
480	483	1
480	493	1
480	496	-1
480	499	1
481	485	-1
481	486	1
481	487	1
481	488	-1
481	489	1
481	496	-1
482	483	-1
482	484	1
482	487	1
482	491	-1
482	492	-1
482	494	1
483	484	-1
483	486	1
483	490	-1
483	491	-1
483	493	-1
483	495	1
483	496	-1
483	497	1
483	499	-1
484	485	1
484	490	-1
484	492	-1
484	493	-1
484	494	-1
484	495	1
485	489	1
485	491	-1
485	496	-1
486	487	-1
486	490	-1
486	491	-1
486	493	-1
486	497	1
486	498	1
487	488	1
487	489	1
487	491	1
487	497	1
488	492	1
488	494	1
488	498	-1
488	499	-1
489	494	-1
489	495	-1
489	496	-1
489	497	1
490	492	-1
490	495	-1
490	497	1
490	498	1
491	492	-1
491	493	-1
491	494	-1
491	495	1
492	494	1
492	498	-1
492	499	-1
493	495	1
493	498	-1
493	499	1
494	498	-1
494	499	-1
497	498	1
497	499	-1
498	499	-1
