# 500
0	1	1
0	2	-1
0	3	1
0	5	1
0	7	-1
0	8	-1
0	9	1
0	10	1
0	12	-1
0	13	-1
0	14	1
0	16	-1
0	17	-1
0	19	1
0	20	1
0	22	1
0	24	-1
0	27	-1
0	28	-1
0	29	1
0	30	1
0	32	-1
0	33	1
0	35	-1
0	36	-1
0	38	-1
0	39	1
0	40	1
0	41	1
0	44	1
0	46	1
0	47	1
0	48	-1
0	49	-1
0	50	-1
0	51	-1
0	52	1
0	54	1
0	55	1
0	57	-1
0	58	-1
0	60	-1
0	61	-1
0	62	-1
0	63	1
0	64	-1
0	65	1
0	66	-1
0	67	1
0	68	-1
0	69	1
0	71	1
0	72	1
0	73	-1
0	74	-1
0	75	1
0	76	-1
0	77	-1
0	80	-1
0	82	-1
0	84	-1
0	85	-1
0	86	-1
0	87	1
0	88	-1
0	89	1
0	90	-1
0	91	-1
0	92	-1
0	94	1
0	96	-1
0	97	-1
0	98	-1
0	99	1
0	100	-1
0	104	-1
0	105	1
0	108	1
0	109	1
0	113	1
0	117	1
0	118	-1
0	120	1
0	122	1
0	124	-1
0	127	-1
0	128	1
0	132	-1
0	133	-1
0	134	-1
0	135	1
0	137	1
0	139	1
0	141	-1
0	142	1
0	143	1
0	144	1
0	145	1
0	146	-1
0	147	1
0	150	1
0	153	1
0	156	1
0	158	1
0	160	-1
0	165	-1
0	166	-1
0	167	-1
0	170	1
0	172	-1
0	173	-1
0	174	-1
0	175	1
0	176	-1
0	180	1
0	181	-1
0	183	1
0	184	-1
0	185	-1
0	187	-1
0	189	-1
0	191	-1
0	193	-1
0	195	-1
0	199	1
0	201	-1
0	207	-1
0	209	-1
0	212	1
0	213	-1
0	215	-1
0	216	1
0	217	1
0	219	-1
0	221	-1
0	222	-1
0	223	1
0	224	-1
0	225	1
0	226	-1
0	227	-1
0	228	1
0	230	-1
0	232	-1
0	234	1
0	235	-1
0	238	-1
0	240	-1
0	241	1
0	243	1
0	244	1
0	245	-1
0	248	1
0	250	1
0	251	1
0	252	1
0	255	1
0	257	1
0	260	1
0	261	-1
0	263	1
0	264	1
0	265	1
0	266	-1
0	268	-1
0	269	-1
0	272	-1
0	278	1
0	281	1
0	285	1
0	287	1
0	288	-1
0	289	-1
0	290	-1
0	292	-1
0	293	-1
0	294	1
0	296	-1
0	297	-1
0	299	1
0	300	1
0	301	-1
0	304	-1
0	306	-1
0	307	-1
0	308	-1
0	309	1
0	310	-1
0	314	-1
0	315	1
0	320	-1
0	321	1
0	323	-1
0	326	-1
0	327	1
0	329	-1
0	330	1
0	332	-1
0	335	-1
0	336	-1
0	337	-1
0	339	1
0	340	1
0	341	1
0	343	1
0	344	-1
0	345	-1
0	347	1
0	352	-1
0	353	1
0	354	-1
0	355	-1
0	358	-1
0	359	1
0	362	1
0	364	1
0	365	1
0	368	1
0	369	1
0	372	-1
0	374	1
0	375	1
0	376	1
0	377	1
0	378	-1
0	379	-1
0	380	-1
0	381	-1
0	382	-1
0	384	-1
0	386	-1
0	388	1
0	390	-1
0	391	-1
0	394	1
0	398	-1
0	399	1
0	401	-1
0	402	-1
0	404	1
0	405	1
0	406	1
0	408	-1
0	409	1
0	415	1
0	420	1
0	423	1
0	427	-1
0	432	1
0	433	-1
0	434	1
0	436	1
0	437	1
0	438	-1
0	439	-1
0	440	-1
0	445	-1
0	446	1
0	448	-1
0	449	1
0	451	-1
0	453	-1
0	456	1
0	461	-1
0	462	1
0	463	1
0	465	-1
0	466	-1
0	467	-1
0	470	-1
0	471	-1
0	472	-1
0	474	1
0	476	-1
0	478	1
0	480	1
0	486	-1
0	489	1
0	491	1
0	492	1
0	499	-1
1	2	1
1	3	-1
1	4	-1
1	6	-1
1	7	1
1	8	1
1	9	1
1	10	1
1	11	-1
1	12	1
1	13	-1
1	14	-1
1	15	1
1	16	1
1	17	-1
1	20	-1
1	21	-1
1	22	1
1	23	-1
1	24	1
1	27	-1
1	30	1
1	31	-1
1	32	-1
1	33	-1
1	34	1
1	36	1
1	39	1
1	40	1
1	41	1
1	43	-1
1	46	1
1	47	-1
1	50	1
1	52	-1
1	53	-1
1	56	-1
1	58	-1
1	60	1
1	61	1
1	62	-1
1	63	-1
1	64	-1
1	65	1
1	66	-1
1	67	-1
1	68	1
1	70	-1
1	71	1
1	72	-1
1	73	1
1	76	1
1	77	-1
1	78	-1
1	79	-1
1	83	-1
1	84	-1
1	86	-1
1	87	-1
1	88	1
1	89	-1
1	91	-1
1	92	-1
1	93	-1
1	94	1
1	95	1
1	96	-1
1	97	-1
1	98	-1
1	99	1
1	101	-1
1	103	1
1	104	1
1	107	-1
1	110	-1
1	111	-1
1	112	-1
1	116	1
1	117	1
1	119	-1
1	120	1
1	122	1
1	125	1
1	129	1
1	131	-1
1	132	1
1	133	-1
1	134	1
1	141	1
1	142	-1
1	144	1
1	146	-1
1	147	1
1	148	-1
1	151	1
1	152	1
1	153	1
1	154	1
1	158	1
1	159	1
1	161	-1
1	162	-1
1	167	-1
1	168	-1
1	172	-1
1	177	-1
1	180	1
1	181	1
1	183	1
1	184	1
1	185	-1
1	186	-1
1	187	1
1	188	-1
1	190	1
1	194	1
1	196	-1
1	198	1
1	199	-1
1	200	-1
1	202	1
1	205	-1
1	207	1
1	208	1
1	209	1
1	211	1
1	212	-1
1	213	-1
1	215	-1
1	216	1
1	217	-1
1	218	-1
1	220	1
1	225	1
1	227	-1
1	228	1
1	230	-1
1	232	1
1	233	-1
1	236	1
1	238	-1
1	240	-1
1	241	1
1	243	1
1	245	-1
1	249	-1
1	256	-1
1	257	-1
1	258	1
1	259	1
1	262	1
1	264	1
1	266	-1
1	267	-1
1	271	-1
1	274	-1
1	277	-1
1	280	-1
1	281	1
1	283	1
1	285	1
1	287	1
1	289	-1
1	290	-1
1	295	1
1	296	1
1	300	-1
1	303	1
1	304	-1
1	305	-1
1	307	-1
1	308	-1
1	311	1
1	312	-1
1	314	-1
1	315	-1
1	318	1
1	323	-1
1	324	-1
1	325	-1
1	327	1
1	328	-1
1	329	1
1	332	1
1	334	-1
1	338	1
1	339	1
1	341	1
1	345	1
1	347	-1
1	351	1
1	357	1
1	358	1
1	360	-1
1	361	-1
1	362	1
1	364	-1
1	367	-1
1	368	1
1	369	-1
1	370	-1
1	371	-1
1	372	-1
1	373	1
1	374	-1
1	375	1
1	376	-1
1	377	-1
1	379	-1
1	380	-1
1	381	1
1	383	-1
1	385	-1
1	388	-1
1	389	-1
1	392	-1
1	393	1
1	395	-1
1	396	1
1	397	1
1	399	-1
1	402	-1
1	403	-1
1	404	-1
1	405	1
1	407	1
1	411	-1
1	412	1
1	415	-1
1	416	1
1	419	-1
1	423	-1
1	424	1
1	426	1
1	427	-1
1	430	-1
1	431	1
1	432	1
1	434	1
1	435	1
1	442	-1
1	444	-1
1	445	1
1	447	1
1	450	-1
1	451	1
1	455	1
1	459	-1
1	461	1
1	467	1
1	468	-1
1	469	-1
1	470	-1
1	471	-1
1	473	1
1	475	1
1	476	-1
1	479	1
1	480	-1
1	481	-1
1	483	1
1	484	-1
1	489	1
1	491	-1
1	494	1
1	495	-1
2	3	-1
2	4	-1
2	5	1
2	6	-1
2	7	1
2	8	-1
2	9	1
2	10	-1
2	11	-1
2	13	1
2	14	1
2	15	1
2	16	1
2	17	-1
2	18	1
2	19	1
2	20	1
2	21	1
2	22	1
2	25	-1
2	27	-1
2	28	1
2	30	1
2	31	-1
2	33	1
2	35	-1
2	37	1
2	38	-1
2	39	1
2	40	1
2	43	-1
2	46	-1
2	49	1
2	50	1
2	51	-1
2	52	-1
2	53	-1
2	57	-1
2	58	-1
2	59	-1
2	64	1
2	65	-1
2	67	-1
2	68	-1
2	69	1
2	70	-1
2	71	-1
2	73	-1
2	75	1
2	76	1
2	77	1
2	79	1
2	80	1
2	81	-1
2	82	-1
2	83	-1
2	86	-1
2	87	-1
2	88	-1
2	89	1
2	90	-1
2	91	1
2	92	-1
2	95	1
2	96	-1
2	97	-1
2	98	-1
2	99	-1
2	100	1
2	102	1
2	103	1
2	105	1
2	108	-1
2	111	-1
2	112	-1
2	113	-1
2	116	1
2	121	1
2	122	-1
2	123	1
2	124	1
2	125	-1
2	126	1
2	128	1
2	129	-1
2	130	1
2	131	1
2	133	1
2	143	1
2	144	-1
2	149	1
2	150	1
2	152	-1
2	153	-1
2	154	-1
2	158	1
2	161	1
2	165	-1
2	170	-1
2	172	-1
2	174	-1
2	177	-1
2	178	-1
2	180	1
2	182	1
2	184	-1
2	185	1
2	186	1
2	190	1
2	193	-1
2	194	-1
2	195	-1
2	196	-1
2	200	-1
2	202	-1
2	203	-1
2	207	-1
2	208	1
2	209	1
2	210	-1
2	211	1
2	212	1
2	215	1
2	216	-1
2	217	-1
2	218	1
2	220	-1
2	221	1
2	225	-1
2	226	1
2	227	-1
2	229	-1
2	230	-1
2	231	1
2	234	-1
2	239	1
2	245	1
2	246	-1
2	248	-1
2	249	1
2	250	-1
2	252	1
2	253	-1
2	254	1
2	258	1
2	259	1
2	260	1
2	261	-1
2	263	1
2	265	-1
2	266	1
2	268	1
2	269	-1
2	270	1
2	272	-1
2	273	1
2	274	1
2	275	1
2	277	-1
2	278	-1
2	279	1
2	281	1
2	282	-1
2	285	1
2	286	-1
2	289	-1
2	290	-1
2	292	1
2	294	-1
2	296	-1
2	297	-1
2	298	1
2	299	-1
2	300	-1
2	301	-1
2	302	1
2	303	-1
2	304	1
2	307	-1
2	311	1
2	313	-1
2	315	-1
2	316	-1
2	317	-1
2	319	-1
2	320	1
2	325	1
2	327	1
2	331	-1
2	332	-1
2	333	-1
2	334	1
2	335	-1
2	336	-1
2	337	-1
2	339	1
2	341	1
2	342	1
2	343	1
2	344	-1
2	351	1
2	354	1
2	355	1
2	356	1
2	357	1
2	358	-1
2	361	-1
2	362	-1
2	364	1
2	365	-1
2	366	1
2	367	-1
2	368	1
2	371	-1
2	372	1
2	373	1
2	376	1
2	377	1
2	379	1
2	380	-1
2	382	-1
2	383	1
2	385	-1
2	387	1
2	389	-1
2	390	-1
2	391	1
2	393	1
2	394	1
2	395	1
2	398	1
2	400	1
2	405	-1
2	407	-1
2	408	1
2	409	1
2	413	1
2	414	1
2	415	1
2	416	1
2	417	-1
2	418	-1
2	420	1
2	421	-1
2	423	1
2	424	-1
2	425	1
2	426	1
2	428	-1
2	430	-1
2	432	1
2	433	1
2	434	-1
2	437	-1
2	440	1
2	441	-1
2	442	-1
2	443	-1
2	444	-1
2	448	1
2	449	-1
2	452	1
2	453	-1
2	456	-1
2	457	-1
2	458	-1
2	462	-1
2	464	1
2	465	1
2	466	-1
2	468	-1
2	469	1
2	471	1
2	472	-1
2	475	-1
2	476	-1
2	479	1
2	480	-1
2	484	1
2	485	-1
2	486	-1
2	487	-1
2	488	-1
2	493	1
2	494	1
2	495	-1
3	4	1
3	5	-1
3	7	1
3	8	1
3	9	1
3	10	-1
3	12	1
3	13	1
3	15	-1
3	17	1
3	18	-1
3	20	1
3	21	-1
3	22	1
3	23	-1
3	24	1
3	25	-1
3	26	-1
3	28	1
3	29	-1
3	30	-1
3	31	1
3	33	-1
3	34	1
3	36	1
3	37	-1
3	38	1
3	39	1
3	40	-1
3	42	-1
3	44	-1
3	47	1
3	48	-1
3	49	1
3	50	-1
3	51	1
3	52	-1
3	53	-1
3	54	1
3	56	-1
3	57	-1
3	61	-1
3	62	-1
3	64	1
3	66	-1
3	68	-1
3	69	-1
3	70	1
3	71	1
3	72	-1
3	74	1
3	75	1
3	76	-1
3	78	-1
3	79	-1
3	82	-1
3	83	1
3	85	1
3	86	-1
3	87	-1
3	88	-1
3	89	-1
3	90	1
3	92	-1
3	93	1
3	94	-1
3	95	1
3	96	1
3	97	-1
3	100	-1
3	101	1
3	102	1
3	103	1
3	107	1
3	112	-1
3	113	1
3	118	1
3	121	1
3	123	1
3	126	1
3	129	-1
3	130	1
3	132	-1
3	133	-1
3	134	-1
3	136	-1
3	137	-1
3	139	1
3	141	1
3	144	1
3	147	-1
3	151	1
3	153	1
3	155	1
3	156	-1
3	158	-1
3	160	1
3	162	-1
3	167	-1
3	168	1
3	169	-1
3	171	1
3	173	-1
3	174	-1
3	175	1
3	178	1
3	179	1
3	181	-1
3	183	1
3	186	1
3	187	-1
3	188	1
3	190	-1
3	191	1
3	193	-1
3	194	1
3	198	-1
3	199	1
3	203	-1
3	204	1
3	205	1
3	206	1
3	210	-1
3	216	-1
3	217	-1
3	218	1
3	219	-1
3	221	1
3	222	1
3	227	1
3	228	-1
3	233	-1
3	234	1
3	236	1
3	239	1
3	241	-1
3	242	1
3	243	1
3	244	1
3	245	-1
3	247	1
3	250	-1
3	251	-1
3	253	1
3	254	1
3	255	1
3	256	1
3	258	-1
3	262	1
3	265	1
3	266	1
3	267	-1
3	268	1
3	270	1
3	271	-1
3	274	-1
3	278	1
3	282	1
3	284	-1
3	286	-1
3	287	1
3	290	-1
3	292	-1
3	294	1
3	296	-1
3	297	-1
3	299	1
3	300	-1
3	301	-1
3	302	-1
3	304	-1
3	312	-1
3	313	1
3	322	1
3	324	-1
3	327	1
3	329	1
3	332	-1
3	333	-1
3	334	-1
3	335	-1
3	336	-1
3	337	-1
3	339	1
3	341	1
3	342	-1
3	343	-1
3	346	1
3	347	1
3	349	1
3	351	1
3	352	-1
3	354	1
3	357	1
3	360	1
3	366	1
3	368	1
3	370	1
3	372	1
3	376	-1
3	379	1
3	380	-1
3	381	1
3	384	1
3	386	1
3	388	1
3	389	-1
3	393	-1
3	397	1
3	398	1
3	399	-1
3	401	1
3	402	-1
3	404	-1
3	406	1
3	412	1
3	416	1
3	417	1
3	421	1
3	422	-1
3	423	-1
3	424	1
3	425	1
3	426	1
3	427	-1
3	428	-1
3	429	1
3	430	-1
3	435	-1
3	437	-1
3	438	-1
3	440	1
3	441	1
3	442	1
3	443	1
3	444	-1
3	445	1
3	446	-1
3	447	-1
3	449	-1
3	450	1
3	451	-1
3	452	-1
3	453	1
3	459	-1
3	460	-1
3	462	1
3	467	1
3	468	-1
3	469	1
3	470	-1
3	471	1
3	473	-1
3	474	-1
3	478	1
3	481	1
3	482	1
3	483	-1
3	485	1
3	487	-1
3	489	1
3	491	1
3	492	-1
3	493	-1
3	494	1
3	495	-1
3	498	1
4	5	-1
4	6	1
4	7	-1
4	9	1
4	12	1
4	13	1
4	14	-1
4	15	1
4	16	1
4	17	-1
4	18	-1
4	20	1
4	21	-1
4	22	1
4	23	-1
4	24	1
4	26	1
4	27	-1
4	29	1
4	31	1
4	33	1
4	35	1
4	37	1
4	38	-1
4	39	1
4	40	1
4	41	-1
4	43	-1
4	48	-1
4	49	1
4	50	-1
4	51	1
4	54	-1
4	58	1
4	60	-1
4	62	1
4	63	1
4	64	-1
4	65	-1
4	66	1
4	67	1
4	68	1
4	69	-1
4	71	1
4	72	1
4	74	1
4	75	1
4	77	1
4	79	-1
4	82	-1
4	83	1
4	84	-1
4	85	1
4	86	-1
4	87	-1
4	88	-1
4	89	-1
4	91	-1
4	92	1
4	97	-1
4	99	1
4	101	-1
4	103	1
4	104	-1
4	105	-1
4	106	1
4	107	1
4	108	-1
4	110	-1
4	111	-1
4	112	1
4	114	1
4	115	1
4	116	1
4	117	1
4	118	1
4	119	1
4	125	1
4	126	1
4	127	1
4	130	1
4	131	1
4	132	-1
4	133	1
4	135	1
4	136	1
4	137	-1
4	139	-1
4	141	1
4	142	-1
4	143	1
4	145	-1
4	146	1
4	147	-1
4	149	1
4	150	1
4	151	1
4	154	-1
4	155	-1
4	158	-1
4	159	-1
4	161	1
4	162	-1
4	167	1
4	168	1
4	169	1
4	170	1
4	173	1
4	175	1
4	177	-1
4	178	-1
4	179	-1
4	180	-1
4	181	1
4	182	-1
4	183	1
4	184	-1
4	186	-1
4	187	1
4	189	1
4	193	1
4	196	-1
4	197	-1
4	198	1
4	199	-1
4	201	1
4	203	-1
4	206	1
4	208	-1
4	210	1
4	212	1
4	219	1
4	220	-1
4	224	1
4	225	1
4	226	1
4	229	-1
4	233	-1
4	234	-1
4	236	1
4	237	1
4	241	1
4	243	1
4	244	1
4	246	1
4	249	-1
4	250	-1
4	251	1
4	253	-1
4	254	1
4	255	1
4	259	1
4	260	1
4	261	-1
4	262	-1
4	263	-1
4	264	-1
4	266	1
4	267	-1
4	268	-1
4	270	-1
4	271	1
4	273	1
4	279	1
4	281	-1
4	287	1
4	289	-1
4	290	1
4	292	1
4	294	1
4	296	1
4	297	-1
4	298	-1
4	302	-1
4	304	1
4	305	-1
4	306	-1
4	307	-1
4	310	-1
4	311	-1
4	312	1
4	313	-1
4	316	1
4	320	-1
4	321	1
4	325	-1
4	326	-1
4	327	-1
4	328	-1
4	329	1
4	333	1
4	340	1
4	342	1
4	344	1
4	346	1
4	348	1
4	349	1
4	351	-1
4	352	-1
4	355	1
4	357	-1
4	360	1
4	361	-1
4	363	-1
4	366	-1
4	367	1
4	370	1
4	372	1
4	377	1
4	378	-1
4	383	1
4	386	-1
4	389	1
4	390	-1
4	391	-1
4	393	-1
4	395	1
4	396	-1
4	399	1
4	400	1
4	402	1
4	405	-1
4	407	-1
4	408	-1
4	409	-1
4	412	1
4	414	-1
4	419	1
4	421	-1
4	422	1
4	426	-1
4	428	-1
4	430	1
4	431	-1
4	432	-1
4	434	-1
4	435	1
4	441	-1
4	442	1
4	443	-1
4	444	-1
4	446	-1
4	447	-1
4	448	1
4	450	1
4	452	1
4	454	-1
4	455	-1
4	456	-1
4	462	-1
4	466	1
4	468	-1
4	469	-1
4	471	-1
4	474	1
4	477	1
4	481	1
4	482	1
4	485	-1
4	487	-1
4	492	-1
4	493	-1
4	494	-1
4	496	-1
4	498	1
5	6	-1
5	7	-1
5	8	1
5	10	1
5	11	1
5	12	1
5	15	-1
5	16	1
5	17	1
5	18	-1
5	19	1
5	21	1
5	22	-1
5	23	1
5	24	1
5	25	-1
5	26	1
5	27	-1
5	28	1
5	32	-1
5	34	1
5	36	-1
5	37	1
5	38	-1
5	39	-1
5	40	-1
5	41	1
5	43	1
5	44	-1
5	45	-1
5	46	1
5	48	-1
5	49	-1
5	51	1
5	53	-1
5	55	-1
5	57	-1
5	58	-1
5	60	-1
5	63	-1
5	64	1
5	66	-1
5	67	-1
5	68	-1
5	70	1
5	71	1
5	72	-1
5	73	1
5	74	1
5	75	1
5	76	-1
5	79	-1
5	81	-1
5	84	-1
5	85	1
5	86	1
5	89	-1
5	90	-1
5	91	1
5	93	1
5	94	-1
5	95	-1
5	96	-1
5	97	1
5	98	1
5	101	1
5	102	1
5	103	-1
5	105	-1
5	107	-1
5	109	1
5	113	1
5	116	1
5	117	-1
5	119	1
5	122	1
5	124	-1
5	125	-1
5	126	1
5	127	-1
5	133	1
5	134	1
5	135	1
5	136	1
5	137	1
5	138	-1
5	139	1
5	144	-1
5	146	1
5	149	1
5	151	1
5	152	-1
5	156	-1
5	161	-1
5	162	-1
5	170	-1
5	171	1
5	172	1
5	176	1
5	177	1
5	179	1
5	184	1
5	186	-1
5	187	1
5	188	-1
5	191	1
5	194	-1
5	197	-1
5	199	1
5	200	-1
5	203	1
5	206	-1
5	207	-1
5	209	1
5	210	-1
5	211	1
5	212	-1
5	213	-1
5	216	-1
5	222	1
5	223	-1
5	225	-1
5	227	-1
5	229	1
5	232	1
5	233	1
5	234	-1
5	238	-1
5	239	1
5	243	-1
5	247	1
5	249	1
5	250	-1
5	254	-1
5	257	1
5	261	-1
5	263	1
5	264	-1
5	265	1
5	266	-1
5	267	-1
5	276	1
5	277	-1
5	280	-1
5	281	1
5	283	-1
5	287	1
5	288	-1
5	289	1
5	290	1
5	291	-1
5	293	1
5	297	1
5	303	1
5	305	1
5	308	-1
5	309	-1
5	310	-1
5	316	1
5	317	1
5	319	1
5	323	1
5	329	1
5	333	-1
5	335	1
5	340	1
5	341	-1
5	342	1
5	347	1
5	349	1
5	350	-1
5	351	1
5	352	1
5	354	1
5	356	1
5	357	1
5	358	1
5	361	-1
5	362	-1
5	364	-1
5	365	1
5	368	1
5	369	1
5	371	1
5	372	-1
5	374	1
5	375	1
5	376	1
5	377	-1
5	378	1
5	379	1
5	381	-1
5	382	-1
5	383	-1
5	385	1
5	388	1
5	390	1
5	391	1
5	393	-1
5	396	1
5	398	1
5	399	-1
5	400	1
5	401	1
5	403	1
5	405	-1
5	408	-1
5	410	1
5	412	1
5	415	1
5	417	-1
5	420	-1
5	421	1
5	422	1
5	423	1
5	424	-1
5	427	-1
5	429	1
5	430	1
5	434	1
5	439	-1
5	440	1
5	441	1
5	445	-1
5	446	1
5	448	-1
5	449	1
5	450	-1
5	451	1
5	453	1
5	454	-1
5	456	1
5	457	1
5	458	1
5	459	-1
5	461	-1
5	462	-1
5	463	-1
5	466	1
5	468	-1
5	471	1
5	472	-1
5	475	-1
5	477	1
5	479	-1
5	481	1
5	482	1
5	483	1
5	484	-1
5	485	-1
5	488	-1
5	489	1
5	491	1
5	497	-1
5	499	1
6	8	1
6	9	-1
6	10	-1
6	11	-1
6	12	1
6	13	1
6	14	1
6	15	1
6	16	1
6	19	1
6	20	1
6	22	-1
6	24	-1
6	25	1
6	26	1
6	28	1
6	29	-1
6	30	1
6	32	1
6	33	1
6	34	-1
6	35	-1
6	36	1
6	37	-1
6	39	1
6	40	-1
6	42	-1
6	43	-1
6	44	-1
6	45	1
6	46	1
6	48	-1
6	49	-1
6	50	1
6	51	1
6	52	1
6	53	-1
6	54	1
6	55	-1
6	56	1
6	57	1
6	58	-1
6	61	-1
6	62	1
6	63	1
6	64	1
6	65	1
6	66	-1
6	67	1
6	68	1
6	69	-1
6	71	1
6	74	-1
6	75	1
6	76	1
6	77	1
6	78	-1
6	79	1
6	80	1
6	82	1
6	83	-1
6	86	-1
6	87	-1
6	88	1
6	89	1
6	90	-1
6	92	1
6	93	-1
6	94	1
6	95	-1
6	98	1
6	99	-1
6	103	-1
6	104	-1
6	107	-1
6	110	-1
6	111	-1
6	112	-1
6	113	1
6	116	1
6	118	-1
6	122	-1
6	123	-1
6	126	1
6	127	-1
6	128	1
6	129	1
6	130	1
6	131	1
6	133	1
6	135	1
6	136	-1
6	137	1
6	138	1
6	139	-1
6	140	1
6	143	1
6	144	1
6	145	-1
6	146	1
6	149	-1
6	153	1
6	162	-1
6	166	-1
6	167	-1
6	168	1
6	170	1
6	172	1
6	173	1
6	175	-1
6	176	1
6	178	1
6	181	1
6	185	1
6	186	-1
6	188	-1
6	190	-1
6	191	-1
6	192	-1
6	193	-1
6	194	-1
6	198	1
6	200	-1
6	201	1
6	202	-1
6	203	-1
6	205	-1
6	209	-1
6	211	1
6	214	1
6	216	-1
6	218	1
6	223	-1
6	224	1
6	225	-1
6	226	1
6	227	-1
6	228	-1
6	229	-1
6	231	-1
6	233	1
6	234	-1
6	239	-1
6	240	-1
6	241	-1
6	243	-1
6	245	1
6	246	-1
6	248	1
6	252	1
6	255	1
6	257	1
6	258	-1
6	259	1
6	260	-1
6	261	-1
6	262	-1
6	263	-1
6	264	-1
6	265	-1
6	268	1
6	269	1
6	275	1
6	276	-1
6	277	1
6	278	1
6	281	1
6	283	1
6	284	-1
6	286	1
6	288	-1
6	290	-1
6	291	1
6	292	-1
6	293	1
6	294	1
6	303	1
6	304	-1
6	307	-1
6	313	-1
6	316	1
6	317	1
6	325	-1
6	330	1
6	331	1
6	338	1
6	340	-1
6	341	-1
6	344	-1
6	346	-1
6	347	-1
6	351	1
6	352	1
6	353	1
6	354	1
6	356	1
6	359	1
6	360	-1
6	361	-1
6	362	-1
6	363	-1
6	365	-1
6	366	-1
6	367	1
6	368	1
6	370	1
6	371	1
6	372	-1
6	374	-1
6	376	-1
6	377	-1
6	379	-1
6	380	-1
6	381	-1
6	387	-1
6	388	1
6	389	-1
6	391	1
6	392	1
6	393	1
6	394	-1
6	395	-1
6	396	1
6	398	-1
6	399	-1
6	404	1
6	407	1
6	410	1
6	414	1
6	415	1
6	416	1
6	418	-1
6	422	1
6	425	1
6	426	-1
6	430	-1
6	434	-1
6	436	1
6	437	-1
6	442	-1
6	444	1
6	446	1
6	447	-1
6	452	-1
6	454	1
6	455	1
6	458	-1
6	459	-1
6	460	-1
6	461	-1
6	462	-1
6	463	-1
6	467	-1
6	470	-1
6	472	1
6	473	1
6	475	-1
6	476	-1
6	478	-1
6	479	-1
6	480	-1
6	481	-1
6	482	-1
6	483	-1
6	486	-1
6	488	1
6	489	-1
6	491	-1
6	493	1
6	495	-1
6	497	-1
6	498	1
6	499	-1
7	9	1
7	10	1
7	12	1
7	13	1
7	14	1
7	15	1
7	16	1
7	17	1
7	18	1
7	19	1
7	20	-1
7	21	-1
7	23	1
7	24	-1
7	25	1
7	26	-1
7	27	1
7	28	1
7	29	1
7	31	-1
7	32	1
7	33	1
7	36	1
7	37	1
7	38	1
7	39	1
7	40	1
7	41	1
7	42	-1
7	43	-1
7	44	-1
7	46	-1
7	48	1
7	49	-1
7	54	-1
7	55	-1
7	56	1
7	57	-1
7	58	-1
7	59	-1
7	60	-1
7	63	-1
7	64	-1
7	65	1
7	66	-1
7	67	1
7	69	-1
7	70	1
7	72	-1
7	73	1
7	74	-1
7	76	-1
7	77	-1
7	78	-1
7	79	1
7	80	-1
7	83	-1
7	84	1
7	85	1
7	86	1
7	88	-1
7	90	-1
7	91	-1
7	93	1
7	95	-1
7	96	1
7	97	-1
7	98	1
7	99	1
7	107	-1
7	108	1
7	110	-1
7	111	-1
7	113	1
7	117	1
7	120	-1
7	122	1
7	124	-1
7	126	-1
7	136	-1
7	138	1
7	139	1
7	142	-1
7	144	1
7	147	1
7	150	-1
7	153	-1
7	156	-1
7	157	1
7	160	-1
7	161	1
7	163	-1
7	164	1
7	165	-1
7	167	-1
7	168	-1
7	169	-1
7	170	1
7	173	1
7	174	1
7	177	-1
7	180	-1
7	182	-1
7	183	-1
7	184	-1
7	187	1
7	189	1
7	190	1
7	193	-1
7	194	-1
7	195	1
7	196	1
7	199	1
7	202	1
7	203	1
7	204	-1
7	205	-1
7	206	1
7	208	1
7	212	1
7	213	1
7	214	1
7	216	1
7	218	-1
7	222	1
7	223	-1
7	225	-1
7	231	-1
7	232	1
7	234	-1
7	235	1
7	236	1
7	237	-1
7	239	-1
7	242	1
7	244	1
7	245	-1
7	250	1
7	252	-1
7	254	-1
7	257	1
7	262	1
7	267	1
7	270	-1
7	271	-1
7	277	1
7	278	1
7	279	-1
7	280	-1
7	283	-1
7	284	1
7	287	1
7	289	-1
7	291	1
7	293	-1
7	294	-1
7	295	1
7	297	1
7	299	-1
7	301	-1
7	302	-1
7	304	1
7	305	-1
7	306	1
7	308	1
7	312	1
7	313	-1
7	314	-1
7	316	-1
7	320	-1
7	322	-1
7	325	-1
7	328	-1
7	330	1
7	332	1
7	333	1
7	334	-1
7	335	-1
7	336	1
7	337	1
7	338	-1
7	340	1
7	342	-1
7	343	1
7	344	1
7	345	-1
7	346	-1
7	347	-1
7	349	1
7	350	1
7	352	-1
7	354	1
7	359	1
7	361	-1
7	363	-1
7	365	1
7	366	1
7	368	1
7	370	-1
7	374	1
7	376	1
7	379	1
7	380	-1
7	382	-1
7	383	-1
7	385	-1
7	390	-1
7	392	1
7	393	-1
7	396	-1
7	399	-1
7	400	1
7	403	1
7	405	-1
7	406	1
7	410	-1
7	411	1
7	412	-1
7	413	1
7	417	1
7	418	1
7	421	-1
7	423	-1
7	424	1
7	425	1
7	430	1
7	432	-1
7	433	1
7	436	1
7	439	1
7	444	-1
7	445	-1
7	447	1
7	448	1
7	451	-1
7	453	-1
7	455	1
7	458	1
7	460	-1
7	461	1
7	464	-1
7	465	-1
7	467	-1
7	468	-1
7	470	1
7	475	-1
7	476	-1
7	478	-1
7	484	1
7	485	-1
7	486	-1
7	488	1
7	491	1
7	494	-1
7	496	1
7	497	1
7	499	1
8	11	1
8	12	1
8	13	1
8	14	1
8	16	1
8	17	-1
8	20	-1
8	21	-1
8	22	1
8	23	1
8	28	1
8	29	-1
8	30	1
8	31	1
8	32	1
8	33	1
8	36	-1
8	38	1
8	39	1
8	40	1
8	41	-1
8	42	1
8	43	-1
8	44	-1
8	46	1
8	47	-1
8	48	1
8	49	-1
8	50	-1
8	51	1
8	52	1
8	54	1
8	55	-1
8	56	-1
8	57	1
8	58	1
8	59	1
8	62	-1
8	64	-1
8	65	1
8	66	-1
8	70	1
8	72	-1
8	74	1
8	75	-1
8	76	1
8	77	-1
8	79	-1
8	80	1
8	81	-1
8	82	-1
8	83	-1
8	87	1
8	88	-1
8	89	1
8	90	-1
8	91	-1
8	92	1
8	93	-1
8	94	1
8	95	1
8	97	-1
8	99	1
8	100	1
8	103	1
8	105	-1
8	106	1
8	107	1
8	108	-1
8	111	-1
8	115	1
8	116	1
8	117	1
8	123	1
8	125	-1
8	126	-1
8	129	1
8	132	1
8	133	-1
8	134	1
8	137	1
8	140	1
8	142	1
8	143	-1
8	149	-1
8	152	1
8	154	1
8	157	1
8	159	-1
8	161	-1
8	162	1
8	163	1
8	164	-1
8	165	-1
8	166	-1
8	167	-1
8	168	1
8	171	1
8	172	1
8	176	-1
8	177	-1
8	178	-1
8	179	1
8	182	1
8	184	-1
8	186	-1
8	188	-1
8	190	1
8	193	-1
8	194	-1
8	198	1
8	199	1
8	204	-1
8	206	1
8	208	1
8	209	-1
8	211	1
8	212	-1
8	213	1
8	214	1
8	215	-1
8	217	-1
8	221	1
8	223	1
8	227	1
8	230	1
8	231	1
8	235	1
8	237	1
8	239	1
8	244	1
8	245	1
8	248	-1
8	249	-1
8	250	1
8	253	1
8	254	1
8	257	1
8	259	-1
8	260	1
8	262	-1
8	263	1
8	266	1
8	268	1
8	269	-1
8	271	-1
8	274	-1
8	275	1
8	279	-1
8	282	1
8	283	-1
8	287	-1
8	288	1
8	292	1
8	296	-1
8	298	-1
8	301	-1
8	302	-1
8	303	-1
8	307	-1
8	308	-1
8	309	-1
8	312	1
8	313	1
8	321	-1
8	323	1
8	325	-1
8	327	-1
8	328	1
8	331	-1
8	332	1
8	333	-1
8	334	-1
8	340	1
8	341	1
8	342	1
8	345	1
8	347	1
8	349	-1
8	350	1
8	351	1
8	352	-1
8	356	-1
8	358	-1
8	363	1
8	364	-1
8	365	-1
8	366	1
8	367	1
8	368	1
8	372	1
8	375	1
8	378	-1
8	379	1
8	380	-1
8	383	-1
8	384	-1
8	389	1
8	392	-1
8	396	1
8	404	-1
8	405	1
8	408	1
8	411	1
8	413	1
8	416	-1
8	417	1
8	420	1
8	421	1
8	423	-1
8	426	-1
8	428	-1
8	429	-1
8	430	-1
8	431	1
8	432	1
8	433	-1
8	434	1
8	435	1
8	436	1
8	439	-1
8	443	1
8	444	1
8	446	1
8	447	1
8	449	-1
8	452	-1
8	454	1
8	456	1
8	457	1
8	458	1
8	461	-1
8	463	1
8	466	-1
8	467	-1
8	470	-1
8	471	1
8	472	1
8	473	1
8	475	1
8	476	1
8	477	-1
8	483	-1
8	486	-1
8	487	-1
8	489	1
8	490	1
8	491	-1
8	493	-1
8	495	1
8	496	1
8	497	-1
8	499	1
9	10	1
9	11	1
9	12	-1
9	13	1
9	16	-1
9	17	-1
9	18	-1
9	20	-1
9	21	-1
9	22	1
9	23	1
9	24	1
9	25	-1
9	27	1
9	28	1
9	29	1
9	30	-1
9	31	1
9	35	-1
9	37	-1
9	38	1
9	40	-1
9	42	1
9	45	1
9	49	-1
9	51	1
9	53	-1
9	54	1
9	58	1
9	59	-1
9	60	-1
9	61	-1
9	63	-1
9	64	-1
9	66	-1
9	67	1
9	68	-1
9	71	-1
9	72	-1
9	73	1
9	75	-1
9	76	-1
9	77	-1
9	78	-1
9	79	-1
9	81	1
9	83	-1
9	84	-1
9	85	-1
9	87	-1
9	88	1
9	89	-1
9	90	1
9	91	-1
9	92	1
9	93	-1
9	94	1
9	96	-1
9	97	-1
9	98	-1
9	100	-1
9	102	-1
9	105	1
9	106	-1
9	107	-1
9	108	-1
9	109	1
9	111	-1
9	114	1
9	116	-1
9	118	-1
9	120	1
9	121	-1
9	122	1
9	124	-1
9	128	1
9	130	1
9	132	-1
9	143	1
9	147	-1
9	149	-1
9	151	-1
9	154	1
9	155	-1
9	156	1
9	158	1
9	160	1
9	161	1
9	163	1
9	167	-1
9	168	-1
9	169	-1
9	172	1
9	175	-1
9	176	1
9	177	-1
9	178	-1
9	180	1
9	183	1
9	190	1
9	192	-1
9	194	-1
9	195	-1
9	196	-1
9	198	1
9	200	-1
9	201	1
9	203	1
9	204	-1
9	205	1
9	207	-1
9	208	1
9	214	1
9	216	-1
9	217	1
9	218	-1
9	219	-1
9	222	-1
9	224	1
9	227	1
9	229	-1
9	231	1
9	232	1
9	233	1
9	235	1
9	236	1
9	239	1
9	242	-1
9	243	1
9	244	-1
9	247	1
9	248	1
9	254	1
9	255	1
9	256	-1
9	257	-1
9	258	1
9	259	-1
9	263	-1
9	264	1
9	270	-1
9	273	1
9	274	1
9	276	1
9	277	-1
9	278	-1
9	279	-1
9	281	1
9	282	1
9	284	-1
9	285	-1
9	286	1
9	287	-1
9	288	-1
9	290	1
9	293	1
9	294	-1
9	297	1
9	298	1
9	299	-1
9	300	1
9	304	-1
9	305	-1
9	307	-1
9	311	-1
9	312	-1
9	313	1
9	314	1
9	315	1
9	320	1
9	321	-1
9	322	1
9	323	1
9	324	1
9	327	-1
9	332	-1
9	334	1
9	335	-1
9	337	1
9	340	1
9	341	-1
9	343	1
9	346	-1
9	348	1
9	349	-1
9	350	1
9	355	-1
9	357	1
9	358	1
9	359	-1
9	360	-1
9	364	-1
9	365	1
9	368	-1
9	369	1
9	370	1
9	372	1
9	374	-1
9	375	1
9	376	1
9	378	1
9	381	1
9	383	-1
9	386	-1
9	388	-1
9	389	1
9	390	-1
9	391	-1
9	392	1
9	394	1
9	396	1
9	397	1
9	399	1
9	401	1
9	403	-1
9	406	1
9	409	1
9	414	1
9	418	1
9	419	1
9	420	1
9	421	1
9	423	-1
9	424	-1
9	429	-1
9	430	1
9	431	1
9	434	1
9	435	1
9	437	1
9	440	-1
9	446	-1
9	447	1
9	449	-1
9	452	1
9	453	-1
9	454	1
9	456	1
9	458	-1
9	459	1
9	465	-1
9	466	1
9	467	-1
9	471	-1
9	472	1
9	475	-1
9	479	-1
9	481	-1
9	482	-1
9	485	-1
9	488	1
9	490	-1
9	493	1
9	494	-1
9	496	1
9	497	1
9	498	-1
10	11	-1
10	13	1
10	15	1
10	16	1
10	17	1
10	18	1
10	19	-1
10	20	1
10	22	1
10	23	1
10	24	1
10	25	-1
10	27	-1
10	28	1
10	29	-1
10	30	1
10	31	-1
10	32	-1
10	33	-1
10	34	-1
10	35	1
10	37	-1
10	39	-1
10	41	-1
10	43	1
10	45	1
10	46	1
10	48	1
10	49	1
10	50	-1
10	51	-1
10	52	1
10	53	1
10	54	1
10	56	1
10	57	1
10	58	1
10	59	-1
10	60	-1
10	62	-1
10	63	-1
10	64	-1
10	65	-1
10	67	1
10	72	1
10	73	-1
10	76	1
10	77	-1
10	79	-1
10	80	1
10	82	-1
10	83	1
10	84	-1
10	85	-1
10	86	-1
10	87	1
10	88	1
10	90	-1
10	91	1
10	93	1
10	94	-1
10	95	1
10	96	-1
10	97	1
10	98	-1
10	99	-1
10	100	-1
10	102	1
10	103	-1
10	104	-1
10	105	-1
10	106	1
10	107	1
10	108	1
10	109	1
10	110	-1
10	111	-1
10	112	-1
10	115	1
10	117	-1
10	118	1
10	123	1
10	124	-1
10	127	-1
10	131	-1
10	132	-1
10	133	1
10	136	1
10	138	-1
10	141	1
10	146	1
10	151	1
10	152	1
10	156	1
10	157	-1
10	162	1
10	163	-1
10	164	-1
10	166	-1
10	170	1
10	171	-1
10	172	-1
10	177	-1
10	181	-1
10	184	-1
10	188	1
10	190	1
10	191	1
10	193	1
10	195	-1
10	198	1
10	199	1
10	202	-1
10	205	-1
10	207	-1
10	208	1
10	211	-1
10	213	-1
10	214	-1
10	215	-1
10	216	1
10	217	-1
10	218	-1
10	221	1
10	222	-1
10	224	-1
10	225	-1
10	229	-1
10	231	1
10	232	1
10	235	1
10	236	-1
10	239	-1
10	244	-1
10	245	-1
10	247	-1
10	251	-1
10	252	-1
10	254	-1
10	255	-1
10	256	-1
10	259	1
10	261	-1
10	262	-1
10	263	1
10	264	-1
10	269	-1
10	270	-1
10	271	1
10	273	1
10	274	1
10	275	1
10	276	-1
10	279	1
10	280	1
10	281	1
10	283	1
10	285	-1
10	287	-1
10	288	-1
10	290	1
10	291	-1
10	293	-1
10	298	1
10	301	-1
10	307	-1
10	311	1
10	312	1
10	315	-1
10	317	-1
10	318	-1
10	319	1
10	320	1
10	323	1
10	325	-1
10	326	-1
10	327	-1
10	329	1
10	330	1
10	331	-1
10	332	-1
10	333	1
10	339	1
10	340	-1
10	341	1
10	342	1
10	343	1
10	346	-1
10	348	1
10	355	-1
10	356	1
10	357	1
10	359	1
10	360	-1
10	363	1
10	364	1
10	370	1
10	371	1
10	372	1
10	376	-1
10	377	-1
10	378	-1
10	379	1
10	381	-1
10	385	-1
10	388	-1
10	389	-1
10	395	-1
10	397	1
10	399	1
10	402	-1
10	405	-1
10	408	-1
10	410	1
10	412	1
10	413	1
10	414	-1
10	415	-1
10	416	-1
10	421	-1
10	422	-1
10	423	1
10	424	-1
10	426	-1
10	427	1
10	428	-1
10	430	1
10	432	-1
10	433	-1
10	435	-1
10	439	-1
10	440	-1
10	441	1
10	444	-1
10	446	1
10	447	1
10	449	1
10	450	-1
10	452	1
10	454	1
10	455	1
10	457	-1
10	458	1
10	463	1
10	464	1
10	465	1
10	466	1
10	467	-1
10	468	-1
10	469	1
10	470	1
10	471	-1
10	472	1
10	473	1
10	474	1
10	475	1
10	476	1
10	477	1
10	478	-1
10	479	-1
10	487	-1
10	488	1
10	489	-1
10	490	-1
10	491	1
10	498	1
10	499	1
11	12	1
11	13	-1
11	14	-1
11	15	-1
11	16	-1
11	17	-1
11	21	1
11	22	-1
11	23	1
11	24	-1
11	27	-1
11	28	-1
11	29	1
11	30	1
11	31	-1
11	32	1
11	33	1
11	35	-1
11	36	-1
11	37	1
11	38	1
11	39	-1
11	40	1
11	41	1
11	42	1
11	43	1
11	44	1
11	46	-1
11	47	-1
11	48	1
11	49	1
11	51	-1
11	53	-1
11	54	-1
11	57	-1
11	60	-1
11	61	1
11	63	-1
11	65	-1
11	66	-1
11	67	1
11	68	-1
11	69	-1
11	70	-1
11	73	1
11	74	-1
11	75	1
11	76	-1
11	78	-1
11	79	1
11	80	1
11	84	1
11	85	1
11	86	1
11	87	1
11	88	-1
11	90	-1
11	91	-1
11	92	-1
11	94	1
11	95	-1
11	96	1
11	97	1
11	99	-1
11	102	1
11	106	1
11	110	1
11	111	-1
11	112	1
11	119	1
11	122	1
11	126	1
11	128	1
11	129	-1
11	132	1
11	135	1
11	142	-1
11	145	-1
11	146	-1
11	147	-1
11	149	-1
11	151	-1
11	153	1
11	162	1
11	164	1
11	165	1
11	166	-1
11	168	-1
11	171	1
11	172	1
11	173	1
11	175	-1
11	176	-1
11	178	1
11	182	-1
11	183	1
11	185	1
11	193	1
11	194	-1
11	202	-1
11	203	1
11	204	-1
11	205	1
11	214	-1
11	216	1
11	220	1
11	221	-1
11	222	-1
11	224	-1
11	226	1
11	227	-1
11	242	1
11	245	1
11	248	1
11	249	1
11	250	1
11	251	1
11	252	1
11	253	-1
11	254	1
11	255	-1
11	256	-1
11	258	1
11	261	1
11	264	1
11	266	-1
11	268	-1
11	270	-1
11	272	1
11	275	-1
11	276	-1
11	278	-1
11	280	-1
11	281	-1
11	282	1
11	285	-1
11	286	-1
11	287	1
11	288	1
11	289	1
11	292	-1
11	293	-1
11	295	1
11	297	1
11	298	1
11	299	-1
11	305	1
11	306	-1
11	307	1
11	310	-1
11	313	1
11	316	-1
11	318	-1
11	320	1
11	321	-1
11	325	1
11	328	1
11	329	-1
11	330	-1
11	331	1
11	332	-1
11	334	-1
11	335	-1
11	337	1
11	339	1
11	342	-1
11	344	-1
11	345	-1
11	348	1
11	350	1
11	351	-1
11	353	1
11	354	-1
11	356	1
11	358	-1
11	361	-1
11	362	-1
11	365	-1
11	366	-1
11	367	1
11	368	-1
11	370	-1
11	371	-1
11	373	1
11	375	1
11	378	1
11	379	1
11	381	-1
11	382	1
11	384	-1
11	385	-1
11	388	1
11	390	-1
11	391	1
11	392	-1
11	394	1
11	395	-1
11	399	1
11	401	1
11	404	-1
11	405	1
11	406	1
11	410	1
11	411	-1
11	414	1
11	416	1
11	417	-1
11	421	1
11	422	-1
11	423	1
11	424	1
11	425	-1
11	427	-1
11	429	-1
11	431	1
11	436	1
11	437	1
11	441	1
11	444	1
11	445	1
11	449	-1
11	451	-1
11	452	-1
11	453	1
11	454	-1
11	457	1
11	460	-1
11	464	-1
11	465	-1
11	467	-1
11	470	-1
11	471	-1
11	473	1
11	474	-1
11	475	-1
11	478	1
11	480	-1
11	481	1
11	482	1
11	485	1
11	489	-1
11	490	1
11	491	1
11	492	1
11	494	-1
11	495	1
11	496	1
11	497	1
11	498	1
12	13	1
12	14	1
12	15	1
12	16	-1
12	17	1
12	18	-1
12	20	1
12	21	1
12	22	1
12	24	1
12	25	-1
12	26	1
12	27	1
12	28	-1
12	31	-1
12	34	-1
12	35	-1
12	36	1
12	37	1
12	38	1
12	39	1
12	41	1
12	47	1
12	48	1
12	50	-1
12	51	-1
12	56	-1
12	57	-1
12	58	-1
12	59	1
12	61	-1
12	62	1
12	63	1
12	65	-1
12	66	-1
12	67	1
12	68	1
12	69	1
12	70	1
12	71	1
12	73	1
12	74	1
12	75	-1
12	77	-1
12	79	-1
12	81	-1
12	82	1
12	84	-1
12	85	-1
12	87	-1
12	88	-1
12	89	-1
12	90	1
12	92	-1
12	93	1
12	94	-1
12	95	1
12	96	-1
12	98	-1
12	99	-1
12	100	1
12	102	-1
12	103	-1
12	108	1
12	113	-1
12	114	1
12	115	1
12	118	1
12	122	1
12	125	1
12	127	1
12	130	-1
12	132	-1
12	138	-1
12	139	-1
12	140	1
12	141	1
12	144	1
12	147	1
12	148	-1
12	151	-1
12	156	1
12	157	-1
12	158	1
12	161	-1
12	165	1
12	167	1
12	168	-1
12	169	1
12	174	-1
12	175	-1
12	177	1
12	178	1
12	180	-1
12	184	-1
12	185	1
12	186	1
12	188	-1
12	189	-1
12	191	-1
12	193	-1
12	194	1
12	196	1
12	197	1
12	199	1
12	200	1
12	201	1
12	202	1
12	204	1
12	205	1
12	206	1
12	207	1
12	209	-1
12	212	1
12	213	-1
12	214	-1
12	218	-1
12	219	-1
12	220	1
12	222	-1
12	225	1
12	231	1
12	232	1
12	233	1
12	234	1
12	237	-1
12	238	-1
12	239	-1
12	242	1
12	243	1
12	244	-1
12	245	-1
12	247	-1
12	249	1
12	250	1
12	251	1
12	253	1
12	254	-1
12	259	1
12	260	1
12	261	1
12	265	-1
12	267	1
12	268	1
12	273	1
12	274	-1
12	276	-1
12	279	1
12	281	-1
12	283	1
12	284	1
12	286	-1
12	287	-1
12	288	-1
12	292	1
12	293	-1
12	294	-1
12	295	-1
12	299	-1
12	300	-1
12	301	1
12	302	1
12	303	-1
12	304	1
12	307	1
12	308	1
12	309	-1
12	310	1
12	311	1
12	315	1
12	318	-1
12	320	-1
12	327	1
12	330	-1
12	332	-1
12	335	1
12	336	-1
12	337	-1
12	340	-1
12	341	1
12	342	-1
12	344	1
12	347	-1
12	350	-1
12	351	1
12	355	-1
12	356	-1
12	357	1
12	360	1
12	361	-1
12	363	1
12	368	1
12	369	1
12	371	-1
12	372	1
12	373	-1
12	374	-1
12	375	1
12	379	1
12	382	1
12	383	1
12	384	1
12	385	-1
12	387	1
12	388	1
12	390	-1
12	392	1
12	393	-1
12	394	-1
12	395	1
12	396	1
12	397	1
12	398	-1
12	400	-1
12	401	-1
12	402	1
12	403	-1
12	404	-1
12	412	1
12	414	1
12	417	-1
12	421	1
12	422	1
12	426	-1
12	428	-1
12	429	1
12	430	1
12	436	1
12	438	-1
12	440	-1
12	441	-1
12	442	-1
12	445	1
12	450	1
12	451	1
12	453	-1
12	455	-1
12	458	-1
12	460	1
12	461	-1
12	462	1
12	464	-1
12	465	-1
12	466	1
12	467	-1
12	468	-1
12	471	-1
12	473	-1
12	474	-1
12	475	1
12	477	1
12	478	-1
12	481	1
12	483	1
12	488	-1
12	489	1
12	490	-1
12	491	-1
12	492	-1
12	494	-1
12	495	1
12	496	-1
12	497	1
12	498	-1
12	499	1
13	14	1
13	16	1
13	17	1
13	19	-1
13	20	-1
13	22	1
13	27	1
13	28	1
13	29	-1
13	31	1
13	32	1
13	33	1
13	34	-1
13	35	1
13	36	1
13	37	-1
13	39	-1
13	40	1
13	41	1
13	42	1
13	43	-1
13	46	-1
13	47	-1
13	49	-1
13	50	1
13	51	1
13	52	-1
13	53	1
13	54	1
13	56	-1
13	57	-1
13	58	-1
13	59	1
13	60	-1
13	61	1
13	62	-1
13	63	1
13	66	-1
13	71	1
13	72	1
13	73	-1
13	74	1
13	75	1
13	76	-1
13	77	-1
13	78	1
13	79	-1
13	80	1
13	81	1
13	82	-1
13	83	1
13	84	1
13	87	-1
13	88	-1
13	89	1
13	92	-1
13	93	-1
13	94	1
13	95	1
13	96	-1
13	97	1
13	101	1
13	103	-1
13	104	-1
13	108	1
13	110	1
13	112	-1
13	113	-1
13	115	1
13	116	1
13	118	-1
13	119	-1
13	120	-1
13	121	1
13	122	1
13	125	-1
13	131	-1
13	132	-1
13	133	1
13	135	-1
13	136	1
13	138	-1
13	140	1
13	141	1
13	142	1
13	145	1
13	146	1
13	147	-1
13	150	-1
13	152	-1
13	153	-1
13	154	-1
13	155	1
13	157	1
13	159	1
13	162	1
13	165	1
13	166	-1
13	167	1
13	168	-1
13	169	-1
13	171	-1
13	172	-1
13	174	-1
13	175	-1
13	177	-1
13	178	1
13	179	1
13	180	-1
13	181	-1
13	182	1
13	183	-1
13	184	1
13	185	-1
13	187	-1
13	188	1
13	193	1
13	195	1
13	196	-1
13	197	1
13	198	1
13	200	1
13	203	1
13	206	1
13	210	-1
13	211	1
13	214	-1
13	215	-1
13	218	-1
13	219	1
13	221	1
13	222	-1
13	227	-1
13	228	-1
13	233	-1
13	234	-1
13	236	1
13	237	1
13	239	1
13	240	-1
13	241	-1
13	242	-1
13	246	-1
13	247	-1
13	248	1
13	249	1
13	255	-1
13	256	1
13	257	1
13	258	1
13	259	-1
13	262	-1
13	263	1
13	265	-1
13	266	-1
13	267	-1
13	269	-1
13	272	-1
13	273	-1
13	276	-1
13	279	1
13	280	-1
13	282	-1
13	283	1
13	286	1
13	288	1
13	292	-1
13	294	-1
13	295	1
13	296	-1
13	297	1
13	299	1
13	300	1
13	301	-1
13	305	1
13	306	-1
13	307	1
13	311	-1
13	312	-1
13	319	-1
13	320	1
13	321	1
13	322	-1
13	323	1
13	324	1
13	325	-1
13	326	-1
13	328	1
13	329	1
13	330	1
13	331	-1
13	335	-1
13	336	1
13	337	-1
13	338	1
13	339	-1
13	341	1
13	342	-1
13	343	-1
13	345	-1
13	348	1
13	349	-1
13	350	1
13	351	-1
13	354	-1
13	356	1
13	359	-1
13	362	-1
13	364	1
13	368	1
13	369	-1
13	373	-1
13	374	1
13	377	1
13	378	-1
13	379	1
13	384	-1
13	390	-1
13	391	1
13	392	1
13	396	1
13	398	-1
13	399	1
13	403	1
13	404	1
13	405	-1
13	406	1
13	407	-1
13	409	-1
13	410	-1
13	411	1
13	413	-1
13	414	-1
13	416	1
13	417	-1
13	418	1
13	422	1
13	425	1
13	428	-1
13	429	1
13	431	1
13	433	-1
13	434	-1
13	435	-1
13	436	-1
13	438	1
13	439	-1
13	440	-1
13	444	1
13	447	-1
13	448	1
13	450	-1
13	451	1
13	452	-1
13	453	-1
13	454	1
13	455	1
13	462	-1
13	463	1
13	466	-1
13	467	-1
13	470	-1
13	475	1
13	476	1
13	477	-1
13	478	1
13	479	-1
13	482	-1
13	483	1
13	486	1
13	490	1
13	491	1
13	495	-1
13	496	1
13	498	-1
14	15	1
14	17	1
14	18	-1
14	21	1
14	22	-1
14	23	-1
14	24	1
14	25	-1
14	26	1
14	27	1
14	28	1
14	29	1
14	30	-1
14	32	-1
14	33	1
14	34	-1
14	35	-1
14	36	1
14	37	1
14	39	1
14	40	1
14	42	1
14	43	1
14	45	1
14	46	-1
14	47	-1
14	48	-1
14	50	1
14	52	-1
14	54	1
14	55	-1
14	59	-1
14	61	1
14	63	-1
14	65	-1
14	67	-1
14	69	-1
14	70	-1
14	71	-1
14	72	-1
14	73	-1
14	74	1
14	75	1
14	76	1
14	77	1
14	78	-1
14	81	-1
14	82	1
14	83	1
14	84	-1
14	85	1
14	86	-1
14	88	-1
14	90	1
14	91	-1
14	92	1
14	94	-1
14	95	1
14	96	-1
14	97	-1
14	98	-1
14	99	-1
14	104	-1
14	107	1
14	110	1
14	112	-1
14	113	-1
14	116	-1
14	117	1
14	119	1
14	120	-1
14	124	1
14	126	-1
14	127	-1
14	128	1
14	129	1
14	131	-1
14	132	-1
14	134	-1
14	135	-1
14	136	-1
14	138	1
14	139	-1
14	140	1
14	141	1
14	144	1
14	146	1
14	149	-1
14	150	1
14	151	-1
14	152	-1
14	153	1
14	155	-1
14	156	-1
14	157	-1
14	159	-1
14	163	1
14	166	-1
14	167	1
14	169	-1
14	174	-1
14	176	1
14	177	-1
14	182	1
14	185	1
14	186	-1
14	190	-1
14	191	-1
14	193	1
14	194	1
14	195	1
14	196	-1
14	198	1
14	199	1
14	201	-1
14	205	1
14	206	1
14	210	1
14	212	1
14	218	1
14	219	-1
14	222	1
14	223	1
14	224	-1
14	226	1
14	229	1
14	230	-1
14	233	-1
14	236	-1
14	237	1
14	238	1
14	239	1
14	242	-1
14	243	1
14	245	1
14	246	-1
14	247	1
14	248	-1
14	255	1
14	257	1
14	259	1
14	260	-1
14	261	-1
14	262	-1
14	263	-1
14	264	1
14	265	-1
14	266	-1
14	269	-1
14	270	-1
14	271	-1
14	273	1
14	280	1
14	283	-1
14	284	-1
14	288	1
14	289	1
14	290	-1
14	291	-1
14	292	1
14	293	1
14	301	1
14	304	1
14	305	1
14	306	-1
14	307	-1
14	309	1
14	310	1
14	312	1
14	313	-1
14	314	-1
14	316	1
14	318	-1
14	319	1
14	321	-1
14	322	-1
14	324	-1
14	328	1
14	329	-1
14	330	1
14	332	-1
14	334	-1
14	335	-1
14	339	-1
14	344	-1
14	347	-1
14	353	-1
14	354	-1
14	355	-1
14	356	-1
14	358	-1
14	360	-1
14	363	-1
14	365	1
14	366	1
14	367	1
14	370	1
14	371	-1
14	374	1
14	375	-1
14	376	1
14	378	1
14	383	1
14	384	1
14	385	-1
14	387	-1
14	389	-1
14	391	-1
14	392	-1
14	394	1
14	395	-1
14	396	-1
14	398	1
14	400	1
14	403	-1
14	405	1
14	407	1
14	409	-1
14	412	-1
14	414	1
14	416	1
14	419	-1
14	423	1
14	426	1
14	428	1
14	430	-1
14	431	-1
14	433	1
14	435	-1
14	437	1
14	440	1
14	441	1
14	444	-1
14	445	1
14	447	1
14	449	-1
14	451	-1
14	453	1
14	456	-1
14	458	-1
14	459	-1
14	462	1
14	464	1
14	465	-1
14	468	-1
14	469	-1
14	471	1
14	474	-1
14	476	1
14	477	-1
14	478	-1
14	483	1
14	486	-1
14	488	1
14	492	-1
14	493	1
14	494	-1
14	496	-1
14	497	-1
15	17	1
15	18	-1
15	19	1
15	20	1
15	22	1
15	24	1
15	25	-1
15	26	1
15	27	1
15	29	1
15	30	1
15	34	1
15	35	-1
15	36	-1
15	38	-1
15	39	1
15	40	-1
15	41	1
15	42	1
15	44	1
15	45	-1
15	46	1
15	47	1
15	48	-1
15	49	1
15	50	-1
15	51	-1
15	52	1
15	53	-1
15	54	-1
15	56	1
15	57	-1
15	58	-1
15	59	-1
15	60	-1
15	62	-1
15	64	-1
15	67	-1
15	68	-1
15	71	-1
15	72	-1
15	73	1
15	74	-1
15	76	1
15	77	-1
15	78	-1
15	79	-1
15	82	-1
15	83	-1
15	84	1
15	87	1
15	88	1
15	89	-1
15	90	1
15	92	1
15	94	-1
15	95	1
15	99	1
15	101	1
15	102	1
15	103	1
15	104	1
15	105	1
15	106	-1
15	108	-1
15	109	1
15	110	1
15	111	-1
15	114	-1
15	115	-1
15	117	1
15	119	1
15	120	-1
15	122	-1
15	124	1
15	126	1
15	127	-1
15	129	-1
15	130	-1
15	133	1
15	134	-1
15	136	1
15	137	1
15	140	-1
15	141	-1
15	142	1
15	144	-1
15	145	-1
15	147	1
15	148	-1
15	152	-1
15	155	-1
15	156	-1
15	159	-1
15	160	-1
15	161	1
15	163	1
15	167	-1
15	168	-1
15	171	1
15	174	1
15	175	-1
15	176	-1
15	177	-1
15	180	1
15	182	1
15	184	-1
15	185	1
15	187	-1
15	188	-1
15	190	1
15	191	1
15	196	1
15	197	-1
15	198	-1
15	200	-1
15	202	-1
15	203	1
15	205	-1
15	206	1
15	208	1
15	210	-1
15	212	-1
15	213	-1
15	215	1
15	217	1
15	220	1
15	222	-1
15	228	1
15	233	-1
15	234	-1
15	238	1
15	239	1
15	240	1
15	241	1
15	242	-1
15	247	1
15	250	1
15	252	1
15	255	-1
15	257	1
15	259	1
15	260	-1
15	261	1
15	263	1
15	264	1
15	265	-1
15	267	-1
15	269	1
15	271	1
15	272	1
15	273	-1
15	275	1
15	278	-1
15	281	-1
15	284	1
15	285	1
15	288	1
15	291	1
15	292	-1
15	294	1
15	295	1
15	296	-1
15	299	1
15	301	-1
15	302	-1
15	303	-1
15	305	-1
15	307	-1
15	309	1
15	310	1
15	311	-1
15	313	-1
15	314	-1
15	315	-1
15	317	1
15	318	1
15	320	-1
15	322	-1
15	323	1
15	325	1
15	326	-1
15	327	-1
15	329	-1
15	330	-1
15	332	1
15	333	-1
15	335	-1
15	337	-1
15	338	1
15	340	-1
15	341	1
15	343	-1
15	346	-1
15	347	-1
15	348	-1
15	351	-1
15	354	1
15	356	-1
15	357	-1
15	359	-1
15	361	-1
15	363	1
15	365	1
15	367	-1
15	369	-1
15	371	-1
15	372	1
15	376	1
15	380	1
15	384	1
15	385	1
15	388	-1
15	390	1
15	391	-1
15	392	1
15	393	-1
15	395	1
15	399	-1
15	402	1
15	404	-1
15	406	-1
15	407	-1
15	408	-1
15	409	-1
15	412	1
15	416	1
15	417	-1
15	418	1
15	424	-1
15	427	-1
15	429	-1
15	430	-1
15	434	1
15	435	1
15	438	-1
15	439	1
15	442	1
15	447	1
15	448	1
15	452	-1
15	456	-1
15	458	-1
15	459	1
15	460	-1
15	461	1
15	463	1
15	465	-1
15	466	-1
15	467	1
15	468	-1
15	469	-1
15	471	-1
15	474	1
15	475	1
15	476	1
15	478	1
15	484	-1
15	485	1
15	489	-1
15	491	-1
15	492	-1
15	494	1
15	495	-1
15	497	1
15	499	-1
16	17	-1
16	18	-1
16	20	1
16	21	1
16	22	1
16	23	-1
16	24	1
16	25	1
16	26	-1
16	27	-1
16	28	1
16	29	1
16	30	1
16	31	-1
16	32	1
16	33	-1
16	34	1
16	35	1
16	36	-1
16	38	1
16	39	1
16	40	1
16	41	-1
16	42	-1
16	43	-1
16	44	1
16	46	-1
16	48	1
16	50	-1
16	51	1
16	53	-1
16	54	-1
16	56	-1
16	57	-1
16	58	1
16	59	-1
16	61	-1
16	62	1
16	64	1
16	65	-1
16	66	-1
16	67	1
16	69	-1
16	72	-1
16	73	-1
16	74	-1
16	76	1
16	77	1
16	79	-1
16	81	1
16	82	-1
16	84	1
16	85	1
16	87	-1
16	90	1
16	92	1
16	93	-1
16	96	1
16	97	1
16	98	-1
16	99	-1
16	101	1
16	102	-1
16	104	-1
16	105	-1
16	106	1
16	108	-1
16	109	-1
16	113	-1
16	114	1
16	115	1
16	117	1
16	118	-1
16	119	-1
16	120	1
16	123	-1
16	126	1
16	127	-1
16	135	1
16	137	-1
16	140	-1
16	142	1
16	145	-1
16	147	-1
16	149	1
16	152	-1
16	153	1
16	154	1
16	155	-1
16	157	1
16	158	1
16	159	-1
16	160	-1
16	161	-1
16	164	1
16	168	-1
16	170	1
16	174	-1
16	175	-1
16	176	1
16	177	1
16	178	1
16	179	-1
16	180	-1
16	182	-1
16	183	1
16	184	-1
16	186	-1
16	189	1
16	191	1
16	195	-1
16	196	-1
16	197	1
16	198	-1
16	199	-1
16	201	1
16	202	-1
16	203	-1
16	204	-1
16	205	-1
16	207	-1
16	208	-1
16	209	-1
16	210	1
16	211	-1
16	213	1
16	215	-1
16	216	1
16	217	1
16	218	-1
16	219	1
16	220	1
16	223	1
16	225	-1
16	226	1
16	227	1
16	231	1
16	233	1
16	240	1
16	241	-1
16	242	-1
16	243	1
16	244	1
16	245	-1
16	246	1
16	250	-1
16	253	-1
16	254	1
16	255	1
16	256	-1
16	257	1
16	258	1
16	259	-1
16	260	1
16	263	1
16	265	-1
16	266	1
16	268	1
16	269	-1
16	271	1
16	274	1
16	275	1
16	276	-1
16	277	-1
16	279	-1
16	285	-1
16	286	1
16	288	-1
16	290	1
16	293	-1
16	294	1
16	295	-1
16	296	-1
16	298	1
16	299	-1
16	300	-1
16	302	-1
16	303	-1
16	307	-1
16	308	1
16	310	1
16	311	-1
16	312	1
16	317	1
16	319	-1
16	320	1
16	322	-1
16	323	1
16	324	-1
16	326	-1
16	329	-1
16	331	1
16	332	1
16	338	-1
16	340	-1
16	341	1
16	342	1
16	344	1
16	346	-1
16	349	-1
16	354	1
16	356	1
16	358	-1
16	359	1
16	362	1
16	364	-1
16	365	-1
16	366	-1
16	367	-1
16	368	-1
16	369	-1
16	372	1
16	374	-1
16	376	1
16	377	-1
16	378	1
16	379	-1
16	380	1
16	381	-1
16	382	-1
16	384	1
16	387	1
16	390	-1
16	392	1
16	394	-1
16	395	-1
16	397	1
16	400	-1
16	406	1
16	407	-1
16	408	-1
16	410	1
16	411	-1
16	414	-1
16	416	1
16	419	1
16	422	1
16	423	-1
16	424	1
16	425	-1
16	427	1
16	428	1
16	429	1
16	430	-1
16	431	1
16	434	1
16	435	-1
16	436	1
16	437	1
16	438	-1
16	439	1
16	440	-1
16	442	1
16	443	-1
16	446	-1
16	447	-1
16	448	-1
16	454	-1
16	455	1
16	457	1
16	459	1
16	461	-1
16	462	1
16	464	1
16	466	-1
16	469	1
16	471	-1
16	472	-1
16	473	-1
16	480	1
16	481	-1
16	482	-1
16	483	1
16	484	-1
16	487	-1
16	488	-1
16	489	-1
16	490	-1
16	491	1
16	492	1
16	494	-1
16	495	-1
16	496	1
16	498	1
17	18	-1
17	20	1
17	22	-1
17	23	-1
17	24	1
17	26	1
17	28	1
17	29	1
17	30	1
17	34	-1
17	35	-1
17	37	1
17	38	1
17	39	-1
17	40	-1
17	41	-1
17	42	1
17	43	1
17	44	1
17	45	-1
17	46	-1
17	48	1
17	49	-1
17	50	1
17	51	1
17	52	1
17	53	-1
17	56	1
17	58	-1
17	59	-1
17	60	1
17	61	-1
17	62	-1
17	63	-1
17	65	-1
17	66	-1
17	67	-1
17	68	1
17	69	1
17	70	-1
17	71	-1
17	73	1
17	74	1
17	75	1
17	77	-1
17	79	-1
17	80	1
17	81	-1
17	82	-1
17	83	1
17	85	-1
17	86	1
17	87	1
17	88	1
17	89	-1
17	91	-1
17	93	-1
17	95	1
17	96	-1
17	97	-1
17	101	-1
17	103	-1
17	104	1
17	108	1
17	109	1
17	110	1
17	111	1
17	113	-1
17	114	1
17	115	-1
17	116	-1
17	118	-1
17	122	-1
17	123	-1
17	124	-1
17	125	-1
17	127	1
17	130	-1
17	131	1
17	132	-1
17	133	1
17	134	1
17	136	-1
17	137	1
17	138	-1
17	140	-1
17	143	-1
17	148	1
17	149	1
17	150	-1
17	151	1
17	153	1
17	156	-1
17	157	-1
17	158	-1
17	159	1
17	161	1
17	162	1
17	164	1
17	168	-1
17	170	-1
17	171	1
17	175	1
17	176	1
17	177	1
17	186	-1
17	189	1
17	194	-1
17	195	1
17	198	-1
17	199	-1
17	201	-1
17	205	1
17	208	-1
17	209	1
17	210	1
17	211	-1
17	216	1
17	218	1
17	221	-1
17	224	1
17	227	1
17	228	-1
17	240	-1
17	241	-1
17	242	-1
17	244	-1
17	245	-1
17	246	-1
17	247	-1
17	250	1
17	256	1
17	258	1
17	259	1
17	262	1
17	263	1
17	264	1
17	266	1
17	267	-1
17	270	1
17	272	1
17	276	-1
17	277	1
17	278	1
17	279	1
17	287	-1
17	288	-1
17	290	1
17	293	1
17	294	1
17	295	-1
17	298	1
17	300	1
17	301	-1
17	303	1
17	305	1
17	306	-1
17	307	-1
17	309	1
17	311	1
17	313	1
17	314	-1
17	316	1
17	317	-1
17	320	1
17	321	1
17	324	1
17	328	-1
17	329	-1
17	330	-1
17	331	-1
17	332	-1
17	334	-1
17	337	-1
17	338	-1
17	339	1
17	343	-1
17	347	-1
17	348	-1
17	349	-1
17	352	1
17	355	1
17	356	1
17	357	-1
17	358	1
17	359	-1
17	361	-1
17	365	1
17	367	-1
17	368	1
17	369	1
17	370	1
17	371	1
17	373	1
17	375	1
17	378	1
17	379	-1
17	380	1
17	381	1
17	383	1
17	384	-1
17	386	-1
17	388	1
17	391	-1
17	393	1
17	394	1
17	395	1
17	396	1
17	399	1
17	401	-1
17	402	1
17	404	-1
17	407	1
17	409	-1
17	412	-1
17	413	-1
17	415	-1
17	418	1
17	419	-1
17	421	-1
17	422	1
17	426	1
17	427	-1
17	430	1
17	431	-1
17	432	-1
17	434	-1
17	436	-1
17	437	-1
17	439	1
17	440	-1
17	441	1
17	447	-1
17	451	1
17	453	-1
17	454	-1
17	455	1
17	456	-1
17	457	1
17	458	1
17	462	1
17	463	-1
17	466	1
17	467	1
17	469	-1
17	471	-1
17	474	-1
17	476	-1
17	478	-1
17	480	1
17	481	-1
17	482	-1
17	483	1
17	485	-1
17	486	1
17	491	-1
17	493	1
17	494	1
17	495	1
17	498	1
17	499	-1
18	19	1
18	24	1
18	25	1
18	28	-1
18	29	1
18	30	-1
18	31	-1
18	32	1
18	34	-1
18	35	-1
18	36	-1
18	37	1
18	38	-1
18	40	-1
18	42	1
18	43	1
18	45	-1
18	47	1
18	48	1
18	49	-1
18	50	-1
18	51	-1
18	52	1
18	53	1
18	55	1
18	56	-1
18	57	-1
18	59	1
18	61	-1
18	64	-1
18	66	-1
18	68	-1
18	69	-1
18	74	-1
18	75	-1
18	76	1
18	77	-1
18	79	-1
18	80	-1
18	81	1
18	82	-1
18	83	-1
18	84	-1
18	86	-1
18	88	1
18	89	-1
18	90	1
18	91	-1
18	92	-1
18	94	1
18	95	-1
18	97	1
18	98	1
18	100	1
18	106	-1
18	109	1
18	110	-1
18	111	1
18	112	-1
18	113	-1
18	114	-1
18	119	1
18	121	1
18	122	1
18	123	1
18	124	-1
18	126	-1
18	127	1
18	128	1
18	129	-1
18	131	-1
18	132	1
18	134	1
18	137	1
18	138	-1
18	139	1
18	140	-1
18	142	1
18	145	1
18	146	-1
18	147	1
18	149	-1
18	150	1
18	153	1
18	156	-1
18	157	1
18	159	1
18	160	-1
18	164	-1
18	165	-1
18	166	1
18	167	-1
18	170	-1
18	171	-1
18	173	-1
18	178	1
18	182	1
18	184	-1
18	185	-1
18	186	-1
18	187	1
18	188	1
18	189	1
18	192	1
18	194	1
18	195	-1
18	196	-1
18	197	1
18	198	1
18	201	-1
18	206	1
18	208	-1
18	210	-1
18	212	1
18	213	1
18	214	-1
18	215	1
18	216	1
18	220	-1
18	228	-1
18	232	1
18	234	-1
18	237	-1
18	238	1
18	239	1
18	240	-1
18	241	1
18	247	1
18	249	-1
18	251	-1
18	253	-1
18	256	-1
18	258	-1
18	259	1
18	261	-1
18	263	-1
18	264	1
18	265	1
18	266	1
18	267	1
18	269	1
18	272	-1
18	273	-1
18	274	-1
18	275	1
18	277	-1
18	279	1
18	280	1
18	282	1
18	283	1
18	284	-1
18	288	-1
18	290	1
18	291	-1
18	292	-1
18	293	1
18	299	1
18	301	1
18	302	1
18	304	1
18	305	-1
18	306	-1
18	307	1
18	309	1
18	312	-1
18	314	-1
18	315	-1
18	316	1
18	318	1
18	319	1
18	320	-1
18	321	1
18	325	-1
18	326	1
18	327	-1
18	329	-1
18	331	1
18	332	-1
18	333	-1
18	334	1
18	335	-1
18	336	1
18	338	-1
18	339	-1
18	340	-1
18	341	1
18	342	1
18	344	-1
18	345	1
18	347	1
18	349	-1
18	350	1
18	351	-1
18	352	1
18	353	-1
18	359	-1
18	361	-1
18	363	-1
18	364	-1
18	373	-1
18	376	-1
18	377	-1
18	380	-1
18	384	1
18	385	-1
18	386	1
18	387	-1
18	388	1
18	391	1
18	396	1
18	397	1
18	399	1
18	402	-1
18	403	1
18	404	1
18	405	1
18	406	1
18	407	-1
18	408	-1
18	412	1
18	414	1
18	416	1
18	417	1
18	418	1
18	421	1
18	422	1
18	423	-1
18	425	-1
18	426	-1
18	427	-1
18	429	1
18	432	1
18	435	-1
18	436	1
18	438	-1
18	443	-1
18	444	-1
18	445	1
18	446	-1
18	447	-1
18	448	1
18	449	-1
18	450	1
18	451	-1
18	452	1
18	453	1
18	455	1
18	457	-1
18	460	1
18	462	1
18	464	-1
18	465	-1
18	467	1
18	470	-1
18	471	-1
18	472	1
18	473	-1
18	474	-1
18	486	-1
18	488	1
18	489	1
18	491	1
18	492	-1
18	493	-1
18	494	1
18	497	1
18	498	1
18	499	1
19	20	1
19	22	1
19	23	1
19	24	-1
19	25	1
19	26	1
19	27	1
19	28	-1
19	30	1
19	31	1
19	32	1
19	34	1
19	35	1
19	36	1
19	37	1
19	39	-1
19	40	-1
19	41	1
19	43	1
19	44	-1
19	46	-1
19	47	-1
19	48	-1
19	49	1
19	51	1
19	52	-1
19	53	-1
19	54	-1
19	55	-1
19	56	1
19	57	1
19	59	1
19	60	1
19	65	-1
19	66	1
19	67	-1
19	68	-1
19	69	-1
19	70	-1
19	71	-1
19	72	1
19	73	-1
19	74	-1
19	75	1
19	76	-1
19	77	1
19	80	-1
19	82	-1
19	84	-1
19	85	1
19	87	-1
19	88	-1
19	89	-1
19	92	1
19	93	1
19	99	1
19	100	-1
19	101	-1
19	103	1
19	106	-1
19	107	1
19	111	-1
19	113	1
19	114	-1
19	115	-1
19	116	1
19	117	-1
19	119	-1
19	121	-1
19	122	1
19	123	1
19	125	1
19	126	1
19	127	1
19	128	-1
19	129	1
19	131	1
19	134	1
19	136	1
19	139	-1
19	140	-1
19	141	-1
19	143	1
19	147	1
19	148	-1
19	150	1
19	151	1
19	155	1
19	157	1
19	158	1
19	163	1
19	165	1
19	168	1
19	169	-1
19	174	-1
19	175	-1
19	178	-1
19	179	1
19	180	1
19	182	-1
19	183	1
19	185	-1
19	187	1
19	190	-1
19	192	1
19	193	1
19	195	1
19	196	1
19	197	-1
19	200	1
19	201	1
19	202	-1
19	203	-1
19	205	-1
19	207	-1
19	208	1
19	209	1
19	212	1
19	214	-1
19	217	1
19	219	-1
19	221	1
19	225	1
19	226	1
19	228	1
19	231	-1
19	232	1
19	234	-1
19	237	1
19	238	-1
19	241	-1
19	248	1
19	253	1
19	255	-1
19	258	-1
19	264	1
19	267	-1
19	270	1
19	272	-1
19	275	-1
19	276	-1
19	277	1
19	279	-1
19	281	1
19	286	-1
19	287	1
19	289	1
19	291	-1
19	292	1
19	296	-1
19	298	-1
19	299	-1
19	300	-1
19	301	1
19	302	1
19	303	1
19	306	-1
19	308	-1
19	309	1
19	313	-1
19	314	-1
19	315	1
19	317	1
19	319	1
19	321	-1
19	323	1
19	324	1
19	325	-1
19	327	1
19	328	1
19	329	1
19	330	1
19	331	1
19	332	1
19	334	-1
19	339	-1
19	342	-1
19	344	1
19	345	1
19	346	1
19	348	1
19	350	-1
19	353	1
19	355	-1
19	356	-1
19	360	1
19	361	-1
19	365	-1
19	367	1
19	368	-1
19	370	-1
19	371	1
19	372	-1
19	374	-1
19	375	1
19	376	-1
19	377	1
19	378	1
19	380	1
19	382	1
19	386	1
19	387	-1
19	388	-1
19	390	1
19	391	1
19	392	-1
19	393	-1
19	395	-1
19	396	-1
19	398	1
19	400	-1
19	402	1
19	404	1
19	405	-1
19	406	-1
19	407	-1
19	408	1
19	412	1
19	415	1
19	416	-1
19	417	-1
19	419	-1
19	423	-1
19	424	1
19	427	1
19	430	-1
19	434	1
19	435	-1
19	437	-1
19	438	1
19	439	1
19	440	1
19	441	1
19	443	1
19	444	-1
19	445	1
19	446	-1
19	452	1
19	454	-1
19	456	1
19	459	1
19	461	-1
19	463	-1
19	464	-1
19	468	-1
19	471	-1
19	473	-1
19	475	-1
19	476	-1
19	478	1
19	479	1
19	480	-1
19	481	1
19	485	-1
19	486	1
19	487	1
19	488	-1
19	489	-1
19	493	-1
19	494	-1
19	495	1
19	496	1
19	498	1
20	21	1
20	23	-1
20	24	1
20	25	1
20	30	-1
20	31	1
20	32	-1
20	33	1
20	34	-1
20	36	-1
20	37	1
20	39	-1
20	40	1
20	41	1
20	43	1
20	44	-1
20	45	1
20	46	1
20	48	-1
20	49	1
20	52	1
20	53	-1
20	54	-1
20	55	1
20	56	-1
20	57	1
20	58	-1
20	60	-1
20	62	1
20	63	1
20	66	1
20	67	-1
20	69	-1
20	71	-1
20	73	1
20	74	1
20	75	-1
20	76	-1
20	77	-1
20	78	1
20	79	-1
20	81	1
20	82	-1
20	83	-1
20	84	-1
20	86	1
20	87	-1
20	88	-1
20	89	1
20	90	1
20	91	-1
20	93	1
20	95	-1
20	97	-1
20	98	-1
20	99	-1
20	100	-1
20	102	-1
20	103	1
20	104	1
20	105	-1
20	108	1
20	117	1
20	118	-1
20	123	1
20	125	1
20	126	1
20	127	1
20	133	1
20	134	-1
20	135	1
20	136	-1
20	138	1
20	141	1
20	145	-1
20	146	1
20	147	1
20	149	-1
20	152	-1
20	153	-1
20	154	-1
20	157	-1
20	159	-1
20	160	1
20	163	1
20	164	-1
20	166	-1
20	168	-1
20	169	-1
20	170	-1
20	172	1
20	173	-1
20	175	-1
20	177	1
20	178	-1
20	182	-1
20	187	-1
20	188	1
20	190	-1
20	191	1
20	192	1
20	194	-1
20	195	-1
20	197	-1
20	200	1
20	201	1
20	202	-1
20	207	-1
20	209	1
20	210	-1
20	211	-1
20	212	-1
20	214	-1
20	215	1
20	217	-1
20	218	-1
20	219	-1
20	221	-1
20	222	1
20	223	1
20	226	-1
20	229	1
20	230	1
20	233	-1
20	235	-1
20	237	1
20	239	-1
20	240	1
20	243	1
20	245	-1
20	247	1
20	249	1
20	250	1
20	251	1
20	252	-1
20	255	1
20	256	1
20	257	-1
20	259	-1
20	261	-1
20	262	1
20	263	-1
20	264	-1
20	265	1
20	270	1
20	271	-1
20	273	-1
20	275	1
20	279	-1
20	280	1
20	281	1
20	282	-1
20	283	1
20	285	1
20	291	-1
20	293	-1
20	296	-1
20	298	1
20	301	1
20	302	1
20	303	-1
20	304	-1
20	307	1
20	311	-1
20	313	1
20	314	1
20	317	-1
20	319	1
20	320	1
20	321	-1
20	322	-1
20	324	-1
20	325	-1
20	327	-1
20	328	1
20	331	1
20	332	1
20	333	-1
20	334	1
20	335	-1
20	336	1
20	337	-1
20	338	-1
20	339	1
20	343	1
20	344	-1
20	346	1
20	347	1
20	349	1
20	352	1
20	354	-1
20	355	-1
20	358	1
20	364	1
20	365	1
20	367	-1
20	369	1
20	371	1
20	373	-1
20	375	1
20	376	-1
20	380	1
20	383	1
20	385	-1
20	386	-1
20	387	1
20	388	1
20	391	1
20	393	1
20	397	-1
20	398	-1
20	399	-1
20	401	1
20	404	-1
20	406	1
20	409	1
20	410	-1
20	411	-1
20	413	-1
20	423	1
20	425	1
20	426	-1
20	432	-1
20	437	-1
20	438	-1
20	439	-1
20	441	1
20	447	1
20	450	1
20	451	-1
20	453	1
20	455	1
20	458	1
20	459	-1
20	462	1
20	463	-1
20	468	1
20	470	-1
20	471	-1
20	472	1
20	476	1
20	477	-1
20	478	1
20	482	-1
20	483	1
20	484	-1
20	485	-1
20	486	1
20	490	1
20	493	1
20	494	-1
20	496	-1
20	498	1
21	22	1
21	24	-1
21	25	-1
21	26	1
21	27	1
21	29	1
21	30	1
21	32	-1
21	34	1
21	36	-1
21	37	1
21	38	1
21	39	1
21	40	-1
21	41	1
21	44	-1
21	45	-1
21	47	1
21	48	-1
21	49	-1
21	52	1
21	53	-1
21	54	-1
21	56	1
21	58	1
21	59	1
21	60	-1
21	65	-1
21	66	-1
21	67	1
21	69	-1
21	70	1
21	71	1
21	72	1
21	74	-1
21	76	-1
21	77	-1
21	79	1
21	80	-1
21	81	-1
21	82	1
21	83	-1
21	85	1
21	87	1
21	89	1
21	90	-1
21	91	-1
21	92	1
21	93	-1
21	94	1
21	96	-1
21	97	1
21	98	-1
21	99	1
21	101	-1
21	105	1
21	107	1
21	109	1
21	110	-1
21	112	-1
21	113	1
21	118	1
21	119	-1
21	120	-1
21	121	-1
21	124	1
21	126	1
21	127	1
21	128	-1
21	129	1
21	131	1
21	133	1
21	134	1
21	135	1
21	136	1
21	138	1
21	139	-1
21	140	1
21	141	-1
21	144	1
21	145	1
21	146	1
21	148	1
21	151	1
21	152	1
21	154	-1
21	155	1
21	156	1
21	157	1
21	159	-1
21	161	1
21	162	1
21	163	-1
21	165	1
21	166	1
21	168	-1
21	170	1
21	174	-1
21	175	-1
21	176	1
21	178	-1
21	179	-1
21	180	-1
21	181	1
21	183	-1
21	184	-1
21	188	-1
21	189	1
21	190	-1
21	192	-1
21	194	1
21	196	-1
21	197	1
21	199	1
21	200	-1
21	201	-1
21	202	-1
21	203	1
21	204	-1
21	206	1
21	207	1
21	208	1
21	209	-1
21	210	1
21	211	1
21	217	1
21	218	1
21	220	1
21	221	1
21	223	-1
21	224	-1
21	235	1
21	236	1
21	241	-1
21	242	-1
21	244	-1
21	247	-1
21	248	-1
21	253	1
21	254	1
21	256	1
21	260	1
21	261	1
21	263	1
21	265	1
21	266	1
21	268	-1
21	271	-1
21	281	-1
21	282	1
21	285	-1
21	287	-1
21	289	-1
21	290	-1
21	291	1
21	292	-1
21	295	-1
21	296	1
21	299	-1
21	302	1
21	303	-1
21	309	-1
21	314	-1
21	316	-1
21	317	1
21	318	1
21	321	-1
21	322	1
21	323	1
21	324	1
21	325	-1
21	326	-1
21	328	-1
21	329	-1
21	330	-1
21	332	-1
21	333	-1
21	336	-1
21	337	1
21	338	1
21	340	1
21	341	1
21	344	-1
21	345	1
21	346	1
21	353	-1
21	354	-1
21	356	1
21	357	-1
21	358	-1
21	360	-1
21	361	1
21	362	1
21	363	-1
21	364	1
21	365	-1
21	367	1
21	368	-1
21	371	-1
21	372	-1
21	373	1
21	374	-1
21	377	1
21	379	-1
21	380	-1
21	383	-1
21	387	1
21	391	-1
21	393	1
21	394	-1
21	396	-1
21	397	-1
21	399	-1
21	400	1
21	401	1
21	402	-1
21	404	-1
21	405	1
21	406	1
21	407	-1
21	408	-1
21	410	1
21	411	1
21	413	1
21	414	1
21	418	-1
21	419	1
21	420	-1
21	421	-1
21	422	1
21	424	1
21	426	-1
21	430	-1
21	434	1
21	435	1
21	437	1
21	441	1
21	445	1
21	446	-1
21	447	-1
21	450	-1
21	453	-1
21	454	1
21	455	1
21	458	1
21	459	1
21	461	1
21	462	1
21	464	1
21	465	-1
21	466	-1
21	467	1
21	469	1
21	474	-1
21	476	1
21	479	1
21	483	1
21	484	1
21	485	-1
21	486	-1
21	489	1
21	490	-1
21	491	1
21	494	-1
21	496	-1
21	498	1
22	23	1
22	24	1
22	25	1
22	26	-1
22	27	1
22	29	1
22	30	1
22	32	1
22	35	-1
22	37	1
22	39	-1
22	40	-1
22	41	1
22	42	1
22	43	-1
22	46	-1
22	47	-1
22	48	-1
22	49	1
22	50	-1
22	53	1
22	54	-1
22	56	-1
22	59	1
22	61	-1
22	62	-1
22	63	-1
22	64	-1
22	66	-1
22	67	1
22	68	1
22	69	-1
22	70	1
22	71	-1
22	72	-1
22	75	-1
22	76	1
22	78	1
22	79	1
22	80	1
22	83	1
22	84	-1
22	85	-1
22	87	-1
22	88	-1
22	92	-1
22	93	-1
22	94	-1
22	95	-1
22	96	1
22	98	1
22	101	1
22	103	1
22	104	-1
22	107	1
22	111	-1
22	112	-1
22	114	1
22	115	-1
22	120	-1
22	122	1
22	124	-1
22	125	1
22	126	-1
22	128	1
22	129	1
22	132	1
22	133	-1
22	137	1
22	138	-1
22	141	1
22	142	-1
22	143	-1
22	144	-1
22	146	-1
22	148	1
22	149	1
22	150	1
22	152	1
22	154	1
22	156	1
22	157	1
22	158	-1
22	159	-1
22	161	1
22	162	1
22	164	1
22	165	1
22	167	-1
22	169	1
22	173	1
22	174	-1
22	176	1
22	177	1
22	178	-1
22	179	-1
22	180	1
22	182	1
22	185	-1
22	187	-1
22	189	1
22	191	1
22	192	1
22	193	-1
22	194	1
22	195	-1
22	197	1
22	198	1
22	199	1
22	201	1
22	203	-1
22	205	-1
22	206	1
22	207	-1
22	208	1
22	215	-1
22	216	-1
22	217	1
22	219	-1
22	224	-1
22	225	1
22	226	1
22	227	1
22	228	1
22	231	-1
22	233	-1
22	234	-1
22	235	-1
22	238	-1
22	240	1
22	241	-1
22	242	1
22	245	1
22	248	-1
22	250	-1
22	251	1
22	253	1
22	254	1
22	255	-1
22	256	1
22	259	-1
22	262	-1
22	263	-1
22	264	1
22	265	1
22	266	1
22	269	-1
22	270	1
22	271	-1
22	275	-1
22	276	1
22	278	1
22	281	1
22	282	1
22	283	-1
22	287	1
22	289	1
22	294	1
22	296	1
22	300	1
22	303	1
22	306	1
22	310	1
22	311	1
22	315	1
22	318	-1
22	319	1
22	323	-1
22	324	-1
22	326	-1
22	328	-1
22	331	1
22	334	1
22	337	1
22	338	1
22	340	-1
22	341	-1
22	342	1
22	346	-1
22	352	1
22	353	-1
22	355	1
22	357	1
22	359	-1
22	360	1
22	363	-1
22	364	1
22	365	1
22	366	1
22	369	-1
22	370	-1
22	371	1
22	373	1
22	375	1
22	377	1
22	378	-1
22	380	1
22	382	1
22	385	-1
22	386	1
22	387	1
22	390	-1
22	391	1
22	394	-1
22	396	1
22	397	1
22	398	-1
22	400	1
22	402	-1
22	404	-1
22	406	-1
22	407	1
22	410	1
22	411	-1
22	412	-1
22	415	1
22	418	-1
22	420	-1
22	425	-1
22	429	1
22	430	1
22	431	-1
22	432	1
22	437	1
22	439	1
22	441	-1
22	442	-1
22	443	-1
22	447	-1
22	449	1
22	450	-1
22	452	1
22	453	1
22	458	-1
22	459	-1
22	460	-1
22	464	-1
22	465	-1
22	466	1
22	468	1
22	473	-1
22	474	-1
22	475	-1
22	477	-1
22	478	1
22	479	1
22	485	-1
22	486	-1
22	487	-1
22	490	-1
22	491	-1
22	493	1
22	496	-1
22	498	1
22	499	-1
23	25	1
23	26	-1
23	27	1
23	28	-1
23	29	1
23	30	1
23	31	-1
23	32	1
23	35	1
23	37	-1
23	38	1
23	39	1
23	40	-1
23	41	-1
23	43	-1
23	44	1
23	45	1
23	46	-1
23	47	1
23	48	1
23	49	1
23	50	1
23	51	-1
23	54	1
23	55	-1
23	56	-1
23	57	-1
23	59	1
23	60	-1
23	61	1
23	62	-1
23	63	-1
23	64	-1
23	65	1
23	66	-1
23	67	-1
23	69	-1
23	71	-1
23	72	1
23	74	1
23	75	-1
23	76	1
23	77	1
23	78	-1
23	79	-1
23	80	1
23	81	-1
23	82	-1
23	84	1
23	86	-1
23	88	-1
23	91	-1
23	92	-1
23	94	-1
23	95	-1
23	96	-1
23	98	1
23	99	1
23	100	1
23	101	-1
23	103	-1
23	104	1
23	105	1
23	106	-1
23	107	-1
23	109	1
23	113	-1
23	114	1
23	115	-1
23	123	-1
23	124	1
23	125	1
23	126	-1
23	128	-1
23	131	-1
23	134	1
23	135	1
23	136	1
23	137	-1
23	139	1
23	143	-1
23	144	1
23	146	-1
23	149	-1
23	153	-1
23	155	-1
23	159	1
23	160	1
23	162	1
23	163	1
23	166	1
23	168	-1
23	169	-1
23	172	-1
23	173	1
23	175	-1
23	176	-1
23	178	1
23	181	1
23	182	1
23	183	1
23	184	1
23	185	1
23	186	1
23	187	1
23	188	-1
23	189	-1
23	190	-1
23	191	1
23	193	-1
23	195	-1
23	197	-1
23	198	-1
23	199	-1
23	201	-1
23	204	1
23	205	-1
23	206	-1
23	208	-1
23	209	-1
23	210	-1
23	214	-1
23	217	-1
23	218	-1
23	220	-1
23	221	1
23	222	-1
23	224	1
23	225	-1
23	227	-1
23	228	-1
23	229	1
23	230	-1
23	232	1
23	234	-1
23	235	1
23	236	-1
23	241	1
23	242	1
23	243	1
23	244	1
23	245	1
23	246	1
23	247	-1
23	251	1
23	252	1
23	253	-1
23	254	1
23	258	1
23	261	-1
23	265	1
23	266	-1
23	268	1
23	269	-1
23	270	1
23	271	-1
23	274	-1
23	275	-1
23	277	-1
23	279	1
23	280	-1
23	282	1
23	283	-1
23	284	-1
23	286	1
23	288	-1
23	289	1
23	290	1
23	293	-1
23	296	1
23	297	1
23	298	1
23	299	-1
23	301	1
23	302	1
23	304	-1
23	306	1
23	309	-1
23	312	-1
23	313	1
23	314	1
23	317	-1
23	321	-1
23	326	-1
23	327	1
23	328	-1
23	329	1
23	331	-1
23	332	1
23	333	1
23	334	-1
23	335	-1
23	337	1
23	341	-1
23	342	1
23	343	-1
23	348	1
23	352	1
23	353	-1
23	357	1
23	358	-1
23	359	1
23	360	1
23	361	1
23	362	-1
23	368	1
23	369	-1
23	370	-1
23	371	-1
23	372	1
23	373	1
23	375	-1
23	378	-1
23	380	-1
23	382	-1
23	386	-1
23	388	1
23	390	1
23	394	1
23	395	-1
23	403	1
23	404	1
23	405	-1
23	406	-1
23	411	1
23	413	-1
23	414	1
23	415	1
23	416	1
23	417	-1
23	418	1
23	419	1
23	420	1
23	421	-1
23	424	-1
23	425	-1
23	429	1
23	431	1
23	433	1
23	434	-1
23	435	1
23	436	-1
23	442	1
23	446	-1
23	448	1
23	449	1
23	450	-1
23	453	1
23	458	-1
23	459	-1
23	464	1
23	465	1
23	467	1
23	468	1
23	469	1
23	470	1
23	471	-1
23	476	-1
23	477	-1
23	479	1
23	481	1
23	483	-1
23	485	1
23	490	1
23	491	-1
23	492	-1
23	495	1
23	498	-1
24	25	-1
24	26	1
24	27	-1
24	29	1
24	30	-1
24	32	-1
24	33	1
24	34	1
24	35	1
24	36	-1
24	37	1
24	38	-1
24	39	-1
24	41	-1
24	44	-1
24	45	-1
24	48	-1
24	50	-1
24	52	1
24	57	1
24	59	-1
24	60	1
24	61	1
24	62	1
24	63	-1
24	64	1
24	70	1
24	71	1
24	73	-1
24	74	-1
24	76	-1
24	77	-1
24	78	-1
24	79	1
24	81	-1
24	82	-1
24	83	1
24	84	-1
24	85	1
24	86	1
24	88	-1
24	91	-1
24	92	1
24	95	1
24	96	-1
24	97	1
24	98	-1
24	102	1
24	105	1
24	106	1
24	109	-1
24	110	-1
24	111	1
24	112	1
24	116	1
24	120	-1
24	121	-1
24	124	1
24	127	1
24	128	-1
24	129	-1
24	131	-1
24	132	-1
24	133	-1
24	137	-1
24	140	-1
24	141	1
24	146	1
24	150	-1
24	154	-1
24	156	-1
24	157	1
24	159	-1
24	162	1
24	163	1
24	164	1
24	166	1
24	167	1
24	172	1
24	174	-1
24	175	1
24	177	1
24	179	-1
24	180	1
24	182	-1
24	183	-1
24	184	-1
24	187	-1
24	189	-1
24	190	1
24	191	1
24	192	-1
24	194	1
24	195	-1
24	196	1
24	197	1
24	199	1
24	200	-1
24	203	1
24	204	-1
24	205	1
24	206	1
24	207	1
24	209	-1
24	213	1
24	214	-1
24	215	1
24	219	1
24	222	-1
24	223	1
24	224	1
24	225	-1
24	228	-1
24	229	1
24	230	-1
24	231	1
24	232	1
24	233	-1
24	234	1
24	236	-1
24	237	-1
24	238	1
24	239	-1
24	240	1
24	241	1
24	243	1
24	246	-1
24	247	-1
24	248	-1
24	249	-1
24	250	-1
24	251	-1
24	252	1
24	254	1
24	255	-1
24	258	-1
24	259	1
24	261	1
24	262	-1
24	265	1
24	267	1
24	268	-1
24	269	-1
24	272	1
24	273	-1
24	274	1
24	276	1
24	277	1
24	282	-1
24	284	1
24	286	-1
24	287	1
24	289	-1
24	293	-1
24	295	-1
24	296	1
24	298	1
24	299	1
24	301	1
24	302	-1
24	304	-1
24	310	1
24	311	1
24	313	1
24	316	1
24	317	-1
24	318	-1
24	320	1
24	323	-1
24	327	1
24	328	1
24	331	1
24	335	-1
24	336	-1
24	337	-1
24	340	-1
24	342	-1
24	347	-1
24	348	-1
24	349	1
24	350	-1
24	351	-1
24	366	1
24	375	1
24	376	-1
24	377	1
24	378	1
24	380	1
24	387	-1
24	389	1
24	390	-1
24	391	1
24	392	-1
24	394	1
24	396	1
24	397	-1
24	399	1
24	400	1
24	401	1
24	402	1
24	403	1
24	404	1
24	405	1
24	407	-1
24	409	1
24	410	-1
24	412	1
24	413	-1
24	415	1
24	421	-1
24	422	-1
24	423	1
24	424	1
24	425	-1
24	426	1
24	429	-1
24	431	1
24	432	-1
24	436	1
24	438	-1
24	440	1
24	442	1
24	444	-1
24	446	-1
24	448	1
24	451	-1
24	453	-1
24	454	-1
24	457	1
24	461	-1
24	462	1
24	463	-1
24	464	-1
24	465	-1
24	466	1
24	467	-1
24	468	-1
24	469	-1
24	470	1
24	471	1
24	472	-1
24	473	1
24	482	-1
24	483	1
24	484	1
24	491	-1
24	496	1
25	26	-1
25	27	1
25	28	-1
25	29	1
25	30	1
25	31	-1
25	34	1
25	35	1
25	36	1
25	37	-1
25	38	-1
25	41	-1
25	44	-1
25	45	-1
25	46	-1
25	50	1
25	51	-1
25	52	1
25	53	-1
25	54	-1
25	55	-1
25	56	1
25	57	1
25	59	-1
25	62	1
25	63	1
25	64	1
25	65	-1
25	66	-1
25	68	-1
25	69	1
25	70	1
25	71	-1
25	72	-1
25	73	-1
25	75	1
25	76	1
25	77	1
25	79	1
25	80	-1
25	81	1
25	82	-1
25	83	-1
25	84	1
25	85	-1
25	86	-1
25	87	1
25	88	-1
25	89	-1
25	90	-1
25	94	-1
25	95	1
25	96	-1
25	98	-1
25	99	1
25	100	-1
25	103	-1
25	106	-1
25	108	-1
25	109	1
25	113	1
25	116	1
25	117	-1
25	118	1
25	119	-1
25	120	1
25	122	-1
25	123	1
25	126	-1
25	127	-1
25	129	1
25	130	-1
25	133	1
25	136	-1
25	137	1
25	138	1
25	139	1
25	141	1
25	143	1
25	144	-1
25	147	-1
25	149	-1
25	150	1
25	153	-1
25	155	-1
25	156	-1
25	160	-1
25	161	-1
25	162	1
25	163	-1
25	166	1
25	168	1
25	176	-1
25	177	1
25	179	1
25	182	-1
25	184	-1
25	185	1
25	188	-1
25	189	1
25	190	1
25	192	-1
25	195	-1
25	196	1
25	197	-1
25	200	-1
25	201	-1
25	202	-1
25	206	1
25	208	-1
25	209	-1
25	212	1
25	214	-1
25	216	1
25	217	1
25	218	1
25	220	-1
25	222	1
25	224	1
25	226	1
25	227	-1
25	228	1
25	229	1
25	231	-1
25	232	-1
25	233	-1
25	235	-1
25	236	-1
25	239	1
25	241	1
25	244	-1
25	245	-1
25	246	1
25	247	-1
25	248	-1
25	250	1
25	252	-1
25	254	-1
25	255	1
25	256	-1
25	258	-1
25	261	1
25	263	-1
25	264	-1
25	265	-1
25	266	1
25	267	-1
25	268	1
25	269	1
25	275	-1
25	280	1
25	283	-1
25	284	1
25	289	-1
25	290	1
25	292	1
25	293	-1
25	297	1
25	298	1
25	300	-1
25	301	1
25	302	-1
25	304	-1
25	310	1
25	312	1
25	317	-1
25	319	1
25	320	-1
25	321	-1
25	323	-1
25	324	1
25	326	1
25	327	-1
25	329	1
25	331	-1
25	333	1
25	334	-1
25	335	-1
25	338	1
25	339	-1
25	346	-1
25	353	-1
25	354	1
25	358	-1
25	363	-1
25	364	1
25	365	-1
25	366	-1
25	367	-1
25	369	-1
25	370	-1
25	373	-1
25	375	-1
25	378	-1
25	380	1
25	381	1
25	383	1
25	385	1
25	388	-1
25	389	-1
25	391	1
25	392	-1
25	393	1
25	396	1
25	398	-1
25	399	-1
25	403	1
25	404	-1
25	405	1
25	412	-1
25	413	1
25	414	1
25	417	-1
25	418	-1
25	419	-1
25	420	-1
25	422	-1
25	423	-1
25	425	-1
25	426	1
25	427	1
25	428	1
25	429	-1
25	432	-1
25	433	1
25	435	-1
25	436	1
25	443	1
25	445	1
25	446	1
25	450	-1
25	455	1
25	456	1
25	459	-1
25	460	1
25	461	1
25	465	-1
25	466	1
25	469	1
25	472	1
25	473	1
25	475	1
25	476	1
25	477	1
25	481	1
25	482	-1
25	483	1
25	487	1
25	488	1
25	489	-1
25	493	1
25	495	1
25	497	-1
26	29	-1
26	30	1
26	31	1
26	32	1
26	33	-1
26	34	-1
26	35	1
26	36	1
26	41	1
26	42	1
26	45	-1
26	47	1
26	50	1
26	51	1
26	52	1
26	53	1
26	59	1
26	60	1
26	63	1
26	64	-1
26	66	-1
26	67	-1
26	69	-1
26	70	-1
26	71	1
26	72	-1
26	73	1
26	74	1
26	75	1
26	76	1
26	78	1
26	79	1
26	80	-1
26	83	1
26	84	-1
26	85	-1
26	86	1
26	88	-1
26	89	1
26	90	1
26	91	1
26	92	-1
26	93	-1
26	94	1
26	95	-1
26	96	1
26	97	1
26	98	1
26	100	1
26	103	-1
26	104	-1
26	107	1
26	108	1
26	110	-1
26	111	-1
26	113	1
26	114	-1
26	116	1
26	119	1
26	120	-1
26	121	1
26	123	1
26	126	-1
26	128	1
26	129	1
26	138	-1
26	140	1
26	141	1
26	144	1
26	145	1
26	146	1
26	150	1
26	151	-1
26	152	-1
26	153	-1
26	162	-1
26	163	-1
26	166	1
26	171	-1
26	172	-1
26	173	1
26	176	1
26	177	1
26	179	1
26	180	1
26	181	1
26	182	1
26	186	-1
26	190	1
26	191	1
26	192	1
26	193	-1
26	194	1
26	196	-1
26	197	1
26	198	1
26	201	1
26	202	1
26	206	1
26	209	-1
26	211	-1
26	212	-1
26	217	1
26	219	1
26	221	-1
26	222	-1
26	223	-1
26	226	-1
26	227	1
26	228	-1
26	231	1
26	232	1
26	233	-1
26	235	1
26	238	1
26	239	-1
26	243	-1
26	244	-1
26	246	-1
26	248	-1
26	258	-1
26	260	1
26	262	-1
26	264	-1
26	265	-1
26	267	1
26	271	1
26	272	-1
26	273	-1
26	279	1
26	281	-1
26	282	-1
26	284	-1
26	289	1
26	290	-1
26	292	1
26	293	-1
26	294	-1
26	297	-1
26	298	-1
26	300	1
26	302	1
26	304	1
26	306	-1
26	307	-1
26	313	1
26	322	1
26	323	-1
26	325	1
26	327	-1
26	328	-1
26	331	1
26	332	1
26	333	1
26	335	-1
26	337	1
26	339	1
26	343	1
26	344	1
26	345	-1
26	346	1
26	347	-1
26	352	1
26	353	-1
26	356	-1
26	358	1
26	360	-1
26	362	1
26	363	-1
26	364	-1
26	366	1
26	368	-1
26	370	-1
26	373	1
26	376	-1
26	377	1
26	382	1
26	384	1
26	385	1
26	386	-1
26	388	-1
26	391	-1
26	392	1
26	395	1
26	396	1
26	397	1
26	399	1
26	400	-1
26	402	1
26	407	1
26	410	-1
26	413	-1
26	414	-1
26	415	-1
26	416	1
26	417	-1
26	419	-1
26	422	1
26	423	-1
26	427	-1
26	429	1
26	434	1
26	435	-1
26	437	-1
26	440	1
26	442	-1
26	443	1
26	447	1
26	450	1
26	452	1
26	454	-1
26	455	-1
26	458	-1
26	461	-1
26	463	-1
26	464	-1
26	467	1
26	469	-1
26	470	-1
26	471	1
26	473	1
26	474	1
26	477	-1
26	479	-1
26	480	-1
26	481	1
26	483	1
26	484	1
26	486	1
26	487	-1
26	488	-1
26	493	-1
26	495	1
26	496	1
26	498	1
26	499	-1
27	29	1
27	30	-1
27	31	1
27	34	-1
27	35	1
27	36	-1
27	38	1
27	39	1
27	41	-1
27	42	1
27	43	1
27	44	1
27	45	-1
27	47	-1
27	48	1
27	49	-1
27	51	1
27	54	1
27	55	1
27	56	1
27	57	1
27	58	1
27	59	-1
27	61	1
27	62	-1
27	63	1
27	65	-1
27	69	1
27	70	1
27	71	1
27	72	1
27	73	-1
27	74	-1
27	75	-1
27	76	1
27	77	1
27	78	1
27	79	1
27	81	1
27	82	-1
27	83	-1
27	84	1
27	85	1
27	88	-1
27	89	1
27	90	-1
27	91	-1
27	93	-1
27	94	1
27	95	-1
27	96	-1
27	98	-1
27	99	-1
27	100	-1
27	101	1
27	104	-1
27	107	1
27	109	1
27	110	-1
27	111	-1
27	112	1
27	113	-1
27	114	-1
27	116	-1
27	120	-1
27	121	1
27	124	1
27	126	1
27	128	-1
27	129	1
27	133	-1
27	134	1
27	135	1
27	136	1
27	139	1
27	140	1
27	142	-1
27	147	-1
27	149	1
27	156	1
27	157	1
27	158	-1
27	159	-1
27	160	-1
27	161	-1
27	167	1
27	168	-1
27	169	-1
27	171	-1
27	172	-1
27	173	-1
27	176	-1
27	180	1
27	183	-1
27	185	1
27	186	-1
27	191	-1
27	192	1
27	194	-1
27	196	-1
27	197	1
27	198	1
27	200	1
27	204	1
27	205	-1
27	206	1
27	207	-1
27	208	1
27	210	1
27	211	-1
27	213	-1
27	215	1
27	217	-1
27	219	1
27	220	-1
27	224	-1
27	226	-1
27	227	1
27	228	1
27	230	1
27	236	-1
27	237	-1
27	238	-1
27	243	1
27	245	1
27	247	-1
27	248	1
27	250	1
27	251	-1
27	258	-1
27	259	1
27	260	-1
27	261	-1
27	262	1
27	264	-1
27	266	-1
27	269	-1
27	270	1
27	272	1
27	274	1
27	275	1
27	277	-1
27	278	1
27	279	-1
27	281	1
27	282	-1
27	285	-1
27	286	-1
27	287	-1
27	288	1
27	290	-1
27	291	1
27	293	1
27	296	1
27	300	-1
27	307	-1
27	309	1
27	310	-1
27	314	1
27	318	-1
27	319	1
27	327	1
27	328	-1
27	330	1
27	333	1
27	335	-1
27	339	-1
27	340	-1
27	342	-1
27	343	-1
27	344	-1
27	346	-1
27	347	-1
27	348	1
27	352	-1
27	354	-1
27	355	-1
27	358	1
27	360	1
27	361	-1
27	362	1
27	363	1
27	370	-1
27	371	-1
27	374	-1
27	376	-1
27	380	1
27	382	-1
27	387	-1
27	389	-1
27	393	1
27	395	-1
27	396	1
27	398	-1
27	403	1
27	404	-1
27	407	-1
27	409	-1
27	411	-1
27	412	1
27	414	1
27	417	1
27	422	1
27	423	-1
27	424	-1
27	425	-1
27	426	1
27	427	1
27	429	-1
27	430	1
27	431	-1
27	432	1
27	433	-1
27	434	1
27	435	-1
27	441	1
27	442	1
27	444	1
27	446	-1
27	447	1
27	449	1
27	451	1
27	453	-1
27	455	-1
27	456	-1
27	457	-1
27	461	1
27	464	1
27	465	-1
27	475	1
27	478	-1
27	479	-1
27	484	-1
27	485	1
27	487	1
27	488	1
27	489	1
27	490	1
27	491	1
27	495	1
27	496	-1
27	497	1
27	498	1
28	31	-1
28	32	-1
28	33	1
28	34	1
28	36	-1
28	37	-1
28	38	1
28	39	-1
28	40	1
28	41	1
28	42	-1
28	43	1
28	44	1
28	45	1
28	46	-1
28	47	1
28	48	1
28	49	1
28	50	-1
28	51	-1
28	53	-1
28	54	1
28	56	-1
28	57	1
28	59	1
28	60	1
28	61	-1
28	62	1
28	63	-1
28	64	1
28	65	1
28	66	-1
28	67	1
28	68	-1
28	70	-1
28	72	1
28	73	-1
28	75	-1
28	76	-1
28	77	1
28	79	1
28	81	-1
28	82	-1
28	84	-1
28	88	-1
28	89	1
28	90	-1
28	91	1
28	92	-1
28	94	1
28	97	1
28	98	-1
28	99	-1
28	100	1
28	101	-1
28	102	-1
28	105	-1
28	108	1
28	109	-1
28	110	-1
28	111	-1
28	113	1
28	115	-1
28	116	-1
28	118	1
28	119	1
28	122	-1
28	123	-1
28	125	-1
28	126	1
28	129	-1
28	130	-1
28	132	1
28	135	-1
28	136	-1
28	138	1
28	139	1
28	140	-1
28	142	1
28	145	1
28	148	1
28	149	1
28	153	1
28	156	-1
28	157	1
28	160	-1
28	162	1
28	163	1
28	165	-1
28	166	1
28	167	1
28	168	1
28	170	-1
28	173	1
28	174	1
28	175	-1
28	176	-1
28	177	1
28	180	1
28	181	1
28	182	-1
28	183	1
28	186	1
28	190	-1
28	192	1
28	194	-1
28	196	1
28	198	1
28	200	1
28	201	1
28	203	1
28	204	-1
28	206	-1
28	207	-1
28	209	1
28	210	1
28	211	1
28	212	-1
28	213	1
28	215	-1
28	216	-1
28	218	1
28	221	1
28	222	1
28	224	1
28	227	1
28	228	1
28	230	1
28	231	-1
28	235	1
28	238	-1
28	239	1
28	241	-1
28	243	-1
28	245	1
28	251	-1
28	252	-1
28	254	1
28	255	1
28	258	-1
28	259	-1
28	260	1
28	261	1
28	262	1
28	263	1
28	265	-1
28	266	1
28	268	-1
28	269	-1
28	274	1
28	275	1
28	276	1
28	277	-1
28	278	-1
28	281	1
28	284	-1
28	287	1
28	288	-1
28	289	1
28	295	-1
28	299	-1
28	304	-1
28	306	1
28	307	1
28	309	1
28	311	1
28	313	-1
28	315	-1
28	317	-1
28	318	-1
28	321	1
28	323	1
28	324	1
28	325	-1
28	329	1
28	331	1
28	336	-1
28	337	-1
28	340	-1
28	341	-1
28	342	1
28	347	1
28	348	-1
28	349	1
28	350	-1
28	352	-1
28	354	1
28	355	1
28	356	-1
28	357	1
28	358	1
28	360	1
28	362	1
28	363	1
28	367	1
28	369	-1
28	371	-1
28	374	1
28	376	-1
28	380	1
28	382	1
28	383	1
28	384	-1
28	385	-1
28	386	-1
28	389	-1
28	390	1
28	391	-1
28	392	1
28	394	-1
28	395	1
28	402	1
28	404	1
28	406	1
28	407	1
28	409	1
28	411	1
28	417	1
28	418	1
28	422	-1
28	423	-1
28	426	-1
28	427	1
28	428	1
28	433	1
28	435	-1
28	437	-1
28	438	1
28	440	1
28	441	-1
28	442	1
28	445	-1
28	447	-1
28	449	1
28	451	-1
28	452	1
28	453	1
28	454	-1
28	455	1
28	462	1
28	463	1
28	467	-1
28	469	-1
28	470	1
28	472	-1
28	473	-1
28	476	-1
28	480	1
28	483	-1
28	487	-1
28	488	-1
28	489	-1
28	492	-1
28	493	1
28	494	1
28	496	1
28	497	1
29	30	1
29	33	1
29	35	-1
29	36	1
29	37	-1
29	38	1
29	39	1
29	41	-1
29	42	1
29	43	1
29	44	-1
29	45	-1
29	46	-1
29	47	1
29	49	-1
29	50	-1
29	52	1
29	53	-1
29	55	1
29	56	1
29	57	-1
29	58	1
29	59	-1
29	61	1
29	63	-1
29	64	-1
29	67	-1
29	68	1
29	69	-1
29	70	-1
29	73	-1
29	74	1
29	76	-1
29	78	-1
29	80	1
29	81	1
29	82	-1
29	83	-1
29	86	-1
29	87	-1
29	88	1
29	89	-1
29	90	1
29	91	1
29	92	1
29	93	-1
29	94	-1
29	95	-1
29	97	1
29	98	1
29	103	-1
29	105	-1
29	106	1
29	107	-1
29	109	1
29	111	1
29	112	-1
29	120	-1
29	121	1
29	123	-1
29	124	1
29	128	1
29	129	1
29	130	-1
29	133	-1
29	135	1
29	136	-1
29	137	-1
29	138	-1
29	139	1
29	140	-1
29	142	1
29	143	-1
29	144	1
29	145	1
29	146	1
29	151	1
29	155	-1
29	156	1
29	157	-1
29	162	-1
29	163	-1
29	164	-1
29	168	1
29	170	-1
29	173	-1
29	174	-1
29	175	-1
29	179	-1
29	181	1
29	182	1
29	184	-1
29	187	-1
29	196	-1
29	197	-1
29	198	-1
29	200	-1
29	201	-1
29	202	1
29	203	-1
29	206	-1
29	207	1
29	210	-1
29	212	-1
29	215	1
29	216	1
29	218	-1
29	219	-1
29	220	1
29	221	1
29	225	-1
29	229	1
29	231	1
29	233	1
29	238	-1
29	241	-1
29	242	1
29	243	1
29	245	1
29	247	-1
29	249	1
29	250	1
29	251	1
29	252	1
29	255	1
29	257	1
29	258	-1
29	260	-1
29	261	1
29	268	-1
29	272	-1
29	273	-1
29	274	1
29	275	1
29	278	-1
29	280	-1
29	282	1
29	283	-1
29	286	1
29	288	1
29	291	-1
29	292	-1
29	293	-1
29	295	-1
29	296	-1
29	301	-1
29	302	-1
29	303	1
29	304	1
29	309	-1
29	313	1
29	314	-1
29	317	1
29	318	-1
29	319	-1
29	320	1
29	321	-1
29	323	1
29	324	1
29	328	1
29	329	-1
29	331	-1
29	332	1
29	335	-1
29	339	-1
29	342	-1
29	345	-1
29	349	-1
29	351	1
29	352	-1
29	355	-1
29	360	-1
29	362	-1
29	367	1
29	368	-1
29	369	-1
29	371	1
29	374	1
29	376	-1
29	378	1
29	381	-1
29	382	1
29	383	-1
29	384	-1
29	388	1
29	389	-1
29	391	1
29	392	1
29	393	-1
29	394	-1
29	395	1
29	396	-1
29	402	-1
29	405	-1
29	406	-1
29	408	-1
29	409	1
29	415	-1
29	421	1
29	422	1
29	423	1
29	425	-1
29	426	1
29	427	1
29	428	1
29	429	-1
29	432	1
29	436	1
29	437	-1
29	438	1
29	439	1
29	441	-1
29	444	-1
29	447	-1
29	449	-1
29	450	-1
29	454	-1
29	455	1
29	457	-1
29	459	-1
29	462	-1
29	464	1
29	465	-1
29	467	-1
29	471	-1
29	473	-1
29	474	1
29	475	1
29	479	-1
29	481	1
29	483	1
29	485	1
29	486	1
29	487	1
29	489	-1
29	490	-1
29	491	-1
29	492	-1
29	494	-1
29	495	-1
29	497	1
30	31	-1
30	33	-1
30	34	1
30	35	1
30	36	-1
30	38	1
30	39	-1
30	40	1
30	42	1
30	43	1
30	44	1
30	46	-1
30	47	1
30	49	1
30	51	1
30	53	-1
30	54	-1
30	55	-1
30	56	1
30	57	-1
30	58	-1
30	59	-1
30	60	1
30	61	1
30	63	1
30	64	-1
30	65	-1
30	66	-1
30	67	1
30	68	1
30	69	-1
30	70	1
30	71	1
30	72	-1
30	74	1
30	75	-1
30	76	-1
30	79	1
30	81	1
30	82	1
30	83	1
30	84	-1
30	85	-1
30	86	-1
30	87	1
30	89	1
30	90	-1
30	91	1
30	92	-1
30	93	1
30	95	-1
30	97	-1
30	98	-1
30	99	1
30	100	1
30	102	1
30	104	-1
30	105	-1
30	106	1
30	110	1
30	113	-1
30	114	1
30	115	-1
30	116	-1
30	117	1
30	119	-1
30	121	1
30	122	-1
30	123	-1
30	124	1
30	126	-1
30	127	1
30	128	-1
30	135	-1
30	138	-1
30	139	-1
30	142	-1
30	143	-1
30	144	-1
30	145	-1
30	146	1
30	149	1
30	151	1
30	153	1
30	154	-1
30	155	-1
30	157	1
30	159	1
30	163	1
30	167	1
30	172	-1
30	174	-1
30	176	1
30	178	-1
30	180	1
30	184	1
30	185	-1
30	186	1
30	187	-1
30	189	-1
30	190	1
30	191	1
30	192	-1
30	194	1
30	198	-1
30	199	1
30	201	-1
30	204	1
30	206	1
30	207	-1
30	208	-1
30	209	-1
30	211	-1
30	212	1
30	213	1
30	216	1
30	217	1
30	221	-1
30	222	1
30	225	-1
30	229	-1
30	231	-1
30	232	-1
30	233	1
30	234	-1
30	235	1
30	237	1
30	238	1
30	240	1
30	241	1
30	242	1
30	243	1
30	244	-1
30	245	-1
30	247	-1
30	252	-1
30	254	-1
30	255	1
30	256	-1
30	257	1
30	260	1
30	263	-1
30	264	1
30	266	-1
30	267	-1
30	269	1
30	270	-1
30	271	1
30	272	-1
30	274	1
30	277	1
30	280	-1
30	281	1
30	282	1
30	283	-1
30	285	1
30	288	1
30	290	-1
30	291	1
30	292	-1
30	294	1
30	295	1
30	297	1
30	298	-1
30	299	1
30	300	1
30	301	1
30	305	-1
30	307	-1
30	308	-1
30	309	1
30	310	1
30	311	1
30	312	1
30	313	1
30	315	1
30	320	1
30	324	-1
30	325	-1
30	328	-1
30	329	-1
30	330	1
30	332	-1
30	335	-1
30	336	-1
30	338	-1
30	339	-1
30	343	-1
30	345	-1
30	348	1
30	349	-1
30	352	-1
30	353	-1
30	354	-1
30	356	1
30	357	-1
30	359	-1
30	360	1
30	361	1
30	365	-1
30	368	1
30	370	1
30	371	-1
30	372	-1
30	373	1
30	374	1
30	375	-1
30	378	-1
30	381	-1
30	384	1
30	385	-1
30	386	-1
30	388	-1
30	389	-1
30	397	1
30	399	-1
30	402	1
30	403	-1
30	404	-1
30	405	-1
30	409	-1
30	412	-1
30	414	1
30	416	-1
30	417	-1
30	418	1
30	419	-1
30	421	-1
30	423	-1
30	429	-1
30	432	1
30	434	-1
30	436	-1
30	437	1
30	438	-1
30	443	1
30	444	-1
30	446	-1
30	447	1
30	448	1
30	449	1
30	452	-1
30	454	1
30	455	-1
30	456	-1
30	457	1
30	458	-1
30	461	1
30	463	-1
30	464	1
30	466	1
30	471	1
30	472	1
30	473	-1
30	474	-1
30	475	1
30	478	1
30	480	1
30	481	-1
30	484	-1
30	485	1
30	488	-1
30	489	-1
30	493	-1
30	495	1
30	497	-1
30	498	1
31	34	1
31	35	1
31	37	1
31	39	1
31	40	-1
31	41	1
31	42	1
31	44	-1
31	45	-1
31	46	1
31	47	1
31	48	1
31	49	1
31	50	-1
31	51	-1
31	53	-1
31	54	1
31	56	-1
31	57	1
31	59	-1
31	60	-1
31	63	1
31	65	1
31	66	-1
31	67	1
31	68	1
31	70	-1
31	71	1
31	73	1
31	74	-1
31	76	1
31	77	-1
31	78	1
31	79	1
31	80	1
31	82	-1
31	83	-1
31	84	-1
31	85	-1
31	87	-1
31	89	1
31	90	1
31	92	-1
31	95	-1
31	96	1
31	97	1
31	98	-1
31	99	1
31	100	1
31	102	1
31	103	-1
31	105	-1
31	107	-1
31	108	1
31	110	-1
31	112	-1
31	113	-1
31	117	-1
31	122	1
31	123	1
31	124	-1
31	126	1
31	127	-1
31	128	1
31	130	-1
31	131	-1
31	133	1
31	135	-1
31	137	1
31	138	1
31	141	1
31	142	1
31	143	1
31	144	1
31	145	-1
31	146	-1
31	147	-1
31	148	-1
31	151	-1
31	152	1
31	156	1
31	157	-1
31	158	1
31	162	-1
31	164	-1
31	165	1
31	167	1
31	168	1
31	169	-1
31	170	1
31	171	-1
31	172	1
31	174	1
31	175	1
31	178	-1
31	179	-1
31	180	1
31	181	-1
31	184	-1
31	185	-1
31	186	-1
31	187	-1
31	191	1
31	194	1
31	195	1
31	196	1
31	200	-1
31	202	-1
31	203	1
31	204	-1
31	206	1
31	209	1
31	210	1
31	211	-1
31	212	-1
31	213	1
31	215	-1
31	220	1
31	223	-1
31	226	-1
31	228	-1
31	229	1
31	230	-1
31	231	1
31	235	1
31	236	-1
31	237	-1
31	238	-1
31	240	-1
31	244	-1
31	246	1
31	248	-1
31	249	1
31	251	-1
31	252	1
31	254	-1
31	255	1
31	256	-1
31	257	-1
31	258	1
31	262	1
31	266	1
31	267	1
31	268	-1
31	269	1
31	274	-1
31	275	-1
31	276	-1
31	280	1
31	282	-1
31	286	1
31	287	-1
31	288	1
31	290	1
31	292	1
31	295	1
31	296	-1
31	297	1
31	299	-1
31	300	1
31	301	1
31	302	-1
31	303	1
31	304	-1
31	305	1
31	307	-1
31	308	1
31	312	-1
31	313	1
31	315	-1
31	318	-1
31	319	-1
31	320	-1
31	322	-1
31	328	-1
31	329	1
31	330	1
31	337	-1
31	338	1
31	339	-1
31	340	-1
31	341	1
31	348	1
31	350	1
31	354	1
31	356	-1
31	359	-1
31	360	1
31	363	1
31	364	-1
31	366	-1
31	368	1
31	369	-1
31	376	1
31	377	-1
31	378	1
31	381	-1
31	383	1
31	385	1
31	386	1
31	387	1
31	392	-1
31	396	-1
31	398	1
31	399	1
31	400	1
31	404	1
31	405	-1
31	410	-1
31	412	1
31	413	1
31	414	-1
31	415	-1
31	416	-1
31	420	-1
31	423	1
31	427	1
31	429	1
31	430	1
31	431	-1
31	433	1
31	434	1
31	436	1
31	441	1
31	442	1
31	443	-1
31	445	1
31	449	-1
31	450	-1
31	456	1
31	458	-1
31	460	-1
31	462	-1
31	466	-1
31	468	-1
31	469	-1
31	471	-1
31	474	1
31	475	1
31	476	-1
31	478	1
31	480	-1
31	481	1
31	482	1
31	484	-1
31	485	1
31	487	-1
31	488	-1
31	493	1
31	494	-1
31	496	-1
31	497	-1
31	499	1
32	33	1
32	36	-1
32	37	1
32	38	1
32	39	1
32	40	-1
32	42	1
32	43	1
32	47	-1
32	49	1
32	50	1
32	51	-1
32	52	-1
32	53	1
32	54	1
32	55	1
32	58	-1
32	59	1
32	62	-1
32	63	1
32	64	1
32	65	-1
32	66	1
32	67	-1
32	68	1
32	69	-1
32	70	1
32	71	-1
32	74	-1
32	75	-1
32	76	1
32	78	1
32	79	-1
32	82	1
32	84	1
32	85	1
32	86	-1
32	87	-1
32	90	-1
32	91	-1
32	92	-1
32	93	-1
32	94	-1
32	95	-1
32	96	-1
32	97	1
32	98	-1
32	99	-1
32	100	-1
32	101	-1
32	103	1
32	105	1
32	109	1
32	110	-1
32	111	1
32	116	-1
32	117	-1
32	118	1
32	119	-1
32	120	-1
32	121	1
32	122	1
32	123	1
32	124	1
32	125	-1
32	127	-1
32	128	1
32	132	-1
32	139	-1
32	140	1
32	141	-1
32	142	1
32	147	-1
32	148	1
32	151	-1
32	153	-1
32	154	-1
32	155	1
32	156	1
32	157	-1
32	158	-1
32	159	1
32	160	1
32	162	1
32	163	1
32	165	-1
32	166	-1
32	167	1
32	176	-1
32	178	1
32	180	1
32	181	-1
32	182	1
32	185	-1
32	186	1
32	188	1
32	192	-1
32	193	1
32	195	1
32	197	1
32	200	1
32	201	-1
32	202	-1
32	203	-1
32	204	-1
32	206	1
32	207	-1
32	208	-1
32	210	-1
32	212	-1
32	214	-1
32	216	-1
32	217	-1
32	218	-1
32	219	1
32	220	-1
32	222	-1
32	223	1
32	224	1
32	226	-1
32	227	1
32	229	-1
32	232	1
32	235	1
32	236	-1
32	237	-1
32	239	-1
32	240	-1
32	242	1
32	243	-1
32	244	1
32	248	1
32	251	-1
32	252	1
32	253	-1
32	254	1
32	255	-1
32	256	1
32	257	-1
32	258	1
32	259	-1
32	260	1
32	262	-1
32	265	1
32	267	1
32	273	1
32	278	-1
32	280	1
32	281	1
32	282	1
32	284	1
32	285	1
32	286	1
32	287	-1
32	289	-1
32	290	1
32	294	-1
32	295	1
32	296	-1
32	297	1
32	299	-1
32	301	1
32	302	1
32	304	-1
32	305	-1
32	308	1
32	309	1
32	310	-1
32	311	1
32	312	-1
32	314	1
32	317	1
32	318	-1
32	319	1
32	322	1
32	323	1
32	327	-1
32	329	1
32	333	1
32	334	1
32	339	1
32	343	1
32	348	1
32	349	1
32	351	1
32	352	-1
32	353	-1
32	354	1
32	355	-1
32	356	-1
32	357	-1
32	358	1
32	360	1
32	361	1
32	363	-1
32	364	1
32	366	-1
32	368	1
32	370	-1
32	371	-1
32	374	-1
32	377	-1
32	381	-1
32	382	1
32	385	-1
32	386	1
32	387	-1
32	388	-1
32	391	-1
32	393	1
32	394	1
32	395	-1
32	396	1
32	400	1
32	402	-1
32	406	1
32	414	-1
32	415	-1
32	416	-1
32	420	1
32	421	1
32	422	1
32	423	-1
32	431	1
32	435	-1
32	439	-1
32	441	1
32	445	1
32	446	1
32	447	-1
32	450	1
32	451	-1
32	452	-1
32	453	1
32	454	1
32	455	-1
32	461	1
32	463	1
32	464	1
32	465	-1
32	469	1
32	471	-1
32	472	-1
32	473	1
32	474	-1
32	475	1
32	476	-1
32	482	-1
32	483	-1
32	485	-1
32	488	-1
32	490	1
32	492	1
32	499	1
33	34	-1
33	35	-1
33	36	1
33	38	1
33	39	1
33	40	1
33	41	-1
33	42	1
33	44	-1
33	45	-1
33	46	1
33	47	1
33	48	1
33	49	-1
33	50	-1
33	52	-1
33	60	-1
33	61	-1
33	62	-1
33	63	-1
33	64	1
33	65	-1
33	67	-1
33	68	1
33	70	-1
33	73	1
33	74	1
33	75	1
33	76	-1
33	77	-1
33	78	-1
33	79	-1
33	81	1
33	82	-1
33	83	1
33	84	-1
33	85	-1
33	86	-1
33	87	-1
33	88	-1
33	89	-1
33	92	-1
33	93	-1
33	94	-1
33	95	1
33	97	1
33	98	1
33	99	1
33	100	1
33	101	1
33	103	-1
33	105	-1
33	107	-1
33	108	-1
33	109	1
33	114	-1
33	115	-1
33	116	1
33	118	-1
33	119	-1
33	120	1
33	121	1
33	122	1
33	123	-1
33	124	1
33	128	1
33	129	-1
33	134	1
33	136	-1
33	137	1
33	138	1
33	144	1
33	146	-1
33	147	-1
33	149	-1
33	150	1
33	154	-1
33	155	-1
33	157	1
33	159	1
33	161	1
33	169	-1
33	173	-1
33	175	1
33	184	1
33	185	1
33	187	-1
33	188	-1
33	189	1
33	190	-1
33	191	-1
33	193	-1
33	197	1
33	198	-1
33	199	-1
33	200	1
33	201	-1
33	202	-1
33	203	-1
33	205	1
33	206	-1
33	208	1
33	211	1
33	212	1
33	213	-1
33	214	1
33	215	1
33	216	-1
33	218	-1
33	219	1
33	220	-1
33	221	1
33	222	1
33	223	-1
33	226	1
33	227	-1
33	228	-1
33	229	-1
33	230	1
33	231	1
33	232	-1
33	236	-1
33	237	1
33	238	1
33	244	1
33	248	-1
33	252	1
33	253	-1
33	255	1
33	257	-1
33	260	-1
33	261	-1
33	262	-1
33	265	1
33	266	1
33	267	1
33	268	-1
33	272	-1
33	274	1
33	277	-1
33	280	-1
33	282	1
33	283	1
33	284	-1
33	287	-1
33	291	-1
33	294	-1
33	295	-1
33	298	-1
33	299	1
33	300	1
33	301	-1
33	304	-1
33	305	1
33	307	-1
33	309	1
33	310	1
33	312	1
33	316	1
33	317	-1
33	318	1
33	319	-1
33	321	-1
33	322	1
33	323	-1
33	324	1
33	326	1
33	327	1
33	328	1
33	329	1
33	331	1
33	332	-1
33	334	-1
33	335	-1
33	336	-1
33	338	-1
33	339	-1
33	340	-1
33	342	-1
33	344	-1
33	345	1
33	348	-1
33	349	-1
33	350	-1
33	351	1
33	352	1
33	355	1
33	356	1
33	358	-1
33	361	-1
33	362	-1
33	364	1
33	365	1
33	366	-1
33	367	-1
33	369	1
33	371	-1
33	373	-1
33	377	1
33	378	1
33	380	-1
33	381	-1
33	382	-1
33	383	1
33	384	-1
33	385	-1
33	387	1
33	389	-1
33	390	-1
33	392	-1
33	394	-1
33	396	1
33	397	-1
33	398	1
33	400	-1
33	401	1
33	405	-1
33	408	1
33	411	1
33	414	1
33	424	-1
33	426	-1
33	428	-1
33	429	1
33	430	1
33	431	1
33	432	1
33	434	1
33	435	-1
33	436	1
33	439	-1
33	441	-1
33	445	1
33	446	1
33	447	1
33	448	1
33	449	-1
33	452	1
33	454	1
33	455	1
33	456	1
33	458	1
33	461	-1
33	462	1
33	463	-1
33	465	1
33	466	-1
33	468	-1
33	469	1
33	470	-1
33	471	-1
33	472	1
33	473	-1
33	474	1
33	476	1
33	477	1
33	478	-1
33	479	-1
33	480	-1
33	482	1
33	485	1
33	486	-1
33	487	1
33	489	1
33	490	-1
33	492	1
33	493	-1
33	494	1
33	498	1
34	35	1
34	37	1
34	40	-1
34	42	1
34	43	-1
34	44	1
34	45	1
34	46	1
34	47	-1
34	49	1
34	51	1
34	52	1
34	53	-1
34	54	-1
34	56	-1
34	57	1
34	58	-1
34	59	-1
34	60	-1
34	61	1
34	62	-1
34	63	-1
34	64	-1
34	65	1
34	67	1
34	68	-1
34	71	-1
34	74	1
34	75	-1
34	76	-1
34	77	-1
34	78	-1
34	80	-1
34	81	1
34	82	-1
34	84	1
34	85	-1
34	86	-1
34	87	-1
34	88	1
34	91	-1
34	92	-1
34	93	-1
34	94	-1
34	95	1
34	97	1
34	98	-1
34	99	-1
34	100	1
34	101	-1
34	103	-1
34	104	-1
34	105	1
34	106	-1
34	109	1
34	110	1
34	111	1
34	112	1
34	115	-1
34	116	1
34	119	-1
34	120	-1
34	122	1
34	125	1
34	126	1
34	129	-1
34	130	1
34	131	-1
34	132	1
34	135	-1
34	136	1
34	137	1
34	140	1
34	142	-1
34	149	1
34	151	-1
34	152	-1
34	153	1
34	157	-1
34	163	1
34	166	-1
34	168	-1
34	170	1
34	174	1
34	177	1
34	178	-1
34	179	-1
34	181	-1
34	186	-1
34	188	1
34	190	1
34	191	-1
34	192	-1
34	197	1
34	202	1
34	206	1
34	216	-1
34	219	-1
34	220	1
34	221	-1
34	222	-1
34	225	-1
34	226	-1
34	228	-1
34	230	1
34	231	-1
34	232	1
34	233	1
34	234	-1
34	236	-1
34	239	1
34	240	-1
34	245	-1
34	246	1
34	247	1
34	248	-1
34	251	-1
34	253	-1
34	258	-1
34	264	-1
34	267	-1
34	269	-1
34	270	1
34	271	1
34	272	1
34	273	1
34	278	1
34	279	-1
34	280	1
34	284	1
34	287	-1
34	288	1
34	290	1
34	294	-1
34	295	-1
34	297	-1
34	298	-1
34	301	1
34	304	-1
34	305	-1
34	320	-1
34	321	-1
34	325	-1
34	326	-1
34	328	1
34	329	-1
34	332	1
34	334	-1
34	335	1
34	336	1
34	337	-1
34	338	-1
34	340	-1
34	341	-1
34	342	-1
34	343	-1
34	345	1
34	347	-1
34	348	1
34	351	1
34	352	-1
34	353	-1
34	355	1
34	358	-1
34	359	-1
34	360	1
34	362	1
34	365	-1
34	369	-1
34	371	1
34	372	-1
34	375	1
34	376	-1
34	380	1
34	387	1
34	388	1
34	391	-1
34	392	-1
34	393	-1
34	394	1
34	396	-1
34	398	-1
34	399	1
34	401	-1
34	402	-1
34	406	-1
34	411	-1
34	412	1
34	413	1
34	414	-1
34	415	-1
34	416	-1
34	418	1
34	420	1
34	422	1
34	423	-1
34	424	1
34	425	1
34	426	-1
34	427	-1
34	431	1
34	432	1
34	434	-1
34	435	1
34	438	-1
34	440	1
34	441	1
34	442	-1
34	444	-1
34	446	1
34	448	-1
34	449	-1
34	451	-1
34	452	1
34	453	-1
34	456	-1
34	457	-1
34	458	-1
34	459	-1
34	461	1
34	462	-1
34	463	1
34	466	-1
34	467	1
34	471	-1
34	473	-1
34	477	-1
34	478	-1
34	480	-1
34	482	1
34	483	-1
34	485	-1
34	487	1
34	488	1
34	491	1
34	492	1
34	493	-1
34	496	-1
34	497	-1
34	499	-1
35	36	1
35	37	1
35	38	1
35	41	1
35	42	-1
35	43	-1
35	44	1
35	45	1
35	47	1
35	48	1
35	51	1
35	52	-1
35	53	-1
35	54	-1
35	55	1
35	58	-1
35	60	1
35	61	-1
35	63	-1
35	64	-1
35	65	-1
35	67	1
35	68	1
35	69	-1
35	71	-1
35	72	1
35	73	1
35	74	-1
35	76	-1
35	78	1
35	81	-1
35	83	-1
35	84	-1
35	85	-1
35	86	1
35	87	-1
35	89	-1
35	90	-1
35	91	-1
35	94	-1
35	95	-1
35	98	1
35	99	-1
35	103	1
35	105	-1
35	108	-1
35	111	-1
35	112	1
35	113	1
35	115	-1
35	116	-1
35	118	1
35	120	1
35	121	-1
35	123	-1
35	124	1
35	125	1
35	126	1
35	129	-1
35	130	1
35	131	1
35	132	-1
35	133	-1
35	135	-1
35	136	1
35	139	-1
35	140	-1
35	144	1
35	145	-1
35	149	1
35	150	1
35	152	-1
35	153	1
35	154	-1
35	155	-1
35	157	1
35	159	1
35	161	1
35	162	1
35	163	1
35	165	1
35	168	-1
35	170	-1
35	172	1
35	173	-1
35	174	1
35	176	-1
35	177	1
35	180	-1
35	181	1
35	183	-1
35	185	1
35	186	1
35	187	-1
35	190	-1
35	191	1
35	196	-1
35	197	-1
35	198	-1
35	200	1
35	202	-1
35	205	-1
35	206	1
35	207	1
35	209	1
35	211	-1
35	213	1
35	214	1
35	215	-1
35	216	1
35	218	1
35	219	1
35	226	-1
35	227	1
35	229	-1
35	230	-1
35	231	-1
35	234	-1
35	236	-1
35	239	-1
35	240	1
35	241	-1
35	242	1
35	244	1
35	248	1
35	253	1
35	255	1
35	257	-1
35	258	-1
35	260	1
35	262	1
35	263	-1
35	264	1
35	269	1
35	270	1
35	272	1
35	276	-1
35	278	-1
35	280	1
35	281	1
35	282	-1
35	284	-1
35	287	1
35	288	-1
35	290	-1
35	291	-1
35	292	-1
35	293	1
35	295	-1
35	296	1
35	298	-1
35	300	1
35	302	1
35	304	1
35	305	-1
35	307	-1
35	309	-1
35	310	-1
35	312	-1
35	314	-1
35	319	1
35	323	1
35	324	1
35	325	-1
35	327	-1
35	328	-1
35	329	1
35	330	-1
35	331	-1
35	332	-1
35	334	-1
35	335	1
35	341	1
35	346	1
35	347	1
35	348	-1
35	349	-1
35	351	1
35	353	1
35	357	-1
35	358	-1
35	364	-1
35	365	1
35	366	-1
35	368	-1
35	374	-1
35	375	-1
35	378	-1
35	379	1
35	381	1
35	382	1
35	383	-1
35	385	-1
35	387	-1
35	389	1
35	390	1
35	392	1
35	393	1
35	394	1
35	396	1
35	397	1
35	398	1
35	406	1
35	408	1
35	411	1
35	415	1
35	416	1
35	419	1
35	422	-1
35	423	-1
35	424	1
35	425	1
35	428	-1
35	430	1
35	433	1
35	434	1
35	435	-1
35	436	-1
35	439	1
35	441	1
35	442	1
35	443	-1
35	445	1
35	446	1
35	451	-1
35	454	1
35	455	1
35	457	-1
35	462	-1
35	464	-1
35	468	-1
35	470	1
35	471	1
35	472	1
35	473	-1
35	474	1
35	476	1
35	478	1
35	479	1
35	482	1
35	489	-1
35	490	-1
35	492	1
35	498	-1
36	37	1
36	38	-1
36	39	-1
36	40	1
36	42	-1
36	44	-1
36	45	1
36	46	1
36	47	1
36	51	1
36	52	-1
36	54	-1
36	60	1
36	61	-1
36	62	-1
36	63	1
36	65	-1
36	66	-1
36	67	-1
36	70	-1
36	71	-1
36	74	1
36	75	-1
36	77	1
36	79	-1
36	81	1
36	82	-1
36	83	1
36	85	1
36	86	-1
36	87	1
36	88	-1
36	89	-1
36	90	-1
36	93	-1
36	94	1
36	96	1
36	97	-1
36	99	1
36	103	-1
36	104	1
36	105	1
36	106	1
36	108	1
36	109	-1
36	110	1
36	116	-1
36	118	1
36	119	1
36	121	1
36	123	1
36	125	-1
36	126	-1
36	128	1
36	129	-1
36	131	-1
36	132	1
36	135	-1
36	137	-1
36	141	-1
36	144	1
36	145	-1
36	146	-1
36	147	1
36	148	1
36	149	1
36	150	1
36	153	-1
36	154	-1
36	155	-1
36	157	-1
36	158	1
36	160	-1
36	161	-1
36	162	1
36	164	-1
36	165	-1
36	166	-1
36	169	-1
36	170	-1
36	174	1
36	176	1
36	179	-1
36	180	1
36	183	-1
36	184	1
36	185	-1
36	188	-1
36	190	1
36	193	-1
36	194	1
36	195	-1
36	198	1
36	201	-1
36	202	-1
36	203	1
36	205	-1
36	206	1
36	207	-1
36	208	-1
36	209	1
36	210	1
36	212	-1
36	215	1
36	219	1
36	220	1
36	221	1
36	223	-1
36	225	1
36	226	-1
36	230	-1
36	232	-1
36	234	1
36	235	-1
36	238	-1
36	240	1
36	246	1
36	247	-1
36	248	1
36	249	1
36	250	1
36	251	-1
36	252	-1
36	253	-1
36	258	-1
36	259	1
36	260	1
36	261	1
36	265	-1
36	267	1
36	269	-1
36	270	1
36	274	1
36	276	-1
36	279	-1
36	280	1
36	281	1
36	282	1
36	283	-1
36	287	-1
36	289	1
36	292	-1
36	293	-1
36	295	-1
36	297	1
36	299	1
36	302	-1
36	303	-1
36	304	-1
36	308	-1
36	309	1
36	311	-1
36	318	1
36	319	-1
36	320	1
36	321	1
36	322	-1
36	323	1
36	326	-1
36	330	1
36	333	1
36	338	1
36	339	-1
36	342	1
36	345	1
36	347	1
36	349	-1
36	351	-1
36	352	-1
36	353	-1
36	356	1
36	357	1
36	362	1
36	364	-1
36	367	-1
36	369	-1
36	372	-1
36	375	-1
36	377	-1
36	379	-1
36	381	-1
36	382	-1
36	384	1
36	388	-1
36	389	1
36	391	1
36	394	-1
36	395	-1
36	396	1
36	397	-1
36	398	-1
36	399	1
36	400	1
36	401	1
36	403	-1
36	408	-1
36	409	-1
36	411	1
36	413	-1
36	415	1
36	416	-1
36	419	-1
36	420	1
36	422	1
36	423	1
36	427	-1
36	428	1
36	429	-1
36	430	-1
36	431	1
36	432	-1
36	434	1
36	435	1
36	438	1
36	439	1
36	441	1
36	442	1
36	443	1
36	449	1
36	450	1
36	453	-1
36	455	1
36	457	-1
36	458	1
36	465	1
36	466	1
36	468	1
36	469	1
36	473	-1
36	475	-1
36	476	1
36	477	-1
36	478	-1
36	479	-1
36	480	1
36	481	-1
36	483	-1
36	484	1
36	486	-1
36	488	-1
36	490	-1
36	492	1
36	493	1
36	497	-1
36	498	1
37	40	-1
37	43	1
37	44	1
37	45	1
37	46	-1
37	47	1
37	48	1
37	49	-1
37	50	-1
37	51	1
37	52	-1
37	53	-1
37	54	1
37	55	1
37	57	1
37	58	-1
37	59	-1
37	60	-1
37	63	1
37	64	-1
37	66	-1
37	67	1
37	69	-1
37	71	-1
37	75	-1
37	79	1
37	80	-1
37	81	-1
37	84	-1
37	86	-1
37	88	-1
37	90	-1
37	91	1
37	92	1
37	94	1
37	95	1
37	98	1
37	100	1
37	101	-1
37	102	1
37	104	-1
37	105	-1
37	106	1
37	108	-1
37	111	1
37	112	1
37	113	-1
37	115	-1
37	117	1
37	118	1
37	120	1
37	121	1
37	122	1
37	123	1
37	125	1
37	127	-1
37	128	1
37	130	1
37	131	-1
37	132	1
37	133	1
37	135	-1
37	140	1
37	141	1
37	142	-1
37	143	-1
37	152	-1
37	154	1
37	157	-1
37	160	-1
37	163	1
37	164	1
37	165	-1
37	166	1
37	167	1
37	168	-1
37	169	1
37	171	1
37	173	1
37	176	-1
37	178	1
37	182	-1
37	186	1
37	187	1
37	189	-1
37	190	1
37	191	-1
37	192	1
37	194	-1
37	195	1
37	196	1
37	201	-1
37	202	-1
37	207	-1
37	211	-1
37	212	-1
37	214	1
37	216	-1
37	218	1
37	221	1
37	227	1
37	228	1
37	236	1
37	239	1
37	240	1
37	244	-1
37	245	-1
37	246	-1
37	248	1
37	249	1
37	250	-1
37	251	-1
37	253	1
37	254	1
37	255	1
37	256	-1
37	257	1
37	258	-1
37	259	-1
37	260	-1
37	261	1
37	262	-1
37	263	1
37	264	-1
37	268	1
37	269	1
37	271	-1
37	273	-1
37	278	1
37	279	1
37	283	1
37	284	1
37	285	-1
37	286	1
37	287	1
37	289	-1
37	290	-1
37	291	1
37	296	1
37	297	-1
37	298	1
37	299	-1
37	305	-1
37	309	-1
37	310	1
37	311	1
37	312	-1
37	313	1
37	317	-1
37	318	1
37	319	-1
37	320	1
37	321	-1
37	322	1
37	323	1
37	325	1
37	326	1
37	328	-1
37	329	-1
37	331	-1
37	335	-1
37	337	-1
37	342	-1
37	345	1
37	346	-1
37	347	-1
37	348	1
37	354	1
37	355	-1
37	356	1
37	357	-1
37	358	1
37	359	-1
37	360	1
37	362	1
37	363	1
37	364	1
37	365	-1
37	366	1
37	367	-1
37	368	-1
37	369	-1
37	370	1
37	372	-1
37	373	-1
37	374	1
37	378	1
37	379	1
37	385	1
37	387	1
37	389	-1
37	391	1
37	392	1
37	393	-1
37	394	-1
37	395	1
37	396	1
37	400	1
37	401	1
37	403	-1
37	409	-1
37	413	1
37	414	1
37	415	1
37	416	-1
37	417	-1
37	419	1
37	420	-1
37	425	-1
37	428	-1
37	429	-1
37	432	1
37	433	1
37	434	-1
37	439	-1
37	441	-1
37	443	-1
37	444	-1
37	446	1
37	447	-1
37	448	-1
37	451	1
37	452	1
37	453	-1
37	454	-1
37	457	-1
37	460	-1
37	461	1
37	463	-1
37	464	-1
37	467	-1
37	470	-1
37	472	1
37	473	1
37	474	-1
37	475	1
37	476	-1
37	478	-1
37	481	1
37	483	-1
37	484	-1
37	485	1
37	488	1
37	490	-1
37	492	1
37	493	-1
37	497	1
37	499	-1
38	39	-1
38	40	1
38	44	-1
38	45	-1
38	46	-1
38	47	-1
38	49	-1
38	50	1
38	51	1
38	52	-1
38	53	1
38	55	-1
38	56	1
38	57	1
38	61	1
38	62	-1
38	63	-1
38	64	-1
38	65	1
38	69	1
38	70	-1
38	72	1
38	76	-1
38	77	1
38	78	-1
38	81	-1
38	82	-1
38	83	-1
38	85	1
38	86	-1
38	87	-1
38	88	1
38	90	1
38	91	1
38	92	-1
38	94	-1
38	95	1
38	96	-1
38	97	-1
38	98	-1
38	99	-1
38	100	1
38	107	1
38	112	1
38	113	-1
38	115	-1
38	117	-1
38	121	-1
38	122	1
38	123	1
38	126	1
38	131	-1
38	132	-1
38	133	-1
38	135	1
38	137	-1
38	139	-1
38	141	1
38	142	1
38	146	-1
38	147	1
38	148	-1
38	149	1
38	153	1
38	154	-1
38	160	-1
38	161	-1
38	164	-1
38	165	-1
38	168	-1
38	169	1
38	170	-1
38	172	1
38	173	1
38	174	1
38	177	-1
38	180	-1
38	181	-1
38	182	-1
38	183	-1
38	184	-1
38	189	1
38	190	1
38	195	1
38	197	1
38	198	-1
38	199	1
38	200	-1
38	202	-1
38	203	-1
38	204	-1
38	205	1
38	206	-1
38	208	1
38	209	1
38	210	-1
38	213	1
38	215	-1
38	218	1
38	219	1
38	220	1
38	222	1
38	225	1
38	227	1
38	230	-1
38	232	1
38	233	-1
38	234	-1
38	235	1
38	238	1
38	241	1
38	242	1
38	243	-1
38	246	1
38	247	1
38	248	1
38	250	1
38	251	1
38	252	1
38	258	-1
38	260	1
38	262	-1
38	265	-1
38	266	-1
38	267	1
38	269	-1
38	270	1
38	273	1
38	275	-1
38	281	1
38	286	1
38	287	1
38	288	1
38	289	-1
38	291	-1
38	292	-1
38	293	-1
38	298	1
38	299	-1
38	300	-1
38	301	1
38	302	1
38	303	1
38	304	-1
38	305	-1
38	306	1
38	308	1
38	310	-1
38	312	-1
38	314	1
38	315	-1
38	317	1
38	318	1
38	320	-1
38	322	-1
38	323	-1
38	329	-1
38	330	1
38	331	1
38	333	1
38	334	1
38	335	-1
38	336	1
38	339	1
38	342	1
38	344	1
38	345	-1
38	347	-1
38	350	-1
38	353	1
38	354	-1
38	356	-1
38	358	-1
38	359	-1
38	363	1
38	366	-1
38	368	-1
38	373	1
38	374	-1
38	376	-1
38	382	1
38	383	-1
38	385	-1
38	386	-1
38	387	-1
38	388	-1
38	390	-1
38	392	-1
38	393	1
38	394	1
38	395	1
38	404	1
38	405	1
38	406	1
38	407	1
38	410	1
38	411	1
38	412	1
38	414	1
38	417	1
38	420	1
38	427	1
38	428	-1
38	429	-1
38	430	-1
38	433	-1
38	440	1
38	443	1
38	444	1
38	446	-1
38	449	-1
38	451	1
38	452	-1
38	454	1
38	455	1
38	456	-1
38	457	1
38	459	-1
38	460	-1
38	464	1
38	466	-1
38	467	-1
38	469	-1
38	470	-1
38	471	1
38	472	1
38	477	-1
38	478	1
38	480	1
38	486	-1
38	489	1
38	490	1
38	491	1
38	493	-1
38	496	-1
38	498	-1
38	499	1
39	42	1
39	44	1
39	45	1
39	46	1
39	47	-1
39	49	1
39	50	-1
39	52	-1
39	54	1
39	55	1
39	57	-1
39	58	-1
39	59	-1
39	62	-1
39	63	-1
39	64	1
39	65	1
39	70	-1
39	71	1
39	73	-1
39	74	-1
39	75	1
39	76	1
39	77	1
39	79	-1
39	80	-1
39	82	-1
39	84	1
39	85	-1
39	87	-1
39	88	1
39	93	1
39	94	1
39	95	1
39	96	-1
39	97	1
39	100	1
39	105	1
39	107	-1
39	111	-1
39	115	1
39	116	1
39	117	-1
39	118	-1
39	119	1
39	120	-1
39	121	1
39	123	-1
39	124	-1
39	125	-1
39	127	-1
39	128	-1
39	129	1
39	131	1
39	133	-1
39	135	1
39	136	-1
39	137	-1
39	141	-1
39	143	-1
39	147	-1
39	148	1
39	149	1
39	150	-1
39	151	-1
39	152	-1
39	156	-1
39	158	-1
39	161	-1
39	163	-1
39	164	1
39	165	-1
39	167	-1
39	169	1
39	171	-1
39	172	-1
39	174	1
39	178	-1
39	179	-1
39	180	-1
39	183	-1
39	188	-1
39	189	1
39	194	-1
39	195	1
39	196	1
39	199	1
39	200	-1
39	204	-1
39	208	-1
39	210	1
39	212	-1
39	214	1
39	216	1
39	217	-1
39	219	-1
39	220	1
39	221	-1
39	222	-1
39	225	-1
39	227	1
39	231	1
39	232	1
39	233	-1
39	236	1
39	237	1
39	238	-1
39	242	1
39	246	-1
39	250	-1
39	251	1
39	252	-1
39	258	-1
39	261	-1
39	263	1
39	265	-1
39	266	1
39	267	-1
39	268	1
39	269	-1
39	270	-1
39	271	-1
39	272	-1
39	273	-1
39	274	-1
39	275	1
39	276	1
39	279	-1
39	280	-1
39	288	-1
39	289	-1
39	292	-1
39	294	-1
39	297	-1
39	298	-1
39	302	-1
39	305	1
39	306	1
39	307	-1
39	310	1
39	311	1
39	312	-1
39	316	1
39	318	-1
39	320	1
39	321	-1
39	325	1
39	326	-1
39	327	1
39	329	-1
39	330	1
39	331	-1
39	335	-1
39	338	1
39	339	-1
39	340	-1
39	347	-1
39	349	1
39	351	1
39	353	-1
39	354	1
39	356	1
39	361	-1
39	363	1
39	365	-1
39	367	-1
39	369	1
39	371	1
39	374	1
39	377	-1
39	382	1
39	384	-1
39	388	1
39	390	-1
39	391	-1
39	392	1
39	394	1
39	401	1
39	404	-1
39	407	1
39	410	-1
39	412	-1
39	413	-1
39	415	1
39	416	1
39	417	1
39	418	-1
39	419	1
39	421	-1
39	423	-1
39	424	1
39	425	-1
39	426	1
39	431	-1
39	432	1
39	434	-1
39	435	-1
39	436	-1
39	439	-1
39	441	1
39	443	1
39	445	-1
39	447	-1
39	459	1
39	461	1
39	465	-1
39	466	1
39	469	1
39	472	1
39	475	-1
39	477	-1
39	483	-1
39	488	1
39	490	1
39	493	-1
39	495	1
39	496	-1
39	497	1
39	499	1
40	42	1
40	44	1
40	48	1
40	50	1
40	51	1
40	53	-1
40	54	-1
40	55	1
40	56	1
40	58	1
40	59	1
40	61	1
40	62	-1
40	64	1
40	65	-1
40	68	-1
40	69	-1
40	70	1
40	71	1
40	72	-1
40	73	-1
40	74	-1
40	76	1
40	77	1
40	78	-1
40	79	1
40	80	1
40	81	-1
40	85	-1
40	86	-1
40	87	1
40	88	-1
40	90	1
40	92	-1
40	93	-1
40	95	-1
40	97	-1
40	98	-1
40	99	-1
40	101	-1
40	104	-1
40	106	1
40	109	-1
40	111	1
40	113	1
40	114	-1
40	115	1
40	116	-1
40	117	-1
40	118	-1
40	120	1
40	121	-1
40	130	-1
40	131	1
40	133	1
40	135	-1
40	136	-1
40	138	1
40	139	1
40	140	1
40	141	-1
40	145	-1
40	148	1
40	149	-1
40	151	1
40	154	1
40	156	-1
40	158	-1
40	171	1
40	172	-1
40	173	1
40	175	1
40	176	-1
40	179	-1
40	180	-1
40	184	-1
40	186	1
40	187	-1
40	189	1
40	190	1
40	192	1
40	195	-1
40	196	-1
40	198	-1
40	203	-1
40	204	-1
40	205	1
40	206	1
40	207	1
40	208	1
40	209	-1
40	212	-1
40	215	1
40	217	1
40	219	-1
40	220	-1
40	222	1
40	229	-1
40	233	-1
40	236	-1
40	240	1
40	242	1
40	244	-1
40	245	-1
40	246	1
40	251	-1
40	254	-1
40	258	-1
40	259	-1
40	261	1
40	263	1
40	268	1
40	270	1
40	271	-1
40	273	-1
40	276	1
40	277	-1
40	278	1
40	283	-1
40	284	-1
40	285	-1
40	287	1
40	288	1
40	289	1
40	294	-1
40	301	-1
40	307	1
40	309	-1
40	310	1
40	315	1
40	316	1
40	319	1
40	323	1
40	325	-1
40	326	1
40	328	-1
40	329	1
40	334	-1
40	335	1
40	336	-1
40	338	1
40	339	1
40	341	-1
40	342	1
40	343	1
40	344	1
40	345	1
40	349	1
40	350	1
40	351	-1
40	352	-1
40	355	1
40	356	-1
40	360	-1
40	361	-1
40	363	-1
40	367	-1
40	370	-1
40	373	-1
40	374	1
40	375	1
40	377	-1
40	378	1
40	379	-1
40	384	1
40	387	-1
40	388	1
40	389	-1
40	390	-1
40	391	1
40	398	-1
40	399	1
40	401	-1
40	404	1
40	405	1
40	409	1
40	410	-1
40	411	1
40	415	1
40	418	1
40	419	1
40	420	-1
40	421	1
40	425	-1
40	426	1
40	428	-1
40	429	1
40	430	1
40	432	1
40	433	-1
40	434	-1
40	435	-1
40	437	1
40	438	-1
40	441	1
40	445	-1
40	450	-1
40	451	1
40	452	1
40	456	-1
40	458	1
40	459	-1
40	461	1
40	467	-1
40	468	-1
40	469	1
40	470	1
40	471	-1
40	473	1
40	474	-1
40	480	1
40	481	1
40	483	-1
40	484	-1
40	485	1
40	489	1
40	493	1
40	495	1
40	497	-1
40	498	1
41	42	1
41	43	1
41	44	-1
41	45	1
41	47	1
41	49	1
41	50	-1
41	52	1
41	54	-1
41	55	1
41	56	-1
41	57	1
41	58	1
41	59	1
41	60	1
41	61	-1
41	62	-1
41	63	1
41	64	1
41	65	-1
41	66	-1
41	67	-1
41	68	1
41	71	-1
41	72	1
41	74	-1
41	75	-1
41	76	-1
41	77	1
41	78	1
41	81	-1
41	84	-1
41	85	-1
41	90	-1
41	93	1
41	94	-1
41	96	1
41	98	1
41	99	1
41	101	-1
41	107	1
41	108	-1
41	110	-1
41	113	1
41	115	1
41	116	-1
41	117	-1
41	122	1
41	124	-1
41	125	-1
41	126	-1
41	128	1
41	129	1
41	130	1
41	132	1
41	134	-1
41	138	-1
41	141	1
41	146	1
41	147	-1
41	148	1
41	149	-1
41	150	1
41	152	1
41	153	-1
41	154	1
41	155	-1
41	156	1
41	158	1
41	160	1
41	164	-1
41	166	1
41	167	1
41	170	-1
41	171	-1
41	177	1
41	178	-1
41	179	1
41	180	-1
41	181	-1
41	184	-1
41	185	-1
41	190	-1
41	191	1
41	192	-1
41	193	1
41	195	1
41	197	-1
41	198	1
41	199	1
41	200	1
41	201	1
41	202	-1
41	204	1
41	206	1
41	210	1
41	215	-1
41	218	-1
41	220	-1
41	222	1
41	224	1
41	225	-1
41	226	1
41	229	1
41	230	-1
41	231	1
41	232	-1
41	233	-1
41	235	1
41	237	-1
41	239	1
41	240	-1
41	244	-1
41	247	-1
41	251	1
41	253	-1
41	254	1
41	260	-1
41	261	-1
41	265	1
41	267	1
41	269	-1
41	270	1
41	272	-1
41	276	1
41	279	-1
41	280	1
41	281	-1
41	284	1
41	287	1
41	288	1
41	289	-1
41	290	1
41	294	-1
41	295	1
41	296	-1
41	302	1
41	304	1
41	306	-1
41	307	-1
41	308	1
41	311	1
41	312	1
41	314	-1
41	315	1
41	316	1
41	317	1
41	321	-1
41	324	1
41	330	-1
41	332	-1
41	335	-1
41	336	-1
41	339	-1
41	341	1
41	342	-1
41	343	1
41	346	-1
41	348	1
41	349	-1
41	354	1
41	355	1
41	356	1
41	357	1
41	358	1
41	361	-1
41	362	-1
41	363	-1
41	364	-1
41	365	-1
41	366	-1
41	367	-1
41	370	1
41	371	1
41	372	-1
41	375	1
41	376	-1
41	378	1
41	379	-1
41	381	1
41	382	-1
41	383	1
41	385	1
41	386	1
41	387	1
41	388	-1
41	389	-1
41	401	-1
41	402	-1
41	405	1
41	406	1
41	407	-1
41	410	-1
41	412	1
41	414	-1
41	420	1
41	423	-1
41	426	-1
41	427	1
41	428	-1
41	431	-1
41	434	-1
41	435	-1
41	438	-1
41	441	-1
41	442	-1
41	445	-1
41	446	-1
41	448	-1
41	450	-1
41	451	1
41	454	-1
41	455	1
41	457	1
41	460	1
41	463	-1
41	465	-1
41	466	-1
41	467	1
41	472	-1
41	474	1
41	475	-1
41	476	1
41	477	-1
41	479	-1
41	481	1
41	486	-1
41	493	1
41	494	1
41	498	-1
41	499	-1
42	43	1
42	44	1
42	45	1
42	47	1
42	48	1
42	49	-1
42	51	-1
42	54	1
42	56	-1
42	57	-1
42	58	-1
42	59	-1
42	60	1
42	61	-1
42	62	1
42	63	-1
42	67	-1
42	68	-1
42	69	1
42	72	-1
42	73	1
42	74	-1
42	75	-1
42	76	1
42	77	-1
42	79	-1
42	80	-1
42	81	1
42	82	-1
42	83	1
42	85	-1
42	86	1
42	87	1
42	88	1
42	89	-1
42	91	-1
42	92	-1
42	93	-1
42	95	-1
42	96	1
42	97	1
42	101	-1
42	102	1
42	104	1
42	106	1
42	107	-1
42	108	1
42	109	1
42	112	-1
42	114	1
42	116	-1
42	117	1
42	118	1
42	120	-1
42	121	-1
42	122	1
42	123	-1
42	124	-1
42	125	1
42	126	-1
42	128	-1
42	129	-1
42	132	-1
42	137	1
42	138	1
42	139	1
42	141	1
42	142	-1
42	143	-1
42	144	-1
42	146	1
42	147	-1
42	148	-1
42	151	1
42	152	-1
42	155	1
42	157	-1
42	158	1
42	166	-1
42	167	1
42	168	-1
42	171	-1
42	175	1
42	177	1
42	178	-1
42	180	-1
42	181	-1
42	183	1
42	184	-1
42	186	-1
42	189	-1
42	193	1
42	194	-1
42	195	-1
42	197	1
42	199	1
42	201	-1
42	203	1
42	207	-1
42	208	-1
42	213	1
42	215	1
42	218	1
42	219	1
42	226	-1
42	228	1
42	231	-1
42	235	-1
42	238	-1
42	239	-1
42	241	-1
42	243	1
42	244	-1
42	245	-1
42	250	-1
42	252	1
42	254	-1
42	255	-1
42	256	-1
42	257	1
42	258	1
42	260	-1
42	261	1
42	262	1
42	263	1
42	266	-1
42	268	-1
42	269	-1
42	271	-1
42	273	-1
42	275	1
42	276	1
42	278	1
42	280	1
42	281	1
42	285	1
42	286	1
42	288	-1
42	289	-1
42	290	1
42	291	-1
42	292	-1
42	293	-1
42	294	-1
42	296	-1
42	298	1
42	299	1
42	300	-1
42	301	1
42	302	-1
42	304	-1
42	308	1
42	315	-1
42	316	1
42	321	-1
42	327	-1
42	330	1
42	331	1
42	332	-1
42	333	-1
42	335	-1
42	338	-1
42	340	1
42	341	1
42	344	1
42	345	-1
42	346	1
42	348	-1
42	350	-1
42	356	-1
42	357	-1
42	359	-1
42	360	1
42	361	1
42	363	1
42	369	-1
42	370	1
42	371	-1
42	373	-1
42	374	-1
42	376	-1
42	377	1
42	381	-1
42	382	1
42	383	-1
42	384	-1
42	385	-1
42	386	-1
42	388	-1
42	389	1
42	393	-1
42	394	1
42	397	-1
42	401	-1
42	403	-1
42	404	-1
42	408	1
42	409	-1
42	412	1
42	415	-1
42	417	1
42	418	1
42	419	1
42	421	1
42	424	-1
42	426	1
42	427	1
42	429	1
42	430	1
42	433	-1
42	435	-1
42	438	-1
42	439	1
42	440	1
42	441	1
42	443	1
42	444	1
42	445	1
42	448	1
42	449	1
42	450	1
42	451	-1
42	453	1
42	454	1
42	456	1
42	457	-1
42	460	-1
42	461	-1
42	462	1
42	464	-1
42	465	-1
42	467	-1
42	472	1
42	476	-1
42	477	-1
42	485	1
42	487	-1
42	488	-1
42	489	1
42	491	-1
42	494	-1
42	496	1
43	44	1
43	45	-1
43	49	1
43	52	-1
43	53	-1
43	54	1
43	55	-1
43	56	-1
43	57	-1
43	59	-1
43	60	-1
43	61	1
43	62	-1
43	63	-1
43	64	1
43	65	1
43	66	-1
43	67	1
43	69	1
43	70	1
43	71	1
43	72	-1
43	73	1
43	74	-1
43	76	-1
43	78	1
43	82	-1
43	83	1
43	84	1
43	85	-1
43	87	1
43	88	-1
43	89	1
43	90	-1
43	94	-1
43	95	-1
43	96	1
43	97	1
43	98	-1
43	104	1
43	106	1
43	107	-1
43	108	-1
43	111	-1
43	114	1
43	115	1
43	117	1
43	118	-1
43	125	-1
43	127	-1
43	128	-1
43	130	-1
43	133	-1
43	135	1
43	136	1
43	140	1
43	141	-1
43	143	-1
43	149	1
43	150	1
43	151	-1
43	152	-1
43	153	-1
43	154	-1
43	156	-1
43	157	-1
43	158	1
43	159	1
43	160	1
43	162	1
43	163	1
43	165	1
43	169	1
43	170	-1
43	174	1
43	176	1
43	177	1
43	178	1
43	179	1
43	181	1
43	182	1
43	184	1
43	186	1
43	188	-1
43	190	-1
43	193	-1
43	195	1
43	196	1
43	200	-1
43	204	-1
43	207	-1
43	208	-1
43	213	-1
43	215	1
43	221	-1
43	222	1
43	224	-1
43	225	1
43	226	1
43	228	1
43	231	1
43	232	1
43	234	1
43	235	1
43	239	1
43	240	-1
43	241	-1
43	242	-1
43	243	1
43	248	1
43	249	1
43	252	-1
43	253	1
43	256	-1
43	257	1
43	258	-1
43	260	1
43	263	-1
43	264	1
43	266	-1
43	267	-1
43	268	1
43	270	-1
43	271	-1
43	272	-1
43	275	-1
43	276	-1
43	277	1
43	279	-1
43	282	1
43	285	-1
43	286	1
43	288	-1
43	290	-1
43	292	-1
43	294	-1
43	296	-1
43	297	1
43	298	-1
43	299	1
43	300	1
43	301	1
43	303	-1
43	304	-1
43	305	1
43	306	1
43	307	-1
43	310	-1
43	311	-1
43	312	1
43	318	1
43	319	-1
43	321	-1
43	322	1
43	323	1
43	325	1
43	327	-1
43	329	-1
43	330	-1
43	331	1
43	332	1
43	333	1
43	335	-1
43	338	1
43	340	1
43	341	1
43	344	-1
43	345	1
43	347	1
43	348	-1
43	354	1
43	355	-1
43	356	-1
43	358	1
43	359	1
43	361	1
43	366	-1
43	368	-1
43	369	1
43	370	1
43	371	1
43	373	1
43	374	-1
43	375	-1
43	376	1
43	377	-1
43	378	1
43	381	-1
43	384	1
43	388	-1
43	390	-1
43	391	1
43	396	1
43	399	-1
43	401	-1
43	403	-1
43	404	1
43	405	1
43	414	-1
43	417	-1
43	418	-1
43	419	1
43	422	1
43	423	1
43	425	1
43	428	1
43	431	1
43	432	-1
43	434	1
43	437	1
43	440	1
43	441	1
43	444	1
43	446	1
43	447	1
43	448	-1
43	449	-1
43	451	-1
43	456	-1
43	460	-1
43	462	-1
43	464	1
43	468	-1
43	470	1
43	474	-1
43	478	1
43	479	-1
43	480	1
43	481	-1
43	484	-1
43	485	-1
43	486	-1
43	487	1
43	492	-1
43	495	1
43	496	1
43	499	-1
44	45	1
44	46	1
44	49	-1
44	51	-1
44	52	1
44	53	-1
44	55	1
44	56	1
44	57	1
44	59	1
44	63	-1
44	66	-1
44	67	-1
44	68	1
44	70	-1
44	71	1
44	72	-1
44	73	-1
44	74	1
44	76	1
44	78	-1
44	79	1
44	81	1
44	82	-1
44	84	1
44	86	1
44	87	1
44	88	1
44	89	1
44	91	1
44	92	-1
44	93	-1
44	96	1
44	97	1
44	99	-1
44	101	-1
44	102	1
44	105	1
44	107	1
44	109	1
44	110	-1
44	111	1
44	113	-1
44	114	-1
44	115	1
44	119	1
44	120	-1
44	124	-1
44	125	1
44	126	1
44	133	-1
44	134	-1
44	135	-1
44	137	-1
44	138	-1
44	140	-1
44	141	-1
44	144	1
44	150	-1
44	151	1
44	154	1
44	155	1
44	157	-1
44	158	-1
44	162	1
44	163	-1
44	164	1
44	166	-1
44	169	-1
44	173	-1
44	174	1
44	176	-1
44	181	-1
44	182	1
44	183	-1
44	185	1
44	186	-1
44	187	1
44	193	1
44	195	1
44	197	-1
44	198	1
44	199	1
44	201	1
44	204	-1
44	205	1
44	207	1
44	208	-1
44	212	1
44	214	1
44	215	-1
44	217	-1
44	218	1
44	219	1
44	222	-1
44	226	-1
44	230	1
44	233	-1
44	235	1
44	238	1
44	239	-1
44	240	1
44	241	-1
44	245	1
44	249	-1
44	250	1
44	251	-1
44	252	1
44	253	1
44	256	-1
44	257	-1
44	260	-1
44	261	-1
44	264	-1
44	265	-1
44	268	1
44	270	-1
44	271	1
44	272	-1
44	273	-1
44	274	-1
44	275	1
44	282	-1
44	283	-1
44	285	1
44	287	-1
44	289	-1
44	290	-1
44	293	1
44	297	1
44	299	1
44	301	-1
44	307	-1
44	313	-1
44	317	-1
44	319	1
44	320	1
44	323	1
44	324	-1
44	326	-1
44	327	1
44	331	-1
44	332	-1
44	340	-1
44	342	1
44	344	1
44	346	1
44	347	-1
44	348	-1
44	349	1
44	350	-1
44	353	1
44	355	-1
44	356	-1
44	357	1
44	360	1
44	361	-1
44	364	1
44	365	-1
44	369	1
44	371	1
44	372	1
44	373	-1
44	377	1
44	380	1
44	381	-1
44	384	1
44	387	1
44	388	-1
44	389	-1
44	390	1
44	391	-1
44	392	-1
44	393	1
44	394	-1
44	401	1
44	402	-1
44	404	-1
44	405	-1
44	407	-1
44	408	1
44	409	1
44	410	-1
44	412	-1
44	414	-1
44	416	1
44	420	1
44	421	1
44	422	-1
44	423	1
44	426	1
44	427	-1
44	430	1
44	432	1
44	434	-1
44	437	1
44	439	-1
44	440	-1
44	442	1
44	443	-1
44	444	-1
44	445	1
44	446	1
44	448	1
44	452	-1
44	453	-1
44	455	1
44	457	1
44	458	-1
44	461	-1
44	466	1
44	467	-1
44	468	-1
44	469	-1
44	470	1
44	473	1
44	477	1
44	480	1
44	481	1
44	483	1
44	484	1
44	486	-1
44	491	1
44	493	-1
44	494	-1
44	496	-1
44	499	-1
45	50	1
45	52	-1
45	53	1
45	54	-1
45	56	1
45	58	-1
45	59	1
45	60	-1
45	61	1
45	62	1
45	63	-1
45	64	-1
45	65	1
45	67	1
45	71	-1
45	72	-1
45	73	1
45	74	1
45	75	1
45	76	-1
45	77	1
45	80	1
45	81	1
45	82	1
45	84	1
45	86	1
45	87	-1
45	88	-1
45	90	1
45	91	-1
45	94	1
45	95	-1
45	96	-1
45	99	-1
45	103	-1
45	104	1
45	106	1
45	107	-1
45	110	1
45	111	1
45	116	-1
45	117	1
45	121	1
45	122	-1
45	123	-1
45	125	1
45	127	-1
45	130	-1
45	139	1
45	144	1
45	146	-1
45	150	1
45	153	1
45	154	-1
45	157	-1
45	158	-1
45	160	-1
45	161	1
45	162	-1
45	164	-1
45	165	1
45	169	-1
45	172	1
45	174	-1
45	175	1
45	176	1
45	178	1
45	179	1
45	182	1
45	184	-1
45	188	-1
45	189	-1
45	192	-1
45	194	1
45	196	1
45	198	-1
45	199	1
45	201	1
45	202	1
45	203	-1
45	205	1
45	207	1
45	208	1
45	209	-1
45	210	1
45	211	-1
45	213	1
45	214	-1
45	215	-1
45	219	-1
45	222	-1
45	223	-1
45	226	1
45	227	1
45	229	-1
45	230	-1
45	231	1
45	234	-1
45	236	-1
45	238	-1
45	239	-1
45	240	1
45	242	-1
45	245	1
45	251	-1
45	252	-1
45	254	1
45	257	1
45	260	-1
45	261	1
45	268	1
45	269	1
45	271	1
45	272	-1
45	276	-1
45	280	1
45	281	1
45	282	1
45	283	-1
45	285	1
45	286	-1
45	289	1
45	295	1
45	296	1
45	299	-1
45	301	1
45	303	-1
45	305	-1
45	311	1
45	314	1
45	316	1
45	317	-1
45	319	1
45	320	1
45	321	-1
45	325	-1
45	326	1
45	332	-1
45	334	-1
45	337	1
45	339	-1
45	346	-1
45	347	-1
45	348	1
45	349	1
45	350	1
45	356	-1
45	357	1
45	362	-1
45	366	-1
45	367	1
45	368	-1
45	371	-1
45	377	1
45	382	-1
45	384	-1
45	385	-1
45	386	-1
45	388	1
45	391	1
45	394	1
45	395	-1
45	398	-1
45	399	1
45	401	1
45	403	-1
45	407	-1
45	408	1
45	409	1
45	411	1
45	412	-1
45	413	-1
45	416	1
45	417	1
45	420	1
45	421	-1
45	422	1
45	427	1
45	428	1
45	433	-1
45	437	-1
45	446	1
45	450	1
45	451	-1
45	453	-1
45	454	1
45	455	-1
45	456	-1
45	458	-1
45	464	-1
45	465	1
45	466	-1
45	469	1
45	470	1
45	472	-1
45	473	-1
45	474	-1
45	475	1
45	476	1
45	477	1
45	478	-1
45	480	-1
45	484	1
45	485	1
45	486	-1
45	487	1
45	489	-1
45	490	1
45	493	-1
45	495	-1
45	499	1
46	47	-1
46	48	-1
46	49	1
46	50	-1
46	51	-1
46	52	1
46	54	-1
46	55	1
46	57	1
46	59	1
46	60	-1
46	61	-1
46	62	1
46	63	1
46	64	1
46	65	-1
46	66	1
46	68	-1
46	69	-1
46	70	-1
46	72	-1
46	73	-1
46	74	-1
46	75	-1
46	77	-1
46	81	1
46	83	1
46	84	1
46	85	-1
46	86	1
46	87	-1
46	90	-1
46	92	-1
46	93	1
46	94	1
46	95	-1
46	96	1
46	97	1
46	98	-1
46	99	-1
46	102	-1
46	106	-1
46	108	1
46	110	1
46	111	-1
46	112	-1
46	113	-1
46	115	-1
46	118	1
46	119	1
46	120	1
46	121	-1
46	124	-1
46	126	-1
46	129	1
46	132	-1
46	133	1
46	134	-1
46	135	1
46	136	1
46	141	1
46	142	1
46	143	-1
46	146	1
46	147	-1
46	148	-1
46	149	-1
46	150	-1
46	156	-1
46	161	-1
46	162	1
46	164	-1
46	166	1
46	167	-1
46	168	-1
46	173	1
46	175	-1
46	176	1
46	177	1
46	180	-1
46	182	-1
46	183	-1
46	185	1
46	187	-1
46	188	1
46	189	1
46	195	-1
46	196	-1
46	200	-1
46	201	1
46	206	1
46	207	-1
46	208	1
46	210	-1
46	212	1
46	214	-1
46	215	1
46	216	-1
46	217	1
46	218	1
46	221	-1
46	222	1
46	223	-1
46	229	1
46	231	-1
46	233	1
46	237	1
46	239	1
46	240	-1
46	241	1
46	244	-1
46	246	-1
46	247	-1
46	248	1
46	249	-1
46	253	-1
46	255	1
46	256	1
46	262	1
46	263	1
46	264	1
46	267	1
46	270	1
46	272	-1
46	273	-1
46	274	-1
46	276	1
46	279	1
46	281	-1
46	282	1
46	288	1
46	289	1
46	291	1
46	293	1
46	295	-1
46	298	-1
46	300	-1
46	302	1
46	304	-1
46	305	1
46	308	-1
46	312	-1
46	324	1
46	325	1
46	329	1
46	332	1
46	334	1
46	335	1
46	337	-1
46	341	-1
46	347	1
46	349	-1
46	351	1
46	356	1
46	358	-1
46	360	-1
46	362	-1
46	364	1
46	365	1
46	366	-1
46	373	1
46	375	-1
46	378	1
46	381	1
46	382	-1
46	387	-1
46	389	-1
46	391	1
46	392	1
46	393	-1
46	395	1
46	396	1
46	401	1
46	403	-1
46	404	1
46	406	-1
46	407	-1
46	410	1
46	411	1
46	412	1
46	413	1
46	416	1
46	417	1
46	419	1
46	422	1
46	424	-1
46	428	-1
46	429	1
46	431	1
46	432	-1
46	433	1
46	438	-1
46	439	1
46	442	1
46	443	1
46	445	1
46	446	1
46	447	1
46	449	1
46	450	1
46	451	1
46	452	1
46	453	1
46	454	1
46	456	-1
46	457	1
46	459	1
46	467	1
46	468	1
46	470	1
46	471	-1
46	472	1
46	474	1
46	475	-1
46	476	1
46	483	-1
46	488	1
46	489	1
46	494	1
46	495	1
46	496	-1
46	499	1
47	49	-1
47	50	-1
47	51	1
47	53	1
47	54	-1
47	55	-1
47	57	1
47	58	-1
47	59	1
47	64	1
47	65	-1
47	66	-1
47	67	-1
47	68	1
47	71	1
47	73	1
47	74	-1
47	77	-1
47	80	-1
47	81	-1
47	82	-1
47	83	-1
47	84	1
47	85	-1
47	87	1
47	88	-1
47	90	-1
47	91	-1
47	93	-1
47	95	-1
47	97	-1
47	98	-1
47	99	1
47	101	1
47	102	1
47	103	-1
47	105	1
47	109	1
47	110	-1
47	115	1
47	118	1
47	119	1
47	122	1
47	123	1
47	125	1
47	126	1
47	127	1
47	128	-1
47	129	1
47	130	-1
47	138	1
47	140	1
47	143	-1
47	146	-1
47	147	1
47	148	-1
47	152	1
47	153	-1
47	154	-1
47	155	-1
47	156	1
47	159	-1
47	161	1
47	162	1
47	164	1
47	167	-1
47	168	1
47	171	1
47	173	-1
47	174	-1
47	177	-1
47	178	-1
47	179	-1
47	180	1
47	181	-1
47	182	-1
47	183	-1
47	184	1
47	186	1
47	187	1
47	188	1
47	189	1
47	190	1
47	192	1
47	194	-1
47	197	1
47	200	-1
47	203	-1
47	208	-1
47	209	-1
47	210	1
47	217	-1
47	218	-1
47	219	-1
47	221	-1
47	223	1
47	224	-1
47	225	-1
47	226	-1
47	228	1
47	230	-1
47	235	1
47	236	1
47	238	1
47	240	1
47	245	-1
47	246	-1
47	250	-1
47	251	-1
47	254	1
47	255	-1
47	257	-1
47	258	1
47	260	1
47	261	-1
47	262	1
47	267	1
47	269	1
47	270	1
47	271	1
47	272	1
47	278	-1
47	288	-1
47	290	1
47	291	-1
47	292	-1
47	293	1
47	294	1
47	295	1
47	296	-1
47	297	-1
47	298	-1
47	299	-1
47	300	1
47	301	-1
47	304	1
47	305	-1
47	307	1
47	308	1
47	310	1
47	312	1
47	313	-1
47	316	-1
47	317	1
47	320	-1
47	323	-1
47	325	1
47	326	1
47	327	-1
47	330	1
47	332	-1
47	333	1
47	335	1
47	340	-1
47	341	-1
47	342	1
47	343	-1
47	344	-1
47	347	-1
47	349	1
47	350	-1
47	354	1
47	355	-1
47	358	-1
47	359	-1
47	360	-1
47	361	-1
47	365	-1
47	369	1
47	371	1
47	373	1
47	375	-1
47	376	-1
47	379	1
47	381	-1
47	382	-1
47	383	-1
47	387	1
47	388	1
47	393	-1
47	395	-1
47	396	1
47	398	-1
47	399	1
47	401	-1
47	404	1
47	408	-1
47	409	1
47	412	-1
47	415	-1
47	416	1
47	422	-1
47	424	-1
47	427	-1
47	428	-1
47	430	1
47	431	1
47	432	1
47	434	1
47	438	-1
47	442	1
47	444	1
47	445	-1
47	449	-1
47	450	-1
47	451	-1
47	452	1
47	453	1
47	454	1
47	456	-1
47	461	-1
47	463	1
47	464	1
47	467	1
47	470	1
47	473	1
47	474	-1
47	475	1
47	476	-1
47	478	1
47	480	1
47	482	-1
47	483	-1
47	484	1
47	487	1
47	488	-1
47	494	-1
47	497	1
48	49	1
48	50	-1
48	52	1
48	53	1
48	55	-1
48	56	-1
48	57	-1
48	59	-1
48	60	-1
48	62	-1
48	64	1
48	65	1
48	66	-1
48	68	1
48	69	1
48	70	1
48	71	-1
48	72	-1
48	73	1
48	74	-1
48	79	-1
48	80	1
48	84	-1
48	85	-1
48	86	-1
48	88	-1
48	91	1
48	92	1
48	94	-1
48	95	-1
48	96	-1
48	97	1
48	98	-1
48	100	-1
48	101	1
48	102	-1
48	103	1
48	105	1
48	106	1
48	109	1
48	110	1
48	113	1
48	115	-1
48	117	1
48	119	1
48	120	1
48	121	1
48	125	1
48	126	1
48	127	1
48	128	1
48	129	-1
48	134	1
48	135	-1
48	136	-1
48	139	-1
48	140	1
48	141	1
48	142	1
48	145	1
48	146	-1
48	148	1
48	149	-1
48	150	-1
48	152	1
48	153	1
48	154	1
48	155	1
48	156	-1
48	158	1
48	160	-1
48	161	-1
48	163	1
48	167	-1
48	170	-1
48	171	-1
48	172	-1
48	175	1
48	178	-1
48	180	1
48	181	-1
48	182	1
48	183	-1
48	185	1
48	187	1
48	188	-1
48	190	-1
48	191	1
48	192	1
48	194	-1
48	200	1
48	202	-1
48	203	-1
48	204	-1
48	205	-1
48	206	-1
48	208	-1
48	209	-1
48	214	-1
48	218	-1
48	219	1
48	221	1
48	222	-1
48	227	1
48	228	1
48	229	1
48	230	-1
48	231	1
48	233	-1
48	234	1
48	236	-1
48	237	1
48	239	1
48	241	-1
48	243	-1
48	244	1
48	245	-1
48	253	1
48	256	1
48	258	1
48	260	-1
48	261	1
48	262	1
48	263	1
48	264	-1
48	265	1
48	266	-1
48	268	1
48	271	1
48	274	-1
48	276	1
48	278	-1
48	280	-1
48	281	-1
48	282	-1
48	283	-1
48	288	1
48	289	-1
48	291	-1
48	293	-1
48	296	-1
48	299	-1
48	302	1
48	309	-1
48	310	1
48	315	1
48	316	-1
48	319	1
48	325	-1
48	330	1
48	340	1
48	341	1
48	343	-1
48	344	1
48	345	-1
48	348	-1
48	350	-1
48	351	1
48	352	1
48	353	-1
48	354	1
48	355	-1
48	359	-1
48	360	1
48	362	1
48	363	1
48	367	1
48	368	-1
48	371	-1
48	372	1
48	373	1
48	376	-1
48	378	-1
48	379	-1
48	381	1
48	386	-1
48	387	1
48	390	-1
48	393	-1
48	394	1
48	395	1
48	396	1
48	398	1
48	399	-1
48	400	1
48	406	-1
48	407	-1
48	408	-1
48	409	1
48	410	-1
48	411	1
48	412	1
48	414	1
48	416	1
48	420	1
48	422	1
48	423	-1
48	424	-1
48	425	-1
48	426	1
48	429	1
48	435	-1
48	436	-1
48	437	-1
48	438	1
48	441	1
48	442	-1
48	443	1
48	445	1
48	446	1
48	449	1
48	452	-1
48	453	1
48	454	1
48	455	1
48	456	-1
48	458	1
48	459	-1
48	461	1
48	462	1
48	465	-1
48	467	1
48	469	-1
48	474	-1
48	475	-1
48	478	1
48	480	-1
48	486	1
48	489	-1
48	490	-1
48	492	-1
48	495	-1
48	498	-1
48	499	-1
49	50	1
49	52	-1
49	53	-1
49	56	-1
49	58	1
49	60	-1
49	64	1
49	65	-1
49	66	1
49	67	-1
49	68	-1
49	69	-1
49	70	1
49	71	-1
49	72	-1
49	73	1
49	74	1
49	75	-1
49	76	-1
49	79	-1
49	80	-1
49	81	-1
49	82	-1
49	83	1
49	84	-1
49	86	1
49	87	-1
49	88	-1
49	89	-1
49	90	1
49	92	-1
49	94	1
49	95	1
49	96	-1
49	97	-1
49	98	1
49	99	1
49	101	1
49	102	-1
49	103	-1
49	105	-1
49	106	-1
49	108	1
49	110	1
49	112	-1
49	113	-1
49	114	1
49	116	-1
49	118	1
49	120	1
49	121	1
49	122	-1
49	124	-1
49	126	1
49	127	1
49	128	1
49	129	-1
49	131	1
49	135	1
49	136	-1
49	138	-1
49	139	1
49	140	1
49	144	-1
49	145	1
49	147	-1
49	149	-1
49	153	-1
49	154	-1
49	157	-1
49	161	1
49	163	1
49	164	1
49	169	-1
49	176	-1
49	177	-1
49	179	1
49	182	-1
49	183	1
49	184	-1
49	185	-1
49	187	-1
49	188	1
49	189	1
49	190	1
49	192	1
49	193	-1
49	195	-1
49	196	-1
49	201	-1
49	203	-1
49	204	-1
49	205	1
49	206	1
49	207	-1
49	208	-1
49	211	1
49	214	-1
49	216	-1
49	220	1
49	221	-1
49	225	1
49	226	1
49	228	-1
49	229	-1
49	232	1
49	235	1
49	236	-1
49	237	1
49	239	1
49	242	1
49	247	1
49	248	1
49	251	-1
49	252	1
49	257	1
49	260	1
49	261	-1
49	266	1
49	267	-1
49	268	1
49	270	1
49	272	1
49	273	-1
49	274	-1
49	275	-1
49	276	1
49	277	-1
49	279	-1
49	282	1
49	283	-1
49	284	-1
49	285	1
49	286	1
49	287	-1
49	289	1
49	291	1
49	293	1
49	294	1
49	295	-1
49	296	1
49	298	-1
49	299	1
49	300	1
49	301	-1
49	305	-1
49	307	1
49	309	1
49	311	-1
49	316	-1
49	319	1
49	320	-1
49	321	-1
49	322	1
49	325	-1
49	326	-1
49	327	-1
49	329	-1
49	331	1
49	332	1
49	334	1
49	337	-1
49	338	-1
49	339	1
49	341	-1
49	342	-1
49	344	1
49	345	1
49	348	-1
49	354	-1
49	355	1
49	356	-1
49	357	1
49	360	1
49	363	1
49	365	1
49	366	1
49	367	-1
49	368	-1
49	369	-1
49	370	-1
49	371	1
49	372	1
49	373	-1
49	376	1
49	377	-1
49	378	-1
49	385	1
49	388	-1
49	391	1
49	392	-1
49	395	-1
49	397	1
49	399	1
49	401	1
49	403	-1
49	406	1
49	409	-1
49	412	1
49	413	1
49	414	-1
49	416	-1
49	417	-1
49	418	1
49	419	1
49	422	1
49	424	1
49	425	1
49	426	1
49	427	-1
49	428	1
49	430	-1
49	432	-1
49	434	-1
49	436	1
49	437	1
49	438	1
49	439	-1
49	441	1
49	444	1
49	445	1
49	446	-1
49	447	1
49	448	1
49	451	-1
49	452	-1
49	457	-1
49	459	1
49	460	1
49	463	1
49	466	-1
49	467	-1
49	468	1
49	474	-1
49	477	1
49	478	1
49	479	-1
49	480	1
49	481	-1
49	484	-1
49	486	1
49	487	-1
49	489	1
49	490	1
49	492	-1
49	493	-1
49	496	-1
49	498	1
49	499	-1
50	52	-1
50	53	1
50	55	1
50	56	-1
50	57	-1
50	59	-1
50	60	1
50	61	1
50	62	1
50	63	-1
50	65	1
50	66	1
50	67	1
50	68	1
50	69	-1
50	70	1
50	71	-1
50	72	-1
50	73	1
50	74	1
50	76	-1
50	79	1
50	80	1
50	81	1
50	83	-1
50	84	-1
50	85	1
50	86	1
50	87	1
50	88	-1
50	90	1
50	91	1
50	94	1
50	95	1
50	97	1
50	98	-1
50	100	1
50	101	-1
50	102	-1
50	103	1
50	106	-1
50	107	-1
50	109	1
50	113	1
50	116	1
50	117	1
50	121	1
50	122	1
50	123	1
50	126	1
50	128	1
50	129	1
50	134	-1
50	136	1
50	138	-1
50	147	-1
50	148	1
50	149	-1
50	150	-1
50	151	1
50	153	-1
50	154	1
50	155	-1
50	157	1
50	158	1
50	160	-1
50	161	1
50	162	-1
50	163	-1
50	164	1
50	165	-1
50	166	1
50	169	-1
50	170	1
50	173	1
50	176	-1
50	177	-1
50	178	-1
50	187	1
50	191	1
50	192	-1
50	193	1
50	194	1
50	196	-1
50	200	1
50	204	-1
50	206	-1
50	207	-1
50	213	1
50	214	1
50	219	-1
50	223	-1
50	224	1
50	226	1
50	227	1
50	229	1
50	231	1
50	233	-1
50	234	-1
50	235	1
50	236	-1
50	239	-1
50	240	-1
50	244	-1
50	248	-1
50	250	-1
50	251	1
50	255	-1
50	256	1
50	259	-1
50	263	-1
50	264	1
50	265	-1
50	267	1
50	269	-1
50	270	-1
50	272	1
50	275	-1
50	277	1
50	283	1
50	284	-1
50	285	1
50	288	-1
50	290	1
50	292	1
50	294	1
50	296	-1
50	297	1
50	301	-1
50	303	1
50	304	1
50	306	1
50	308	-1
50	312	-1
50	313	-1
50	315	-1
50	316	1
50	318	1
50	321	1
50	324	-1
50	325	-1
50	326	1
50	327	1
50	328	1
50	331	1
50	332	-1
50	335	-1
50	337	1
50	338	-1
50	341	-1
50	342	1
50	344	-1
50	345	1
50	346	-1
50	347	-1
50	352	-1
50	353	1
50	355	1
50	358	-1
50	359	-1
50	361	-1
50	362	1
50	363	-1
50	365	1
50	366	-1
50	367	1
50	368	1
50	371	1
50	372	1
50	374	1
50	375	1
50	376	-1
50	377	1
50	379	-1
50	383	1
50	386	1
50	387	-1
50	388	1
50	389	1
50	392	1
50	399	1
50	401	1
50	404	1
50	408	-1
50	410	1
50	413	1
50	414	-1
50	417	-1
50	418	1
50	420	-1
50	423	1
50	424	1
50	427	1
50	430	-1
50	432	1
50	433	1
50	434	-1
50	437	1
50	438	-1
50	439	-1
50	440	-1
50	443	1
50	451	-1
50	453	-1
50	455	1
50	456	-1
50	457	-1
50	460	-1
50	463	1
50	465	-1
50	467	1
50	468	-1
50	470	1
50	471	1
50	472	1
50	473	-1
50	475	1
50	477	1
50	478	-1
50	479	-1
50	480	1
50	483	1
50	484	1
50	485	-1
50	488	-1
50	489	-1
50	490	1
50	491	1
50	492	1
50	494	-1
50	496	-1
51	52	1
51	53	-1
51	54	1
51	55	1
51	56	-1
51	58	-1
51	59	-1
51	64	-1
51	65	-1
51	68	-1
51	69	1
51	70	-1
51	72	1
51	73	1
51	76	1
51	77	-1
51	81	-1
51	82	1
51	84	1
51	86	1
51	87	1
51	88	-1
51	89	1
51	90	-1
51	91	-1
51	92	1
51	96	1
51	99	1
51	100	1
51	101	-1
51	103	1
51	104	-1
51	105	1
51	106	1
51	109	-1
51	112	-1
51	113	1
51	118	-1
51	119	-1
51	121	-1
51	123	1
51	127	-1
51	128	1
51	131	1
51	132	1
51	135	1
51	137	-1
51	138	1
51	139	1
51	140	1
51	141	1
51	142	-1
51	143	1
51	145	-1
51	147	-1
51	152	-1
51	153	1
51	154	-1
51	157	-1
51	158	1
51	159	1
51	160	-1
51	162	1
51	163	1
51	164	1
51	167	-1
51	170	1
51	171	-1
51	173	1
51	174	1
51	175	-1
51	176	-1
51	179	-1
51	182	1
51	183	-1
51	184	1
51	185	1
51	186	1
51	187	1
51	191	1
51	192	-1
51	194	-1
51	196	1
51	201	1
51	203	-1
51	211	-1
51	212	-1
51	216	-1
51	217	-1
51	218	1
51	220	-1
51	221	-1
51	222	-1
51	223	1
51	224	1
51	225	1
51	226	1
51	228	1
51	229	-1
51	230	1
51	233	-1
51	234	-1
51	240	1
51	242	1
51	243	1
51	244	1
51	245	1
51	247	-1
51	248	-1
51	253	1
51	254	-1
51	256	-1
51	257	-1
51	258	-1
51	260	1
51	261	1
51	262	-1
51	263	-1
51	264	-1
51	268	1
51	269	1
51	270	1
51	271	1
51	273	1
51	274	-1
51	275	-1
51	278	1
51	280	-1
51	285	-1
51	286	1
51	287	1
51	289	1
51	290	-1
51	293	-1
51	295	1
51	296	1
51	299	1
51	301	1
51	302	-1
51	303	-1
51	306	-1
51	307	-1
51	308	-1
51	309	1
51	311	1
51	313	1
51	315	1
51	317	-1
51	319	-1
51	321	-1
51	325	1
51	328	-1
51	330	1
51	331	1
51	334	1
51	337	1
51	340	-1
51	341	1
51	342	1
51	343	1
51	344	-1
51	345	1
51	346	-1
51	347	1
51	348	-1
51	350	-1
51	353	-1
51	355	1
51	356	1
51	362	-1
51	363	-1
51	366	1
51	367	1
51	370	-1
51	373	1
51	374	1
51	375	-1
51	381	-1
51	382	-1
51	383	1
51	384	-1
51	386	1
51	387	1
51	390	-1
51	393	-1
51	394	1
51	395	1
51	396	-1
51	400	-1
51	401	1
51	402	1
51	405	1
51	406	1
51	407	1
51	409	-1
51	410	-1
51	411	-1
51	413	1
51	414	1
51	415	1
51	420	1
51	423	1
51	428	-1
51	430	1
51	433	1
51	435	-1
51	436	-1
51	441	-1
51	443	1
51	444	1
51	445	-1
51	446	-1
51	447	-1
51	449	-1
51	450	-1
51	451	-1
51	452	1
51	453	1
51	454	-1
51	460	1
51	464	1
51	465	1
51	466	-1
51	468	1
51	469	1
51	471	1
51	474	1
51	477	-1
51	478	1
51	481	-1
51	482	1
51	485	-1
51	486	-1
51	487	1
51	492	-1
51	495	-1
51	496	1
51	497	-1
51	498	-1
52	53	-1
52	55	1
52	56	1
52	57	-1
52	59	-1
52	62	1
52	63	-1
52	64	1
52	65	-1
52	67	1
52	68	-1
52	69	-1
52	71	-1
52	73	-1
52	76	-1
52	78	1
52	79	1
52	80	-1
52	81	-1
52	82	-1
52	83	-1
52	85	1
52	88	1
52	91	1
52	93	-1
52	94	-1
52	96	-1
52	97	-1
52	98	-1
52	100	-1
52	101	1
52	102	-1
52	106	-1
52	107	-1
52	108	-1
52	110	-1
52	111	-1
52	112	1
52	117	-1
52	122	1
52	123	-1
52	125	-1
52	126	-1
52	127	1
52	128	1
52	129	-1
52	130	1
52	132	1
52	133	-1
52	138	-1
52	147	-1
52	148	-1
52	151	1
52	152	1
52	154	1
52	155	1
52	156	1
52	158	-1
52	159	1
52	160	-1
52	166	-1
52	167	1
52	169	1
52	171	-1
52	172	-1
52	173	-1
52	174	1
52	175	-1
52	176	-1
52	178	1
52	181	-1
52	182	1
52	184	1
52	185	-1
52	186	1
52	187	1
52	188	-1
52	189	1
52	190	1
52	191	1
52	193	1
52	197	1
52	198	-1
52	200	-1
52	206	1
52	208	-1
52	209	1
52	214	1
52	215	1
52	216	-1
52	217	-1
52	218	1
52	219	-1
52	220	-1
52	222	-1
52	223	1
52	224	1
52	225	-1
52	226	1
52	231	-1
52	233	-1
52	235	-1
52	236	1
52	237	-1
52	241	1
52	242	-1
52	245	1
52	246	-1
52	248	-1
52	251	-1
52	252	1
52	254	-1
52	256	1
52	259	1
52	260	-1
52	261	-1
52	264	1
52	265	1
52	266	1
52	267	-1
52	270	1
52	272	-1
52	275	1
52	278	-1
52	280	-1
52	283	-1
52	284	-1
52	285	-1
52	286	-1
52	288	-1
52	289	-1
52	290	1
52	292	1
52	293	-1
52	295	-1
52	297	1
52	298	-1
52	299	1
52	300	1
52	301	1
52	304	1
52	305	-1
52	306	1
52	309	1
52	311	1
52	314	1
52	315	1
52	316	-1
52	318	-1
52	321	-1
52	322	1
52	323	1
52	326	-1
52	328	1
52	329	-1
52	331	-1
52	334	-1
52	336	-1
52	341	1
52	342	-1
52	343	-1
52	345	-1
52	347	1
52	348	1
52	350	-1
52	351	-1
52	353	-1
52	355	-1
52	357	-1
52	358	1
52	359	1
52	362	-1
52	363	-1
52	364	1
52	365	-1
52	366	1
52	367	-1
52	369	-1
52	370	1
52	376	1
52	377	-1
52	378	-1
52	379	1
52	382	1
52	384	-1
52	386	1
52	388	-1
52	390	1
52	391	1
52	392	-1
52	393	-1
52	395	1
52	398	-1
52	399	1
52	401	1
52	402	-1
52	403	1
52	405	1
52	409	-1
52	412	-1
52	413	1
52	414	1
52	417	1
52	419	1
52	425	-1
52	427	-1
52	428	1
52	431	-1
52	432	1
52	433	-1
52	434	1
52	435	-1
52	436	-1
52	437	1
52	438	-1
52	440	1
52	441	1
52	446	-1
52	447	-1
52	448	-1
52	450	-1
52	451	-1
52	453	1
52	456	-1
52	457	-1
52	459	-1
52	462	-1
52	464	-1
52	465	1
52	467	-1
52	470	-1
52	471	1
52	476	1
52	477	1
52	478	1
52	480	-1
52	482	1
52	484	1
52	487	1
52	488	-1
52	492	1
52	494	1
52	495	1
52	498	-1
52	499	-1
53	57	1
53	59	1
53	60	-1
53	66	1
53	67	-1
53	68	-1
53	69	1
53	70	1
53	71	1
53	73	1
53	74	1
53	77	1
53	79	-1
53	81	-1
53	84	1
53	87	-1
53	88	1
53	89	1
53	90	1
53	91	1
53	94	1
53	96	-1
53	97	-1
53	98	1
53	100	1
53	101	1
53	103	-1
53	104	1
53	107	-1
53	108	-1
53	112	1
53	113	-1
53	114	1
53	115	1
53	116	1
53	118	1
53	120	1
53	126	1
53	129	-1
53	132	1
53	133	-1
53	135	1
53	136	1
53	137	-1
53	139	-1
53	140	-1
53	141	1
53	142	1
53	144	-1
53	148	-1
53	149	-1
53	151	1
53	153	-1
53	154	1
53	155	1
53	157	1
53	158	-1
53	159	1
53	160	-1
53	162	-1
53	165	-1
53	168	-1
53	172	-1
53	175	-1
53	176	1
53	177	1
53	179	-1
53	180	1
53	181	-1
53	182	1
53	184	1
53	190	1
53	192	-1
53	194	1
53	195	-1
53	196	-1
53	198	1
53	199	-1
53	200	1
53	202	1
53	203	-1
53	205	-1
53	208	-1
53	209	1
53	211	-1
53	212	1
53	213	-1
53	216	-1
53	218	1
53	219	1
53	220	-1
53	223	-1
53	225	-1
53	227	1
53	228	1
53	230	1
53	236	-1
53	238	-1
53	239	-1
53	240	1
53	242	1
53	244	1
53	247	-1
53	248	-1
53	249	-1
53	251	1
53	255	-1
53	257	1
53	258	1
53	259	1
53	261	1
53	262	1
53	263	1
53	264	-1
53	265	-1
53	266	1
53	267	-1
53	268	1
53	272	1
53	275	-1
53	279	-1
53	280	-1
53	281	-1
53	282	1
53	283	-1
53	284	-1
53	286	-1
53	287	-1
53	293	1
53	294	-1
53	297	-1
53	298	-1
53	305	-1
53	307	-1
53	311	-1
53	312	1
53	313	-1
53	314	-1
53	315	-1
53	316	-1
53	317	-1
53	318	1
53	322	1
53	323	1
53	326	1
53	327	-1
53	331	-1
53	332	-1
53	333	-1
53	335	1
53	337	-1
53	340	1
53	342	1
53	343	-1
53	348	1
53	351	-1
53	354	-1
53	355	1
53	357	-1
53	361	-1
53	364	1
53	367	-1
53	368	-1
53	370	-1
53	373	1
53	375	1
53	377	-1
53	379	1
53	381	1
53	382	-1
53	385	1
53	399	-1
53	400	1
53	401	-1
53	402	1
53	403	-1
53	404	1
53	406	-1
53	414	1
53	415	-1
53	416	1
53	417	1
53	419	1
53	420	-1
53	426	-1
53	427	-1
53	430	-1
53	440	-1
53	443	-1
53	445	1
53	450	-1
53	451	1
53	453	-1
53	455	1
53	458	1
53	459	1
53	461	-1
53	462	-1
53	463	-1
53	465	-1
53	466	1
53	468	1
53	469	-1
53	470	-1
53	471	-1
53	472	-1
53	473	1
53	475	-1
53	477	-1
53	482	1
53	487	1
53	488	-1
53	492	1
53	493	-1
53	494	1
53	495	1
53	497	-1
54	55	-1
54	57	1
54	58	1
54	59	1
54	60	1
54	61	1
54	62	-1
54	63	1
54	64	1
54	65	1
54	66	1
54	68	-1
54	69	1
54	70	-1
54	71	1
54	73	1
54	75	-1
54	77	1
54	78	-1
54	80	-1
54	82	1
54	83	1
54	84	-1
54	85	1
54	86	-1
54	87	-1
54	88	-1
54	89	-1
54	90	-1
54	91	1
54	93	-1
54	94	-1
54	95	-1
54	96	1
54	97	-1
54	98	1
54	99	1
54	101	1
54	102	-1
54	103	-1
54	104	-1
54	105	-1
54	109	-1
54	110	-1
54	112	-1
54	113	1
54	114	1
54	119	-1
54	121	-1
54	124	1
54	125	1
54	126	1
54	127	1
54	128	-1
54	130	1
54	131	-1
54	132	-1
54	133	-1
54	136	1
54	137	-1
54	138	1
54	139	-1
54	141	-1
54	142	1
54	145	1
54	150	1
54	151	1
54	152	1
54	153	1
54	154	1
54	155	1
54	156	1
54	157	1
54	159	-1
54	160	1
54	165	1
54	168	1
54	172	1
54	177	1
54	179	-1
54	180	-1
54	182	-1
54	183	1
54	184	1
54	185	1
54	186	1
54	189	1
54	190	1
54	191	1
54	192	-1
54	193	1
54	194	1
54	196	-1
54	199	1
54	201	-1
54	203	1
54	204	-1
54	205	1
54	206	-1
54	207	1
54	209	1
54	210	-1
54	215	1
54	216	1
54	218	1
54	219	1
54	220	-1
54	221	-1
54	222	-1
54	223	-1
54	225	1
54	226	-1
54	227	-1
54	230	1
54	231	-1
54	236	-1
54	237	1
54	238	1
54	239	-1
54	240	1
54	241	1
54	242	-1
54	245	-1
54	246	1
54	247	1
54	252	1
54	253	-1
54	254	1
54	255	-1
54	256	-1
54	259	-1
54	260	-1
54	261	1
54	262	1
54	265	-1
54	266	-1
54	271	1
54	273	-1
54	276	-1
54	277	-1
54	279	1
54	280	-1
54	283	-1
54	290	1
54	294	1
54	295	-1
54	296	-1
54	297	1
54	300	-1
54	301	1
54	302	1
54	303	-1
54	305	-1
54	307	1
54	309	-1
54	310	-1
54	311	-1
54	312	-1
54	314	1
54	315	-1
54	319	1
54	321	-1
54	322	1
54	324	1
54	328	1
54	329	-1
54	330	1
54	331	1
54	336	-1
54	337	1
54	343	-1
54	344	1
54	345	-1
54	347	-1
54	354	1
54	356	1
54	357	-1
54	363	1
54	365	-1
54	366	-1
54	368	1
54	369	1
54	370	-1
54	372	-1
54	373	1
54	374	-1
54	375	1
54	376	-1
54	377	1
54	379	1
54	380	-1
54	385	1
54	386	1
54	393	1
54	394	1
54	395	-1
54	396	1
54	397	-1
54	401	1
54	403	1
54	404	1
54	405	-1
54	406	1
54	410	-1
54	411	-1
54	412	1
54	417	-1
54	418	1
54	419	1
54	425	-1
54	426	1
54	427	-1
54	430	1
54	432	-1
54	436	-1
54	438	1
54	439	-1
54	442	-1
54	443	-1
54	444	-1
54	445	1
54	446	1
54	450	1
54	451	1
54	452	1
54	454	1
54	455	-1
54	459	-1
54	460	-1
54	461	1
54	463	-1
54	467	1
54	469	-1
54	470	1
54	471	-1
54	473	1
54	476	-1
54	478	1
54	480	1
54	481	1
54	484	1
54	486	1
54	487	-1
54	493	1
54	494	-1
54	495	1
54	497	-1
54	499	1
55	56	1
55	57	1
55	58	-1
55	59	1
55	60	-1
55	61	1
55	62	-1
55	63	1
55	65	-1
55	66	1
55	68	1
55	69	1
55	71	-1
55	72	1
55	75	-1
55	77	-1
55	79	-1
55	80	-1
55	81	-1
55	84	-1
55	85	1
55	87	-1
55	89	1
55	90	-1
55	91	1
55	92	1
55	93	1
55	94	1
55	95	-1
55	96	-1
55	99	-1
55	100	1
55	101	1
55	102	-1
55	105	-1
55	106	1
55	108	1
55	110	-1
55	112	-1
55	115	1
55	116	1
55	118	1
55	119	1
55	121	1
55	122	-1
55	126	1
55	128	1
55	130	-1
55	131	-1
55	133	-1
55	134	-1
55	136	-1
55	139	-1
55	141	-1
55	143	1
55	148	-1
55	149	1
55	150	1
55	151	1
55	152	1
55	153	-1
55	154	-1
55	159	-1
55	160	-1
55	162	1
55	164	-1
55	169	1
55	173	-1
55	174	-1
55	177	-1
55	178	-1
55	179	-1
55	183	1
55	184	1
55	186	1
55	187	1
55	189	-1
55	191	1
55	192	-1
55	193	-1
55	196	-1
55	199	-1
55	200	1
55	204	-1
55	205	-1
55	208	1
55	209	1
55	211	-1
55	212	1
55	213	-1
55	215	1
55	224	1
55	226	1
55	230	-1
55	231	-1
55	232	-1
55	234	1
55	235	1
55	236	1
55	239	1
55	241	1
55	243	-1
55	246	-1
55	249	1
55	250	1
55	251	-1
55	252	1
55	253	-1
55	259	-1
55	260	-1
55	262	-1
55	263	1
55	265	-1
55	267	-1
55	270	-1
55	271	1
55	272	1
55	273	1
55	276	1
55	277	-1
55	279	1
55	281	1
55	284	-1
55	287	1
55	289	1
55	290	1
55	293	-1
55	295	1
55	299	-1
55	300	-1
55	301	-1
55	305	-1
55	306	-1
55	307	-1
55	308	1
55	309	-1
55	310	1
55	313	1
55	315	1
55	316	-1
55	318	1
55	320	1
55	321	1
55	323	-1
55	327	-1
55	330	-1
55	331	-1
55	333	-1
55	336	-1
55	337	-1
55	338	1
55	339	1
55	342	-1
55	346	1
55	347	-1
55	349	-1
55	350	1
55	353	1
55	356	-1
55	358	-1
55	360	-1
55	363	-1
55	365	1
55	366	1
55	369	-1
55	370	-1
55	371	1
55	373	1
55	378	1
55	379	-1
55	380	1
55	381	-1
55	382	-1
55	385	-1
55	387	1
55	389	-1
55	391	1
55	394	1
55	397	-1
55	399	-1
55	404	-1
55	408	1
55	412	1
55	415	1
55	416	-1
55	417	1
55	418	1
55	419	-1
55	420	-1
55	421	-1
55	423	-1
55	426	1
55	429	1
55	433	1
55	434	-1
55	437	-1
55	439	1
55	442	-1
55	443	1
55	444	-1
55	446	1
55	448	1
55	450	1
55	451	1
55	452	-1
55	456	-1
55	458	1
55	459	-1
55	462	-1
55	466	1
55	467	1
55	468	1
55	470	-1
55	471	1
55	472	-1
55	473	1
55	475	-1
55	477	-1
55	478	-1
55	483	1
55	484	-1
55	487	1
55	488	1
55	490	-1
55	492	-1
55	493	-1
55	494	-1
55	497	-1
56	57	-1
56	58	-1
56	59	1
56	62	1
56	63	1
56	65	1
56	66	1
56	69	-1
56	71	-1
56	72	-1
56	74	1
56	77	1
56	79	1
56	80	1
56	81	1
56	83	1
56	84	-1
56	85	1
56	87	-1
56	88	-1
56	89	-1
56	91	1
56	92	1
56	95	1
56	96	1
56	98	-1
56	99	1
56	100	-1
56	103	1
56	109	-1
56	113	1
56	114	1
56	115	1
56	116	1
56	120	-1
56	121	1
56	123	1
56	126	1
56	129	1
56	130	1
56	132	1
56	134	1
56	135	-1
56	137	1
56	139	1
56	140	-1
56	141	-1
56	144	1
56	145	1
56	146	1
56	147	1
56	151	-1
56	152	-1
56	153	-1
56	154	-1
56	155	1
56	156	1
56	157	-1
56	160	-1
56	161	1
56	169	-1
56	174	1
56	175	-1
56	178	1
56	179	-1
56	180	-1
56	182	-1
56	185	-1
56	188	1
56	189	1
56	190	-1
56	198	1
56	199	-1
56	202	-1
56	203	1
56	206	1
56	208	-1
56	210	-1
56	212	1
56	217	-1
56	218	-1
56	220	-1
56	221	-1
56	222	1
56	223	-1
56	226	-1
56	228	-1
56	229	-1
56	230	1
56	233	1
56	234	-1
56	235	1
56	236	1
56	239	-1
56	241	-1
56	244	-1
56	247	1
56	249	1
56	250	-1
56	251	-1
56	253	1
56	254	1
56	255	1
56	256	1
56	257	-1
56	264	-1
56	265	1
56	266	-1
56	267	-1
56	273	-1
56	279	1
56	281	-1
56	285	-1
56	289	1
56	290	1
56	293	1
56	294	1
56	295	1
56	296	-1
56	297	-1
56	298	-1
56	301	-1
56	303	1
56	305	-1
56	306	1
56	310	1
56	311	-1
56	312	1
56	313	1
56	315	-1
56	316	1
56	319	1
56	320	-1
56	321	-1
56	322	-1
56	326	1
56	327	1
56	330	1
56	332	1
56	333	-1
56	336	1
56	337	-1
56	338	1
56	341	1
56	342	1
56	344	-1
56	345	-1
56	346	-1
56	347	-1
56	348	1
56	350	1
56	352	-1
56	353	-1
56	355	-1
56	356	-1
56	357	1
56	362	-1
56	364	1
56	365	-1
56	368	-1
56	372	-1
56	373	1
56	374	1
56	376	1
56	379	1
56	381	1
56	386	1
56	389	1
56	390	1
56	391	-1
56	394	-1
56	395	1
56	397	-1
56	400	-1
56	401	1
56	405	-1
56	409	1
56	410	1
56	411	1
56	414	-1
56	416	-1
56	421	-1
56	422	-1
56	423	-1
56	424	1
56	425	1
56	426	-1
56	428	-1
56	429	1
56	430	1
56	434	-1
56	435	-1
56	436	-1
56	437	-1
56	439	-1
56	440	1
56	441	-1
56	443	-1
56	445	1
56	448	-1
56	450	-1
56	451	1
56	453	-1
56	459	-1
56	460	1
56	464	-1
56	465	-1
56	466	-1
56	468	-1
56	470	1
56	471	1
56	472	-1
56	473	1
56	476	-1
56	477	1
56	481	1
56	485	-1
56	486	1
56	487	1
56	488	-1
56	489	-1
56	497	1
57	58	1
57	59	1
57	60	-1
57	62	1
57	64	-1
57	66	1
57	67	1
57	68	-1
57	71	1
57	73	-1
57	75	-1
57	76	1
57	77	1
57	78	-1
57	79	1
57	80	-1
57	81	1
57	82	-1
57	83	-1
57	86	-1
57	87	1
57	88	1
57	89	-1
57	92	1
57	94	-1
57	96	-1
57	97	-1
57	99	1
57	102	1
57	103	-1
57	104	1
57	108	1
57	109	-1
57	110	-1
57	113	1
57	115	1
57	117	-1
57	118	1
57	119	-1
57	122	-1
57	125	1
57	126	1
57	127	-1
57	131	-1
57	132	-1
57	136	1
57	137	-1
57	138	-1
57	139	1
57	140	1
57	142	-1
57	143	-1
57	144	1
57	145	1
57	149	1
57	150	-1
57	152	1
57	159	1
57	160	-1
57	163	-1
57	169	-1
57	173	-1
57	176	1
57	177	-1
57	178	1
57	179	1
57	180	-1
57	181	-1
57	183	1
57	184	1
57	186	-1
57	196	1
57	197	1
57	198	-1
57	199	1
57	204	1
57	205	1
57	206	-1
57	207	-1
57	208	1
57	209	1
57	210	1
57	211	1
57	213	-1
57	214	1
57	218	1
57	219	1
57	220	1
57	221	1
57	224	-1
57	225	1
57	226	-1
57	227	-1
57	228	-1
57	231	1
57	232	-1
57	233	1
57	234	-1
57	235	1
57	236	-1
57	239	-1
57	242	-1
57	243	-1
57	244	-1
57	245	1
57	246	-1
57	256	1
57	257	-1
57	259	1
57	260	1
57	265	1
57	267	1
57	268	-1
57	270	1
57	271	-1
57	272	1
57	273	1
57	274	-1
57	276	-1
57	279	-1
57	280	-1
57	281	1
57	283	1
57	288	-1
57	290	1
57	297	-1
57	299	1
57	304	1
57	305	1
57	306	-1
57	307	1
57	309	-1
57	310	1
57	311	1
57	312	1
57	313	-1
57	314	-1
57	318	1
57	321	-1
57	324	-1
57	325	1
57	331	1
57	332	1
57	334	-1
57	335	1
57	336	1
57	340	1
57	342	-1
57	343	1
57	344	1
57	346	1
57	348	-1
57	349	-1
57	352	-1
57	353	-1
57	358	-1
57	361	-1
57	364	-1
57	365	-1
57	366	-1
57	368	-1
57	371	-1
57	372	1
57	377	1
57	378	-1
57	379	1
57	382	1
57	383	-1
57	385	1
57	386	1
57	388	1
57	389	-1
57	391	-1
57	392	-1
57	393	-1
57	399	1
57	400	-1
57	402	-1
57	403	1
57	404	-1
57	405	-1
57	409	1
57	412	1
57	413	1
57	416	1
57	417	1
57	418	1
57	421	-1
57	423	1
57	425	1
57	426	1
57	430	-1
57	432	-1
57	433	1
57	434	1
57	439	1
57	441	1
57	442	-1
57	443	1
57	445	1
57	446	-1
57	447	1
57	448	1
57	450	-1
57	451	-1
57	452	1
57	453	1
57	455	-1
57	456	1
57	457	1
57	460	1
57	464	-1
57	466	1
57	467	-1
57	470	-1
57	471	-1
57	474	1
57	477	-1
57	479	1
57	482	1
57	484	1
57	485	-1
57	492	-1
57	497	1
57	498	-1
57	499	1
58	59	1
58	60	1
58	61	-1
58	62	-1
58	63	-1
58	64	-1
58	65	-1
58	68	-1
58	69	1
58	70	1
58	71	1
58	72	-1
58	73	1
58	75	-1
58	76	1
58	78	-1
58	79	-1
58	80	1
58	81	1
58	82	-1
58	83	-1
58	84	-1
58	89	1
58	91	-1
58	92	-1
58	93	-1
58	94	-1
58	95	1
58	96	-1
58	97	1
58	98	-1
58	99	-1
58	100	-1
58	103	-1
58	104	-1
58	105	1
58	106	1
58	107	1
58	113	-1
58	115	1
58	117	-1
58	119	-1
58	126	1
58	127	-1
58	128	1
58	129	-1
58	130	1
58	131	1
58	134	-1
58	136	-1
58	138	-1
58	139	-1
58	140	1
58	142	-1
58	143	1
58	144	1
58	145	-1
58	146	1
58	148	-1
58	149	1
58	152	-1
58	154	-1
58	156	1
58	159	1
58	162	1
58	163	-1
58	164	-1
58	168	-1
58	171	1
58	172	-1
58	173	-1
58	174	1
58	175	-1
58	176	-1
58	178	1
58	179	-1
58	180	1
58	184	-1
58	185	-1
58	187	-1
58	189	-1
58	191	-1
58	192	-1
58	194	1
58	197	-1
58	200	1
58	202	1
58	205	1
58	207	1
58	209	-1
58	210	-1
58	213	1
58	214	1
58	216	-1
58	217	-1
58	223	1
58	227	1
58	228	1
58	232	1
58	237	1
58	239	-1
58	244	1
58	245	1
58	247	1
58	248	1
58	249	1
58	250	1
58	252	1
58	253	-1
58	255	-1
58	256	1
58	258	1
58	259	1
58	260	-1
58	261	-1
58	263	1
58	268	1
58	269	1
58	270	1
58	272	-1
58	275	1
58	276	-1
58	277	1
58	283	1
58	284	-1
58	286	-1
58	292	-1
58	294	-1
58	295	-1
58	300	-1
58	302	-1
58	304	-1
58	306	1
58	307	1
58	310	-1
58	313	-1
58	314	1
58	315	-1
58	316	1
58	318	-1
58	321	1
58	322	1
58	323	1
58	324	1
58	328	-1
58	332	-1
58	334	-1
58	337	1
58	341	-1
58	345	1
58	346	-1
58	347	-1
58	348	-1
58	349	1
58	350	-1
58	351	-1
58	354	1
58	356	-1
58	358	1
58	359	-1
58	362	-1
58	364	-1
58	367	1
58	368	-1
58	370	1
58	371	1
58	372	1
58	373	-1
58	374	-1
58	375	1
58	376	1
58	378	1
58	380	1
58	382	-1
58	386	1
58	387	-1
58	389	-1
58	391	1
58	392	1
58	395	1
58	396	1
58	397	-1
58	398	-1
58	400	1
58	401	1
58	402	-1
58	405	-1
58	407	-1
58	410	-1
58	412	-1
58	416	1
58	419	-1
58	424	1
58	427	1
58	428	1
58	429	1
58	430	1
58	432	-1
58	435	1
58	436	1
58	437	1
58	438	1
58	444	-1
58	447	1
58	448	1
58	449	-1
58	450	-1
58	451	-1
58	452	-1
58	454	1
58	456	-1
58	457	-1
58	458	1
58	468	1
58	469	1
58	471	1
58	473	1
58	477	-1
58	479	-1
58	481	-1
58	482	1
58	484	1
58	485	1
58	486	-1
58	487	-1
58	488	-1
58	489	1
58	490	1
58	491	1
58	492	1
58	495	-1
58	496	1
58	498	1
58	499	1
59	61	1
59	63	-1
59	64	1
59	65	-1
59	68	1
59	70	1
59	71	-1
59	72	1
59	73	1
59	74	-1
59	76	-1
59	77	-1
59	78	-1
59	79	-1
59	81	1
59	82	-1
59	83	1
59	85	1
59	86	-1
59	88	-1
59	90	1
59	97	-1
59	105	-1
59	107	-1
59	112	1
59	113	1
59	114	-1
59	122	1
59	125	-1
59	130	-1
59	131	-1
59	134	1
59	135	1
59	138	-1
59	139	-1
59	140	1
59	141	-1
59	142	-1
59	143	1
59	148	1
59	150	1
59	151	-1
59	152	-1
59	153	1
59	156	-1
59	158	1
59	160	1
59	161	-1
59	162	1
59	164	-1
59	165	1
59	166	-1
59	167	1
59	168	-1
59	169	1
59	170	1
59	171	-1
59	172	1
59	176	1
59	177	-1
59	178	-1
59	180	1
59	182	-1
59	184	-1
59	185	-1
59	187	1
59	188	1
59	193	1
59	194	-1
59	195	1
59	197	1
59	200	-1
59	203	-1
59	205	1
59	209	1
59	211	-1
59	213	1
59	216	1
59	224	1
59	226	1
59	228	-1
59	229	1
59	231	1
59	232	-1
59	233	-1
59	234	-1
59	235	1
59	241	-1
59	242	1
59	243	1
59	244	-1
59	245	-1
59	246	-1
59	251	1
59	252	1
59	253	-1
59	255	1
59	260	1
59	262	-1
59	264	1
59	265	-1
59	268	-1
59	270	-1
59	275	-1
59	276	-1
59	278	1
59	279	1
59	284	1
59	285	-1
59	290	1
59	291	1
59	292	-1
59	295	-1
59	302	1
59	303	-1
59	308	1
59	309	-1
59	311	1
59	312	1
59	313	1
59	315	-1
59	316	1
59	320	-1
59	322	1
59	324	1
59	325	1
59	328	1
59	329	-1
59	330	1
59	333	1
59	335	1
59	337	-1
59	338	-1
59	339	1
59	341	-1
59	343	1
59	345	-1
59	347	-1
59	348	-1
59	349	-1
59	352	-1
59	354	-1
59	357	1
59	361	1
59	362	1
59	365	-1
59	366	-1
59	369	-1
59	372	-1
59	374	-1
59	376	-1
59	377	1
59	378	-1
59	380	1
59	381	1
59	384	1
59	385	-1
59	389	1
59	390	1
59	392	1
59	393	1
59	397	1
59	399	-1
59	406	1
59	408	-1
59	411	1
59	415	-1
59	416	-1
59	417	1
59	419	1
59	422	1
59	423	-1
59	424	1
59	426	-1
59	427	-1
59	428	1
59	430	1
59	431	1
59	432	-1
59	433	-1
59	434	-1
59	436	-1
59	438	1
59	442	-1
59	443	1
59	444	-1
59	445	-1
59	446	-1
59	447	1
59	449	-1
59	453	-1
59	455	-1
59	456	1
59	457	-1
59	459	-1
59	461	-1
59	464	1
59	465	-1
59	467	1
59	468	-1
59	469	1
59	471	1
59	472	-1
59	474	1
59	477	1
59	480	1
59	482	-1
59	483	1
59	485	1
59	489	1
59	493	1
59	494	-1
59	495	1
59	496	1
59	497	-1
60	61	-1
60	62	1
60	64	1
60	66	1
60	67	-1
60	68	1
60	69	1
60	70	-1
60	72	1
60	73	1
60	74	1
60	75	1
60	77	1
60	78	-1
60	80	-1
60	82	-1
60	85	1
60	86	-1
60	87	-1
60	88	-1
60	89	1
60	90	1
60	92	1
60	95	1
60	96	-1
60	98	1
60	100	1
60	101	-1
60	102	-1
60	105	-1
60	106	1
60	108	-1
60	109	1
60	110	1
60	114	1
60	115	1
60	118	1
60	121	1
60	122	-1
60	124	1
60	125	1
60	127	-1
60	128	1
60	129	1
60	131	1
60	133	1
60	138	-1
60	141	-1
60	143	1
60	144	-1
60	145	1
60	146	-1
60	147	-1
60	148	-1
60	150	-1
60	153	-1
60	155	-1
60	156	1
60	160	-1
60	161	1
60	162	-1
60	165	-1
60	167	1
60	173	-1
60	174	1
60	175	-1
60	180	1
60	182	-1
60	186	1
60	192	1
60	195	1
60	196	1
60	199	1
60	201	-1
60	202	1
60	205	-1
60	207	-1
60	208	-1
60	211	-1
60	214	1
60	216	-1
60	217	-1
60	220	-1
60	221	1
60	222	-1
60	224	-1
60	226	-1
60	227	-1
60	228	-1
60	231	1
60	232	1
60	234	1
60	235	-1
60	236	-1
60	237	-1
60	238	1
60	240	1
60	242	1
60	243	1
60	244	-1
60	247	-1
60	249	-1
60	251	1
60	252	1
60	256	1
60	257	-1
60	258	1
60	261	-1
60	262	-1
60	267	-1
60	272	-1
60	273	1
60	274	1
60	275	1
60	280	1
60	281	1
60	282	1
60	288	-1
60	289	1
60	290	-1
60	296	1
60	297	1
60	299	-1
60	302	-1
60	303	1
60	304	-1
60	305	-1
60	307	-1
60	308	-1
60	310	1
60	311	-1
60	317	-1
60	318	-1
60	323	1
60	326	1
60	331	-1
60	332	1
60	335	1
60	336	-1
60	337	-1
60	340	-1
60	344	-1
60	346	1
60	349	-1
60	352	1
60	354	1
60	356	-1
60	357	1
60	358	1
60	359	-1
60	363	-1
60	364	-1
60	366	1
60	369	-1
60	372	1
60	381	1
60	385	-1
60	387	1
60	388	-1
60	390	1
60	392	-1
60	394	1
60	396	-1
60	397	-1
60	398	1
60	400	1
60	403	1
60	407	-1
60	409	1
60	412	1
60	414	1
60	421	1
60	423	-1
60	424	-1
60	425	-1
60	426	-1
60	427	-1
60	429	-1
60	436	-1
60	437	1
60	441	-1
60	442	1
60	445	-1
60	447	-1
60	458	1
60	460	1
60	461	1
60	462	-1
60	463	-1
60	464	-1
60	465	1
60	467	1
60	469	-1
60	472	1
60	474	-1
60	475	-1
60	476	1
60	477	-1
60	478	1
60	482	-1
60	483	-1
60	485	1
60	489	-1
60	493	-1
60	494	-1
60	496	-1
60	497	1
61	62	1
61	63	-1
61	64	1
61	65	1
61	66	1
61	67	1
61	68	1
61	69	-1
61	70	1
61	71	1
61	72	-1
61	74	1
61	76	1
61	77	1
61	78	-1
61	80	1
61	81	1
61	82	-1
61	85	1
61	87	1
61	88	1
61	89	1
61	90	-1
61	91	1
61	92	-1
61	93	1
61	95	1
61	98	1
61	99	1
61	101	-1
61	105	-1
61	111	-1
61	112	-1
61	113	-1
61	119	1
61	121	1
61	122	1
61	123	1
61	126	1
61	127	-1
61	129	-1
61	130	1
61	131	-1
61	133	-1
61	134	-1
61	135	1
61	137	-1
61	138	-1
61	139	1
61	140	-1
61	143	1
61	145	1
61	148	-1
61	150	1
61	151	1
61	153	-1
61	156	-1
61	158	-1
61	159	-1
61	160	1
61	162	1
61	164	-1
61	169	-1
61	170	1
61	176	-1
61	178	1
61	179	1
61	180	-1
61	181	1
61	182	-1
61	186	1
61	189	-1
61	190	-1
61	192	1
61	193	1
61	194	-1
61	196	-1
61	198	-1
61	199	1
61	200	1
61	201	1
61	204	1
61	205	1
61	206	-1
61	211	1
61	213	1
61	214	-1
61	215	1
61	217	1
61	218	-1
61	222	1
61	225	1
61	226	-1
61	227	-1
61	228	-1
61	229	-1
61	230	1
61	232	-1
61	234	1
61	235	-1
61	239	-1
61	240	-1
61	241	1
61	242	1
61	246	-1
61	248	-1
61	249	-1
61	250	1
61	252	1
61	254	-1
61	258	-1
61	261	-1
61	262	-1
61	263	1
61	264	1
61	265	1
61	269	-1
61	270	-1
61	271	-1
61	272	1
61	274	1
61	278	1
61	282	1
61	284	-1
61	289	-1
61	291	-1
61	293	-1
61	294	-1
61	296	1
61	299	-1
61	301	1
61	302	-1
61	303	-1
61	306	1
61	307	1
61	308	1
61	309	-1
61	310	-1
61	314	1
61	315	-1
61	317	1
61	319	1
61	320	-1
61	330	1
61	332	1
61	334	-1
61	335	-1
61	336	1
61	339	-1
61	341	1
61	342	1
61	343	-1
61	345	1
61	346	-1
61	347	-1
61	348	1
61	349	-1
61	350	1
61	351	1
61	353	1
61	354	-1
61	356	-1
61	357	-1
61	359	1
61	360	-1
61	362	-1
61	365	-1
61	366	-1
61	368	-1
61	374	1
61	375	1
61	377	-1
61	380	1
61	381	1
61	383	1
61	385	-1
61	386	-1
61	389	1
61	392	1
61	393	-1
61	398	1
61	399	-1
61	400	1
61	403	1
61	404	1
61	407	-1
61	408	-1
61	411	-1
61	412	-1
61	413	1
61	414	-1
61	415	1
61	417	1
61	419	1
61	420	-1
61	423	-1
61	424	-1
61	425	-1
61	427	1
61	428	1
61	430	-1
61	431	-1
61	432	-1
61	436	1
61	437	-1
61	438	1
61	439	1
61	440	-1
61	445	-1
61	448	-1
61	449	1
61	454	-1
61	455	-1
61	459	1
61	462	1
61	463	-1
61	464	1
61	465	-1
61	466	-1
61	468	-1
61	470	1
61	471	-1
61	474	-1
61	477	-1
61	482	-1
61	483	-1
61	485	-1
61	486	1
61	488	1
61	489	1
61	491	-1
61	494	-1
61	497	1
62	64	-1
62	67	1
62	68	-1
62	69	-1
62	72	1
62	74	1
62	75	1
62	76	1
62	77	1
62	79	-1
62	83	1
62	86	-1
62	88	1
62	89	-1
62	90	1
62	91	1
62	92	1
62	93	1
62	95	1
62	96	1
62	98	1
62	99	1
62	100	1
62	101	-1
62	102	1
62	103	-1
62	104	1
62	105	-1
62	108	1
62	109	1
62	112	-1
62	116	-1
62	117	-1
62	118	-1
62	120	-1
62	121	-1
62	123	-1
62	126	-1
62	128	-1
62	130	1
62	131	-1
62	134	-1
62	138	-1
62	141	-1
62	144	1
62	145	-1
62	147	-1
62	151	-1
62	152	1
62	155	-1
62	156	-1
62	159	-1
62	162	1
62	163	1
62	169	1
62	172	1
62	173	1
62	174	-1
62	175	-1
62	176	-1
62	177	-1
62	180	1
62	181	1
62	182	-1
62	183	-1
62	186	1
62	187	-1
62	188	-1
62	189	-1
62	190	-1
62	198	-1
62	200	1
62	201	-1
62	202	-1
62	204	1
62	206	1
62	207	-1
62	209	1
62	211	-1
62	212	1
62	213	-1
62	216	1
62	217	1
62	220	-1
62	223	1
62	226	-1
62	228	1
62	229	1
62	230	-1
62	231	-1
62	232	-1
62	237	1
62	241	1
62	243	-1
62	244	-1
62	245	1
62	247	1
62	248	1
62	249	1
62	250	-1
62	251	-1
62	252	1
62	255	1
62	257	1
62	260	1
62	262	1
62	264	1
62	267	-1
62	269	1
62	271	-1
62	274	-1
62	276	-1
62	278	-1
62	279	1
62	280	-1
62	281	-1
62	283	1
62	286	-1
62	287	1
62	288	-1
62	293	1
62	296	1
62	297	1
62	302	1
62	303	-1
62	304	1
62	305	1
62	306	1
62	308	-1
62	310	-1
62	311	1
62	315	-1
62	316	1
62	319	1
62	320	-1
62	323	-1
62	325	-1
62	326	1
62	328	1
62	329	-1
62	331	1
62	332	1
62	337	-1
62	338	-1
62	339	-1
62	341	-1
62	342	1
62	343	-1
62	348	-1
62	359	1
62	362	-1
62	363	1
62	365	1
62	368	-1
62	373	1
62	374	1
62	375	-1
62	378	1
62	379	-1
62	380	1
62	383	-1
62	388	1
62	393	-1
62	396	1
62	402	1
62	403	-1
62	404	-1
62	409	-1
62	411	1
62	413	-1
62	415	1
62	417	-1
62	419	-1
62	420	1
62	422	1
62	425	1
62	426	-1
62	427	1
62	428	-1
62	430	-1
62	431	-1
62	433	-1
62	435	1
62	436	1
62	437	-1
62	441	-1
62	442	-1
62	443	-1
62	448	1
62	450	1
62	453	1
62	455	-1
62	457	-1
62	459	1
62	461	1
62	463	-1
62	464	1
62	465	1
62	466	-1
62	470	-1
62	474	-1
62	476	1
62	477	1
62	478	1
62	479	-1
62	480	-1
62	481	-1
62	484	1
62	485	1
62	489	-1
62	491	-1
62	492	-1
62	493	1
62	496	1
63	64	-1
63	66	-1
63	67	1
63	68	1
63	69	-1
63	70	-1
63	71	1
63	74	1
63	75	1
63	76	1
63	78	1
63	79	1
63	80	1
63	81	1
63	82	1
63	84	-1
63	85	1
63	86	1
63	87	-1
63	89	1
63	90	1
63	91	1
63	92	-1
63	94	1
63	95	-1
63	96	-1
63	97	1
63	98	1
63	102	1
63	103	-1
63	104	1
63	105	1
63	108	-1
63	110	-1
63	112	-1
63	113	1
63	117	-1
63	118	-1
63	120	-1
63	125	1
63	126	1
63	128	-1
63	129	1
63	130	1
63	132	-1
63	136	-1
63	137	-1
63	138	1
63	140	1
63	141	1
63	142	1
63	145	1
63	146	1
63	147	-1
63	148	-1
63	151	1
63	154	1
63	157	1
63	158	1
63	159	-1
63	161	-1
63	163	1
63	166	1
63	167	-1
63	170	-1
63	171	-1
63	174	1
63	181	1
63	184	1
63	186	1
63	191	1
63	195	-1
63	197	-1
63	199	-1
63	201	1
63	202	1
63	203	-1
63	209	-1
63	210	-1
63	212	-1
63	217	1
63	218	1
63	220	-1
63	221	1
63	223	-1
63	230	-1
63	231	1
63	232	1
63	234	1
63	239	1
63	240	-1
63	241	1
63	245	-1
63	246	1
63	247	-1
63	249	-1
63	251	-1
63	255	-1
63	256	-1
63	263	-1
63	264	1
63	268	-1
63	270	1
63	271	-1
63	274	1
63	276	-1
63	279	-1
63	281	-1
63	282	1
63	290	-1
63	295	-1
63	297	1
63	300	-1
63	305	-1
63	307	-1
63	308	1
63	310	-1
63	314	1
63	315	1
63	316	-1
63	317	1
63	319	1
63	320	-1
63	322	1
63	323	-1
63	330	-1
63	332	1
63	333	-1
63	334	1
63	335	-1
63	338	-1
63	342	1
63	345	-1
63	346	-1
63	348	-1
63	349	1
63	351	1
63	353	1
63	354	1
63	356	1
63	359	-1
63	360	-1
63	362	-1
63	363	1
63	364	-1
63	366	1
63	367	1
63	368	1
63	369	-1
63	370	-1
63	371	-1
63	373	1
63	377	-1
63	378	1
63	380	1
63	386	1
63	388	-1
63	389	-1
63	391	1
63	394	1
63	395	1
63	397	1
63	399	1
63	400	-1
63	401	1
63	403	-1
63	404	1
63	407	1
63	411	-1
63	412	1
63	413	-1
63	414	1
63	416	1
63	418	1
63	419	1
63	425	-1
63	428	1
63	431	1
63	432	-1
63	435	-1
63	437	-1
63	438	-1
63	441	-1
63	443	1
63	448	-1
63	451	-1
63	458	-1
63	461	-1
63	465	1
63	466	1
63	467	-1
63	470	1
63	471	1
63	472	1
63	474	1
63	476	1
63	477	1
63	479	-1
63	480	1
63	482	1
63	486	-1
63	489	-1
63	490	1
63	491	1
63	493	-1
63	494	-1
63	495	-1
63	496	-1
64	65	1
64	66	-1
64	69	-1
64	70	1
64	72	-1
64	73	1
64	75	1
64	76	1
64	77	-1
64	81	1
64	82	-1
64	83	-1
64	84	1
64	85	1
64	86	-1
64	88	-1
64	89	1
64	90	-1
64	92	-1
64	93	-1
64	95	-1
64	96	1
64	97	-1
64	98	-1
64	100	1
64	101	1
64	104	-1
64	110	-1
64	111	1
64	112	1
64	115	-1
64	120	-1
64	122	-1
64	123	-1
64	126	-1
64	127	-1
64	128	-1
64	132	1
64	134	1
64	136	1
64	138	-1
64	139	-1
64	140	-1
64	142	1
64	144	-1
64	145	1
64	148	-1
64	150	1
64	153	1
64	154	1
64	155	1
64	158	-1
64	159	-1
64	162	-1
64	163	1
64	165	1
64	166	-1
64	168	-1
64	169	1
64	172	1
64	173	1
64	174	1
64	175	-1
64	176	-1
64	177	1
64	179	1
64	180	-1
64	181	1
64	183	1
64	186	1
64	188	-1
64	189	1
64	193	1
64	198	1
64	202	1
64	203	1
64	204	1
64	207	-1
64	208	1
64	214	-1
64	217	-1
64	218	1
64	220	-1
64	221	-1
64	222	-1
64	227	-1
64	228	-1
64	229	-1
64	231	-1
64	233	1
64	239	-1
64	240	-1
64	242	-1
64	244	-1
64	245	1
64	249	-1
64	253	1
64	255	1
64	258	1
64	260	1
64	262	-1
64	263	-1
64	266	1
64	269	1
64	272	-1
64	273	-1
64	277	1
64	279	1
64	286	-1
64	287	-1
64	288	-1
64	292	-1
64	293	1
64	294	-1
64	296	-1
64	298	-1
64	300	-1
64	303	1
64	305	-1
64	308	1
64	311	-1
64	313	-1
64	315	-1
64	317	1
64	318	-1
64	321	1
64	323	1
64	324	1
64	325	1
64	328	1
64	329	1
64	330	-1
64	331	-1
64	332	1
64	339	1
64	340	1
64	341	1
64	342	1
64	343	-1
64	347	1
64	348	1
64	350	1
64	352	-1
64	354	1
64	358	1
64	359	-1
64	360	-1
64	362	1
64	365	-1
64	366	-1
64	367	-1
64	371	-1
64	373	1
64	375	-1
64	377	1
64	379	1
64	380	-1
64	383	1
64	385	-1
64	387	1
64	388	1
64	392	1
64	394	-1
64	395	1
64	396	-1
64	398	-1
64	399	1
64	402	-1
64	404	-1
64	408	-1
64	411	-1
64	414	1
64	415	-1
64	416	1
64	417	-1
64	418	-1
64	419	-1
64	421	1
64	422	1
64	425	1
64	429	-1
64	430	-1
64	431	1
64	432	1
64	441	1
64	442	1
64	443	-1
64	447	1
64	450	-1
64	453	1
64	454	-1
64	455	-1
64	456	1
64	458	-1
64	459	-1
64	460	1
64	461	-1
64	462	1
64	463	-1
64	466	-1
64	468	1
64	470	-1
64	471	-1
64	472	-1
64	478	1
64	480	-1
64	483	-1
64	485	-1
64	488	-1
64	489	-1
64	491	1
64	493	1
64	494	1
64	495	1
64	496	-1
64	497	-1
64	498	-1
65	66	1
65	67	1
65	68	-1
65	72	1
65	73	1
65	75	-1
65	76	1
65	78	1
65	80	1
65	82	1
65	83	1
65	84	1
65	86	-1
65	87	-1
65	89	1
65	90	-1
65	91	-1
65	92	-1
65	93	1
65	95	-1
65	97	1
65	99	1
65	102	1
65	104	1
65	105	1
65	106	-1
65	108	-1
65	109	-1
65	111	1
65	112	1
65	115	1
65	118	-1
65	119	-1
65	120	1
65	122	-1
65	124	1
65	127	-1
65	128	-1
65	129	-1
65	130	1
65	132	1
65	133	1
65	136	1
65	137	1
65	138	1
65	140	1
65	141	1
65	143	-1
65	144	1
65	148	-1
65	151	1
65	154	1
65	158	-1
65	160	1
65	161	-1
65	163	1
65	165	-1
65	168	1
65	169	-1
65	175	1
65	177	-1
65	178	1
65	179	1
65	181	1
65	182	1
65	186	1
65	187	-1
65	188	-1
65	189	1
65	192	-1
65	194	1
65	195	1
65	196	1
65	197	1
65	205	-1
65	206	-1
65	208	-1
65	209	-1
65	211	-1
65	212	-1
65	213	-1
65	215	1
65	216	1
65	219	-1
65	221	1
65	222	-1
65	223	1
65	225	-1
65	226	-1
65	227	1
65	231	1
65	232	1
65	233	1
65	236	-1
65	239	-1
65	241	1
65	243	-1
65	247	-1
65	249	-1
65	251	1
65	252	-1
65	256	-1
65	257	-1
65	258	1
65	259	1
65	260	-1
65	261	-1
65	264	1
65	265	1
65	266	1
65	268	1
65	270	-1
65	274	1
65	278	1
65	279	1
65	280	1
65	281	1
65	283	1
65	285	1
65	286	-1
65	287	-1
65	288	-1
65	289	-1
65	290	-1
65	295	1
65	297	-1
65	298	-1
65	302	-1
65	304	1
65	309	1
65	313	-1
65	316	1
65	318	-1
65	320	-1
65	321	-1
65	322	-1
65	324	-1
65	326	1
65	327	1
65	331	-1
65	333	1
65	335	-1
65	336	1
65	338	-1
65	339	1
65	340	-1
65	342	1
65	343	-1
65	345	1
65	352	-1
65	355	1
65	356	-1
65	360	-1
65	361	-1
65	363	-1
65	365	-1
65	366	-1
65	367	1
65	371	-1
65	376	-1
65	377	-1
65	378	1
65	382	1
65	383	-1
65	386	1
65	387	1
65	388	1
65	389	-1
65	391	-1
65	393	1
65	394	-1
65	396	1
65	397	1
65	398	1
65	401	-1
65	402	1
65	407	-1
65	408	-1
65	409	1
65	410	-1
65	412	-1
65	414	1
65	417	-1
65	418	1
65	419	-1
65	421	1
65	422	-1
65	424	1
65	425	-1
65	426	-1
65	427	-1
65	428	-1
65	431	-1
65	432	-1
65	434	1
65	437	-1
65	441	-1
65	442	-1
65	444	1
65	446	-1
65	456	-1
65	458	1
65	460	1
65	461	1
65	462	1
65	465	1
65	467	1
65	468	-1
65	469	-1
65	470	-1
65	471	1
65	472	-1
65	473	-1
65	475	-1
65	476	-1
65	477	1
65	478	1
65	481	-1
65	482	1
65	484	1
65	487	1
65	488	1
65	495	-1
65	497	1
65	498	-1
65	499	-1
66	67	1
66	68	1
66	69	1
66	71	-1
66	72	1
66	73	1
66	74	1
66	75	-1
66	77	-1
66	78	-1
66	81	-1
66	83	1
66	85	1
66	87	-1
66	88	-1
66	90	-1
66	92	1
66	95	1
66	98	1
66	99	-1
66	100	-1
66	101	1
66	103	-1
66	107	-1
66	108	1
66	110	1
66	111	-1
66	112	-1
66	113	1
66	114	1
66	115	1
66	117	1
66	118	-1
66	119	-1
66	120	-1
66	121	-1
66	122	1
66	123	-1
66	124	1
66	125	-1
66	127	1
66	130	1
66	132	1
66	133	-1
66	134	1
66	136	1
66	139	-1
66	141	1
66	148	1
66	150	-1
66	151	-1
66	154	-1
66	155	-1
66	156	-1
66	158	-1
66	161	-1
66	162	1
66	163	-1
66	167	1
66	168	-1
66	169	1
66	170	-1
66	175	-1
66	181	-1
66	183	-1
66	185	1
66	186	-1
66	188	-1
66	189	1
66	191	1
66	193	1
66	197	-1
66	198	-1
66	199	1
66	202	-1
66	205	-1
66	206	-1
66	210	-1
66	211	-1
66	212	1
66	213	1
66	215	-1
66	217	1
66	219	1
66	220	-1
66	224	-1
66	225	-1
66	227	1
66	237	1
66	238	1
66	240	1
66	241	-1
66	242	-1
66	243	-1
66	244	1
66	245	1
66	247	1
66	248	-1
66	249	1
66	252	1
66	253	-1
66	256	-1
66	257	1
66	258	1
66	260	1
66	262	1
66	264	1
66	265	-1
66	266	-1
66	269	-1
66	271	1
66	273	1
66	274	-1
66	275	1
66	278	1
66	282	-1
66	283	-1
66	285	-1
66	286	-1
66	287	1
66	289	1
66	293	-1
66	296	1
66	297	-1
66	298	-1
66	299	1
66	301	-1
66	303	1
66	304	-1
66	306	-1
66	308	1
66	310	-1
66	311	1
66	312	-1
66	313	1
66	315	-1
66	316	-1
66	318	-1
66	319	1
66	323	1
66	326	1
66	327	1
66	332	-1
66	333	1
66	334	-1
66	336	-1
66	337	-1
66	338	-1
66	339	1
66	342	-1
66	349	1
66	351	1
66	352	-1
66	354	1
66	357	1
66	361	1
66	362	-1
66	363	-1
66	367	-1
66	368	-1
66	369	1
66	370	-1
66	374	1
66	376	1
66	380	-1
66	382	-1
66	385	-1
66	387	-1
66	388	1
66	389	-1
66	390	-1
66	391	-1
66	392	1
66	393	1
66	394	1
66	395	1
66	396	1
66	398	-1
66	400	-1
66	402	1
66	403	-1
66	404	-1
66	405	-1
66	408	1
66	412	1
66	413	1
66	414	1
66	417	1
66	419	-1
66	420	-1
66	425	1
66	427	-1
66	431	1
66	432	-1
66	435	-1
66	436	1
66	437	1
66	439	1
66	442	1
66	443	1
66	444	1
66	445	-1
66	446	1
66	447	1
66	450	1
66	452	1
66	453	1
66	456	1
66	458	-1
66	461	1
66	464	-1
66	465	1
66	467	-1
66	468	1
66	469	1
66	474	1
66	477	-1
66	478	-1
66	479	-1
66	480	1
66	482	1
66	487	1
66	488	1
66	495	1
66	497	-1
66	499	-1
67	69	-1
67	70	1
67	74	1
67	75	1
67	76	1
67	77	1
67	78	-1
67	80	1
67	82	1
67	83	-1
67	84	1
67	86	-1
67	88	-1
67	89	-1
67	90	-1
67	91	-1
67	93	1
67	94	-1
67	95	-1
67	96	1
67	97	-1
67	98	-1
67	101	-1
67	103	-1
67	105	1
67	111	1
67	112	1
67	113	-1
67	116	1
67	117	-1
67	119	1
67	120	1
67	121	1
67	122	1
67	124	1
67	125	-1
67	126	-1
67	128	1
67	129	1
67	130	-1
67	131	1
67	132	1
67	133	1
67	135	-1
67	137	-1
67	141	-1
67	145	-1
67	148	1
67	149	-1
67	153	-1
67	156	1
67	157	1
67	161	-1
67	163	-1
67	164	-1
67	166	-1
67	169	1
67	170	1
67	172	1
67	174	-1
67	175	-1
67	178	-1
67	182	1
67	183	-1
67	185	-1
67	187	1
67	188	-1
67	189	1
67	191	-1
67	193	1
67	196	-1
67	199	1
67	200	-1
67	201	-1
67	202	1
67	203	1
67	207	1
67	208	-1
67	209	1
67	210	1
67	212	-1
67	214	1
67	216	-1
67	218	1
67	219	1
67	220	-1
67	225	-1
67	226	-1
67	227	1
67	228	-1
67	233	1
67	234	1
67	235	1
67	236	1
67	238	1
67	239	-1
67	243	1
67	244	-1
67	245	1
67	247	-1
67	248	1
67	249	1
67	250	-1
67	252	-1
67	256	-1
67	258	-1
67	262	1
67	264	-1
67	265	-1
67	266	-1
67	270	1
67	272	1
67	273	1
67	275	-1
67	276	1
67	277	-1
67	279	1
67	280	-1
67	283	1
67	286	-1
67	287	1
67	291	1
67	293	-1
67	294	-1
67	295	-1
67	296	1
67	298	-1
67	300	1
67	302	1
67	307	-1
67	308	-1
67	311	-1
67	312	-1
67	313	1
67	314	-1
67	315	-1
67	319	1
67	322	1
67	327	-1
67	328	-1
67	330	-1
67	332	-1
67	333	1
67	334	1
67	337	-1
67	339	1
67	340	1
67	341	1
67	343	1
67	351	-1
67	352	1
67	354	1
67	355	-1
67	356	-1
67	358	-1
67	359	-1
67	362	-1
67	364	1
67	366	-1
67	367	-1
67	368	-1
67	369	-1
67	370	1
67	375	1
67	376	1
67	378	1
67	380	-1
67	381	-1
67	382	-1
67	384	-1
67	385	1
67	387	1
67	388	-1
67	390	-1
67	391	1
67	393	1
67	396	1
67	398	-1
67	399	1
67	401	1
67	403	-1
67	405	1
67	407	-1
67	409	-1
67	410	-1
67	411	1
67	413	-1
67	414	1
67	416	1
67	421	-1
67	422	1
67	423	-1
67	424	1
67	425	1
67	427	-1
67	430	-1
67	434	1
67	435	-1
67	441	-1
67	443	1
67	444	-1
67	445	-1
67	446	1
67	448	1
67	451	1
67	452	1
67	453	-1
67	457	1
67	459	-1
67	463	-1
67	464	1
67	465	-1
67	466	1
67	467	1
67	469	1
67	470	-1
67	471	-1
67	473	-1
67	474	-1
67	476	-1
67	477	-1
67	478	-1
67	479	1
67	480	1
67	482	1
67	483	1
67	484	-1
67	490	1
67	494	1
67	496	1
68	71	-1
68	73	-1
68	74	1
68	77	-1
68	78	1
68	79	1
68	80	-1
68	81	-1
68	83	1
68	84	1
68	86	-1
68	88	-1
68	90	1
68	91	1
68	92	-1
68	93	1
68	95	1
68	96	-1
68	97	1
68	98	1
68	99	-1
68	102	1
68	103	-1
68	105	-1
68	106	1
68	109	-1
68	110	1
68	111	1
68	116	-1
68	117	1
68	118	-1
68	119	-1
68	122	-1
68	123	-1
68	125	1
68	129	1
68	130	1
68	137	1
68	138	1
68	141	-1
68	142	-1
68	143	-1
68	144	-1
68	146	1
68	148	1
68	149	1
68	150	-1
68	151	1
68	155	-1
68	156	1
68	160	-1
68	161	1
68	162	-1
68	163	-1
68	164	-1
68	165	1
68	167	1
68	169	1
68	170	1
68	171	1
68	172	1
68	174	1
68	175	1
68	176	1
68	177	1
68	179	1
68	180	1
68	181	-1
68	182	1
68	183	-1
68	184	-1
68	185	1
68	191	1
68	192	1
68	194	1
68	197	-1
68	198	1
68	199	-1
68	200	-1
68	201	1
68	211	-1
68	212	-1
68	213	-1
68	217	1
68	219	-1
68	221	1
68	222	-1
68	223	1
68	229	1
68	230	1
68	232	1
68	233	1
68	238	1
68	239	-1
68	241	-1
68	242	1
68	247	-1
68	249	-1
68	251	-1
68	255	1
68	259	-1
68	260	-1
68	261	1
68	263	-1
68	267	-1
68	270	-1
68	273	-1
68	275	-1
68	276	-1
68	277	1
68	278	-1
68	279	1
68	280	1
68	281	-1
68	282	1
68	283	-1
68	284	1
68	287	-1
68	288	-1
68	289	1
68	292	-1
68	296	-1
68	297	-1
68	302	1
68	306	1
68	308	-1
68	310	1
68	311	1
68	317	1
68	318	1
68	320	-1
68	321	-1
68	322	1
68	324	-1
68	326	-1
68	327	1
68	331	1
68	332	-1
68	333	-1
68	334	1
68	335	1
68	336	1
68	337	1
68	339	-1
68	341	-1
68	344	-1
68	345	1
68	349	-1
68	350	-1
68	354	1
68	356	-1
68	357	1
68	358	-1
68	359	1
68	360	-1
68	363	1
68	366	1
68	367	-1
68	368	-1
68	370	1
68	371	-1
68	372	-1
68	377	1
68	378	-1
68	380	-1
68	384	1
68	386	1
68	387	-1
68	389	-1
68	390	-1
68	391	-1
68	394	1
68	397	-1
68	399	1
68	401	-1
68	402	-1
68	403	1
68	404	-1
68	409	1
68	410	-1
68	412	-1
68	414	-1
68	416	1
68	419	-1
68	420	1
68	421	1
68	426	-1
68	427	1
68	428	-1
68	430	-1
68	432	1
68	433	1
68	434	1
68	436	-1
68	440	1
68	441	-1
68	442	1
68	443	1
68	444	-1
68	445	1
68	450	-1
68	451	1
68	452	1
68	453	-1
68	455	1
68	457	-1
68	458	-1
68	462	-1
68	464	1
68	465	1
68	466	-1
68	469	1
68	471	1
68	472	-1
68	473	-1
68	475	1
68	480	-1
68	484	1
68	487	1
68	488	1
68	489	1
68	490	-1
68	493	-1
68	494	1
68	495	-1
68	497	1
68	498	1
69	71	1
69	72	1
69	73	-1
69	74	1
69	75	-1
69	77	1
69	78	1
69	80	1
69	81	1
69	85	1
69	87	1
69	88	1
69	89	1
69	90	1
69	91	-1
69	92	-1
69	93	1
69	94	-1
69	95	-1
69	96	1
69	97	-1
69	98	1
69	99	-1
69	100	1
69	101	-1
69	102	-1
69	105	-1
69	106	1
69	110	-1
69	112	1
69	113	1
69	115	-1
69	117	-1
69	118	1
69	120	1
69	125	1
69	126	-1
69	129	-1
69	131	-1
69	132	1
69	133	1
69	139	1
69	146	1
69	148	-1
69	150	-1
69	151	1
69	152	-1
69	155	1
69	156	-1
69	160	1
69	161	-1
69	164	1
69	165	1
69	166	1
69	170	1
69	171	1
69	176	-1
69	178	-1
69	181	-1
69	182	1
69	184	-1
69	187	1
69	188	1
69	191	-1
69	192	1
69	193	1
69	197	1
69	198	-1
69	200	-1
69	203	-1
69	204	-1
69	205	1
69	207	1
69	208	-1
69	211	1
69	213	1
69	215	-1
69	217	1
69	218	1
69	220	-1
69	221	1
69	222	-1
69	223	1
69	224	-1
69	225	-1
69	229	1
69	230	1
69	231	-1
69	232	1
69	233	-1
69	234	1
69	235	-1
69	236	1
69	237	1
69	238	-1
69	239	-1
69	241	-1
69	247	-1
69	248	-1
69	250	-1
69	251	-1
69	252	-1
69	253	-1
69	254	1
69	255	1
69	256	-1
69	257	1
69	258	-1
69	260	-1
69	262	-1
69	265	-1
69	266	1
69	270	-1
69	272	1
69	273	-1
69	275	1
69	280	1
69	282	-1
69	284	-1
69	285	1
69	286	1
69	287	1
69	288	-1
69	291	-1
69	292	-1
69	293	1
69	294	1
69	298	-1
69	301	-1
69	303	-1
69	304	1
69	305	-1
69	309	1
69	310	1
69	313	1
69	315	-1
69	316	-1
69	319	1
69	320	1
69	322	-1
69	324	-1
69	325	-1
69	327	-1
69	330	-1
69	332	-1
69	338	-1
69	340	-1
69	341	1
69	346	-1
69	348	-1
69	349	-1
69	350	1
69	352	1
69	354	1
69	355	1
69	358	1
69	362	1
69	364	1
69	365	1
69	367	1
69	369	-1
69	371	-1
69	377	1
69	378	-1
69	380	-1
69	385	1
69	386	1
69	387	1
69	388	1
69	389	-1
69	390	1
69	391	-1
69	392	1
69	396	1
69	397	-1
69	399	-1
69	401	1
69	405	1
69	406	1
69	409	-1
69	411	-1
69	412	1
69	415	1
69	416	1
69	417	-1
69	418	1
69	419	-1
69	420	1
69	424	-1
69	425	1
69	426	-1
69	427	1
69	430	-1
69	433	-1
69	434	-1
69	435	-1
69	438	-1
69	439	1
69	440	1
69	441	-1
69	447	-1
69	448	1
69	451	1
69	452	-1
69	454	1
69	456	1
69	457	-1
69	463	-1
69	468	-1
69	469	1
69	470	1
69	471	1
69	472	1
69	473	1
69	476	1
69	477	-1
69	479	1
69	481	-1
69	483	-1
69	488	-1
69	490	-1
69	491	-1
69	493	1
69	498	-1
70	71	1
70	72	1
70	75	1
70	76	1
70	77	1
70	78	1
70	79	1
70	80	1
70	81	-1
70	82	1
70	83	1
70	84	1
70	85	1
70	86	-1
70	88	1
70	91	-1
70	92	-1
70	93	-1
70	94	1
70	95	-1
70	96	1
70	97	-1
70	98	-1
70	100	-1
70	101	-1
70	105	1
70	106	1
70	107	-1
70	110	-1
70	111	1
70	114	-1
70	115	-1
70	117	-1
70	119	1
70	123	1
70	124	1
70	127	-1
70	130	-1
70	132	1
70	133	1
70	140	1
70	147	1
70	149	-1
70	152	-1
70	153	-1
70	154	-1
70	156	-1
70	157	1
70	158	1
70	161	-1
70	163	-1
70	165	-1
70	166	-1
70	167	-1
70	170	-1
70	171	1
70	172	-1
70	173	1
70	174	-1
70	177	-1
70	178	1
70	180	-1
70	181	-1
70	183	-1
70	184	-1
70	186	-1
70	187	1
70	188	1
70	189	1
70	192	1
70	193	-1
70	194	1
70	195	1
70	196	-1
70	197	1
70	198	1
70	200	1
70	202	-1
70	204	1
70	205	1
70	207	-1
70	210	-1
70	212	-1
70	215	1
70	217	1
70	218	-1
70	219	-1
70	222	-1
70	223	-1
70	224	1
70	225	-1
70	227	1
70	228	-1
70	230	1
70	232	-1
70	233	-1
70	234	1
70	235	1
70	237	-1
70	241	-1
70	242	1
70	243	1
70	247	-1
70	248	1
70	251	1
70	254	-1
70	256	1
70	258	-1
70	259	-1
70	261	-1
70	265	1
70	267	1
70	269	-1
70	271	-1
70	272	1
70	274	1
70	278	-1
70	279	1
70	282	-1
70	283	-1
70	284	1
70	287	-1
70	289	1
70	291	-1
70	292	-1
70	293	-1
70	296	1
70	297	1
70	299	-1
70	301	1
70	302	-1
70	304	1
70	307	-1
70	308	1
70	310	-1
70	311	1
70	312	1
70	315	-1
70	317	1
70	320	-1
70	323	-1
70	325	-1
70	326	-1
70	328	-1
70	330	-1
70	335	1
70	336	1
70	343	1
70	345	-1
70	347	1
70	348	-1
70	350	1
70	355	1
70	356	1
70	359	1
70	364	-1
70	365	-1
70	366	-1
70	367	1
70	368	1
70	369	-1
70	370	-1
70	371	1
70	372	1
70	378	-1
70	379	-1
70	381	-1
70	383	1
70	384	-1
70	386	-1
70	389	-1
70	392	1
70	393	-1
70	394	1
70	395	1
70	403	1
70	404	-1
70	405	1
70	407	-1
70	409	1
70	410	-1
70	411	1
70	415	-1
70	416	-1
70	422	-1
70	424	1
70	425	-1
70	427	1
70	428	1
70	429	1
70	431	1
70	432	-1
70	433	-1
70	434	-1
70	435	-1
70	438	-1
70	439	-1
70	440	-1
70	442	1
70	443	-1
70	445	1
70	447	-1
70	450	-1
70	452	1
70	453	1
70	457	-1
70	459	-1
70	465	-1
70	466	1
70	468	-1
70	469	-1
70	477	1
70	478	1
70	480	1
70	481	-1
70	482	1
70	483	-1
70	485	1
70	487	-1
70	488	-1
70	490	-1
70	491	1
70	492	1
70	493	1
70	495	1
70	497	-1
70	499	-1
71	73	1
71	75	-1
71	76	1
71	77	1
71	78	1
71	79	1
71	80	-1
71	83	1
71	85	1
71	87	-1
71	88	-1
71	90	-1
71	91	-1
71	93	1
71	94	-1
71	99	1
71	101	1
71	102	-1
71	103	1
71	105	-1
71	106	-1
71	109	1
71	110	-1
71	117	-1
71	118	1
71	121	-1
71	122	-1
71	123	-1
71	124	-1
71	129	1
71	130	-1
71	131	-1
71	132	-1
71	133	-1
71	138	-1
71	142	-1
71	146	1
71	147	1
71	149	1
71	152	-1
71	153	-1
71	154	-1
71	155	1
71	156	-1
71	157	1
71	158	-1
71	159	-1
71	161	1
71	163	1
71	164	-1
71	167	1
71	168	1
71	170	1
71	171	1
71	173	1
71	178	1
71	179	1
71	180	1
71	181	1
71	185	1
71	186	1
71	188	-1
71	192	-1
71	193	1
71	195	1
71	197	1
71	200	1
71	206	1
71	208	-1
71	210	1
71	211	1
71	212	1
71	213	1
71	214	-1
71	217	1
71	218	1
71	220	-1
71	222	1
71	223	-1
71	224	-1
71	227	-1
71	229	1
71	230	-1
71	231	-1
71	232	1
71	234	-1
71	235	1
71	239	-1
71	241	1
71	242	-1
71	244	-1
71	245	-1
71	246	1
71	247	-1
71	248	-1
71	249	-1
71	251	1
71	253	-1
71	255	-1
71	257	1
71	259	1
71	261	-1
71	262	1
71	268	-1
71	269	1
71	273	1
71	275	-1
71	276	1
71	277	-1
71	288	-1
71	289	-1
71	291	-1
71	293	-1
71	296	1
71	297	1
71	298	-1
71	300	1
71	302	-1
71	307	-1
71	312	1
71	314	1
71	317	1
71	318	-1
71	320	1
71	331	-1
71	333	-1
71	334	-1
71	338	-1
71	340	1
71	341	1
71	342	-1
71	343	1
71	344	1
71	345	-1
71	346	1
71	347	-1
71	348	1
71	349	1
71	350	-1
71	353	-1
71	357	1
71	366	1
71	368	1
71	369	1
71	370	-1
71	371	-1
71	377	1
71	378	-1
71	379	-1
71	383	1
71	386	-1
71	387	-1
71	390	1
71	391	1
71	392	-1
71	393	-1
71	397	1
71	398	-1
71	402	1
71	403	1
71	405	-1
71	406	1
71	411	-1
71	415	1
71	418	-1
71	420	-1
71	421	-1
71	422	-1
71	424	-1
71	425	1
71	426	-1
71	429	1
71	430	-1
71	431	1
71	432	-1
71	435	1
71	436	-1
71	437	-1
71	440	-1
71	441	-1
71	443	-1
71	447	1
71	448	-1
71	449	-1
71	451	1
71	452	1
71	454	-1
71	455	1
71	458	-1
71	462	-1
71	463	-1
71	467	-1
71	469	-1
71	471	-1
71	475	-1
71	476	1
71	477	-1
71	478	-1
71	481	-1
71	485	1
71	486	-1
71	487	-1
71	490	1
71	491	-1
71	492	-1
71	493	-1
71	494	1
71	495	1
71	496	-1
71	498	1
71	499	1
72	73	-1
72	74	-1
72	75	1
72	77	1
72	79	1
72	80	1
72	81	-1
72	82	-1
72	84	-1
72	86	-1
72	87	1
72	88	-1
72	89	1
72	90	-1
72	94	1
72	95	-1
72	96	1
72	98	-1
72	100	1
72	102	1
72	103	-1
72	107	-1
72	109	-1
72	111	1
72	112	1
72	114	-1
72	117	-1
72	118	-1
72	119	-1
72	120	-1
72	122	1
72	125	1
72	129	-1
72	130	-1
72	133	1
72	135	1
72	136	1
72	137	-1
72	139	-1
72	140	1
72	142	-1
72	144	-1
72	145	1
72	147	-1
72	148	1
72	150	-1
72	151	1
72	152	1
72	153	1
72	155	1
72	158	1
72	159	1
72	162	-1
72	163	1
72	166	-1
72	168	1
72	169	1
72	172	-1
72	173	1
72	174	-1
72	176	-1
72	178	-1
72	179	1
72	180	1
72	183	1
72	187	-1
72	189	-1
72	193	1
72	194	1
72	196	1
72	199	1
72	202	-1
72	203	1
72	204	1
72	207	1
72	209	-1
72	211	-1
72	212	-1
72	214	1
72	216	1
72	220	-1
72	221	-1
72	222	1
72	226	-1
72	227	-1
72	232	-1
72	233	1
72	234	-1
72	236	-1
72	237	-1
72	238	-1
72	240	-1
72	241	1
72	243	-1
72	244	-1
72	247	1
72	251	1
72	253	-1
72	254	-1
72	255	-1
72	256	-1
72	260	-1
72	266	-1
72	272	1
72	275	1
72	277	-1
72	278	1
72	279	-1
72	281	-1
72	282	1
72	284	-1
72	285	1
72	287	1
72	296	-1
72	298	1
72	299	1
72	302	-1
72	303	1
72	304	1
72	305	1
72	307	-1
72	309	1
72	311	-1
72	312	1
72	316	1
72	321	1
72	322	1
72	323	-1
72	324	1
72	325	-1
72	326	1
72	327	-1
72	331	-1
72	335	-1
72	340	-1
72	342	1
72	346	-1
72	348	-1
72	349	1
72	350	-1
72	351	-1
72	352	-1
72	357	-1
72	359	-1
72	363	-1
72	367	1
72	370	-1
72	372	1
72	373	1
72	375	-1
72	377	1
72	380	-1
72	381	-1
72	383	-1
72	384	1
72	387	1
72	393	-1
72	394	-1
72	395	-1
72	398	1
72	399	-1
72	401	-1
72	402	1
72	406	-1
72	407	-1
72	408	1
72	411	1
72	414	-1
72	416	1
72	418	-1
72	421	1
72	422	-1
72	425	1
72	429	-1
72	430	-1
72	431	-1
72	435	-1
72	436	-1
72	438	1
72	443	-1
72	444	-1
72	445	-1
72	446	-1
72	448	-1
72	449	-1
72	452	-1
72	453	1
72	454	1
72	456	1
72	457	-1
72	460	1
72	464	-1
72	465	-1
72	466	-1
72	468	-1
72	469	1
72	472	-1
72	475	1
72	476	-1
72	477	1
72	479	1
72	484	1
72	486	1
72	489	-1
72	491	1
72	495	1
72	496	1
72	498	-1
73	74	1
73	75	-1
73	76	1
73	80	-1
73	81	1
73	82	1
73	83	1
73	85	1
73	86	1
73	87	1
73	90	1
73	91	1
73	92	-1
73	94	-1
73	96	1
73	97	-1
73	98	1
73	101	-1
73	102	-1
73	104	-1
73	105	1
73	109	-1
73	113	-1
73	116	1
73	119	1
73	120	-1
73	122	1
73	131	-1
73	135	-1
73	136	1
73	137	1
73	139	-1
73	140	-1
73	142	-1
73	143	1
73	144	-1
73	145	1
73	146	1
73	149	1
73	150	-1
73	151	-1
73	153	-1
73	154	1
73	158	-1
73	159	-1
73	164	-1
73	166	1
73	168	1
73	170	-1
73	173	-1
73	175	-1
73	176	-1
73	178	1
73	180	1
73	182	-1
73	185	-1
73	188	-1
73	189	1
73	190	1
73	191	-1
73	194	1
73	196	-1
73	198	-1
73	199	-1
73	201	1
73	202	-1
73	208	-1
73	211	1
73	214	-1
73	215	1
73	216	1
73	217	1
73	218	-1
73	219	-1
73	223	1
73	224	1
73	227	-1
73	228	-1
73	231	1
73	232	-1
73	233	1
73	235	-1
73	238	1
73	241	1
73	253	-1
73	254	1
73	255	-1
73	257	-1
73	259	-1
73	260	-1
73	261	-1
73	262	-1
73	265	1
73	269	1
73	270	-1
73	273	1
73	276	1
73	277	-1
73	278	1
73	280	-1
73	281	-1
73	285	1
73	286	1
73	287	1
73	289	1
73	291	1
73	296	1
73	298	1
73	301	-1
73	309	1
73	310	1
73	311	-1
73	314	-1
73	315	1
73	316	1
73	317	-1
73	318	1
73	319	1
73	321	-1
73	322	1
73	323	1
73	326	-1
73	327	1
73	331	-1
73	334	-1
73	336	1
73	338	1
73	339	-1
73	340	-1
73	341	1
73	346	1
73	348	-1
73	355	1
73	356	1
73	358	-1
73	359	1
73	360	-1
73	361	1
73	362	-1
73	364	1
73	365	1
73	366	1
73	368	1
73	369	-1
73	370	1
73	373	-1
73	374	-1
73	378	-1
73	379	1
73	381	-1
73	382	-1
73	384	1
73	391	1
73	392	-1
73	395	1
73	398	-1
73	399	1
73	401	1
73	404	1
73	405	1
73	407	-1
73	408	1
73	409	-1
73	411	-1
73	412	-1
73	416	1
73	417	1
73	418	-1
73	419	-1
73	423	-1
73	424	-1
73	425	-1
73	427	1
73	430	1
73	434	1
73	436	1
73	439	1
73	440	-1
73	441	-1
73	445	-1
73	447	1
73	448	-1
73	449	-1
73	454	-1
73	455	-1
73	456	-1
73	462	1
73	464	1
73	471	1
73	474	-1
73	475	1
73	476	-1
73	479	1
73	480	1
73	481	1
73	482	1
73	483	-1
73	487	-1
73	488	1
73	492	1
73	493	1
73	494	1
73	497	-1
73	499	1
74	75	-1
74	76	1
74	77	-1
74	79	1
74	83	1
74	85	1
74	86	1
74	89	1
74	90	-1
74	91	1
74	93	-1
74	94	1
74	96	1
74	99	-1
74	101	-1
74	106	-1
74	107	1
74	108	1
74	109	1
74	111	1
74	113	-1
74	114	-1
74	117	-1
74	118	-1
74	120	-1
74	121	-1
74	122	-1
74	125	1
74	126	1
74	127	-1
74	128	-1
74	131	-1
74	135	-1
74	136	-1
74	138	1
74	139	1
74	143	1
74	144	-1
74	145	1
74	147	-1
74	149	1
74	150	-1
74	152	-1
74	153	1
74	155	1
74	157	-1
74	163	-1
74	164	1
74	167	-1
74	168	1
74	169	1
74	170	-1
74	171	1
74	172	1
74	176	1
74	178	1
74	183	-1
74	184	1
74	185	-1
74	187	1
74	189	-1
74	190	1
74	194	1
74	195	1
74	196	-1
74	197	1
74	201	-1
74	202	-1
74	204	1
74	206	-1
74	211	-1
74	213	1
74	214	-1
74	217	1
74	218	1
74	219	1
74	220	-1
74	221	1
74	225	-1
74	227	1
74	232	1
74	233	1
74	236	1
74	237	1
74	239	-1
74	240	-1
74	242	-1
74	244	-1
74	247	1
74	251	-1
74	254	-1
74	255	-1
74	256	-1
74	257	-1
74	263	-1
74	264	-1
74	266	1
74	268	-1
74	270	-1
74	271	-1
74	272	-1
74	273	-1
74	280	-1
74	284	1
74	285	-1
74	286	-1
74	288	1
74	289	1
74	296	1
74	297	1
74	299	-1
74	302	-1
74	303	1
74	304	-1
74	305	-1
74	306	-1
74	307	-1
74	310	1
74	311	-1
74	313	1
74	314	-1
74	315	1
74	318	-1
74	323	1
74	329	-1
74	332	-1
74	333	1
74	334	1
74	337	1
74	338	1
74	339	1
74	340	1
74	341	-1
74	342	-1
74	344	1
74	345	1
74	347	1
74	348	1
74	349	-1
74	353	-1
74	355	-1
74	356	-1
74	357	1
74	358	-1
74	363	-1
74	366	-1
74	369	1
74	370	-1
74	371	1
74	374	-1
74	376	-1
74	377	1
74	378	1
74	383	1
74	385	1
74	387	1
74	389	1
74	391	-1
74	394	1
74	396	1
74	397	1
74	399	-1
74	401	-1
74	402	1
74	403	-1
74	409	1
74	411	1
74	412	1
74	415	-1
74	416	-1
74	419	-1
74	420	-1
74	423	-1
74	424	-1
74	426	1
74	428	-1
74	429	-1
74	435	-1
74	436	1
74	437	-1
74	438	-1
74	439	1
74	440	1
74	442	-1
74	446	1
74	447	1
74	448	-1
74	449	1
74	450	-1
74	452	1
74	456	1
74	457	1
74	459	1
74	463	-1
74	464	-1
74	465	1
74	467	-1
74	468	1
74	469	1
74	471	1
74	473	-1
74	474	1
74	475	-1
74	476	-1
74	477	1
74	480	1
74	484	1
74	487	1
74	491	1
74	492	-1
74	494	-1
74	495	1
74	499	1
75	76	1
75	80	-1
75	81	1
75	82	1
75	83	1
75	88	-1
75	90	1
75	91	1
75	92	1
75	94	1
75	95	1
75	97	-1
75	98	1
75	99	1
75	100	-1
75	101	-1
75	103	1
75	105	-1
75	109	1
75	111	1
75	115	-1
75	118	-1
75	121	1
75	123	-1
75	126	-1
75	129	1
75	130	1
75	131	1
75	136	-1
75	137	-1
75	138	-1
75	142	1
75	144	1
75	148	-1
75	149	-1
75	152	-1
75	154	-1
75	156	1
75	159	1
75	160	1
75	162	1
75	163	-1
75	165	1
75	167	-1
75	168	1
75	171	-1
75	173	-1
75	174	1
75	175	1
75	176	-1
75	177	-1
75	181	1
75	183	-1
75	186	1
75	191	1
75	192	1
75	193	1
75	198	1
75	201	-1
75	202	1
75	205	-1
75	206	-1
75	209	-1
75	211	1
75	213	-1
75	214	1
75	217	1
75	218	-1
75	219	1
75	221	1
75	224	1
75	226	1
75	227	1
75	229	-1
75	230	1
75	231	1
75	232	1
75	234	-1
75	235	1
75	236	-1
75	238	1
75	239	1
75	240	-1
75	242	1
75	243	-1
75	244	-1
75	246	-1
75	247	1
75	248	1
75	250	-1
75	254	1
75	256	1
75	258	-1
75	260	-1
75	261	-1
75	262	-1
75	265	-1
75	266	-1
75	271	-1
75	272	-1
75	273	1
75	274	-1
75	276	-1
75	277	1
75	279	1
75	280	-1
75	281	1
75	286	1
75	288	1
75	289	1
75	291	1
75	292	1
75	293	1
75	297	1
75	298	1
75	299	1
75	302	-1
75	303	1
75	306	-1
75	307	-1
75	308	1
75	309	1
75	312	1
75	316	1
75	318	1
75	322	-1
75	323	-1
75	324	1
75	325	-1
75	326	-1
75	330	1
75	331	-1
75	332	1
75	333	-1
75	334	1
75	335	1
75	336	-1
75	340	-1
75	341	-1
75	342	1
75	343	-1
75	348	-1
75	349	-1
75	356	1
75	357	1
75	358	-1
75	368	-1
75	369	1
75	370	1
75	373	-1
75	376	-1
75	378	-1
75	383	-1
75	384	-1
75	385	1
75	386	-1
75	389	-1
75	390	1
75	393	1
75	395	-1
75	396	1
75	397	1
75	398	1
75	399	-1
75	400	1
75	403	-1
75	405	1
75	406	-1
75	407	1
75	409	-1
75	412	1
75	414	1
75	416	1
75	418	-1
75	419	1
75	420	-1
75	421	-1
75	422	1
75	423	1
75	425	1
75	432	-1
75	434	-1
75	437	-1
75	438	1
75	439	-1
75	440	-1
75	443	1
75	445	1
75	446	-1
75	448	1
75	453	-1
75	454	-1
75	455	-1
75	458	1
75	459	-1
75	460	1
75	462	-1
75	466	-1
75	468	-1
75	469	1
75	470	-1
75	471	-1
75	472	-1
75	474	-1
75	475	-1
75	477	-1
75	480	-1
75	484	-1
75	485	-1
75	487	-1
75	489	-1
75	498	-1
76	78	-1
76	79	-1
76	81	1
76	82	-1
76	83	-1
76	87	-1
76	88	-1
76	89	1
76	90	1
76	92	-1
76	93	1
76	94	-1
76	95	1
76	96	1
76	97	1
76	98	1
76	99	-1
76	100	-1
76	103	-1
76	105	-1
76	107	-1
76	112	-1
76	113	1
76	114	-1
76	119	1
76	121	1
76	123	1
76	124	1
76	125	-1
76	126	1
76	128	-1
76	129	1
76	130	1
76	135	-1
76	141	-1
76	143	1
76	147	-1
76	150	-1
76	151	1
76	152	-1
76	155	1
76	156	-1
76	159	1
76	161	1
76	165	1
76	166	1
76	167	1
76	169	-1
76	171	-1
76	172	1
76	175	-1
76	176	1
76	177	-1
76	178	1
76	179	1
76	181	1
76	183	1
76	184	-1
76	188	-1
76	189	1
76	190	-1
76	193	1
76	195	-1
76	197	1
76	199	-1
76	201	-1
76	202	-1
76	204	-1
76	206	-1
76	208	-1
76	212	-1
76	213	-1
76	214	-1
76	218	1
76	219	-1
76	220	1
76	221	1
76	222	1
76	227	1
76	229	1
76	231	1
76	233	-1
76	234	1
76	240	-1
76	243	1
76	244	-1
76	245	1
76	246	-1
76	249	1
76	250	-1
76	254	-1
76	257	-1
76	258	-1
76	259	1
76	260	1
76	264	-1
76	268	1
76	269	-1
76	270	-1
76	272	-1
76	275	-1
76	277	-1
76	280	1
76	281	-1
76	282	1
76	283	1
76	288	1
76	289	1
76	291	1
76	293	1
76	294	-1
76	297	-1
76	302	-1
76	303	-1
76	310	1
76	313	1
76	314	1
76	315	1
76	316	1
76	318	-1
76	319	1
76	320	-1
76	321	-1
76	322	1
76	324	1
76	325	1
76	328	-1
76	329	1
76	331	-1
76	333	1
76	335	1
76	336	1
76	337	-1
76	341	1
76	345	-1
76	349	-1
76	352	-1
76	353	-1
76	356	-1
76	357	1
76	358	-1
76	359	1
76	361	1
76	364	-1
76	369	-1
76	373	1
76	374	-1
76	376	1
76	378	1
76	379	-1
76	381	-1
76	382	1
76	384	-1
76	385	1
76	386	1
76	387	1
76	389	1
76	390	1
76	392	-1
76	393	-1
76	396	1
76	397	-1
76	398	-1
76	399	-1
76	400	1
76	401	1
76	406	-1
76	414	1
76	415	-1
76	416	1
76	417	1
76	419	1
76	421	1
76	422	1
76	423	1
76	427	-1
76	432	1
76	438	-1
76	440	-1
76	453	-1
76	454	-1
76	455	-1
76	457	1
76	460	-1
76	461	1
76	463	1
76	465	1
76	466	1
76	475	1
76	478	-1
76	479	1
76	480	-1
76	481	1
76	482	-1
76	483	1
76	485	-1
76	486	1
76	488	-1
76	490	-1
76	491	-1
76	492	-1
76	494	-1
76	495	-1
76	498	1
77	78	1
77	79	1
77	81	1
77	82	1
77	83	-1
77	85	-1
77	87	1
77	88	1
77	91	1
77	92	1
77	93	-1
77	94	1
77	95	1
77	97	1
77	98	1
77	100	1
77	101	1
77	102	1
77	103	1
77	106	1
77	109	1
77	110	-1
77	112	-1
77	114	-1
77	117	1
77	118	-1
77	121	1
77	122	1
77	123	1
77	127	1
77	128	-1
77	130	-1
77	134	1
77	136	1
77	138	-1
77	139	1
77	143	1
77	147	1
77	148	-1
77	149	-1
77	150	-1
77	154	1
77	155	1
77	156	1
77	158	-1
77	164	1
77	165	1
77	166	-1
77	167	-1
77	169	1
77	173	-1
77	174	-1
77	181	-1
77	182	1
77	183	-1
77	184	-1
77	186	-1
77	190	-1
77	192	-1
77	193	-1
77	194	-1
77	201	1
77	202	-1
77	203	1
77	208	1
77	210	1
77	211	-1
77	213	-1
77	215	1
77	217	1
77	218	-1
77	226	-1
77	228	-1
77	230	-1
77	231	-1
77	232	1
77	233	-1
77	234	-1
77	236	-1
77	241	-1
77	242	1
77	243	1
77	244	1
77	245	1
77	246	1
77	247	1
77	249	1
77	253	1
77	254	-1
77	255	1
77	257	-1
77	261	-1
77	264	1
77	265	1
77	266	-1
77	267	-1
77	270	-1
77	272	1
77	273	1
77	275	1
77	276	1
77	277	1
77	281	1
77	282	-1
77	283	-1
77	284	-1
77	285	-1
77	287	1
77	291	-1
77	296	1
77	297	1
77	298	1
77	299	-1
77	300	1
77	302	-1
77	303	-1
77	304	1
77	306	-1
77	307	-1
77	309	1
77	310	-1
77	314	-1
77	315	-1
77	318	-1
77	319	-1
77	320	-1
77	322	1
77	324	-1
77	326	-1
77	327	-1
77	329	-1
77	331	-1
77	332	-1
77	333	-1
77	334	-1
77	336	-1
77	337	-1
77	338	-1
77	341	-1
77	345	-1
77	346	-1
77	347	1
77	350	-1
77	352	-1
77	353	-1
77	354	-1
77	355	1
77	356	-1
77	357	1
77	358	1
77	359	-1
77	362	1
77	363	-1
77	365	-1
77	367	-1
77	368	-1
77	369	1
77	370	-1
77	378	-1
77	379	1
77	380	-1
77	384	-1
77	386	-1
77	388	1
77	389	-1
77	391	-1
77	394	-1
77	396	-1
77	399	-1
77	401	1
77	403	1
77	404	-1
77	405	1
77	406	1
77	409	-1
77	410	1
77	412	-1
77	414	-1
77	415	-1
77	417	1
77	419	1
77	420	-1
77	421	-1
77	424	1
77	426	-1
77	427	1
77	428	-1
77	429	1
77	434	1
77	436	-1
77	441	-1
77	451	-1
77	452	-1
77	453	-1
77	454	-1
77	456	-1
77	457	-1
77	458	-1
77	463	1
77	465	1
77	468	-1
77	469	1
77	470	1
77	474	1
77	475	-1
77	477	-1
77	478	1
77	482	1
77	484	1
77	488	1
77	489	-1
77	490	-1
77	491	1
77	494	-1
78	80	-1
78	81	1
78	82	-1
78	84	1
78	86	1
78	87	-1
78	90	1
78	91	1
78	92	1
78	93	-1
78	95	-1
78	96	1
78	97	-1
78	101	1
78	103	1
78	105	-1
78	106	1
78	109	-1
78	112	1
78	113	1
78	116	-1
78	117	1
78	119	-1
78	120	1
78	121	1
78	124	1
78	125	1
78	127	-1
78	129	-1
78	133	1
78	135	-1
78	136	-1
78	137	1
78	139	1
78	142	1
78	144	-1
78	145	1
78	146	-1
78	147	1
78	150	-1
78	153	-1
78	154	-1
78	155	-1
78	158	-1
78	160	1
78	163	1
78	167	1
78	169	1
78	170	1
78	174	1
78	177	-1
78	178	1
78	181	-1
78	183	-1
78	184	-1
78	187	-1
78	188	-1
78	189	-1
78	190	-1
78	191	-1
78	193	-1
78	195	-1
78	196	-1
78	197	1
78	198	1
78	200	1
78	206	-1
78	208	-1
78	209	1
78	210	1
78	211	1
78	215	-1
78	216	-1
78	219	1
78	220	-1
78	221	1
78	223	1
78	226	-1
78	227	1
78	228	1
78	229	1
78	232	-1
78	236	1
78	241	1
78	245	-1
78	246	-1
78	247	1
78	251	-1
78	252	1
78	254	1
78	256	-1
78	257	1
78	258	1
78	260	1
78	262	1
78	264	1
78	265	-1
78	266	-1
78	267	1
78	271	1
78	272	1
78	275	-1
78	276	-1
78	279	-1
78	280	1
78	285	-1
78	289	-1
78	290	1
78	291	-1
78	293	-1
78	295	1
78	298	1
78	300	1
78	302	1
78	303	-1
78	311	-1
78	313	-1
78	317	1
78	318	1
78	320	-1
78	323	1
78	324	1
78	325	1
78	329	-1
78	334	-1
78	335	1
78	336	-1
78	337	1
78	340	1
78	341	1
78	344	-1
78	347	-1
78	348	1
78	350	-1
78	353	1
78	354	1
78	355	1
78	360	1
78	361	-1
78	363	1
78	364	1
78	365	-1
78	366	-1
78	371	1
78	373	-1
78	374	-1
78	376	1
78	379	-1
78	384	-1
78	387	1
78	388	-1
78	389	1
78	390	-1
78	399	1
78	408	1
78	409	-1
78	410	-1
78	411	-1
78	412	1
78	413	-1
78	415	1
78	417	1
78	420	1
78	422	1
78	423	1
78	424	1
78	426	1
78	427	1
78	429	1
78	430	1
78	432	1
78	434	-1
78	438	1
78	440	1
78	441	-1
78	442	-1
78	443	-1
78	445	-1
78	447	1
78	448	1
78	454	-1
78	456	1
78	458	-1
78	459	-1
78	460	-1
78	461	1
78	462	1
78	466	-1
78	468	-1
78	470	1
78	471	1
78	472	1
78	474	1
78	476	1
78	479	-1
78	481	1
78	482	1
78	485	1
78	487	-1
78	492	1
78	493	-1
78	495	-1
78	496	1
78	498	1
79	80	1
79	81	1
79	82	1
79	83	-1
79	84	1
79	85	-1
79	86	-1
79	87	-1
79	90	-1
79	92	-1
79	93	-1
79	95	1
79	97	1
79	98	1
79	99	1
79	100	-1
79	101	1
79	102	1
79	105	1
79	106	1
79	109	1
79	110	1
79	112	-1
79	115	-1
79	116	-1
79	118	1
79	119	1
79	122	1
79	124	-1
79	125	-1
79	126	1
79	127	1
79	131	1
79	132	1
79	133	1
79	135	1
79	137	-1
79	139	-1
79	141	-1
79	143	-1
79	144	1
79	146	-1
79	147	1
79	149	-1
79	151	-1
79	155	1
79	157	-1
79	158	1
79	159	-1
79	160	-1
79	162	-1
79	163	1
79	164	1
79	165	-1
79	168	1
79	169	1
79	170	-1
79	171	-1
79	172	1
79	181	-1
79	182	1
79	183	1
79	185	-1
79	187	1
79	189	-1
79	190	-1
79	191	-1
79	194	-1
79	195	-1
79	197	-1
79	201	1
79	204	-1
79	210	-1
79	212	1
79	214	-1
79	217	1
79	219	-1
79	220	1
79	221	1
79	222	-1
79	231	-1
79	232	-1
79	233	1
79	234	1
79	236	-1
79	237	1
79	239	-1
79	240	1
79	243	1
79	245	-1
79	247	1
79	248	1
79	255	-1
79	256	-1
79	257	-1
79	258	1
79	259	1
79	260	1
79	261	1
79	262	1
79	265	1
79	266	1
79	268	-1
79	269	-1
79	271	-1
79	274	-1
79	275	-1
79	279	1
79	280	1
79	281	-1
79	282	-1
79	283	-1
79	286	-1
79	287	-1
79	288	1
79	290	1
79	291	-1
79	294	1
79	297	-1
79	298	-1
79	305	1
79	306	-1
79	307	-1
79	308	-1
79	311	-1
79	312	-1
79	313	-1
79	317	1
79	321	-1
79	324	-1
79	325	1
79	326	-1
79	328	1
79	329	1
79	331	1
79	332	1
79	333	-1
79	334	-1
79	338	1
79	340	1
79	342	-1
79	343	1
79	346	-1
79	347	1
79	348	-1
79	350	-1
79	352	1
79	354	-1
79	355	1
79	359	1
79	360	1
79	365	-1
79	366	1
79	368	-1
79	369	1
79	371	-1
79	373	1
79	376	-1
79	377	1
79	378	-1
79	380	1
79	383	-1
79	384	1
79	385	-1
79	388	-1
79	390	1
79	391	-1
79	392	-1
79	393	-1
79	395	-1
79	396	-1
79	399	1
79	401	1
79	405	-1
79	409	1
79	410	1
79	413	1
79	414	-1
79	415	1
79	417	1
79	419	-1
79	420	-1
79	422	-1
79	425	1
79	427	-1
79	429	-1
79	430	1
79	431	1
79	432	-1
79	436	1
79	437	1
79	438	1
79	439	-1
79	440	-1
79	441	1
79	444	-1
79	446	-1
79	450	1
79	453	-1
79	463	1
79	465	1
79	466	1
79	469	-1
79	470	1
79	472	-1
79	473	-1
79	475	-1
79	476	1
79	482	-1
79	485	1
79	490	-1
79	492	1
79	493	1
79	495	1
79	497	1
80	81	1
80	82	1
80	83	-1
80	84	-1
80	87	1
80	88	-1
80	90	-1
80	91	-1
80	92	1
80	93	1
80	94	1
80	95	-1
80	97	-1
80	98	-1
80	99	-1
80	101	-1
80	102	-1
80	103	1
80	104	-1
80	105	-1
80	111	1
80	112	-1
80	113	1
80	114	-1
80	115	1
80	122	-1
80	123	-1
80	126	1
80	127	1
80	130	-1
80	132	-1
80	134	-1
80	135	-1
80	136	-1
80	137	-1
80	139	1
80	140	-1
80	144	-1
80	145	-1
80	146	1
80	148	-1
80	152	-1
80	154	-1
80	157	1
80	158	-1
80	159	1
80	161	1
80	164	-1
80	166	1
80	172	-1
80	173	-1
80	174	-1
80	176	1
80	178	-1
80	179	-1
80	182	-1
80	185	1
80	186	1
80	189	1
80	191	-1
80	193	1
80	195	1
80	196	1
80	198	1
80	199	1
80	202	-1
80	203	1
80	205	1
80	206	-1
80	207	-1
80	209	-1
80	213	-1
80	214	1
80	215	-1
80	216	1
80	217	1
80	218	1
80	219	-1
80	220	1
80	224	1
80	227	1
80	228	-1
80	229	1
80	230	1
80	233	1
80	234	1
80	235	-1
80	237	-1
80	238	-1
80	239	1
80	240	-1
80	246	1
80	250	-1
80	251	-1
80	252	-1
80	253	-1
80	254	-1
80	255	-1
80	256	-1
80	257	1
80	258	1
80	262	-1
80	267	-1
80	269	1
80	271	1
80	272	1
80	275	1
80	279	-1
80	281	1
80	283	-1
80	284	1
80	287	1
80	289	-1
80	290	-1
80	293	-1
80	295	1
80	296	1
80	298	-1
80	299	1
80	301	1
80	302	1
80	303	1
80	307	1
80	308	-1
80	309	1
80	311	1
80	312	-1
80	313	-1
80	314	-1
80	316	-1
80	318	1
80	319	-1
80	325	-1
80	330	-1
80	331	-1
80	336	1
80	338	-1
80	339	1
80	341	-1
80	342	-1
80	344	-1
80	347	-1
80	348	-1
80	349	1
80	352	1
80	355	-1
80	357	-1
80	358	-1
80	361	1
80	364	1
80	366	1
80	368	-1
80	369	-1
80	371	1
80	374	-1
80	375	-1
80	376	1
80	377	1
80	378	-1
80	380	-1
80	382	-1
80	385	1
80	386	1
80	388	-1
80	391	-1
80	392	-1
80	394	1
80	397	-1
80	399	-1
80	400	1
80	405	-1
80	410	-1
80	412	-1
80	413	1
80	415	1
80	417	1
80	420	-1
80	421	1
80	422	-1
80	423	-1
80	424	-1
80	427	-1
80	431	-1
80	432	1
80	434	-1
80	439	1
80	442	-1
80	445	1
80	447	-1
80	452	1
80	455	-1
80	456	-1
80	458	1
80	461	-1
80	465	1
80	466	-1
80	468	1
80	469	1
80	470	-1
80	471	1
80	473	1
80	475	-1
80	479	-1
80	480	1
80	483	-1
80	489	1
80	491	-1
80	493	1
80	495	1
80	497	-1
81	83	-1
81	84	1
81	86	1
81	89	-1
81	90	1
81	91	-1
81	92	-1
81	94	1
81	95	1
81	96	1
81	98	1
81	99	1
81	100	-1
81	101	-1
81	102	-1
81	103	-1
81	109	1
81	112	-1
81	118	1
81	120	1
81	125	1
81	129	-1
81	132	1
81	133	1
81	136	-1
81	139	1
81	141	-1
81	143	-1
81	147	1
81	149	-1
81	150	1
81	151	-1
81	155	-1
81	157	-1
81	158	-1
81	160	1
81	162	-1
81	163	1
81	165	-1
81	168	-1
81	172	1
81	173	1
81	174	-1
81	176	1
81	178	-1
81	179	-1
81	180	1
81	181	-1
81	182	1
81	183	1
81	186	-1
81	191	-1
81	192	-1
81	193	-1
81	195	1
81	200	1
81	201	1
81	203	1
81	204	1
81	207	-1
81	209	-1
81	211	1
81	214	1
81	215	1
81	216	-1
81	218	1
81	221	1
81	222	1
81	223	-1
81	224	1
81	227	1
81	229	1
81	230	1
81	231	-1
81	234	1
81	235	1
81	239	-1
81	242	1
81	243	1
81	244	-1
81	247	-1
81	251	-1
81	252	-1
81	254	-1
81	258	-1
81	259	1
81	261	1
81	262	-1
81	263	-1
81	266	1
81	267	-1
81	268	1
81	272	1
81	273	1
81	275	1
81	277	-1
81	278	-1
81	281	-1
81	282	1
81	285	-1
81	289	1
81	290	1
81	291	-1
81	292	-1
81	294	-1
81	295	1
81	296	1
81	297	-1
81	298	1
81	302	1
81	304	-1
81	305	-1
81	309	-1
81	310	1
81	311	1
81	312	-1
81	313	-1
81	314	-1
81	316	-1
81	319	1
81	323	-1
81	326	1
81	329	1
81	330	-1
81	331	-1
81	335	-1
81	336	-1
81	337	1
81	339	-1
81	340	-1
81	342	1
81	345	1
81	346	1
81	348	1
81	351	-1
81	354	1
81	355	1
81	357	1
81	358	1
81	359	-1
81	362	1
81	366	-1
81	367	1
81	368	-1
81	372	-1
81	375	1
81	383	-1
81	388	-1
81	392	-1
81	393	-1
81	395	1
81	398	1
81	403	-1
81	404	1
81	407	1
81	408	-1
81	409	-1
81	414	-1
81	415	-1
81	416	-1
81	418	1
81	419	1
81	425	-1
81	427	-1
81	428	1
81	431	1
81	433	1
81	434	-1
81	435	1
81	436	-1
81	442	-1
81	443	1
81	444	-1
81	445	-1
81	447	1
81	450	1
81	453	1
81	454	-1
81	455	-1
81	462	1
81	463	1
81	465	1
81	467	-1
81	468	-1
81	471	-1
81	472	-1
81	473	-1
81	475	-1
81	476	-1
81	479	-1
81	480	-1
81	482	-1
81	483	-1
81	484	1
81	485	1
81	487	-1
81	488	-1
81	489	-1
81	490	-1
81	492	1
81	493	1
81	494	1
82	84	-1
82	85	-1
82	87	-1
82	88	1
82	89	-1
82	90	1
82	91	-1
82	92	1
82	93	1
82	95	-1
82	97	-1
82	98	-1
82	99	1
82	102	-1
82	103	1
82	106	1
82	109	-1
82	110	1
82	114	-1
82	115	-1
82	116	1
82	117	1
82	119	-1
82	121	1
82	122	-1
82	128	1
82	129	-1
82	130	-1
82	137	-1
82	139	1
82	140	1
82	145	-1
82	147	-1
82	149	-1
82	150	-1
82	154	1
82	155	-1
82	156	-1
82	157	-1
82	158	1
82	159	1
82	160	-1
82	161	1
82	163	-1
82	166	-1
82	169	-1
82	172	-1
82	173	-1
82	174	1
82	175	-1
82	179	-1
82	181	1
82	182	1
82	187	-1
82	188	-1
82	189	1
82	190	-1
82	192	1
82	195	-1
82	198	-1
82	199	-1
82	200	1
82	202	-1
82	204	1
82	205	-1
82	206	1
82	208	1
82	210	-1
82	211	1
82	215	1
82	216	1
82	217	-1
82	219	1
82	220	-1
82	224	1
82	225	-1
82	226	1
82	232	-1
82	233	-1
82	235	1
82	236	-1
82	238	1
82	239	-1
82	240	-1
82	242	1
82	244	1
82	247	-1
82	248	1
82	253	1
82	257	-1
82	259	1
82	260	-1
82	261	-1
82	262	1
82	263	1
82	264	1
82	265	1
82	266	1
82	268	1
82	269	-1
82	270	-1
82	275	1
82	278	1
82	280	-1
82	282	-1
82	283	-1
82	284	1
82	290	-1
82	293	1
82	294	1
82	300	1
82	302	1
82	308	1
82	313	-1
82	322	1
82	325	1
82	327	-1
82	328	-1
82	329	1
82	333	1
82	339	-1
82	340	1
82	343	1
82	344	1
82	345	-1
82	346	1
82	347	-1
82	349	1
82	350	-1
82	352	1
82	354	-1
82	355	-1
82	356	-1
82	357	1
82	358	-1
82	361	1
82	363	-1
82	364	-1
82	367	1
82	368	-1
82	370	-1
82	375	1
82	382	-1
82	383	-1
82	387	1
82	388	-1
82	389	1
82	390	1
82	391	-1
82	392	1
82	393	1
82	395	-1
82	396	-1
82	397	1
82	399	-1
82	400	-1
82	402	-1
82	403	-1
82	405	-1
82	407	1
82	408	-1
82	409	-1
82	412	1
82	414	-1
82	416	1
82	417	1
82	418	1
82	421	-1
82	422	1
82	425	1
82	426	-1
82	428	1
82	429	1
82	430	-1
82	432	1
82	434	1
82	437	-1
82	438	-1
82	442	1
82	443	-1
82	445	-1
82	447	1
82	448	-1
82	449	1
82	450	1
82	451	-1
82	452	1
82	454	-1
82	456	-1
82	457	1
82	464	-1
82	466	-1
82	467	1
82	471	1
82	472	1
82	473	1
82	476	1
82	477	-1
82	478	-1
82	479	-1
82	482	1
82	485	-1
82	488	-1
82	492	1
82	493	1
82	494	-1
82	495	-1
82	498	1
82	499	-1
83	84	-1
83	91	1
83	92	1
83	93	-1
83	96	-1
83	98	1
83	101	1
83	102	-1
83	105	1
83	106	-1
83	109	1
83	111	1
83	114	1
83	115	-1
83	117	-1
83	121	1
83	125	1
83	127	-1
83	128	1
83	129	1
83	130	1
83	133	1
83	134	1
83	136	1
83	137	1
83	139	-1
83	140	1
83	142	1
83	143	-1
83	148	-1
83	149	-1
83	150	1
83	151	1
83	154	-1
83	157	1
83	159	-1
83	166	1
83	169	1
83	170	-1
83	173	1
83	176	-1
83	178	1
83	179	-1
83	180	1
83	181	1
83	182	1
83	183	-1
83	184	-1
83	186	-1
83	188	-1
83	189	1
83	190	1
83	192	-1
83	195	1
83	196	1
83	198	-1
83	200	-1
83	201	-1
83	202	-1
83	203	1
83	204	1
83	206	-1
83	207	-1
83	212	1
83	214	-1
83	216	-1
83	217	1
83	218	-1
83	219	-1
83	221	1
83	222	1
83	223	-1
83	225	-1
83	228	-1
83	230	1
83	235	-1
83	236	-1
83	239	1
83	243	1
83	244	1
83	246	-1
83	247	-1
83	248	1
83	251	-1
83	255	1
83	259	-1
83	261	-1
83	263	1
83	265	1
83	267	-1
83	269	1
83	271	-1
83	273	-1
83	274	-1
83	276	-1
83	277	1
83	278	1
83	279	1
83	280	1
83	281	-1
83	284	-1
83	285	-1
83	289	1
83	290	1
83	292	1
83	297	-1
83	298	1
83	300	1
83	301	1
83	302	1
83	304	1
83	306	-1
83	307	1
83	312	-1
83	313	-1
83	318	1
83	319	-1
83	320	1
83	321	1
83	323	-1
83	324	-1
83	325	-1
83	326	1
83	328	1
83	330	-1
83	331	1
83	336	-1
83	337	-1
83	338	1
83	341	-1
83	345	1
83	346	-1
83	349	-1
83	351	1
83	352	-1
83	353	1
83	358	1
83	359	1
83	360	-1
83	362	-1
83	363	1
83	365	1
83	366	1
83	369	-1
83	370	1
83	378	1
83	379	1
83	380	1
83	381	1
83	382	-1
83	386	1
83	387	1
83	391	1
83	393	1
83	397	-1
83	398	-1
83	399	-1
83	400	1
83	401	1
83	404	-1
83	405	1
83	407	-1
83	408	1
83	409	-1
83	411	1
83	413	1
83	414	1
83	415	1
83	417	-1
83	418	1
83	421	-1
83	422	1
83	423	-1
83	425	1
83	426	-1
83	431	-1
83	432	1
83	437	-1
83	439	1
83	443	-1
83	444	1
83	455	1
83	457	1
83	459	-1
83	460	1
83	467	-1
83	468	-1
83	471	-1
83	472	1
83	473	1
83	476	-1
83	478	1
83	483	-1
83	485	-1
83	487	1
83	488	-1
83	490	1
83	493	1
83	494	1
83	497	1
83	499	-1
84	85	1
84	91	-1
84	92	1
84	94	1
84	95	1
84	96	-1
84	98	1
84	101	1
84	104	-1
84	105	1
84	107	-1
84	109	-1
84	110	1
84	111	1
84	112	1
84	113	1
84	114	-1
84	120	1
84	122	-1
84	125	-1
84	131	-1
84	132	-1
84	134	-1
84	140	1
84	142	-1
84	143	1
84	148	-1
84	149	-1
84	151	-1
84	152	1
84	153	-1
84	154	-1
84	155	1
84	160	-1
84	163	1
84	165	1
84	167	1
84	168	1
84	169	1
84	170	1
84	172	-1
84	176	1
84	182	1
84	183	-1
84	184	1
84	188	1
84	191	-1
84	192	1
84	193	-1
84	197	-1
84	198	1
84	199	-1
84	201	-1
84	202	-1
84	203	-1
84	204	1
84	205	-1
84	206	-1
84	210	1
84	211	-1
84	212	-1
84	216	1
84	217	-1
84	220	1
84	224	-1
84	228	-1
84	229	1
84	232	-1
84	233	-1
84	234	-1
84	235	1
84	240	-1
84	242	1
84	245	-1
84	247	1
84	248	-1
84	249	1
84	250	1
84	251	-1
84	253	1
84	255	1
84	257	1
84	259	1
84	261	-1
84	263	-1
84	264	-1
84	266	1
84	267	-1
84	269	1
84	274	1
84	276	1
84	277	1
84	279	-1
84	280	-1
84	281	1
84	285	-1
84	286	1
84	288	1
84	292	1
84	296	1
84	303	1
84	304	1
84	306	-1
84	307	-1
84	308	-1
84	310	1
84	311	-1
84	313	-1
84	315	1
84	316	1
84	318	-1
84	319	-1
84	321	1
84	324	1
84	326	-1
84	328	1
84	329	-1
84	330	-1
84	334	-1
84	336	-1
84	337	-1
84	339	1
84	341	1
84	342	1
84	343	1
84	346	1
84	347	1
84	351	-1
84	352	-1
84	356	1
84	359	1
84	361	1
84	362	1
84	363	1
84	367	1
84	369	1
84	370	1
84	372	-1
84	373	-1
84	375	-1
84	377	1
84	378	1
84	381	-1
84	384	-1
84	385	1
84	386	-1
84	387	-1
84	389	1
84	391	1
84	394	-1
84	395	-1
84	396	-1
84	400	1
84	401	1
84	402	-1
84	403	-1
84	404	-1
84	405	1
84	407	-1
84	409	-1
84	410	1
84	411	-1
84	412	1
84	414	1
84	415	1
84	417	1
84	419	-1
84	422	-1
84	423	-1
84	425	-1
84	427	-1
84	429	-1
84	430	1
84	434	-1
84	435	1
84	436	-1
84	440	-1
84	441	1
84	443	1
84	446	-1
84	450	1
84	451	1
84	452	-1
84	453	-1
84	461	1
84	462	-1
84	463	-1
84	464	-1
84	465	1
84	467	1
84	468	-1
84	471	-1
84	474	-1
84	475	-1
84	476	1
84	478	1
84	479	-1
84	481	1
84	482	-1
84	483	1
84	487	1
84	490	-1
84	492	1
84	493	1
84	495	-1
84	497	1
84	498	-1
85	87	1
85	88	-1
85	89	1
85	90	-1
85	92	1
85	93	1
85	94	-1
85	95	-1
85	96	1
85	97	-1
85	98	1
85	99	1
85	103	1
85	106	-1
85	107	-1
85	109	1
85	110	-1
85	111	-1
85	113	-1
85	119	-1
85	120	-1
85	121	-1
85	122	-1
85	124	-1
85	127	1
85	128	1
85	129	1
85	136	-1
85	139	1
85	142	-1
85	144	-1
85	145	-1
85	146	1
85	150	1
85	151	1
85	152	-1
85	155	1
85	161	-1
85	162	-1
85	163	1
85	167	-1
85	169	-1
85	170	1
85	171	1
85	172	-1
85	179	-1
85	182	-1
85	183	-1
85	184	1
85	185	1
85	186	-1
85	187	1
85	188	1
85	189	-1
85	190	-1
85	192	-1
85	194	-1
85	195	1
85	196	-1
85	198	-1
85	200	1
85	202	-1
85	203	-1
85	204	-1
85	205	-1
85	208	-1
85	210	1
85	212	-1
85	213	1
85	214	-1
85	215	-1
85	216	1
85	218	-1
85	219	1
85	221	1
85	223	-1
85	227	-1
85	228	1
85	229	-1
85	233	-1
85	234	-1
85	238	-1
85	239	1
85	240	1
85	241	-1
85	242	1
85	243	-1
85	244	-1
85	246	1
85	249	1
85	250	-1
85	251	1
85	252	-1
85	253	-1
85	254	-1
85	255	1
85	256	-1
85	258	-1
85	259	1
85	260	-1
85	261	1
85	262	-1
85	263	-1
85	264	1
85	272	1
85	275	1
85	276	-1
85	277	-1
85	280	1
85	288	-1
85	296	1
85	297	-1
85	303	1
85	304	1
85	306	-1
85	308	1
85	309	-1
85	312	1
85	317	-1
85	318	1
85	319	-1
85	322	-1
85	323	-1
85	328	-1
85	330	1
85	331	1
85	333	1
85	334	1
85	341	-1
85	342	1
85	345	1
85	346	-1
85	347	-1
85	348	-1
85	350	1
85	351	-1
85	352	1
85	359	1
85	360	-1
85	361	-1
85	362	1
85	365	1
85	369	-1
85	372	1
85	374	1
85	375	1
85	377	-1
85	378	1
85	380	1
85	381	-1
85	384	1
85	386	1
85	389	1
85	391	-1
85	392	1
85	393	-1
85	395	-1
85	396	-1
85	397	-1
85	398	-1
85	399	1
85	401	1
85	407	-1
85	410	1
85	411	-1
85	413	1
85	418	1
85	419	1
85	420	1
85	421	-1
85	422	1
85	426	1
85	428	-1
85	431	1
85	435	1
85	436	1
85	437	1
85	438	-1
85	439	1
85	441	-1
85	442	1
85	444	-1
85	447	-1
85	449	1
85	451	-1
85	452	1
85	456	-1
85	457	-1
85	459	1
85	460	1
85	462	1
85	464	1
85	466	1
85	468	-1
85	469	1
85	470	1
85	472	1
85	474	-1
85	475	-1
85	476	-1
85	478	-1
85	479	-1
85	480	-1
85	481	1
85	486	1
85	489	1
85	490	-1
85	491	-1
85	492	-1
85	495	1
85	498	-1
85	499	1
86	88	-1
86	89	-1
86	90	1
86	91	-1
86	92	1
86	93	-1
86	95	1
86	96	1
86	97	1
86	98	1
86	99	-1
86	100	-1
86	101	1
86	103	1
86	108	1
86	109	1
86	111	1
86	113	1
86	115	-1
86	117	-1
86	118	1
86	119	-1
86	120	-1
86	121	1
86	122	-1
86	123	-1
86	126	1
86	127	-1
86	128	-1
86	132	-1
86	141	1
86	144	1
86	148	1
86	152	-1
86	154	-1
86	157	1
86	159	-1
86	161	1
86	163	1
86	165	-1
86	166	1
86	168	1
86	169	-1
86	171	1
86	174	1
86	176	1
86	178	1
86	179	1
86	181	-1
86	182	-1
86	185	1
86	188	1
86	190	-1
86	192	-1
86	193	1
86	194	1
86	196	-1
86	197	1
86	202	-1
86	204	1
86	209	1
86	214	-1
86	215	-1
86	217	-1
86	218	-1
86	219	-1
86	220	-1
86	222	-1
86	224	-1
86	225	1
86	230	-1
86	231	-1
86	232	-1
86	234	1
86	236	-1
86	238	-1
86	245	-1
86	247	1
86	248	1
86	250	-1
86	254	-1
86	255	1
86	256	-1
86	257	1
86	259	-1
86	260	-1
86	261	1
86	264	1
86	269	1
86	274	1
86	275	-1
86	276	1
86	278	-1
86	284	-1
86	285	1
86	286	-1
86	288	-1
86	293	-1
86	298	1
86	301	1
86	304	1
86	307	-1
86	312	1
86	316	1
86	318	-1
86	319	-1
86	321	1
86	322	-1
86	324	-1
86	326	-1
86	327	1
86	330	-1
86	334	1
86	336	-1
86	342	1
86	343	-1
86	347	-1
86	348	1
86	350	1
86	355	1
86	361	1
86	362	1
86	364	-1
86	365	1
86	368	-1
86	369	-1
86	370	-1
86	374	1
86	376	-1
86	377	1
86	378	1
86	379	1
86	380	1
86	382	-1
86	387	-1
86	391	1
86	392	-1
86	393	1
86	394	1
86	396	-1
86	399	-1
86	402	1
86	403	1
86	405	1
86	406	1
86	407	1
86	409	-1
86	410	-1
86	414	1
86	417	-1
86	421	-1
86	425	1
86	427	-1
86	430	-1
86	431	1
86	432	-1
86	433	1
86	437	1
86	439	1
86	440	-1
86	441	-1
86	446	-1
86	447	1
86	448	-1
86	450	1
86	451	1
86	452	1
86	453	-1
86	456	-1
86	458	-1
86	460	-1
86	461	-1
86	462	-1
86	464	-1
86	467	1
86	471	1
86	473	-1
86	476	1
86	477	1
86	478	-1
86	485	1
86	487	-1
86	489	1
86	490	1
86	491	-1
86	492	1
86	499	-1
87	88	1
87	90	1
87	92	1
87	93	1
87	94	-1
87	95	-1
87	98	1
87	100	-1
87	101	1
87	102	-1
87	103	1
87	104	-1
87	105	1
87	106	1
87	108	-1
87	110	-1
87	111	-1
87	113	1
87	114	1
87	115	1
87	116	-1
87	117	-1
87	118	-1
87	119	-1
87	120	-1
87	121	1
87	123	1
87	126	1
87	127	1
87	130	1
87	131	-1
87	133	1
87	135	1
87	136	1
87	137	-1
87	138	1
87	148	1
87	151	-1
87	152	1
87	156	-1
87	157	-1
87	158	1
87	160	1
87	162	1
87	163	-1
87	168	-1
87	170	-1
87	171	-1
87	172	-1
87	174	1
87	175	-1
87	178	-1
87	181	-1
87	182	1
87	183	-1
87	187	1
87	188	-1
87	190	-1
87	191	1
87	192	1
87	193	1
87	194	1
87	195	1
87	198	-1
87	199	-1
87	200	1
87	201	-1
87	202	1
87	203	-1
87	204	-1
87	205	1
87	206	-1
87	207	-1
87	208	-1
87	209	-1
87	210	-1
87	211	-1
87	213	-1
87	215	1
87	217	-1
87	218	-1
87	219	1
87	220	-1
87	222	1
87	223	-1
87	226	-1
87	227	1
87	228	1
87	229	1
87	231	1
87	232	-1
87	233	1
87	236	1
87	238	1
87	239	1
87	240	-1
87	245	1
87	246	-1
87	251	-1
87	252	-1
87	253	-1
87	256	1
87	257	-1
87	260	1
87	262	-1
87	266	1
87	270	1
87	271	1
87	272	1
87	274	-1
87	276	-1
87	277	1
87	279	1
87	280	-1
87	282	1
87	283	1
87	287	1
87	288	1
87	290	1
87	291	1
87	292	1
87	294	1
87	296	1
87	297	1
87	299	1
87	300	-1
87	301	1
87	303	-1
87	309	-1
87	310	-1
87	311	-1
87	312	-1
87	313	1
87	318	1
87	319	-1
87	324	-1
87	326	-1
87	327	-1
87	329	-1
87	332	-1
87	333	1
87	336	1
87	337	1
87	343	1
87	345	-1
87	347	-1
87	348	-1
87	352	-1
87	353	1
87	355	1
87	356	1
87	357	1
87	361	1
87	363	-1
87	364	1
87	368	-1
87	369	-1
87	371	1
87	377	1
87	381	1
87	384	1
87	385	1
87	387	1
87	389	1
87	390	-1
87	391	1
87	392	-1
87	394	1
87	395	1
87	397	-1
87	398	-1
87	401	-1
87	402	-1
87	403	-1
87	407	1
87	409	1
87	412	-1
87	413	1
87	414	-1
87	415	1
87	416	1
87	417	1
87	418	1
87	420	-1
87	421	-1
87	428	1
87	429	-1
87	432	1
87	433	-1
87	434	1
87	437	1
87	438	1
87	439	-1
87	440	-1
87	441	-1
87	442	1
87	446	1
87	447	-1
87	448	1
87	449	1
87	450	1
87	452	1
87	454	-1
87	455	-1
87	458	-1
87	459	-1
87	461	1
87	462	1
87	463	-1
87	464	1
87	465	1
87	466	-1
87	467	1
87	469	1
87	473	1
87	475	1
87	479	1
87	480	-1
87	482	-1
87	483	-1
87	484	1
87	491	1
87	492	-1
87	494	1
87	495	1
87	497	-1
87	498	-1
87	499	-1
88	91	1
88	92	-1
88	95	-1
88	96	1
88	98	-1
88	101	-1
88	102	1
88	104	1
88	107	-1
88	108	-1
88	110	-1
88	111	1
88	112	1
88	113	1
88	114	-1
88	115	-1
88	116	-1
88	120	-1
88	121	-1
88	123	-1
88	124	1
88	126	1
88	128	1
88	130	-1
88	131	1
88	132	-1
88	134	-1
88	135	-1
88	138	-1
88	141	1
88	142	1
88	147	1
88	148	-1
88	149	-1
88	153	-1
88	156	1
88	157	-1
88	160	1
88	166	1
88	167	-1
88	168	1
88	169	1
88	172	-1
88	173	-1
88	175	-1
88	179	1
88	180	1
88	181	-1
88	184	-1
88	185	-1
88	190	-1
88	191	-1
88	193	1
88	197	-1
88	199	1
88	202	-1
88	206	-1
88	207	-1
88	208	-1
88	209	1
88	212	-1
88	214	1
88	215	-1
88	218	-1
88	219	-1
88	221	1
88	223	1
88	224	-1
88	225	1
88	229	-1
88	231	1
88	232	-1
88	234	1
88	235	-1
88	238	1
88	239	-1
88	243	1
88	245	1
88	246	1
88	248	1
88	249	1
88	250	-1
88	251	1
88	253	1
88	256	1
88	257	1
88	258	1
88	260	-1
88	261	-1
88	262	-1
88	268	1
88	269	1
88	270	-1
88	272	-1
88	273	-1
88	275	1
88	279	-1
88	280	-1
88	281	-1
88	283	1
88	284	1
88	286	-1
88	288	-1
88	293	-1
88	295	-1
88	296	1
88	298	1
88	299	-1
88	301	-1
88	304	-1
88	311	-1
88	312	-1
88	316	1
88	317	-1
88	318	-1
88	319	1
88	320	1
88	321	1
88	324	-1
88	325	-1
88	326	1
88	330	-1
88	333	-1
88	335	-1
88	336	-1
88	344	1
88	346	1
88	354	1
88	358	1
88	363	-1
88	365	1
88	367	1
88	368	1
88	370	-1
88	371	1
88	374	1
88	376	1
88	379	-1
88	380	1
88	384	-1
88	385	-1
88	387	-1
88	392	-1
88	393	-1
88	396	1
88	398	-1
88	399	1
88	400	-1
88	402	1
88	403	-1
88	405	-1
88	407	-1
88	408	-1
88	413	1
88	414	1
88	415	-1
88	416	-1
88	417	-1
88	420	1
88	421	-1
88	423	-1
88	424	1
88	426	1
88	427	-1
88	429	-1
88	430	1
88	432	1
88	433	1
88	435	1
88	437	1
88	438	1
88	440	1
88	441	1
88	442	1
88	443	1
88	444	-1
88	445	-1
88	452	1
88	455	-1
88	456	1
88	459	1
88	460	-1
88	461	1
88	462	1
88	463	1
88	464	1
88	467	-1
88	468	-1
88	469	-1
88	470	-1
88	471	-1
88	474	-1
88	475	1
88	476	-1
88	478	1
88	479	-1
88	487	-1
88	489	-1
88	493	-1
88	494	1
88	498	-1
89	90	1
89	93	1
89	95	-1
89	96	-1
89	97	1
89	98	1
89	101	-1
89	102	-1
89	103	1
89	104	1
89	105	1
89	106	-1
89	108	-1
89	112	-1
89	114	1
89	117	1
89	118	1
89	119	-1
89	120	1
89	123	1
89	125	-1
89	126	1
89	127	-1
89	128	1
89	131	1
89	132	-1
89	134	1
89	136	-1
89	137	1
89	138	1
89	140	-1
89	142	-1
89	147	1
89	148	-1
89	149	-1
89	150	1
89	154	1
89	155	1
89	156	1
89	157	1
89	158	-1
89	159	1
89	161	1
89	162	1
89	165	1
89	166	1
89	169	1
89	170	-1
89	171	-1
89	174	-1
89	175	-1
89	176	1
89	180	1
89	182	-1
89	183	1
89	184	1
89	185	-1
89	186	1
89	187	1
89	189	-1
89	190	-1
89	192	-1
89	193	1
89	194	-1
89	195	-1
89	196	1
89	197	1
89	198	-1
89	199	-1
89	200	1
89	206	-1
89	211	-1
89	212	-1
89	217	1
89	218	1
89	220	1
89	221	-1
89	225	1
89	226	-1
89	227	-1
89	228	1
89	229	-1
89	231	-1
89	233	1
89	234	-1
89	235	-1
89	239	-1
89	240	-1
89	241	-1
89	243	1
89	244	-1
89	245	1
89	247	1
89	249	1
89	251	-1
89	253	-1
89	254	1
89	256	-1
89	257	-1
89	260	-1
89	262	-1
89	263	-1
89	265	-1
89	268	1
89	269	-1
89	271	1
89	273	-1
89	275	1
89	277	-1
89	278	1
89	280	1
89	281	-1
89	282	1
89	283	-1
89	284	1
89	285	1
89	289	1
89	295	-1
89	296	-1
89	298	1
89	299	-1
89	300	1
89	301	-1
89	302	-1
89	308	1
89	310	-1
89	313	1
89	318	-1
89	321	-1
89	322	1
89	324	1
89	325	1
89	327	1
89	329	1
89	332	-1
89	334	1
89	335	1
89	336	-1
89	337	1
89	339	-1
89	340	-1
89	343	1
89	346	-1
89	347	1
89	348	1
89	349	-1
89	350	1
89	351	1
89	352	-1
89	353	-1
89	354	1
89	357	-1
89	358	-1
89	362	1
89	364	1
89	365	-1
89	368	1
89	370	-1
89	375	-1
89	378	-1
89	379	-1
89	381	1
89	384	-1
89	386	1
89	389	1
89	390	-1
89	392	-1
89	398	-1
89	399	-1
89	400	-1
89	401	-1
89	402	1
89	403	-1
89	404	-1
89	406	1
89	409	-1
89	410	-1
89	411	1
89	412	1
89	415	1
89	416	1
89	417	-1
89	426	-1
89	427	-1
89	428	1
89	429	-1
89	431	-1
89	435	1
89	436	-1
89	437	1
89	438	1
89	439	1
89	440	-1
89	444	-1
89	445	1
89	446	-1
89	449	-1
89	450	1
89	452	-1
89	454	1
89	455	-1
89	456	-1
89	457	-1
89	460	1
89	462	1
89	464	-1
89	467	1
89	470	1
89	471	-1
89	472	-1
89	473	1
89	475	-1
89	476	1
89	477	1
89	478	-1
89	479	-1
89	480	-1
89	481	-1
89	483	1
89	492	-1
89	495	1
89	498	-1
90	92	-1
90	93	-1
90	94	1
90	95	1
90	96	1
90	97	1
90	98	1
90	99	1
90	100	-1
90	102	-1
90	108	1
90	111	1
90	114	-1
90	115	-1
90	116	-1
90	118	-1
90	120	-1
90	124	1
90	126	-1
90	130	-1
90	131	-1
90	132	-1
90	133	1
90	134	-1
90	135	-1
90	137	-1
90	138	-1
90	140	1
90	142	-1
90	150	1
90	151	1
90	154	-1
90	156	-1
90	157	-1
90	161	-1
90	164	-1
90	165	1
90	166	1
90	169	-1
90	171	1
90	172	-1
90	175	1
90	176	-1
90	180	-1
90	183	-1
90	185	1
90	186	1
90	188	-1
90	191	1
90	193	-1
90	194	-1
90	196	-1
90	197	1
90	200	-1
90	202	-1
90	203	-1
90	206	1
90	208	1
90	210	1
90	211	-1
90	214	1
90	215	1
90	218	-1
90	220	1
90	222	-1
90	223	-1
90	224	-1
90	229	1
90	230	1
90	232	-1
90	233	-1
90	234	-1
90	235	-1
90	236	1
90	238	1
90	239	1
90	240	-1
90	241	-1
90	243	-1
90	246	-1
90	247	-1
90	249	-1
90	251	-1
90	252	-1
90	254	-1
90	257	1
90	258	1
90	262	-1
90	263	1
90	266	-1
90	267	1
90	268	-1
90	271	1
90	272	1
90	274	-1
90	275	-1
90	276	1
90	277	1
90	278	1
90	281	-1
90	285	1
90	286	1
90	287	-1
90	291	1
90	293	1
90	295	1
90	296	-1
90	297	1
90	299	-1
90	300	-1
90	302	1
90	304	-1
90	306	-1
90	308	-1
90	310	-1
90	312	1
90	313	-1
90	318	1
90	319	1
90	320	-1
90	324	-1
90	326	1
90	327	1
90	328	-1
90	330	1
90	334	1
90	335	-1
90	336	1
90	338	1
90	339	1
90	340	-1
90	341	1
90	343	-1
90	345	1
90	347	1
90	350	1
90	351	1
90	352	1
90	354	1
90	355	1
90	357	-1
90	360	1
90	361	-1
90	363	1
90	364	-1
90	365	-1
90	367	-1
90	372	-1
90	375	1
90	376	-1
90	377	1
90	378	1
90	379	-1
90	381	-1
90	384	1
90	385	-1
90	387	1
90	390	1
90	392	-1
90	394	1
90	396	1
90	398	1
90	400	-1
90	402	1
90	403	1
90	404	-1
90	405	1
90	406	-1
90	408	-1
90	411	-1
90	416	1
90	421	-1
90	422	1
90	426	1
90	429	-1
90	430	-1
90	431	-1
90	432	-1
90	433	-1
90	437	-1
90	439	-1
90	441	-1
90	443	-1
90	445	1
90	447	-1
90	448	-1
90	449	1
90	451	-1
90	452	1
90	454	1
90	458	-1
90	461	1
90	466	1
90	467	-1
90	469	-1
90	472	-1
90	473	-1
90	475	-1
90	476	-1
90	477	-1
90	480	-1
90	481	1
90	483	1
90	485	-1
90	488	1
90	490	-1
90	492	1
90	493	1
90	494	-1
90	495	1
91	92	-1
91	93	-1
91	94	1
91	95	1
91	96	1
91	97	1
91	98	1
91	101	-1
91	102	1
91	106	-1
91	113	1
91	114	-1
91	116	1
91	118	-1
91	119	1
91	125	1
91	127	-1
91	128	-1
91	129	1
91	132	1
91	134	1
91	135	1
91	138	-1
91	139	-1
91	140	-1
91	143	1
91	144	1
91	146	-1
91	147	-1
91	149	1
91	153	1
91	154	-1
91	155	1
91	156	-1
91	157	1
91	158	1
91	160	-1
91	161	-1
91	163	1
91	165	-1
91	167	1
91	168	-1
91	170	1
91	173	1
91	174	-1
91	178	-1
91	181	-1
91	183	-1
91	186	-1
91	188	-1
91	192	1
91	193	-1
91	195	1
91	196	1
91	197	1
91	200	-1
91	202	1
91	203	1
91	206	1
91	207	1
91	209	-1
91	210	1
91	212	-1
91	215	1
91	218	1
91	219	-1
91	221	1
91	223	-1
91	225	1
91	229	1
91	232	1
91	234	-1
91	237	1
91	239	-1
91	241	1
91	243	-1
91	244	1
91	246	-1
91	248	1
91	249	-1
91	255	-1
91	256	-1
91	258	1
91	260	1
91	266	-1
91	267	-1
91	271	-1
91	272	1
91	274	-1
91	275	1
91	276	-1
91	278	-1
91	281	1
91	284	-1
91	286	-1
91	287	-1
91	290	-1
91	296	1
91	300	1
91	301	-1
91	303	-1
91	307	1
91	308	1
91	309	1
91	311	-1
91	312	1
91	313	1
91	315	-1
91	316	1
91	317	-1
91	318	-1
91	319	-1
91	321	-1
91	322	1
91	326	1
91	328	1
91	331	1
91	332	-1
91	334	-1
91	335	-1
91	337	-1
91	343	-1
91	344	-1
91	349	-1
91	358	1
91	360	-1
91	361	1
91	363	1
91	368	1
91	371	1
91	372	1
91	374	-1
91	376	1
91	379	-1
91	380	-1
91	382	-1
91	383	-1
91	385	-1
91	386	-1
91	389	-1
91	390	-1
91	393	1
91	395	1
91	401	1
91	402	-1
91	404	1
91	410	1
91	413	-1
91	414	-1
91	415	1
91	416	1
91	417	1
91	419	-1
91	423	1
91	427	1
91	428	-1
91	429	1
91	430	1
91	433	-1
91	438	1
91	441	-1
91	442	1
91	446	1
91	451	-1
91	452	1
91	454	-1
91	455	1
91	458	1
91	459	1
91	460	1
91	461	1
91	464	1
91	466	-1
91	467	-1
91	470	-1
91	471	1
91	473	-1
91	474	1
91	475	1
91	476	-1
91	477	-1
91	479	1
91	482	-1
91	485	-1
91	486	1
91	487	-1
91	492	1
91	493	-1
91	494	-1
91	495	-1
91	496	1
91	497	-1
91	498	1
92	93	-1
92	95	1
92	96	1
92	97	-1
92	98	-1
92	99	1
92	100	-1
92	101	-1
92	103	-1
92	104	1
92	105	1
92	106	-1
92	107	-1
92	108	-1
92	109	-1
92	110	-1
92	111	-1
92	114	1
92	119	-1
92	125	1
92	126	1
92	127	-1
92	128	-1
92	129	-1
92	130	-1
92	132	-1
92	136	-1
92	141	1
92	145	-1
92	146	1
92	147	-1
92	149	1
92	150	-1
92	158	1
92	159	-1
92	161	-1
92	165	1
92	168	1
92	169	1
92	173	1
92	176	-1
92	177	1
92	179	-1
92	180	-1
92	182	-1
92	186	-1
92	188	1
92	190	1
92	191	-1
92	192	1
92	193	-1
92	196	1
92	197	-1
92	198	-1
92	199	1
92	200	-1
92	201	1
92	204	1
92	207	-1
92	208	1
92	209	1
92	211	-1
92	214	1
92	216	-1
92	217	-1
92	218	1
92	219	1
92	221	1
92	222	-1
92	226	-1
92	227	1
92	228	-1
92	229	-1
92	236	-1
92	238	1
92	239	1
92	240	-1
92	241	-1
92	242	-1
92	245	-1
92	247	-1
92	248	1
92	256	1
92	258	-1
92	259	1
92	260	-1
92	262	-1
92	264	1
92	266	1
92	269	1
92	275	1
92	276	1
92	278	-1
92	279	1
92	281	-1
92	282	-1
92	283	1
92	290	-1
92	292	1
92	293	1
92	295	1
92	296	1
92	298	-1
92	300	-1
92	301	-1
92	305	1
92	306	1
92	310	-1
92	312	-1
92	316	-1
92	321	1
92	322	1
92	323	1
92	326	-1
92	327	1
92	328	1
92	333	1
92	334	1
92	338	1
92	343	-1
92	346	-1
92	348	-1
92	349	1
92	350	-1
92	351	1
92	352	1
92	354	1
92	356	-1
92	358	-1
92	361	-1
92	362	-1
92	363	1
92	368	1
92	369	1
92	370	1
92	379	-1
92	380	-1
92	382	-1
92	385	1
92	387	-1
92	390	1
92	392	-1
92	394	1
92	398	1
92	399	-1
92	400	1
92	402	1
92	407	1
92	408	1
92	409	-1
92	413	-1
92	415	1
92	416	-1
92	419	-1
92	422	1
92	424	1
92	425	-1
92	427	-1
92	428	1
92	429	1
92	431	1
92	432	-1
92	436	1
92	439	-1
92	440	1
92	444	1
92	445	1
92	448	-1
92	449	1
92	450	-1
92	451	-1
92	452	-1
92	453	1
92	456	1
92	459	1
92	465	1
92	466	-1
92	468	-1
92	469	1
92	471	-1
92	475	1
92	476	1
92	477	-1
92	479	-1
92	480	-1
92	482	1
92	483	-1
92	484	1
92	485	1
92	490	1
92	495	1
92	496	-1
92	497	1
92	498	1
92	499	-1
93	95	1
93	96	-1
93	97	1
93	98	-1
93	99	1
93	100	-1
93	102	-1
93	107	-1
93	109	-1
93	110	-1
93	111	-1
93	112	1
93	115	-1
93	117	-1
93	118	1
93	119	1
93	120	-1
93	121	-1
93	122	1
93	124	1
93	126	1
93	130	-1
93	131	1
93	132	-1
93	133	1
93	134	-1
93	135	-1
93	137	1
93	140	-1
93	144	-1
93	145	1
93	146	1
93	149	1
93	151	1
93	154	1
93	156	1
93	160	1
93	161	-1
93	162	-1
93	167	1
93	168	1
93	172	1
93	173	1
93	175	1
93	178	-1
93	179	-1
93	180	1
93	182	1
93	186	-1
93	187	1
93	189	1
93	190	-1
93	191	1
93	192	1
93	193	-1
93	194	-1
93	196	1
93	197	-1
93	198	1
93	202	1
93	204	1
93	210	-1
93	214	-1
93	220	-1
93	223	1
93	224	-1
93	225	-1
93	228	1
93	230	-1
93	232	1
93	233	-1
93	237	-1
93	239	-1
93	240	1
93	241	1
93	242	1
93	243	-1
93	245	1
93	247	-1
93	249	1
93	250	1
93	251	1
93	253	-1
93	255	1
93	259	-1
93	261	1
93	262	-1
93	264	-1
93	266	-1
93	267	1
93	269	1
93	270	-1
93	273	-1
93	278	1
93	279	1
93	281	-1
93	282	1
93	283	-1
93	284	1
93	285	1
93	287	1
93	289	1
93	290	-1
93	291	1
93	292	1
93	294	1
93	298	-1
93	300	-1
93	301	-1
93	303	1
93	304	-1
93	305	-1
93	308	-1
93	309	-1
93	310	-1
93	313	-1
93	317	-1
93	319	1
93	322	1
93	323	1
93	324	1
93	325	1
93	327	1
93	329	1
93	331	1
93	332	-1
93	335	-1
93	336	1
93	337	1
93	338	-1
93	339	1
93	344	-1
93	345	-1
93	347	1
93	348	1
93	349	-1
93	351	1
93	353	-1
93	356	-1
93	359	1
93	362	1
93	363	-1
93	364	1
93	366	-1
93	369	-1
93	370	1
93	371	-1
93	373	-1
93	374	-1
93	376	-1
93	380	-1
93	381	-1
93	385	1
93	387	-1
93	388	-1
93	389	-1
93	390	1
93	391	1
93	395	-1
93	401	1
93	403	1
93	405	-1
93	406	-1
93	407	-1
93	408	1
93	411	1
93	412	1
93	413	1
93	416	-1
93	417	1
93	419	-1
93	421	-1
93	423	-1
93	425	1
93	426	1
93	430	1
93	434	1
93	437	-1
93	438	-1
93	439	1
93	441	-1
93	442	-1
93	444	1
93	446	-1
93	447	-1
93	448	-1
93	449	1
93	451	1
93	452	-1
93	457	1
93	458	1
93	459	1
93	461	1
93	462	1
93	463	1
93	464	1
93	466	1
93	467	-1
93	472	-1
93	474	1
93	477	-1
93	478	-1
93	479	-1
93	481	-1
93	483	1
93	488	-1
93	491	-1
93	493	-1
93	494	1
93	495	-1
93	497	1
94	96	-1
94	97	-1
94	101	-1
94	102	-1
94	103	-1
94	106	1
94	107	-1
94	109	-1
94	111	1
94	112	-1
94	114	-1
94	116	-1
94	118	1
94	119	-1
94	120	1
94	121	1
94	123	1
94	125	1
94	126	-1
94	127	-1
94	129	-1
94	130	1
94	133	1
94	135	1
94	139	-1
94	141	-1
94	142	-1
94	143	1
94	144	-1
94	146	-1
94	149	1
94	150	1
94	153	1
94	154	1
94	155	1
94	156	-1
94	159	-1
94	160	1
94	161	1
94	162	1
94	163	-1
94	165	-1
94	168	1
94	169	-1
94	170	1
94	174	1
94	175	1
94	178	1
94	181	-1
94	185	-1
94	186	-1
94	187	1
94	191	-1
94	196	1
94	197	1
94	199	1
94	200	1
94	202	-1
94	205	1
94	206	-1
94	207	1
94	210	-1
94	211	-1
94	213	-1
94	215	1
94	220	-1
94	221	-1
94	224	1
94	225	1
94	226	-1
94	228	-1
94	230	1
94	233	1
94	236	-1
94	237	-1
94	239	1
94	240	1
94	241	-1
94	244	1
94	248	1
94	249	1
94	250	-1
94	251	-1
94	253	-1
94	256	1
94	259	-1
94	263	1
94	264	1
94	266	-1
94	267	1
94	269	1
94	271	-1
94	272	-1
94	274	-1
94	275	-1
94	279	1
94	280	-1
94	281	1
94	286	1
94	287	-1
94	288	-1
94	291	-1
94	293	1
94	294	1
94	296	-1
94	297	1
94	298	-1
94	299	1
94	301	-1
94	303	-1
94	307	-1
94	309	-1
94	310	1
94	314	-1
94	315	-1
94	317	-1
94	320	-1
94	321	1
94	322	1
94	323	-1
94	324	1
94	327	-1
94	332	1
94	334	1
94	335	1
94	337	-1
94	338	-1
94	339	-1
94	341	1
94	345	-1
94	346	1
94	347	-1
94	352	1
94	353	1
94	355	-1
94	358	-1
94	360	1
94	361	1
94	363	-1
94	364	-1
94	366	-1
94	367	-1
94	369	-1
94	373	-1
94	374	1
94	375	1
94	377	1
94	378	-1
94	379	-1
94	380	-1
94	382	-1
94	383	-1
94	386	1
94	387	1
94	388	1
94	389	-1
94	390	1
94	391	-1
94	393	-1
94	394	1
94	395	1
94	396	1
94	398	-1
94	399	-1
94	400	1
94	401	-1
94	402	1
94	404	-1
94	408	1
94	411	-1
94	412	1
94	413	1
94	415	1
94	416	-1
94	417	1
94	419	-1
94	420	1
94	421	-1
94	422	-1
94	427	-1
94	428	1
94	430	1
94	434	1
94	438	1
94	440	1
94	441	-1
94	442	-1
94	444	1
94	445	-1
94	446	1
94	447	1
94	449	1
94	456	-1
94	458	-1
94	459	-1
94	463	1
94	464	1
94	467	-1
94	468	-1
94	470	-1
94	472	1
94	474	-1
94	476	1
94	477	-1
94	479	1
94	480	-1
94	482	-1
94	483	-1
94	485	1
94	488	-1
94	489	-1
94	490	1
94	491	1
94	492	-1
94	493	1
94	497	1
95	96	-1
95	97	-1
95	99	-1
95	101	1
95	102	-1
95	104	1
95	107	1
95	109	-1
95	110	-1
95	111	1
95	112	1
95	113	-1
95	116	1
95	117	-1
95	119	-1
95	121	-1
95	122	-1
95	125	1
95	128	-1
95	129	1
95	132	1
95	133	1
95	134	-1
95	135	-1
95	136	1
95	138	-1
95	139	-1
95	140	1
95	142	1
95	143	-1
95	145	1
95	146	1
95	151	-1
95	152	1
95	153	1
95	154	1
95	156	1
95	157	1
95	159	-1
95	161	-1
95	162	-1
95	163	-1
95	166	-1
95	171	1
95	172	1
95	173	-1
95	176	1
95	177	-1
95	178	-1
95	185	-1
95	187	1
95	189	-1
95	191	-1
95	193	1
95	200	-1
95	201	-1
95	205	-1
95	206	-1
95	207	1
95	208	-1
95	209	-1
95	210	-1
95	211	1
95	212	1
95	214	-1
95	220	-1
95	222	-1
95	223	-1
95	224	1
95	226	1
95	229	1
95	230	1
95	231	1
95	232	-1
95	237	-1
95	240	-1
95	245	1
95	246	-1
95	248	-1
95	250	-1
95	251	1
95	253	1
95	254	1
95	255	1
95	256	-1
95	257	1
95	258	-1
95	264	1
95	265	-1
95	267	1
95	268	-1
95	270	1
95	273	-1
95	274	1
95	276	1
95	279	-1
95	282	-1
95	284	1
95	287	-1
95	288	1
95	290	-1
95	294	1
95	295	-1
95	296	-1
95	298	-1
95	301	-1
95	308	-1
95	309	1
95	312	-1
95	313	1
95	314	1
95	317	1
95	318	-1
95	319	-1
95	320	1
95	321	-1
95	322	1
95	324	-1
95	325	-1
95	327	-1
95	328	-1
95	331	1
95	332	-1
95	336	1
95	337	1
95	338	-1
95	339	1
95	341	-1
95	342	1
95	345	-1
95	348	-1
95	350	1
95	351	-1
95	352	1
95	354	1
95	355	-1
95	357	-1
95	358	1
95	359	1
95	360	-1
95	362	1
95	365	-1
95	369	1
95	370	-1
95	371	1
95	372	1
95	375	-1
95	376	-1
95	377	1
95	384	1
95	387	-1
95	388	1
95	391	1
95	393	-1
95	394	1
95	396	1
95	398	1
95	399	-1
95	406	-1
95	407	1
95	408	-1
95	410	-1
95	412	-1
95	414	-1
95	416	1
95	417	1
95	418	-1
95	421	-1
95	423	-1
95	424	-1
95	425	-1
95	426	1
95	427	1
95	428	-1
95	430	1
95	434	1
95	437	-1
95	441	-1
95	444	-1
95	446	1
95	450	1
95	451	1
95	454	-1
95	457	-1
95	458	1
95	459	-1
95	460	-1
95	463	1
95	464	1
95	465	-1
95	466	1
95	467	1
95	468	1
95	473	-1
95	474	-1
95	475	1
95	477	1
95	478	1
95	480	1
95	482	-1
95	485	-1
95	486	-1
95	487	-1
95	488	1
95	489	-1
95	490	-1
95	491	-1
95	494	1
95	497	1
96	98	1
96	100	-1
96	101	-1
96	102	1
96	104	1
96	105	1
96	106	-1
96	110	1
96	111	1
96	113	1
96	114	-1
96	115	1
96	117	-1
96	119	-1
96	121	1
96	122	-1
96	123	-1
96	127	1
96	132	-1
96	135	1
96	136	1
96	138	1
96	140	1
96	141	1
96	142	1
96	145	-1
96	147	-1
96	149	1
96	150	1
96	152	-1
96	153	-1
96	156	-1
96	157	1
96	158	-1
96	160	-1
96	161	1
96	162	1
96	165	-1
96	166	1
96	168	-1
96	170	-1
96	172	1
96	173	1
96	174	1
96	176	-1
96	180	-1
96	183	1
96	184	-1
96	188	1
96	189	-1
96	190	1
96	193	1
96	195	-1
96	197	-1
96	198	1
96	208	-1
96	211	1
96	214	1
96	216	1
96	217	-1
96	218	1
96	219	-1
96	222	1
96	223	1
96	224	1
96	225	-1
96	227	-1
96	229	1
96	230	-1
96	232	1
96	238	1
96	239	1
96	242	-1
96	243	1
96	247	-1
96	248	-1
96	250	1
96	251	1
96	254	1
96	257	-1
96	258	-1
96	264	1
96	265	1
96	269	-1
96	270	1
96	272	1
96	274	-1
96	275	-1
96	276	1
96	277	1
96	278	1
96	279	1
96	280	1
96	282	-1
96	284	-1
96	285	1
96	286	-1
96	293	1
96	295	-1
96	296	1
96	297	-1
96	298	-1
96	300	-1
96	302	-1
96	304	1
96	305	1
96	308	-1
96	309	-1
96	310	1
96	311	-1
96	312	1
96	313	-1
96	315	1
96	318	1
96	319	-1
96	320	-1
96	321	-1
96	322	-1
96	323	1
96	324	-1
96	325	-1
96	327	-1
96	328	-1
96	329	1
96	331	-1
96	334	1
96	339	1
96	341	1
96	344	-1
96	347	1
96	348	-1
96	349	1
96	350	-1
96	351	1
96	352	1
96	353	1
96	357	-1
96	358	-1
96	360	1
96	361	1
96	362	1
96	363	-1
96	364	1
96	365	-1
96	366	1
96	367	-1
96	368	1
96	369	1
96	372	-1
96	375	1
96	376	1
96	380	-1
96	381	-1
96	382	-1
96	383	1
96	384	-1
96	385	1
96	387	-1
96	394	-1
96	396	1
96	397	1
96	400	1
96	401	1
96	402	-1
96	403	-1
96	405	1
96	410	1
96	411	1
96	414	-1
96	416	1
96	417	1
96	419	-1
96	421	-1
96	423	-1
96	425	1
96	429	-1
96	430	1
96	432	1
96	434	-1
96	437	1
96	438	1
96	444	-1
96	446	-1
96	452	1
96	454	1
96	459	1
96	460	-1
96	461	-1
96	463	-1
96	465	1
96	466	1
96	467	1
96	468	-1
96	470	1
96	471	-1
96	472	-1
96	473	-1
96	479	-1
96	481	-1
96	483	-1
96	484	-1
96	485	-1
96	487	1
96	490	-1
96	491	1
96	492	-1
96	493	-1
96	494	1
96	496	-1
96	497	1
96	498	-1
97	98	1
97	99	1
97	102	1
97	105	1
97	106	1
97	107	1
97	108	1
97	109	-1
97	112	1
97	116	-1
97	118	1
97	121	1
97	123	-1
97	124	1
97	125	1
97	127	1
97	128	1
97	131	-1
97	134	1
97	135	1
97	136	1
97	137	-1
97	138	1
97	139	-1
97	140	-1
97	141	1
97	142	1
97	143	1
97	144	1
97	145	1
97	146	-1
97	150	1
97	151	1
97	153	1
97	155	1
97	157	1
97	159	1
97	163	-1
97	166	-1
97	168	1
97	172	1
97	174	1
97	175	-1
97	177	1
97	178	1
97	179	-1
97	183	1
97	184	-1
97	185	-1
97	186	-1
97	187	-1
97	188	-1
97	190	1
97	191	1
97	192	1
97	195	-1
97	196	1
97	198	1
97	202	-1
97	203	1
97	206	1
97	209	1
97	212	-1
97	218	1
97	219	1
97	220	-1
97	221	1
97	222	1
97	223	-1
97	225	1
97	229	-1
97	230	-1
97	235	-1
97	236	1
97	237	-1
97	240	1
97	244	1
97	245	1
97	246	1
97	248	-1
97	254	1
97	258	1
97	260	-1
97	261	1
97	262	1
97	263	1
97	264	-1
97	265	1
97	266	-1
97	267	1
97	269	1
97	270	-1
97	271	1
97	272	-1
97	273	-1
97	275	-1
97	278	-1
97	279	1
97	281	-1
97	283	1
97	284	1
97	285	1
97	286	1
97	287	1
97	289	1
97	290	1
97	292	1
97	293	1
97	294	1
97	295	1
97	298	1
97	299	1
97	302	1
97	307	1
97	311	-1
97	313	-1
97	314	1
97	322	1
97	323	1
97	324	1
97	327	1
97	328	-1
97	329	-1
97	331	-1
97	332	1
97	334	-1
97	339	-1
97	343	1
97	346	-1
97	347	1
97	348	1
97	351	-1
97	353	1
97	356	1
97	357	-1
97	364	1
97	367	-1
97	368	1
97	370	-1
97	376	1
97	380	-1
97	381	-1
97	382	-1
97	385	1
97	386	-1
97	389	1
97	390	-1
97	397	1
97	401	1
97	402	-1
97	403	-1
97	404	1
97	405	1
97	406	1
97	408	-1
97	410	1
97	412	1
97	419	-1
97	422	1
97	425	1
97	426	-1
97	427	-1
97	428	1
97	429	1
97	430	-1
97	433	1
97	441	1
97	442	1
97	443	1
97	444	1
97	445	-1
97	447	1
97	448	1
97	455	1
97	456	-1
97	457	1
97	458	-1
97	459	-1
97	461	-1
97	462	-1
97	466	-1
97	467	-1
97	468	-1
97	469	1
97	472	-1
97	474	-1
97	479	-1
97	485	1
97	486	1
97	488	1
97	489	1
97	491	-1
97	495	-1
98	101	1
98	104	1
98	105	-1
98	106	-1
98	108	-1
98	109	-1
98	110	-1
98	116	1
98	121	-1
98	122	-1
98	123	1
98	124	1
98	125	-1
98	127	-1
98	129	1
98	132	-1
98	133	-1
98	134	-1
98	137	1
98	138	1
98	139	-1
98	140	1
98	144	1
98	147	-1
98	148	-1
98	156	-1
98	158	-1
98	159	-1
98	160	-1
98	163	-1
98	164	-1
98	165	1
98	166	-1
98	167	-1
98	168	1
98	170	-1
98	173	1
98	178	1
98	179	-1
98	180	1
98	182	1
98	183	1
98	184	-1
98	188	-1
98	191	-1
98	197	1
98	198	1
98	201	-1
98	202	-1
98	203	1
98	204	-1
98	205	1
98	206	-1
98	209	-1
98	212	-1
98	215	1
98	217	-1
98	220	1
98	221	1
98	223	1
98	226	1
98	228	1
98	229	1
98	231	-1
98	232	1
98	234	1
98	235	-1
98	236	1
98	237	1
98	238	-1
98	241	-1
98	245	-1
98	246	-1
98	251	1
98	253	-1
98	254	-1
98	255	1
98	256	1
98	257	1
98	259	-1
98	260	-1
98	262	1
98	263	-1
98	264	1
98	266	1
98	267	-1
98	268	1
98	269	-1
98	270	-1
98	274	-1
98	275	-1
98	276	1
98	277	-1
98	279	-1
98	280	-1
98	282	1
98	284	1
98	285	1
98	286	1
98	288	-1
98	289	-1
98	290	-1
98	291	-1
98	292	-1
98	293	1
98	294	1
98	295	1
98	298	-1
98	300	1
98	302	1
98	306	-1
98	307	-1
98	308	1
98	309	1
98	313	1
98	314	1
98	315	-1
98	319	1
98	321	1
98	322	-1
98	324	1
98	325	-1
98	326	-1
98	328	1
98	330	1
98	332	-1
98	334	-1
98	337	-1
98	339	-1
98	341	1
98	343	-1
98	344	-1
98	347	-1
98	349	1
98	352	1
98	353	1
98	354	1
98	356	-1
98	360	1
98	362	1
98	363	1
98	366	1
98	367	1
98	369	-1
98	371	-1
98	376	1
98	379	-1
98	380	1
98	381	-1
98	382	1
98	386	-1
98	388	1
98	389	1
98	390	-1
98	391	-1
98	395	1
98	399	1
98	400	1
98	401	-1
98	402	1
98	403	1
98	404	-1
98	406	1
98	407	-1
98	408	-1
98	413	-1
98	419	-1
98	420	-1
98	423	-1
98	424	-1
98	426	1
98	428	1
98	429	-1
98	431	1
98	433	-1
98	434	1
98	437	-1
98	439	1
98	442	1
98	443	1
98	447	-1
98	449	-1
98	450	-1
98	452	1
98	454	-1
98	456	-1
98	458	-1
98	459	-1
98	462	1
98	465	-1
98	466	-1
98	468	-1
98	469	-1
98	470	1
98	471	-1
98	473	-1
98	474	-1
98	475	1
98	476	1
98	477	-1
98	478	-1
98	479	-1
98	480	-1
98	482	-1
98	483	1
98	484	1
98	486	-1
98	487	-1
98	489	1
98	494	1
98	495	1
98	497	-1
99	100	1
99	104	1
99	105	1
99	107	1
99	109	1
99	113	-1
99	114	-1
99	115	1
99	116	-1
99	117	-1
99	119	1
99	120	-1
99	125	1
99	126	1
99	129	-1
99	131	1
99	132	1
99	135	1
99	136	1
99	137	1
99	138	-1
99	139	1
99	141	-1
99	142	-1
99	143	-1
99	144	-1
99	148	1
99	155	-1
99	157	-1
99	163	1
99	164	-1
99	165	-1
99	167	-1
99	168	1
99	169	-1
99	171	-1
99	172	-1
99	173	-1
99	174	1
99	176	-1
99	177	1
99	179	-1
99	180	1
99	183	-1
99	184	-1
99	185	1
99	186	1
99	187	1
99	190	1
99	192	1
99	195	-1
99	196	-1
99	198	1
99	199	1
99	200	-1
99	201	1
99	202	1
99	203	1
99	205	-1
99	206	1
99	207	1
99	208	-1
99	209	1
99	215	-1
99	216	1
99	217	1
99	218	-1
99	219	1
99	221	1
99	222	1
99	223	-1
99	229	1
99	230	-1
99	231	1
99	232	-1
99	233	-1
99	234	1
99	235	-1
99	237	-1
99	239	-1
99	243	-1
99	244	1
99	245	-1
99	246	1
99	248	-1
99	252	1
99	253	-1
99	257	-1
99	258	-1
99	261	1
99	264	-1
99	265	1
99	266	1
99	267	1
99	268	-1
99	269	1
99	270	-1
99	271	1
99	272	1
99	273	-1
99	275	-1
99	278	-1
99	279	1
99	282	1
99	283	-1
99	285	-1
99	286	1
99	292	-1
99	293	-1
99	294	-1
99	296	1
99	298	1
99	299	1
99	303	-1
99	305	1
99	307	1
99	309	1
99	310	1
99	311	1
99	313	1
99	314	-1
99	315	-1
99	317	1
99	318	1
99	321	-1
99	323	-1
99	324	1
99	326	1
99	327	-1
99	328	1
99	329	-1
99	330	1
99	337	-1
99	340	-1
99	343	-1
99	344	-1
99	349	1
99	351	-1
99	354	1
99	357	-1
99	359	1
99	362	-1
99	363	1
99	364	-1
99	367	1
99	369	1
99	372	-1
99	373	1
99	375	-1
99	377	-1
99	378	1
99	383	-1
99	391	1
99	395	1
99	397	-1
99	398	-1
99	401	-1
99	403	1
99	407	1
99	410	-1
99	411	1
99	412	-1
99	413	1
99	414	-1
99	415	-1
99	416	-1
99	417	-1
99	418	-1
99	421	-1
99	422	1
99	424	-1
99	425	-1
99	426	1
99	429	1
99	430	1
99	435	-1
99	436	1
99	437	-1
99	438	1
99	440	-1
99	442	1
99	445	-1
99	448	1
99	449	1
99	450	1
99	453	-1
99	455	1
99	456	-1
99	458	1
99	459	1
99	463	1
99	464	-1
99	465	1
99	470	1
99	471	1
99	472	-1
99	475	-1
99	476	-1
99	477	1
99	481	1
99	482	-1
99	484	-1
99	485	-1
99	487	1
99	488	1
99	490	-1
99	493	1
99	494	1
99	495	-1
99	496	1
100	105	1
100	106	1
100	107	-1
100	112	-1
100	113	-1
100	114	1
100	122	-1
100	124	1
100	135	-1
100	139	1
100	140	-1
100	141	-1
100	145	1
100	147	-1
100	149	-1
100	150	-1
100	151	-1
100	158	1
100	159	-1
100	160	-1
100	164	-1
100	167	1
100	169	-1
100	171	-1
100	175	1
100	177	-1
100	178	-1
100	180	-1
100	181	1
100	182	-1
100	184	1
100	185	-1
100	187	-1
100	188	1
100	189	-1
100	192	1
100	195	-1
100	197	-1
100	198	1
100	201	1
100	202	-1
100	203	1
100	204	1
100	205	-1
100	207	-1
100	211	1
100	212	-1
100	213	-1
100	216	-1
100	218	-1
100	220	-1
100	221	1
100	224	-1
100	225	1
100	228	1
100	229	-1
100	232	-1
100	235	-1
100	236	-1
100	240	-1
100	241	1
100	243	1
100	247	1
100	257	-1
100	258	-1
100	261	1
100	262	1
100	265	-1
100	266	-1
100	267	-1
100	270	1
100	272	1
100	274	1
100	277	-1
100	278	1
100	283	-1
100	285	-1
100	287	-1
100	289	1
100	290	-1
100	293	1
100	296	-1
100	297	1
100	298	1
100	299	-1
100	300	1
100	302	-1
100	303	-1
100	304	-1
100	305	-1
100	306	-1
100	307	1
100	309	-1
100	310	-1
100	311	1
100	314	1
100	315	-1
100	316	-1
100	317	1
100	318	1
100	319	1
100	321	1
100	325	-1
100	326	1
100	328	-1
100	331	-1
100	333	1
100	336	1
100	338	1
100	339	-1
100	342	-1
100	346	-1
100	348	1
100	349	-1
100	351	1
100	352	1
100	354	1
100	359	1
100	360	-1
100	361	-1
100	366	-1
100	367	1
100	368	1
100	371	-1
100	372	1
100	373	1
100	375	1
100	376	1
100	377	1
100	378	-1
100	379	-1
100	381	-1
100	382	1
100	383	-1
100	384	-1
100	387	1
100	388	1
100	389	1
100	391	1
100	392	1
100	394	1
100	395	1
100	401	-1
100	402	1
100	403	1
100	407	1
100	410	1
100	415	-1
100	416	-1
100	417	1
100	418	-1
100	420	1
100	423	1
100	425	1
100	429	1
100	430	1
100	431	-1
100	432	1
100	434	1
100	435	-1
100	437	1
100	438	-1
100	439	-1
100	441	-1
100	450	1
100	452	1
100	453	1
100	455	-1
100	456	1
100	457	1
100	458	-1
100	460	1
100	461	1
100	463	1
100	465	1
100	467	1
100	469	-1
100	470	-1
100	472	-1
100	473	-1
100	474	1
100	478	-1
100	479	1
100	482	1
100	483	1
100	484	1
100	486	-1
100	491	-1
100	497	1
100	499	1
101	102	-1
101	103	1
101	108	1
101	110	-1
101	111	-1
101	113	1
101	114	1
101	115	-1
101	116	-1
101	117	-1
101	120	-1
101	121	1
101	123	1
101	124	1
101	128	1
101	129	1
101	132	1
101	133	-1
101	135	-1
101	137	-1
101	138	1
101	139	1
101	141	1
101	142	-1
101	143	1
101	145	1
101	148	-1
101	151	-1
101	153	1
101	159	1
101	161	-1
101	162	-1
101	165	1
101	166	1
101	167	1
101	169	1
101	172	-1
101	173	-1
101	176	1
101	177	1
101	180	1
101	181	1
101	182	1
101	184	-1
101	187	-1
101	190	1
101	192	1
101	196	1
101	197	1
101	198	-1
101	199	-1
101	201	1
101	202	-1
101	203	-1
101	205	-1
101	206	-1
101	207	1
101	208	-1
101	209	1
101	212	1
101	215	1
101	216	-1
101	217	-1
101	218	-1
101	219	1
101	222	1
101	223	-1
101	224	-1
101	227	1
101	228	-1
101	229	-1
101	230	1
101	232	-1
101	233	1
101	237	1
101	239	1
101	241	1
101	242	1
101	244	-1
101	245	-1
101	248	-1
101	249	-1
101	250	-1
101	251	-1
101	252	-1
101	253	-1
101	255	-1
101	257	-1
101	258	-1
101	264	-1
101	265	1
101	267	1
101	268	-1
101	270	-1
101	271	1
101	273	1
101	274	1
101	276	1
101	277	-1
101	279	-1
101	281	1
101	283	1
101	288	1
101	289	-1
101	293	1
101	294	1
101	295	-1
101	296	-1
101	298	-1
101	299	1
101	303	-1
101	304	1
101	306	1
101	307	1
101	308	-1
101	309	1
101	310	1
101	311	-1
101	319	1
101	320	-1
101	321	-1
101	322	-1
101	328	-1
101	330	1
101	331	1
101	332	1
101	333	-1
101	334	1
101	338	-1
101	340	1
101	341	-1
101	344	-1
101	346	-1
101	348	1
101	351	-1
101	353	1
101	355	-1
101	356	1
101	357	1
101	363	-1
101	364	1
101	366	1
101	367	-1
101	368	-1
101	369	1
101	370	-1
101	371	1
101	375	-1
101	376	-1
101	379	1
101	380	-1
101	381	1
101	382	-1
101	384	-1
101	389	1
101	390	1
101	394	1
101	395	1
101	398	1
101	402	1
101	404	1
101	408	-1
101	409	-1
101	410	1
101	412	-1
101	413	-1
101	414	1
101	415	-1
101	416	-1
101	420	1
101	424	1
101	429	1
101	430	1
101	432	-1
101	433	-1
101	434	1
101	435	1
101	438	-1
101	439	-1
101	442	1
101	445	-1
101	446	1
101	448	1
101	452	-1
101	456	-1
101	457	-1
101	458	1
101	465	1
101	470	1
101	473	1
101	474	-1
101	475	-1
101	477	-1
101	479	-1
101	480	-1
101	482	-1
101	484	1
101	485	1
101	487	-1
101	488	1
101	489	1
101	490	1
101	491	-1
101	492	1
101	496	1
102	104	1
102	106	-1
102	107	1
102	113	-1
102	116	-1
102	122	1
102	124	-1
102	125	-1
102	126	-1
102	127	-1
102	129	-1
102	130	-1
102	132	1
102	134	-1
102	135	1
102	136	1
102	137	1
102	140	-1
102	142	-1
102	145	-1
102	147	-1
102	148	-1
102	152	1
102	153	-1
102	157	1
102	161	1
102	162	1
102	164	1
102	165	-1
102	168	-1
102	169	-1
102	173	1
102	178	-1
102	180	-1
102	181	-1
102	182	-1
102	184	1
102	185	-1
102	186	-1
102	188	-1
102	190	-1
102	191	-1
102	193	-1
102	195	-1
102	200	-1
102	201	-1
102	202	1
102	204	-1
102	207	-1
102	208	-1
102	209	1
102	210	1
102	211	-1
102	219	-1
102	220	-1
102	221	1
102	222	-1
102	224	-1
102	228	1
102	231	1
102	237	1
102	238	-1
102	239	1
102	241	1
102	242	-1
102	246	1
102	248	-1
102	249	1
102	250	1
102	253	1
102	254	1
102	255	-1
102	256	-1
102	257	-1
102	259	1
102	261	1
102	262	1
102	263	1
102	264	1
102	265	1
102	266	-1
102	267	1
102	270	1
102	272	-1
102	276	1
102	281	1
102	283	-1
102	284	-1
102	288	1
102	290	-1
102	291	1
102	294	1
102	296	-1
102	298	1
102	299	1
102	302	1
102	303	1
102	305	1
102	308	-1
102	309	-1
102	311	1
102	312	1
102	319	1
102	322	1
102	326	1
102	327	-1
102	328	-1
102	332	1
102	333	1
102	337	-1
102	338	-1
102	340	-1
102	341	-1
102	342	1
102	344	1
102	345	-1
102	349	-1
102	351	1
102	352	1
102	355	-1
102	359	-1
102	363	1
102	367	1
102	368	-1
102	369	1
102	373	1
102	378	-1
102	380	1
102	381	1
102	382	-1
102	383	-1
102	387	1
102	389	1
102	390	1
102	391	-1
102	392	1
102	393	-1
102	394	-1
102	395	1
102	397	1
102	398	1
102	401	-1
102	402	-1
102	405	-1
102	407	-1
102	409	-1
102	410	1
102	411	1
102	412	-1
102	413	1
102	414	-1
102	416	-1
102	417	-1
102	418	1
102	424	1
102	426	1
102	428	-1
102	429	-1
102	431	1
102	432	-1
102	433	1
102	434	-1
102	435	-1
102	437	1
102	440	1
102	443	1
102	444	1
102	447	1
102	449	-1
102	450	1
102	453	-1
102	461	1
102	462	-1
102	463	1
102	464	-1
102	465	1
102	467	-1
102	468	1
102	469	-1
102	471	1
102	473	1
102	474	1
102	475	-1
102	477	-1
102	478	1
102	479	1
102	480	1
102	481	-1
102	482	-1
102	483	-1
102	489	-1
102	492	1
102	495	1
102	497	1
102	499	-1
103	104	-1
103	107	-1
103	110	1
103	111	-1
103	114	-1
103	117	1
103	118	-1
103	119	1
103	120	1
103	121	1
103	122	-1
103	123	-1
103	125	1
103	126	-1
103	127	-1
103	129	-1
103	130	1
103	131	1
103	132	-1
103	133	1
103	135	1
103	136	1
103	137	-1
103	139	-1
103	144	-1
103	145	1
103	147	1
103	148	-1
103	149	1
103	151	-1
103	152	-1
103	156	1
103	160	1
103	162	-1
103	163	1
103	165	-1
103	166	1
103	171	1
103	176	-1
103	178	1
103	179	1
103	182	-1
103	183	1
103	184	1
103	189	-1
103	191	-1
103	193	-1
103	194	1
103	196	1
103	197	-1
103	199	1
103	202	1
103	205	1
103	207	1
103	208	1
103	210	-1
103	215	-1
103	216	-1
103	217	-1
103	218	1
103	219	1
103	220	-1
103	224	1
103	225	-1
103	226	-1
103	227	1
103	228	-1
103	234	1
103	238	1
103	240	1
103	241	-1
103	247	1
103	248	-1
103	251	-1
103	253	1
103	257	1
103	258	-1
103	262	-1
103	263	-1
103	264	-1
103	265	-1
103	268	-1
103	270	-1
103	274	-1
103	278	-1
103	279	1
103	281	-1
103	283	1
103	287	1
103	288	-1
103	290	1
103	291	-1
103	294	-1
103	297	1
103	299	1
103	300	-1
103	303	1
103	308	-1
103	309	-1
103	312	-1
103	313	1
103	314	1
103	315	-1
103	317	1
103	319	1
103	320	1
103	321	-1
103	323	1
103	331	1
103	332	1
103	333	1
103	338	-1
103	342	-1
103	345	-1
103	350	-1
103	352	-1
103	353	-1
103	354	-1
103	356	-1
103	357	1
103	359	-1
103	360	1
103	361	1
103	364	1
103	365	1
103	366	-1
103	368	-1
103	369	-1
103	372	-1
103	376	-1
103	378	-1
103	384	1
103	385	1
103	387	-1
103	393	-1
103	394	-1
103	396	1
103	397	1
103	398	-1
103	399	-1
103	400	1
103	401	-1
103	404	-1
103	405	1
103	407	1
103	409	-1
103	410	1
103	411	-1
103	413	1
103	414	1
103	415	1
103	419	-1
103	421	1
103	423	-1
103	427	1
103	432	1
103	434	1
103	435	-1
103	437	-1
103	439	1
103	440	-1
103	442	1
103	443	-1
103	447	-1
103	448	-1
103	449	-1
103	451	1
103	455	1
103	456	-1
103	459	-1
103	460	-1
103	461	1
103	462	1
103	464	-1
103	468	1
103	471	-1
103	472	1
103	474	1
103	476	1
103	478	-1
103	479	1
103	483	1
103	484	1
103	486	1
103	488	-1
103	489	-1
103	490	-1
103	491	-1
103	492	1
103	493	1
103	495	-1
103	496	-1
103	499	-1
104	105	1
104	114	1
104	115	1
104	118	-1
104	119	1
104	123	-1
104	126	-1
104	127	1
104	128	-1
104	130	1
104	131	-1
104	133	1
104	134	-1
104	135	-1
104	136	-1
104	137	1
104	140	-1
104	141	1
104	143	-1
104	145	-1
104	146	-1
104	150	1
104	151	-1
104	152	1
104	154	-1
104	156	1
104	157	-1
104	162	-1
104	163	-1
104	164	-1
104	166	1
104	168	1
104	170	-1
104	171	1
104	173	1
104	178	1
104	179	-1
104	182	-1
104	183	1
104	184	-1
104	185	1
104	188	1
104	190	1
104	191	-1
104	193	1
104	198	-1
104	201	-1
104	204	-1
104	206	1
104	207	-1
104	208	-1
104	213	1
104	214	-1
104	215	1
104	216	1
104	221	-1
104	223	1
104	225	1
104	226	-1
104	230	-1
104	231	1
104	235	-1
104	237	1
104	239	-1
104	240	1
104	245	-1
104	246	1
104	247	-1
104	248	1
104	249	1
104	252	1
104	253	1
104	254	1
104	255	-1
104	256	-1
104	257	1
104	258	1
104	259	-1
104	260	-1
104	261	1
104	264	1
104	266	-1
104	267	1
104	268	1
104	270	1
104	272	1
104	275	-1
104	276	-1
104	277	-1
104	280	1
104	281	1
104	282	1
104	283	-1
104	284	1
104	287	1
104	288	-1
104	290	1
104	291	-1
104	292	1
104	296	1
104	299	-1
104	300	1
104	303	1
104	306	1
104	307	-1
104	308	1
104	309	1
104	310	-1
104	311	1
104	315	1
104	317	1
104	319	1
104	320	-1
104	321	1
104	322	1
104	323	-1
104	325	-1
104	326	-1
104	327	1
104	331	-1
104	332	1
104	335	1
104	336	1
104	338	-1
104	339	-1
104	340	1
104	344	-1
104	347	1
104	348	-1
104	350	1
104	357	1
104	358	-1
104	361	1
104	362	1
104	363	-1
104	366	1
104	367	-1
104	368	1
104	369	-1
104	373	1
104	374	-1
104	376	-1
104	379	1
104	380	-1
104	381	-1
104	382	1
104	383	1
104	385	1
104	387	-1
104	390	-1
104	392	-1
104	395	-1
104	403	1
104	404	1
104	405	-1
104	408	-1
104	409	1
104	413	1
104	415	1
104	417	-1
104	419	1
104	420	1
104	423	-1
104	425	-1
104	427	-1
104	428	1
104	430	-1
104	431	1
104	432	1
104	433	1
104	436	1
104	437	-1
104	440	-1
104	442	1
104	445	1
104	450	-1
104	454	1
104	456	-1
104	457	-1
104	462	-1
104	464	-1
104	466	1
104	473	1
104	475	1
104	476	-1
104	479	1
104	480	-1
104	482	1
104	483	-1
104	484	1
104	485	-1
104	486	1
104	489	-1
104	490	-1
104	491	1
104	492	-1
104	493	-1
104	495	-1
104	497	-1
104	498	-1
105	106	1
105	108	1
105	109	1
105	111	1
105	112	-1
105	113	-1
105	114	-1
105	115	-1
105	118	-1
105	120	-1
105	121	-1
105	122	-1
105	126	1
105	127	-1
105	135	-1
105	141	1
105	144	1
105	145	1
105	148	-1
105	156	-1
105	157	-1
105	165	1
105	167	-1
105	169	1
105	170	-1
105	173	1
105	175	-1
105	177	1
105	178	-1
105	179	1
105	180	-1
105	181	-1
105	184	1
105	185	1
105	186	1
105	191	-1
105	192	-1
105	193	1
105	194	1
105	195	-1
105	198	-1
105	200	1
105	201	1
105	203	1
105	205	-1
105	206	-1
105	207	1
105	208	-1
105	210	-1
105	211	1
105	212	-1
105	213	1
105	215	-1
105	216	-1
105	220	1
105	222	-1
105	223	-1
105	224	-1
105	225	-1
105	226	1
105	227	1
105	228	-1
105	230	1
105	231	-1
105	234	-1
105	236	1
105	240	1
105	241	1
105	246	-1
105	248	-1
105	251	1
105	253	-1
105	254	1
105	255	-1
105	257	1
105	259	1
105	263	-1
105	264	-1
105	265	1
105	266	-1
105	269	-1
105	272	-1
105	279	1
105	280	1
105	282	1
105	283	1
105	284	-1
105	285	1
105	286	-1
105	288	1
105	289	-1
105	290	-1
105	292	1
105	293	-1
105	294	1
105	295	1
105	298	1
105	299	1
105	301	-1
105	302	1
105	303	-1
105	305	1
105	306	-1
105	309	-1
105	311	1
105	312	1
105	313	-1
105	315	-1
105	318	-1
105	319	1
105	324	-1
105	326	1
105	328	-1
105	330	1
105	332	1
105	337	-1
105	342	1
105	347	1
105	349	1
105	356	-1
105	361	1
105	362	-1
105	366	-1
105	367	-1
105	368	1
105	369	1
105	370	-1
105	373	-1
105	374	1
105	375	-1
105	380	1
105	381	-1
105	384	1
105	385	-1
105	386	-1
105	388	1
105	389	1
105	390	1
105	392	-1
105	393	1
105	395	-1
105	396	-1
105	397	1
105	398	1
105	399	1
105	404	1
105	405	-1
105	407	-1
105	410	1
105	415	-1
105	417	-1
105	418	1
105	421	1
105	423	1
105	424	1
105	425	-1
105	429	1
105	430	-1
105	434	-1
105	435	-1
105	438	-1
105	439	-1
105	442	1
105	446	1
105	448	1
105	449	-1
105	451	-1
105	453	-1
105	454	1
105	455	1
105	456	1
105	458	1
105	465	-1
105	466	1
105	470	-1
105	474	1
105	476	1
105	477	-1
105	480	-1
105	481	-1
105	482	1
105	483	1
105	484	1
105	485	-1
105	489	-1
105	496	1
105	499	-1
106	107	1
106	108	1
106	110	1
106	111	-1
106	115	1
106	117	1
106	120	-1
106	124	-1
106	125	-1
106	126	1
106	127	1
106	128	-1
106	130	-1
106	131	1
106	135	1
106	139	1
106	142	-1
106	145	-1
106	146	-1
106	147	-1
106	150	-1
106	155	-1
106	163	-1
106	164	1
106	165	-1
106	167	-1
106	168	1
106	170	-1
106	172	-1
106	174	-1
106	176	1
106	177	1
106	178	1
106	180	-1
106	181	1
106	183	1
106	185	1
106	188	1
106	191	1
106	192	-1
106	194	1
106	195	-1
106	196	1
106	197	1
106	198	-1
106	202	1
106	203	-1
106	207	-1
106	208	-1
106	209	-1
106	210	-1
106	211	1
106	212	1
106	214	1
106	216	-1
106	219	1
106	222	-1
106	225	1
106	228	-1
106	231	1
106	232	-1
106	235	-1
106	237	-1
106	239	1
106	241	1
106	242	1
106	247	1
106	249	-1
106	257	1
106	258	-1
106	259	-1
106	263	1
106	265	-1
106	268	1
106	270	1
106	271	1
106	272	-1
106	273	1
106	277	-1
106	278	-1
106	279	-1
106	281	-1
106	282	1
106	289	-1
106	291	1
106	294	1
106	295	1
106	299	-1
106	303	1
106	306	-1
106	311	-1
106	314	1
106	316	-1
106	317	-1
106	319	-1
106	321	-1
106	322	1
106	323	-1
106	326	1
106	330	1
106	331	-1
106	333	1
106	334	1
106	335	-1
106	336	1
106	337	-1
106	339	1
106	343	-1
106	344	-1
106	346	-1
106	347	1
106	348	1
106	349	1
106	351	1
106	354	-1
106	356	-1
106	359	-1
106	360	1
106	361	-1
106	364	-1
106	365	1
106	369	-1
106	370	-1
106	371	-1
106	373	-1
106	374	1
106	375	1
106	376	1
106	378	-1
106	379	-1
106	380	1
106	383	1
106	385	1
106	386	-1
106	387	1
106	388	-1
106	389	1
106	390	1
106	392	-1
106	394	-1
106	395	-1
106	396	1
106	398	1
106	400	1
106	401	-1
106	402	1
106	404	1
106	405	-1
106	408	1
106	409	-1
106	412	-1
106	415	1
106	416	1
106	417	-1
106	422	-1
106	424	1
106	426	1
106	428	1
106	429	1
106	433	-1
106	435	1
106	436	1
106	437	1
106	441	-1
106	442	1
106	443	-1
106	444	-1
106	445	-1
106	447	1
106	451	1
106	453	-1
106	454	1
106	455	1
106	456	1
106	458	1
106	461	1
106	464	-1
106	465	1
106	468	1
106	471	1
106	475	1
106	477	-1
106	479	-1
106	481	1
106	483	-1
106	484	-1
106	485	1
106	487	-1
106	490	1
106	493	-1
106	495	-1
106	497	1
107	109	-1
107	110	1
107	111	1
107	112	1
107	115	1
107	116	-1
107	117	-1
107	119	-1
107	120	1
107	122	-1
107	123	1
107	125	-1
107	126	1
107	129	-1
107	130	-1
107	131	-1
107	132	1
107	133	-1
107	134	-1
107	135	-1
107	136	1
107	139	-1
107	145	1
107	146	1
107	147	-1
107	149	-1
107	151	-1
107	153	1
107	155	1
107	156	-1
107	159	1
107	160	1
107	161	1
107	162	1
107	163	-1
107	164	1
107	165	-1
107	167	1
107	168	-1
107	171	1
107	173	1
107	174	1
107	176	-1
107	178	-1
107	182	-1
107	186	1
107	188	1
107	190	1
107	194	-1
107	196	-1
107	197	1
107	198	-1
107	199	1
107	201	-1
107	202	1
107	204	1
107	206	-1
107	207	-1
107	209	-1
107	211	-1
107	212	-1
107	216	1
107	217	-1
107	218	-1
107	220	1
107	222	1
107	223	-1
107	224	-1
107	226	1
107	227	1
107	228	1
107	229	1
107	230	-1
107	234	1
107	237	1
107	239	1
107	240	1
107	243	1
107	245	1
107	246	-1
107	247	1
107	248	-1
107	251	1
107	252	1
107	256	-1
107	258	1
107	260	-1
107	264	1
107	267	-1
107	268	-1
107	269	-1
107	271	-1
107	273	1
107	275	1
107	279	1
107	280	-1
107	281	1
107	285	-1
107	286	-1
107	287	-1
107	294	-1
107	296	1
107	297	1
107	300	-1
107	305	-1
107	315	-1
107	316	1
107	320	1
107	323	-1
107	324	1
107	326	1
107	332	1
107	333	1
107	334	1
107	335	1
107	336	-1
107	337	-1
107	339	-1
107	340	1
107	341	-1
107	342	1
107	346	1
107	350	1
107	351	-1
107	354	-1
107	355	-1
107	359	1
107	360	-1
107	361	1
107	362	1
107	363	1
107	364	-1
107	369	-1
107	370	1
107	373	1
107	374	1
107	381	1
107	383	1
107	384	1
107	389	1
107	390	1
107	391	1
107	392	-1
107	393	-1
107	394	1
107	397	-1
107	398	-1
107	399	-1
107	404	-1
107	405	1
107	409	1
107	410	1
107	411	1
107	412	-1
107	415	-1
107	416	-1
107	417	-1
107	418	1
107	420	1
107	421	-1
107	423	-1
107	424	-1
107	426	1
107	427	-1
107	428	-1
107	429	-1
107	431	1
107	433	1
107	434	-1
107	436	-1
107	437	1
107	439	1
107	440	-1
107	445	-1
107	446	1
107	447	1
107	450	1
107	451	-1
107	452	1
107	453	1
107	455	-1
107	456	1
107	457	1
107	459	-1
107	460	1
107	461	1
107	464	1
107	465	-1
107	468	1
107	471	1
107	472	1
107	475	-1
107	478	-1
107	479	-1
107	481	1
107	482	1
107	484	1
107	485	1
107	486	1
107	488	1
107	489	1
107	491	1
107	495	-1
107	496	1
107	499	-1
108	109	1
108	110	-1
108	113	-1
108	114	-1
108	115	1
108	116	-1
108	118	-1
108	119	1
108	122	1
108	123	-1
108	124	1
108	131	-1
108	132	-1
108	133	1
108	134	1
108	135	1
108	138	1
108	140	1
108	141	1
108	142	1
108	144	1
108	146	-1
108	147	-1
108	148	-1
108	150	-1
108	151	1
108	152	1
108	155	-1
108	156	1
108	158	1
108	160	-1
108	162	1
108	164	1
108	165	-1
108	167	1
108	170	1
108	171	1
108	172	-1
108	173	-1
108	175	-1
108	176	-1
108	177	-1
108	180	-1
108	181	1
108	182	1
108	187	1
108	189	1
108	191	-1
108	197	-1
108	198	-1
108	199	1
108	200	-1
108	202	-1
108	207	1
108	209	1
108	213	1
108	214	1
108	216	1
108	217	1
108	219	-1
108	223	1
108	224	-1
108	225	1
108	228	1
108	229	1
108	230	1
108	231	-1
108	232	1
108	233	-1
108	234	-1
108	235	-1
108	239	1
108	241	-1
108	244	-1
108	247	-1
108	248	1
108	252	1
108	254	-1
108	255	1
108	257	-1
108	259	1
108	262	1
108	263	-1
108	264	1
108	265	1
108	268	-1
108	269	1
108	270	1
108	279	1
108	283	1
108	284	1
108	285	1
108	286	1
108	288	1
108	291	-1
108	292	-1
108	294	1
108	295	1
108	297	1
108	298	-1
108	299	-1
108	301	1
108	303	-1
108	307	-1
108	310	1
108	313	-1
108	315	-1
108	316	-1
108	318	1
108	320	1
108	324	-1
108	325	-1
108	326	-1
108	327	1
108	328	-1
108	329	1
108	330	1
108	332	1
108	333	-1
108	335	1
108	337	1
108	338	-1
108	342	-1
108	343	1
108	344	1
108	345	1
108	347	1
108	348	1
108	349	1
108	352	1
108	354	1
108	356	-1
108	357	-1
108	358	-1
108	359	-1
108	361	-1
108	363	1
108	369	1
108	371	-1
108	373	-1
108	375	1
108	376	1
108	377	1
108	378	1
108	382	-1
108	383	-1
108	386	-1
108	387	1
108	388	1
108	389	1
108	392	-1
108	402	-1
108	403	-1
108	407	1
108	408	1
108	411	1
108	412	1
108	413	-1
108	414	-1
108	416	-1
108	417	-1
108	419	-1
108	420	-1
108	421	1
108	423	1
108	425	1
108	426	-1
108	428	-1
108	429	1
108	431	-1
108	433	-1
108	434	1
108	435	1
108	436	-1
108	438	1
108	444	1
108	445	-1
108	447	1
108	448	-1
108	449	-1
108	451	1
108	452	-1
108	454	-1
108	456	1
108	458	-1
108	460	-1
108	462	1
108	463	-1
108	464	-1
108	465	1
108	469	1
108	477	-1
108	480	-1
108	481	1
108	482	-1
108	483	1
108	488	-1
108	490	-1
108	493	1
108	495	-1
108	498	1
108	499	-1
109	113	-1
109	114	1
109	115	-1
109	118	-1
109	122	1
109	123	-1
109	124	1
109	129	-1
109	130	1
109	134	1
109	135	1
109	136	1
109	139	-1
109	140	1
109	144	1
109	153	-1
109	154	-1
109	159	1
109	160	-1
109	163	1
109	165	-1
109	167	1
109	170	1
109	175	-1
109	177	1
109	179	1
109	180	-1
109	181	-1
109	183	-1
109	185	1
109	187	-1
109	190	1
109	194	-1
109	195	1
109	196	-1
109	199	-1
109	202	-1
109	203	1
109	204	-1
109	205	-1
109	206	-1
109	209	-1
109	210	-1
109	211	-1
109	213	-1
109	214	1
109	215	-1
109	216	-1
109	217	-1
109	219	-1
109	220	-1
109	223	1
109	226	-1
109	228	1
109	229	1
109	230	1
109	234	-1
109	237	1
109	238	1
109	239	1
109	240	1
109	241	1
109	244	1
109	245	1
109	247	1
109	249	1
109	250	-1
109	252	-1
109	253	-1
109	256	1
109	257	1
109	260	1
109	264	-1
109	265	1
109	270	1
109	272	-1
109	273	1
109	274	1
109	278	1
109	280	-1
109	282	1
109	286	-1
109	287	-1
109	288	-1
109	289	1
109	293	1
109	298	1
109	299	-1
109	303	-1
109	305	1
109	306	-1
109	307	1
109	309	1
109	310	1
109	313	-1
109	314	-1
109	315	1
109	320	-1
109	324	1
109	326	-1
109	327	-1
109	328	-1
109	329	1
109	330	1
109	331	-1
109	335	-1
109	338	-1
109	339	-1
109	342	1
109	344	-1
109	345	-1
109	346	-1
109	347	-1
109	349	-1
109	350	1
109	351	1
109	353	-1
109	354	-1
109	355	1
109	356	1
109	357	1
109	360	-1
109	361	-1
109	362	-1
109	363	-1
109	364	1
109	365	1
109	366	-1
109	367	-1
109	368	1
109	369	1
109	372	-1
109	374	1
109	375	1
109	376	1
109	377	-1
109	378	1
109	381	-1
109	382	1
109	383	1
109	386	-1
109	387	1
109	388	-1
109	389	-1
109	392	-1
109	393	-1
109	397	-1
109	399	1
109	400	1
109	402	-1
109	404	1
109	407	-1
109	408	1
109	410	1
109	412	-1
109	417	1
109	421	-1
109	423	1
109	424	1
109	426	1
109	428	1
109	430	1
109	432	1
109	433	-1
109	434	-1
109	436	-1
109	437	-1
109	438	-1
109	444	1
109	445	1
109	446	-1
109	449	1
109	451	1
109	452	1
109	453	1
109	454	-1
109	456	1
109	457	-1
109	462	1
109	465	1
109	475	-1
109	479	1
109	483	-1
109	485	1
109	486	-1
109	488	1
109	491	1
109	493	1
109	494	-1
109	496	-1
109	498	1
109	499	-1
110	111	-1
110	112	1
110	114	-1
110	117	1
110	118	1
110	120	1
110	121	-1
110	124	1
110	125	-1
110	127	1
110	129	-1
110	134	-1
110	135	-1
110	136	-1
110	137	1
110	140	-1
110	142	-1
110	143	-1
110	144	1
110	145	1
110	146	1
110	151	1
110	153	-1
110	154	-1
110	155	1
110	158	1
110	162	-1
110	163	-1
110	164	-1
110	167	1
110	168	-1
110	169	-1
110	170	-1
110	171	1
110	172	1
110	175	1
110	178	-1
110	179	1
110	181	-1
110	183	1
110	184	-1
110	185	1
110	186	-1
110	187	-1
110	190	-1
110	191	1
110	194	1
110	195	1
110	196	-1
110	197	-1
110	200	-1
110	201	-1
110	203	-1
110	206	-1
110	209	-1
110	210	1
110	211	-1
110	212	-1
110	221	-1
110	222	1
110	223	1
110	225	-1
110	226	-1
110	227	-1
110	229	-1
110	230	1
110	232	-1
110	235	1
110	236	1
110	237	-1
110	238	-1
110	239	1
110	240	1
110	245	1
110	246	-1
110	248	-1
110	251	1
110	252	-1
110	257	-1
110	260	1
110	261	1
110	262	1
110	263	1
110	264	-1
110	268	1
110	270	1
110	271	1
110	273	-1
110	277	-1
110	283	-1
110	287	1
110	289	-1
110	291	-1
110	294	1
110	297	1
110	298	1
110	300	1
110	301	1
110	303	-1
110	304	1
110	306	1
110	307	1
110	308	-1
110	311	-1
110	313	-1
110	315	-1
110	317	1
110	320	1
110	321	1
110	322	-1
110	325	1
110	326	-1
110	327	1
110	329	1
110	331	-1
110	332	-1
110	333	1
110	335	-1
110	336	1
110	337	-1
110	343	1
110	346	1
110	348	-1
110	351	-1
110	354	1
110	355	1
110	356	-1
110	360	1
110	363	1
110	369	1
110	371	-1
110	373	1
110	374	-1
110	376	-1
110	377	-1
110	379	-1
110	380	-1
110	382	1
110	385	-1
110	386	1
110	387	-1
110	389	1
110	390	1
110	393	-1
110	394	-1
110	398	-1
110	399	1
110	401	1
110	402	1
110	404	1
110	406	-1
110	407	1
110	408	1
110	409	-1
110	410	1
110	412	1
110	414	-1
110	415	1
110	417	-1
110	418	1
110	419	1
110	420	-1
110	422	1
110	431	-1
110	433	1
110	434	-1
110	437	1
110	440	-1
110	442	-1
110	444	1
110	445	1
110	450	-1
110	451	1
110	456	1
110	457	1
110	458	-1
110	460	-1
110	463	1
110	467	1
110	469	1
110	470	1
110	471	1
110	475	1
110	476	1
110	479	1
110	482	-1
110	483	-1
110	486	-1
110	491	-1
110	494	1
110	497	-1
111	112	-1
111	114	-1
111	115	-1
111	117	1
111	119	1
111	121	-1
111	125	-1
111	126	1
111	128	1
111	129	-1
111	131	1
111	132	-1
111	134	1
111	136	-1
111	138	1
111	140	-1
111	141	-1
111	143	-1
111	144	-1
111	146	1
111	147	1
111	149	1
111	150	-1
111	151	-1
111	152	1
111	153	-1
111	154	1
111	157	-1
111	159	-1
111	161	-1
111	162	-1
111	163	1
111	165	1
111	166	-1
111	167	-1
111	170	1
111	171	1
111	174	-1
111	177	-1
111	178	-1
111	179	1
111	180	1
111	181	1
111	182	1
111	183	1
111	185	1
111	187	-1
111	189	1
111	192	1
111	193	-1
111	194	1
111	195	-1
111	197	-1
111	198	-1
111	199	1
111	200	1
111	201	1
111	206	1
111	207	-1
111	212	1
111	215	1
111	216	-1
111	217	1
111	219	1
111	222	1
111	223	-1
111	226	-1
111	227	1
111	228	1
111	230	1
111	231	-1
111	233	1
111	236	1
111	238	1
111	239	-1
111	240	1
111	242	1
111	244	1
111	245	-1
111	248	1
111	249	-1
111	251	1
111	253	-1
111	254	1
111	258	1
111	261	-1
111	262	-1
111	268	1
111	269	-1
111	272	-1
111	276	1
111	277	-1
111	279	-1
111	281	1
111	286	1
111	292	-1
111	293	-1
111	295	1
111	296	1
111	297	-1
111	298	-1
111	299	1
111	300	-1
111	301	1
111	302	-1
111	304	1
111	305	-1
111	307	-1
111	309	-1
111	310	-1
111	311	-1
111	313	1
111	317	-1
111	318	-1
111	319	1
111	321	1
111	322	1
111	325	1
111	326	-1
111	327	1
111	329	-1
111	330	1
111	331	-1
111	334	1
111	337	-1
111	339	-1
111	340	-1
111	341	-1
111	342	-1
111	343	1
111	347	-1
111	349	1
111	352	-1
111	353	1
111	355	1
111	357	1
111	358	1
111	360	1
111	361	1
111	362	1
111	363	1
111	365	-1
111	367	-1
111	368	-1
111	370	1
111	372	1
111	377	1
111	380	1
111	382	1
111	384	-1
111	387	-1
111	391	-1
111	393	1
111	395	1
111	397	1
111	400	-1
111	401	1
111	402	1
111	404	-1
111	406	-1
111	407	1
111	410	1
111	412	1
111	413	1
111	417	1
111	419	1
111	421	1
111	424	-1
111	425	1
111	427	1
111	428	1
111	429	1
111	430	-1
111	432	-1
111	435	-1
111	437	1
111	439	-1
111	441	1
111	442	1
111	445	-1
111	446	1
111	449	1
111	452	-1
111	454	-1
111	457	1
111	459	1
111	463	1
111	464	1
111	465	1
111	466	-1
111	467	1
111	469	-1
111	470	-1
111	471	1
111	472	1
111	473	1
111	475	1
111	476	1
111	477	-1
111	478	-1
111	483	1
111	485	-1
111	487	1
111	488	1
111	490	1
111	491	-1
111	492	1
111	494	-1
111	495	-1
111	497	-1
111	498	1
112	113	1
112	115	1
112	119	-1
112	120	-1
112	121	-1
112	122	1
112	124	1
112	125	-1
112	126	-1
112	128	1
112	129	1
112	131	1
112	133	1
112	135	-1
112	136	1
112	137	-1
112	138	-1
112	141	1
112	142	-1
112	144	1
112	146	1
112	147	1
112	148	-1
112	149	-1
112	150	-1
112	151	1
112	154	-1
112	156	1
112	157	-1
112	159	-1
112	160	1
112	164	1
112	166	1
112	170	-1
112	173	1
112	174	1
112	175	-1
112	176	-1
112	177	1
112	178	1
112	182	-1
112	184	-1
112	189	1
112	190	-1
112	192	-1
112	193	1
112	194	-1
112	195	1
112	196	1
112	197	-1
112	198	-1
112	199	-1
112	200	1
112	201	-1
112	202	-1
112	206	-1
112	211	-1
112	216	1
112	220	1
112	221	-1
112	224	-1
112	225	1
112	230	1
112	232	1
112	233	1
112	234	1
112	237	1
112	243	-1
112	246	-1
112	247	1
112	249	1
112	250	-1
112	253	1
112	254	-1
112	255	-1
112	257	-1
112	261	1
112	264	1
112	267	1
112	272	-1
112	273	1
112	275	1
112	279	-1
112	283	1
112	284	-1
112	287	-1
112	288	-1
112	290	-1
112	291	1
112	293	-1
112	302	-1
112	303	-1
112	305	-1
112	309	-1
112	310	-1
112	311	1
112	314	1
112	315	-1
112	316	-1
112	317	1
112	322	1
112	324	-1
112	326	-1
112	327	-1
112	329	1
112	331	1
112	333	-1
112	335	1
112	338	-1
112	339	-1
112	343	1
112	345	1
112	347	-1
112	348	1
112	350	1
112	353	-1
112	355	-1
112	357	1
112	360	1
112	364	1
112	365	1
112	367	-1
112	368	-1
112	375	1
112	376	-1
112	377	-1
112	378	1
112	379	-1
112	380	-1
112	381	-1
112	385	1
112	389	-1
112	393	-1
112	394	1
112	395	-1
112	396	1
112	397	1
112	398	-1
112	401	-1
112	406	1
112	408	1
112	409	-1
112	410	-1
112	412	1
112	413	-1
112	414	-1
112	417	-1
112	421	-1
112	422	1
112	423	-1
112	424	1
112	426	1
112	428	-1
112	429	1
112	432	-1
112	439	1
112	440	1
112	441	1
112	444	-1
112	445	1
112	446	-1
112	448	-1
112	449	-1
112	450	1
112	452	-1
112	453	-1
112	455	-1
112	456	-1
112	459	-1
112	461	-1
112	462	-1
112	463	-1
112	465	-1
112	469	-1
112	472	1
112	473	-1
112	479	1
112	480	1
112	481	-1
112	482	1
112	483	1
112	484	1
112	485	-1
112	486	-1
112	487	-1
112	488	-1
112	491	-1
112	492	-1
112	493	1
112	494	-1
112	496	-1
112	497	1
112	498	1
112	499	1
113	115	-1
113	117	-1
113	120	-1
113	122	1
113	124	1
113	127	-1
113	128	-1
113	130	1
113	133	-1
113	134	-1
113	137	1
113	140	1
113	141	1
113	142	1
113	144	1
113	145	1
113	148	-1
113	149	1
113	151	1
113	152	-1
113	153	-1
113	155	1
113	156	-1
113	158	1
113	160	-1
113	161	1
113	162	-1
113	163	-1
113	164	-1
113	165	-1
113	168	1
113	170	-1
113	174	-1
113	176	1
113	177	1
113	178	1
113	183	1
113	184	1
113	185	-1
113	188	-1
113	190	-1
113	191	1
113	193	1
113	195	-1
113	196	1
113	197	-1
113	198	1
113	199	1
113	200	-1
113	201	-1
113	206	-1
113	207	-1
113	210	-1
113	211	-1
113	213	-1
113	215	1
113	216	-1
113	217	-1
113	218	1
113	219	-1
113	220	-1
113	221	-1
113	222	1
113	223	1
113	224	1
113	227	-1
113	228	1
113	229	-1
113	235	-1
113	237	1
113	239	1
113	241	-1
113	242	-1
113	245	1
113	246	1
113	250	-1
113	251	-1
113	252	1
113	254	-1
113	255	-1
113	257	1
113	262	1
113	264	1
113	265	-1
113	270	-1
113	271	-1
113	272	-1
113	273	1
113	274	-1
113	277	-1
113	278	1
113	279	1
113	281	-1
113	282	-1
113	283	1
113	284	1
113	286	-1
113	288	-1
113	289	1
113	293	1
113	295	1
113	296	1
113	298	1
113	300	-1
113	301	1
113	305	1
113	306	-1
113	308	-1
113	309	1
113	312	1
113	313	-1
113	314	1
113	315	1
113	317	1
113	319	1
113	320	1
113	322	1
113	324	1
113	328	-1
113	330	1
113	331	1
113	333	1
113	336	-1
113	338	1
113	339	-1
113	340	1
113	341	-1
113	342	1
113	343	1
113	344	-1
113	345	1
113	347	-1
113	348	-1
113	349	1
113	354	-1
113	355	1
113	356	-1
113	357	-1
113	361	1
113	365	-1
113	366	-1
113	367	-1
113	371	-1
113	373	-1
113	377	1
113	379	1
113	382	-1
113	383	-1
113	384	-1
113	386	1
113	394	1
113	396	1
113	397	-1
113	399	-1
113	400	1
113	401	1
113	402	-1
113	405	-1
113	409	1
113	417	-1
113	418	1
113	420	1
113	423	-1
113	434	1
113	435	1
113	436	-1
113	437	-1
113	438	-1
113	441	-1
113	444	1
113	445	1
113	447	-1
113	448	1
113	449	1
113	452	1
113	454	1
113	456	-1
113	458	-1
113	459	-1
113	461	1
113	466	-1
113	468	-1
113	469	-1
113	472	1
113	473	1
113	474	-1
113	475	-1
113	477	-1
113	478	-1
113	479	1
113	480	1
113	481	1
113	482	1
113	484	-1
113	485	1
113	486	-1
113	487	1
113	490	1
113	492	1
113	496	1
113	497	-1
113	499	1
114	115	-1
114	118	-1
114	120	-1
114	124	-1
114	125	-1
114	126	-1
114	127	-1
114	129	1
114	130	1
114	131	-1
114	132	-1
114	134	-1
114	135	1
114	141	-1
114	142	-1
114	146	-1
114	149	1
114	150	-1
114	152	1
114	154	1
114	155	-1
114	156	-1
114	158	1
114	159	1
114	162	1
114	167	-1
114	174	-1
114	177	1
114	181	-1
114	182	-1
114	184	-1
114	185	1
114	187	-1
114	188	-1
114	194	-1
114	196	-1
114	197	-1
114	198	-1
114	199	-1
114	200	1
114	203	-1
114	204	-1
114	205	-1
114	207	-1
114	208	1
114	209	-1
114	212	-1
114	214	1
114	215	-1
114	216	1
114	218	1
114	219	-1
114	220	-1
114	221	1
114	224	1
114	226	1
114	227	1
114	229	-1
114	231	-1
114	232	-1
114	233	1
114	235	1
114	238	1
114	242	-1
114	245	1
114	248	-1
114	249	-1
114	251	1
114	252	-1
114	253	1
114	259	-1
114	260	-1
114	263	-1
114	264	-1
114	265	-1
114	266	1
114	267	-1
114	269	-1
114	272	-1
114	273	-1
114	275	1
114	276	1
114	279	-1
114	280	1
114	285	-1
114	286	1
114	287	-1
114	290	1
114	291	-1
114	292	1
114	294	-1
114	297	1
114	298	-1
114	303	1
114	305	-1
114	308	1
114	311	-1
114	312	-1
114	313	-1
114	317	-1
114	319	1
114	320	1
114	322	1
114	323	1
114	325	1
114	326	-1
114	328	1
114	330	-1
114	332	1
114	333	1
114	334	1
114	335	1
114	337	-1
114	338	-1
114	340	1
114	341	1
114	342	1
114	343	1
114	344	-1
114	346	-1
114	348	-1
114	350	1
114	351	1
114	353	1
114	354	-1
114	355	-1
114	356	-1
114	358	-1
114	359	-1
114	361	-1
114	362	-1
114	363	-1
114	365	-1
114	368	-1
114	369	-1
114	370	-1
114	373	-1
114	381	1
114	382	-1
114	383	1
114	386	1
114	388	-1
114	389	1
114	391	-1
114	392	1
114	393	-1
114	394	1
114	397	1
114	401	-1
114	404	1
114	409	1
114	413	-1
114	414	-1
114	415	1
114	417	1
114	420	-1
114	422	-1
114	424	-1
114	425	-1
114	429	-1
114	430	-1
114	432	1
114	436	-1
114	438	-1
114	440	1
114	443	1
114	447	-1
114	448	-1
114	449	1
114	451	-1
114	453	-1
114	455	-1
114	456	-1
114	459	-1
114	461	1
114	462	1
114	464	-1
114	468	1
114	472	-1
114	478	1
114	480	1
114	481	-1
114	482	-1
114	483	-1
114	486	-1
114	487	1
114	489	1
114	491	1
114	494	1
114	495	-1
114	497	1
114	499	-1
115	116	-1
115	117	1
115	118	1
115	119	1
115	121	-1
115	122	1
115	124	1
115	125	-1
115	126	1
115	129	-1
115	130	1
115	137	1
115	138	-1
115	143	1
115	145	-1
115	147	-1
115	148	-1
115	149	1
115	154	1
115	155	1
115	156	1
115	157	-1
115	159	-1
115	161	1
115	164	1
115	165	1
115	166	-1
115	168	-1
115	172	-1
115	176	1
115	179	-1
115	180	1
115	181	1
115	182	1
115	186	1
115	190	-1
115	192	1
115	197	-1
115	200	1
115	201	-1
115	203	1
115	204	1
115	205	-1
115	206	-1
115	211	-1
115	213	-1
115	214	1
115	215	1
115	216	-1
115	217	1
115	218	-1
115	219	1
115	227	1
115	232	-1
115	234	1
115	236	1
115	237	1
115	238	1
115	239	-1
115	241	1
115	243	-1
115	244	1
115	248	1
115	249	-1
115	251	-1
115	252	1
115	258	-1
115	264	1
115	265	1
115	267	1
115	269	1
115	271	-1
115	272	-1
115	274	-1
115	281	1
115	283	-1
115	284	-1
115	286	-1
115	288	-1
115	289	1
115	291	1
115	292	-1
115	294	1
115	295	1
115	297	1
115	302	1
115	303	-1
115	304	1
115	306	1
115	307	-1
115	312	-1
115	313	1
115	314	-1
115	315	-1
115	317	1
115	318	-1
115	319	1
115	320	-1
115	321	-1
115	323	-1
115	327	-1
115	330	1
115	331	1
115	333	1
115	334	1
115	336	1
115	338	1
115	343	-1
115	346	1
115	350	-1
115	351	-1
115	352	1
115	357	1
115	359	1
115	361	-1
115	363	1
115	364	-1
115	365	1
115	366	-1
115	367	1
115	370	-1
115	371	1
115	372	1
115	373	1
115	375	-1
115	377	1
115	379	1
115	381	-1
115	382	-1
115	385	1
115	387	1
115	390	-1
115	392	-1
115	393	-1
115	394	-1
115	395	1
115	396	1
115	399	1
115	401	1
115	404	1
115	406	-1
115	408	1
115	412	1
115	414	-1
115	415	-1
115	418	-1
115	419	1
115	422	1
115	424	1
115	425	1
115	427	-1
115	428	-1
115	430	1
115	431	-1
115	432	-1
115	433	1
115	435	1
115	437	-1
115	438	-1
115	439	1
115	440	-1
115	441	-1
115	442	1
115	448	1
115	449	-1
115	452	-1
115	454	1
115	455	-1
115	456	1
115	458	1
115	459	-1
115	461	1
115	462	1
115	463	-1
115	468	1
115	473	-1
115	477	1
115	478	1
115	479	-1
115	480	1
115	483	1
115	486	1
115	487	-1
115	488	1
115	489	-1
115	490	1
115	493	-1
115	495	-1
115	496	1
115	497	1
115	498	1
115	499	-1
116	117	1
116	118	-1
116	120	1
116	122	-1
116	125	1
116	126	-1
116	128	1
116	130	1
116	131	-1
116	134	-1
116	140	-1
116	142	-1
116	143	-1
116	144	-1
116	146	-1
116	147	1
116	149	1
116	155	-1
116	157	1
116	159	-1
116	161	-1
116	163	1
116	164	1
116	165	1
116	166	1
116	168	1
116	170	1
116	172	-1
116	174	-1
116	175	1
116	177	-1
116	178	-1
116	179	-1
116	180	-1
116	183	1
116	184	-1
116	186	1
116	187	-1
116	189	-1
116	190	1
116	191	1
116	193	1
116	195	1
116	196	-1
116	202	1
116	204	1
116	205	-1
116	207	-1
116	209	-1
116	210	-1
116	213	1
116	215	1
116	216	-1
116	225	-1
116	228	1
116	236	1
116	238	1
116	239	-1
116	240	1
116	242	1
116	243	-1
116	244	-1
116	247	-1
116	249	-1
116	250	-1
116	253	-1
116	254	1
116	258	-1
116	261	1
116	264	1
116	265	1
116	266	1
116	271	-1
116	273	1
116	276	1
116	278	-1
116	280	-1
116	286	1
116	288	1
116	293	1
116	294	1
116	297	1
116	298	1
116	299	1
116	300	1
116	301	1
116	302	-1
116	303	1
116	304	1
116	305	1
116	306	1
116	307	-1
116	308	-1
116	310	-1
116	311	-1
116	313	-1
116	315	1
116	316	1
116	321	1
116	324	1
116	325	1
116	326	-1
116	327	1
116	328	1
116	330	-1
116	331	-1
116	332	1
116	333	1
116	334	1
116	336	1
116	337	-1
116	338	1
116	339	-1
116	340	-1
116	342	1
116	344	-1
116	351	-1
116	353	1
116	354	1
116	355	-1
116	356	-1
116	357	1
116	358	1
116	359	1
116	360	1
116	361	-1
116	363	1
116	364	-1
116	365	1
116	368	-1
116	370	-1
116	371	-1
116	372	1
116	373	-1
116	375	-1
116	377	1
116	378	-1
116	379	-1
116	380	-1
116	385	1
116	386	-1
116	387	-1
116	388	1
116	389	1
116	392	1
116	393	-1
116	397	-1
116	398	-1
116	399	-1
116	403	1
116	404	-1
116	405	1
116	406	-1
116	411	1
116	413	1
116	414	-1
116	418	-1
116	420	1
116	421	-1
116	422	-1
116	423	-1
116	429	-1
116	430	-1
116	432	1
116	435	-1
116	436	-1
116	438	-1
116	443	-1
116	446	-1
116	448	1
116	452	-1
116	454	1
116	455	1
116	456	1
116	459	-1
116	460	1
116	461	-1
116	464	-1
116	467	1
116	468	-1
116	477	-1
116	478	-1
116	479	-1
116	482	-1
116	486	-1
116	488	-1
116	489	-1
116	492	-1
116	494	1
116	495	1
116	496	1
116	497	1
117	118	-1
117	119	1
117	121	1
117	123	-1
117	124	-1
117	126	1
117	127	-1
117	131	-1
117	132	-1
117	133	-1
117	135	1
117	136	1
117	137	1
117	138	-1
117	144	1
117	147	1
117	150	1
117	153	-1
117	154	-1
117	156	1
117	159	-1
117	161	1
117	162	-1
117	164	-1
117	165	-1
117	166	-1
117	171	1
117	175	1
117	176	1
117	178	1
117	179	-1
117	185	-1
117	186	1
117	190	-1
117	193	-1
117	195	1
117	198	1
117	200	-1
117	201	-1
117	203	1
117	206	-1
117	207	-1
117	208	1
117	211	-1
117	212	-1
117	215	1
117	216	1
117	223	-1
117	225	-1
117	226	1
117	228	-1
117	229	-1
117	230	-1
117	231	1
117	232	1
117	233	1
117	235	1
117	236	1
117	237	1
117	238	-1
117	242	1
117	243	-1
117	244	-1
117	246	-1
117	247	-1
117	248	-1
117	250	1
117	254	-1
117	256	1
117	259	-1
117	261	-1
117	262	1
117	263	1
117	265	1
117	266	-1
117	269	-1
117	270	-1
117	271	1
117	273	1
117	275	-1
117	279	-1
117	281	1
117	282	-1
117	283	-1
117	285	-1
117	286	1
117	287	1
117	289	1
117	290	-1
117	292	-1
117	294	1
117	299	1
117	300	-1
117	301	1
117	310	1
117	311	-1
117	313	1
117	316	-1
117	320	1
117	323	1
117	324	1
117	327	1
117	334	-1
117	337	1
117	339	1
117	342	-1
117	343	-1
117	347	-1
117	349	1
117	350	-1
117	351	-1
117	355	1
117	358	1
117	361	-1
117	362	1
117	363	1
117	364	1
117	365	-1
117	367	1
117	368	-1
117	370	1
117	372	1
117	373	-1
117	374	1
117	379	-1
117	384	1
117	386	-1
117	388	1
117	391	-1
117	393	1
117	404	1
117	407	-1
117	410	1
117	411	-1
117	412	-1
117	416	-1
117	417	-1
117	418	1
117	419	1
117	421	1
117	422	1
117	424	1
117	425	-1
117	426	-1
117	428	1
117	429	-1
117	431	-1
117	433	-1
117	434	1
117	435	-1
117	436	-1
117	438	1
117	441	-1
117	442	-1
117	444	-1
117	445	-1
117	446	-1
117	447	1
117	448	-1
117	449	1
117	450	1
117	452	1
117	459	-1
117	462	1
117	465	-1
117	466	1
117	468	1
117	469	-1
117	471	-1
117	474	1
117	475	1
117	480	-1
117	481	-1
117	482	1
117	484	1
117	486	1
117	487	1
117	488	1
117	492	-1
117	497	1
117	498	1
118	120	-1
118	122	1
118	123	1
118	125	-1
118	126	1
118	127	1
118	128	1
118	129	1
118	130	-1
118	131	1
118	133	-1
118	134	-1
118	135	-1
118	136	-1
118	139	-1
118	142	1
118	143	-1
118	144	1
118	145	-1
118	147	1
118	148	1
118	149	1
118	150	1
118	152	-1
118	154	1
118	157	1
118	158	-1
118	160	1
118	161	1
118	162	1
118	167	-1
118	173	1
118	174	-1
118	175	-1
118	176	1
118	177	1
118	181	1
118	182	-1
118	184	1
118	189	1
118	191	-1
118	192	1
118	196	1
118	199	-1
118	201	-1
118	203	1
118	204	1
118	205	1
118	206	1
118	207	1
118	208	-1
118	209	1
118	212	1
118	215	1
118	216	1
118	217	1
118	220	-1
118	222	-1
118	224	-1
118	226	1
118	227	1
118	228	-1
118	231	-1
118	232	-1
118	236	1
118	238	1
118	242	1
118	244	-1
118	247	1
118	248	1
118	249	1
118	250	1
118	251	-1
118	254	1
118	256	1
118	258	-1
118	262	1
118	266	1
118	267	-1
118	268	1
118	269	-1
118	272	1
118	278	-1
118	279	1
118	283	1
118	284	1
118	288	-1
118	289	1
118	294	-1
118	295	-1
118	296	1
118	298	-1
118	299	-1
118	301	1
118	302	-1
118	303	1
118	304	1
118	305	1
118	306	-1
118	307	1
118	309	1
118	310	1
118	311	-1
118	313	-1
118	315	-1
118	317	1
118	324	1
118	325	1
118	326	-1
118	328	-1
118	332	1
118	334	1
118	336	-1
118	337	1
118	338	1
118	346	-1
118	348	1
118	350	1
118	353	1
118	354	-1
118	356	1
118	357	-1
118	360	1
118	361	-1
118	363	1
118	365	-1
118	366	1
118	367	1
118	370	1
118	374	1
118	375	-1
118	376	1
118	377	-1
118	379	1
118	380	1
118	385	1
118	387	1
118	388	1
118	389	1
118	392	1
118	396	1
118	400	-1
118	402	-1
118	403	-1
118	407	1
118	408	-1
118	410	-1
118	413	-1
118	417	1
118	418	1
118	420	-1
118	422	-1
118	423	-1
118	424	-1
118	426	-1
118	428	1
118	429	1
118	430	-1
118	431	-1
118	432	-1
118	433	1
118	434	-1
118	435	-1
118	437	1
118	440	-1
118	442	1
118	446	-1
118	447	1
118	449	-1
118	450	-1
118	454	-1
118	457	-1
118	459	1
118	461	1
118	463	-1
118	464	-1
118	467	1
118	468	-1
118	470	-1
118	472	-1
118	474	1
118	478	1
118	481	1
118	482	-1
118	483	-1
118	484	-1
118	486	-1
118	488	-1
118	491	-1
118	492	1
118	497	-1
119	120	1
119	123	-1
119	124	1
119	125	-1
119	128	1
119	130	-1
119	131	-1
119	132	-1
119	133	-1
119	134	1
119	139	-1
119	141	1
119	142	1
119	144	1
119	146	-1
119	148	1
119	152	1
119	155	1
119	158	-1
119	159	1
119	160	1
119	162	-1
119	163	-1
119	166	1
119	167	1
119	168	-1
119	171	-1
119	172	-1
119	173	1
119	174	-1
119	175	-1
119	176	1
119	179	-1
119	181	-1
119	184	1
119	187	1
119	190	1
119	191	-1
119	194	-1
119	198	-1
119	199	1
119	200	1
119	201	-1
119	202	1
119	203	-1
119	204	1
119	206	-1
119	210	-1
119	211	-1
119	212	-1
119	215	1
119	216	1
119	217	1
119	218	1
119	221	-1
119	222	-1
119	223	1
119	224	-1
119	226	1
119	227	-1
119	230	1
119	232	1
119	233	-1
119	235	1
119	237	1
119	244	1
119	250	1
119	252	-1
119	257	-1
119	259	1
119	261	1
119	262	-1
119	263	-1
119	264	1
119	265	-1
119	267	1
119	268	-1
119	269	1
119	271	-1
119	272	1
119	276	-1
119	277	1
119	279	-1
119	280	-1
119	283	1
119	287	1
119	289	1
119	290	1
119	291	1
119	292	-1
119	293	1
119	296	1
119	298	1
119	301	-1
119	303	-1
119	304	1
119	305	-1
119	311	1
119	315	1
119	316	1
119	318	1
119	320	1
119	321	-1
119	322	1
119	324	-1
119	325	1
119	326	1
119	328	1
119	331	1
119	332	-1
119	334	-1
119	336	1
119	338	1
119	339	-1
119	340	1
119	342	1
119	344	1
119	347	-1
119	351	-1
119	355	1
119	358	-1
119	360	-1
119	363	1
119	364	1
119	365	1
119	366	-1
119	367	1
119	368	-1
119	373	1
119	378	-1
119	379	-1
119	382	-1
119	386	1
119	388	1
119	391	1
119	395	1
119	397	1
119	400	-1
119	402	-1
119	405	1
119	406	-1
119	409	1
119	411	1
119	413	-1
119	415	-1
119	418	1
119	419	1
119	422	-1
119	423	1
119	426	-1
119	429	1
119	433	-1
119	435	1
119	437	1
119	439	-1
119	440	-1
119	442	-1
119	443	-1
119	446	1
119	448	1
119	449	-1
119	450	-1
119	451	-1
119	453	-1
119	455	1
119	456	1
119	458	1
119	459	1
119	461	-1
119	462	-1
119	463	1
119	464	1
119	467	1
119	468	-1
119	469	1
119	471	-1
119	472	1
119	475	-1
119	476	1
119	478	-1
119	480	1
119	482	-1
119	485	-1
119	487	1
119	490	-1
119	494	1
119	496	-1
119	499	-1
120	121	-1
120	123	-1
120	124	-1
120	125	1
120	126	1
120	127	1
120	130	-1
120	133	1
120	134	-1
120	138	-1
120	139	1
120	141	1
120	143	1
120	144	1
120	146	1
120	147	1
120	149	-1
120	151	-1
120	155	-1
120	156	1
120	158	-1
120	160	-1
120	162	-1
120	164	-1
120	165	-1
120	167	1
120	169	1
120	170	-1
120	172	1
120	173	-1
120	174	-1
120	175	-1
120	176	1
120	179	-1
120	181	-1
120	182	-1
120	185	1
120	187	-1
120	190	1
120	191	1
120	192	1
120	195	1
120	196	1
120	197	-1
120	198	-1
120	201	-1
120	203	1
120	204	-1
120	205	-1
120	206	1
120	207	1
120	208	1
120	210	1
120	211	-1
120	214	-1
120	216	-1
120	217	-1
120	218	1
120	221	1
120	222	1
120	223	1
120	224	-1
120	225	1
120	226	-1
120	229	-1
120	230	-1
120	231	1
120	233	1
120	235	-1
120	236	1
120	238	1
120	241	1
120	242	1
120	244	-1
120	246	1
120	247	1
120	251	-1
120	252	1
120	253	1
120	255	1
120	258	-1
120	260	-1
120	265	-1
120	266	1
120	267	-1
120	269	-1
120	272	-1
120	273	-1
120	276	1
120	277	-1
120	278	-1
120	282	-1
120	283	-1
120	286	-1
120	287	1
120	291	-1
120	292	1
120	293	1
120	297	-1
120	302	-1
120	303	1
120	304	-1
120	307	1
120	310	-1
120	312	1
120	317	1
120	318	-1
120	319	-1
120	320	-1
120	321	-1
120	322	1
120	323	-1
120	326	-1
120	327	-1
120	328	-1
120	329	1
120	330	-1
120	331	1
120	333	1
120	335	-1
120	336	1
120	337	1
120	339	1
120	340	1
120	342	-1
120	346	1
120	347	-1
120	348	-1
120	353	-1
120	354	1
120	355	1
120	358	1
120	360	-1
120	361	-1
120	365	1
120	366	-1
120	367	-1
120	369	-1
120	370	-1
120	371	1
120	373	-1
120	374	-1
120	376	-1
120	377	1
120	378	1
120	380	-1
120	384	1
120	386	-1
120	387	1
120	389	-1
120	390	1
120	393	1
120	395	1
120	397	-1
120	399	1
120	400	1
120	401	-1
120	403	-1
120	409	-1
120	410	-1
120	411	1
120	412	1
120	415	1
120	416	1
120	418	-1
120	421	-1
120	425	-1
120	427	1
120	431	1
120	433	-1
120	434	-1
120	435	1
120	436	-1
120	437	-1
120	439	1
120	441	-1
120	442	1
120	444	1
120	445	-1
120	451	1
120	453	1
120	456	-1
120	457	-1
120	459	1
120	462	-1
120	463	-1
120	466	-1
120	467	-1
120	469	-1
120	470	1
120	473	-1
120	475	1
120	476	1
120	478	1
120	480	-1
120	483	-1
120	484	1
120	486	1
120	487	1
120	488	-1
120	490	-1
120	491	1
120	494	-1
120	497	-1
121	122	1
121	123	-1
121	128	1
121	129	-1
121	131	-1
121	135	1
121	136	1
121	138	1
121	141	1
121	142	-1
121	143	-1
121	144	-1
121	148	1
121	149	-1
121	152	-1
121	153	1
121	156	1
121	158	-1
121	161	1
121	163	-1
121	165	1
121	167	1
121	168	-1
121	169	1
121	173	1
121	175	-1
121	176	-1
121	177	1
121	178	-1
121	181	-1
121	182	1
121	183	-1
121	185	-1
121	188	1
121	189	1
121	190	-1
121	194	-1
121	198	-1
121	199	-1
121	201	1
121	203	1
121	204	1
121	208	1
121	209	1
121	210	-1
121	212	-1
121	214	1
121	216	-1
121	217	-1
121	218	1
121	220	-1
121	222	1
121	224	1
121	225	1
121	229	-1
121	232	1
121	235	1
121	237	-1
121	238	-1
121	240	-1
121	242	1
121	243	-1
121	244	-1
121	248	-1
121	249	1
121	253	1
121	255	1
121	260	1
121	261	1
121	262	-1
121	263	1
121	264	-1
121	268	-1
121	273	1
121	274	1
121	275	-1
121	276	-1
121	279	-1
121	280	-1
121	284	-1
121	287	-1
121	288	-1
121	289	1
121	290	1
121	293	1
121	294	1
121	298	1
121	299	-1
121	300	1
121	302	1
121	305	-1
121	307	1
121	308	-1
121	309	1
121	311	-1
121	312	-1
121	314	-1
121	315	-1
121	316	1
121	318	-1
121	321	-1
121	322	-1
121	323	1
121	326	1
121	327	1
121	329	-1
121	330	-1
121	336	-1
121	339	1
121	340	-1
121	344	-1
121	345	1
121	348	-1
121	349	1
121	354	-1
121	355	-1
121	357	-1
121	359	1
121	360	-1
121	361	-1
121	363	-1
121	364	-1
121	366	-1
121	367	1
121	368	1
121	369	1
121	371	1
121	372	1
121	376	1
121	378	1
121	380	-1
121	381	-1
121	384	-1
121	385	-1
121	387	-1
121	388	-1
121	389	-1
121	390	1
121	391	1
121	392	-1
121	402	1
121	404	1
121	405	1
121	406	1
121	407	-1
121	409	-1
121	410	-1
121	414	-1
121	421	-1
121	428	1
121	429	1
121	430	1
121	431	-1
121	433	1
121	434	-1
121	436	-1
121	438	-1
121	439	-1
121	440	1
121	441	-1
121	443	-1
121	444	1
121	446	1
121	447	1
121	450	1
121	451	-1
121	452	-1
121	454	-1
121	455	1
121	456	-1
121	458	1
121	460	1
121	461	1
121	463	1
121	465	-1
121	469	-1
121	471	1
121	472	1
121	473	-1
121	474	1
121	475	-1
121	476	-1
121	477	-1
121	478	1
121	480	1
121	481	-1
121	484	-1
121	491	1
121	494	-1
121	495	1
121	496	1
121	497	-1
122	123	-1
122	128	-1
122	130	-1
122	131	1
122	135	-1
122	137	1
122	138	1
122	139	-1
122	140	-1
122	142	-1
122	144	-1
122	145	-1
122	147	1
122	151	-1
122	153	1
122	155	1
122	156	-1
122	157	1
122	158	-1
122	160	1
122	162	1
122	164	1
122	165	1
122	167	1
122	168	1
122	169	1
122	170	1
122	171	1
122	173	1
122	174	1
122	175	-1
122	176	1
122	177	1
122	183	1
122	184	1
122	186	-1
122	187	1
122	190	-1
122	191	1
122	192	1
122	193	-1
122	194	-1
122	197	1
122	203	-1
122	205	-1
122	206	1
122	207	1
122	208	1
122	209	-1
122	210	-1
122	211	-1
122	212	1
122	213	-1
122	215	1
122	216	1
122	218	1
122	219	-1
122	220	-1
122	221	1
122	222	-1
122	225	1
122	226	-1
122	231	-1
122	234	-1
122	240	1
122	245	-1
122	248	-1
122	249	-1
122	250	1
122	252	-1
122	254	-1
122	258	-1
122	259	1
122	261	1
122	264	1
122	267	1
122	270	1
122	271	1
122	274	1
122	276	1
122	277	1
122	284	1
122	285	-1
122	286	1
122	288	1
122	291	-1
122	294	-1
122	295	1
122	296	-1
122	297	-1
122	298	1
122	299	1
122	301	1
122	302	-1
122	304	1
122	305	-1
122	307	1
122	310	1
122	312	1
122	317	-1
122	318	-1
122	324	1
122	326	1
122	328	1
122	330	1
122	331	-1
122	334	1
122	336	-1
122	339	-1
122	341	1
122	343	-1
122	345	-1
122	346	-1
122	347	-1
122	350	-1
122	354	-1
122	355	1
122	356	1
122	357	1
122	358	-1
122	360	1
122	361	1
122	362	-1
122	365	-1
122	366	1
122	367	1
122	368	-1
122	371	1
122	372	1
122	374	1
122	375	-1
122	379	1
122	380	1
122	382	1
122	383	-1
122	384	-1
122	387	-1
122	388	1
122	390	1
122	393	1
122	394	-1
122	395	-1
122	397	1
122	398	-1
122	399	-1
122	401	-1
122	404	1
122	405	-1
122	408	-1
122	412	-1
122	414	1
122	415	-1
122	418	1
122	427	1
122	430	1
122	431	1
122	433	-1
122	434	1
122	435	1
122	437	-1
122	438	1
122	440	-1
122	441	-1
122	442	-1
122	444	1
122	445	1
122	451	1
122	453	1
122	455	-1
122	456	-1
122	459	1
122	461	1
122	463	-1
122	470	-1
122	471	-1
122	472	-1
122	474	1
122	475	-1
122	478	1
122	480	-1
122	481	-1
122	482	1
122	484	1
122	489	-1
122	492	1
122	493	-1
122	495	1
122	497	1
123	125	1
123	127	-1
123	129	1
123	131	1
123	133	1
123	137	1
123	142	1
123	143	-1
123	144	-1
123	145	1
123	148	1
123	150	-1
123	151	1
123	155	-1
123	157	1
123	158	1
123	161	-1
123	163	1
123	169	1
123	170	1
123	171	1
123	173	1
123	175	-1
123	177	1
123	179	1
123	180	-1
123	181	1
123	182	-1
123	183	1
123	186	-1
123	187	-1
123	188	1
123	189	1
123	190	-1
123	191	-1
123	192	1
123	194	1
123	195	1
123	198	1
123	202	-1
123	204	1
123	206	-1
123	207	1
123	208	1
123	212	-1
123	213	-1
123	218	-1
123	219	-1
123	221	-1
123	223	-1
123	224	1
123	227	1
123	229	-1
123	230	-1
123	231	-1
123	233	1
123	237	-1
123	241	-1
123	242	-1
123	243	-1
123	244	1
123	246	1
123	248	1
123	249	-1
123	251	1
123	253	-1
123	255	1
123	257	1
123	260	-1
123	261	1
123	262	-1
123	264	-1
123	265	1
123	266	1
123	272	1
123	273	-1
123	274	-1
123	279	1
123	280	1
123	283	-1
123	287	-1
123	288	1
123	289	-1
123	294	1
123	295	1
123	298	-1
123	301	1
123	304	-1
123	308	-1
123	312	1
123	313	1
123	314	-1
123	317	-1
123	318	-1
123	319	1
123	322	1
123	327	1
123	330	1
123	332	-1
123	333	-1
123	335	1
123	337	-1
123	338	-1
123	341	-1
123	347	-1
123	348	-1
123	349	-1
123	350	1
123	352	1
123	353	-1
123	354	1
123	358	1
123	360	-1
123	361	1
123	363	-1
123	366	1
123	371	1
123	372	1
123	373	-1
123	374	1
123	378	-1
123	379	1
123	381	-1
123	384	-1
123	387	1
123	388	1
123	391	1
123	392	-1
123	393	1
123	395	1
123	397	-1
123	402	-1
123	404	-1
123	408	1
123	410	-1
123	412	1
123	416	-1
123	417	-1
123	423	-1
123	424	1
123	425	-1
123	429	-1
123	430	1
123	432	1
123	433	1
123	437	1
123	439	1
123	440	-1
123	443	-1
123	445	-1
123	446	-1
123	449	1
123	451	1
123	458	-1
123	460	1
123	466	1
123	467	-1
123	469	1
123	470	-1
123	473	-1
123	474	-1
123	475	1
123	476	1
123	477	1
123	478	-1
123	481	-1
123	482	-1
123	485	-1
123	487	1
123	488	-1
123	491	1
123	494	1
123	496	-1
123	498	-1
123	499	-1
124	127	1
124	128	1
124	129	-1
124	132	-1
124	133	1
124	134	1
124	136	1
124	137	1
124	139	-1
124	141	-1
124	142	-1
124	144	1
124	149	1
124	156	1
124	157	1
124	158	1
124	161	1
124	162	1
124	167	-1
124	169	-1
124	170	-1
124	171	1
124	172	1
124	174	-1
124	175	-1
124	176	-1
124	177	1
124	178	1
124	179	1
124	185	-1
124	186	-1
124	190	1
124	191	1
124	192	-1
124	194	-1
124	195	1
124	196	-1
124	197	-1
124	199	-1
124	201	1
124	203	1
124	206	-1
124	208	-1
124	209	1
124	212	-1
124	216	1
124	219	1
124	220	1
124	223	1
124	226	-1
124	227	-1
124	228	-1
124	229	-1
124	230	-1
124	233	-1
124	234	1
124	235	1
124	237	-1
124	242	1
124	244	-1
124	245	-1
124	248	1
124	250	1
124	253	1
124	255	1
124	258	-1
124	261	1
124	265	-1
124	267	-1
124	270	-1
124	273	-1
124	274	-1
124	275	-1
124	276	-1
124	279	-1
124	281	1
124	284	-1
124	285	1
124	286	-1
124	287	-1
124	288	-1
124	289	-1
124	291	1
124	293	-1
124	294	-1
124	303	-1
124	304	-1
124	305	-1
124	308	-1
124	310	-1
124	311	-1
124	313	-1
124	315	-1
124	316	-1
124	317	1
124	318	1
124	319	1
124	320	1
124	323	-1
124	324	1
124	325	-1
124	326	1
124	330	-1
124	331	-1
124	332	-1
124	334	-1
124	335	-1
124	337	-1
124	338	-1
124	339	-1
124	342	1
124	347	-1
124	348	1
124	357	-1
124	358	-1
124	361	1
124	366	1
124	368	-1
124	370	1
124	372	1
124	379	-1
124	380	-1
124	381	1
124	382	1
124	383	1
124	385	1
124	387	-1
124	392	1
124	393	1
124	394	1
124	395	1
124	397	1
124	398	1
124	399	1
124	400	1
124	401	1
124	408	-1
124	411	-1
124	412	-1
124	413	-1
124	418	1
124	422	1
124	425	-1
124	427	-1
124	428	-1
124	429	-1
124	430	1
124	431	-1
124	432	1
124	433	1
124	434	-1
124	436	-1
124	439	1
124	440	1
124	441	-1
124	443	-1
124	445	-1
124	446	1
124	449	-1
124	450	-1
124	453	-1
124	454	1
124	459	-1
124	460	1
124	461	1
124	462	1
124	463	-1
124	466	1
124	469	-1
124	471	-1
124	474	1
124	476	1
124	479	1
124	483	1
124	484	-1
124	486	-1
124	491	-1
124	492	1
124	495	1
124	496	-1
124	498	1
125	126	1
125	127	-1
125	128	1
125	129	-1
125	132	-1
125	133	1
125	134	-1
125	138	1
125	140	1
125	141	1
125	142	1
125	143	1
125	145	1
125	146	1
125	147	1
125	148	-1
125	149	-1
125	153	-1
125	154	1
125	155	-1
125	156	-1
125	161	-1
125	162	-1
125	163	1
125	165	1
125	166	-1
125	167	-1
125	168	-1
125	169	-1
125	173	1
125	174	-1
125	175	-1
125	177	-1
125	178	-1
125	179	-1
125	180	-1
125	181	1
125	182	1
125	183	1
125	184	-1
125	188	1
125	193	1
125	195	-1
125	198	1
125	199	-1
125	201	1
125	203	-1
125	206	1
125	207	1
125	208	-1
125	209	-1
125	210	1
125	212	-1
125	213	1
125	214	1
125	215	1
125	217	1
125	218	1
125	219	-1
125	220	1
125	223	1
125	227	-1
125	228	-1
125	230	1
125	232	1
125	233	-1
125	234	1
125	235	-1
125	236	-1
125	240	-1
125	242	1
125	244	-1
125	246	-1
125	247	1
125	248	1
125	250	1
125	258	-1
125	263	1
125	265	1
125	266	1
125	267	-1
125	268	-1
125	270	-1
125	272	-1
125	273	1
125	274	-1
125	275	1
125	276	1
125	282	-1
125	286	-1
125	289	-1
125	290	1
125	293	1
125	294	-1
125	297	1
125	299	-1
125	300	1
125	301	-1
125	302	1
125	304	1
125	307	-1
125	311	1
125	313	1
125	314	-1
125	322	-1
125	323	-1
125	324	1
125	325	-1
125	327	-1
125	330	1
125	334	-1
125	335	-1
125	338	1
125	340	-1
125	345	-1
125	346	1
125	347	1
125	349	1
125	350	1
125	351	-1
125	352	-1
125	354	1
125	355	1
125	357	-1
125	358	-1
125	362	1
125	365	1
125	367	1
125	368	-1
125	369	-1
125	370	-1
125	371	-1
125	372	1
125	373	-1
125	374	-1
125	380	1
125	382	1
125	383	1
125	384	1
125	385	-1
125	387	-1
125	388	1
125	390	1
125	392	-1
125	395	-1
125	396	-1
125	398	-1
125	399	-1
125	400	-1
125	403	-1
125	406	1
125	412	-1
125	415	-1
125	418	-1
125	421	-1
125	423	1
125	424	-1
125	425	1
125	429	-1
125	432	-1
125	433	-1
125	434	1
125	435	1
125	437	1
125	438	1
125	439	-1
125	442	1
125	449	-1
125	450	1
125	451	1
125	452	-1
125	453	-1
125	454	-1
125	457	1
125	461	-1
125	463	1
125	464	1
125	466	-1
125	468	1
125	472	-1
125	475	-1
125	478	1
125	479	-1
125	480	1
125	481	-1
125	484	-1
125	485	-1
125	486	1
125	492	-1
125	493	-1
125	494	1
125	497	1
125	498	-1
126	127	1
126	128	1
126	129	1
126	130	1
126	131	1
126	133	1
126	135	1
126	139	-1
126	142	1
126	144	-1
126	147	-1
126	148	1
126	149	1
126	151	-1
126	153	1
126	157	1
126	158	1
126	160	1
126	162	1
126	163	1
126	164	-1
126	166	-1
126	169	-1
126	170	1
126	172	1
126	174	-1
126	175	1
126	176	-1
126	180	1
126	182	-1
126	185	-1
126	190	-1
126	191	-1
126	192	1
126	195	-1
126	197	-1
126	198	-1
126	202	1
126	205	1
126	206	1
126	212	-1
126	214	1
126	215	1
126	216	-1
126	217	-1
126	218	1
126	221	1
126	222	1
126	224	1
126	225	-1
126	226	-1
126	227	-1
126	237	1
126	239	-1
126	241	-1
126	242	-1
126	244	1
126	245	1
126	246	-1
126	247	1
126	248	1
126	249	-1
126	250	1
126	252	-1
126	255	-1
126	256	1
126	259	-1
126	260	-1
126	261	1
126	264	1
126	265	1
126	267	-1
126	269	-1
126	274	-1
126	276	1
126	277	-1
126	279	-1
126	281	1
126	282	1
126	284	-1
126	285	-1
126	289	-1
126	292	-1
126	293	1
126	296	-1
126	298	1
126	300	-1
126	303	1
126	304	1
126	306	-1
126	308	-1
126	311	-1
126	312	1
126	313	-1
126	315	1
126	318	-1
126	321	1
126	322	1
126	325	-1
126	326	-1
126	327	1
126	328	-1
126	329	1
126	332	1
126	333	-1
126	334	1
126	335	1
126	336	1
126	338	1
126	339	-1
126	340	1
126	341	-1
126	344	1
126	347	-1
126	348	-1
126	349	-1
126	350	1
126	352	-1
126	353	-1
126	355	1
126	356	-1
126	359	-1
126	361	-1
126	365	1
126	366	1
126	368	1
126	369	-1
126	372	-1
126	379	-1
126	384	-1
126	386	1
126	389	-1
126	390	-1
126	392	1
126	394	-1
126	396	-1
126	399	-1
126	400	-1
126	402	-1
126	403	1
126	404	1
126	405	1
126	406	1
126	408	-1
126	410	1
126	412	1
126	413	-1
126	415	1
126	417	1
126	419	1
126	420	-1
126	421	-1
126	422	1
126	426	-1
126	427	1
126	432	-1
126	437	-1
126	438	-1
126	439	1
126	440	1
126	444	1
126	446	-1
126	453	-1
126	454	1
126	455	1
126	457	1
126	458	-1
126	459	1
126	463	-1
126	467	-1
126	468	-1
126	471	1
126	474	-1
126	475	-1
126	476	-1
126	479	-1
126	480	1
126	482	-1
126	486	1
126	487	1
126	490	-1
126	494	-1
126	495	-1
126	498	1
127	128	-1
127	134	1
127	137	1
127	139	-1
127	140	-1
127	141	-1
127	143	1
127	144	-1
127	145	1
127	147	1
127	149	-1
127	151	1
127	153	1
127	155	-1
127	156	-1
127	157	-1
127	162	-1
127	165	-1
127	166	1
127	167	-1
127	169	-1
127	170	-1
127	171	-1
127	172	-1
127	173	1
127	174	-1
127	177	-1
127	178	1
127	183	1
127	185	1
127	186	1
127	187	-1
127	191	-1
127	195	1
127	197	-1
127	198	-1
127	199	1
127	200	1
127	203	1
127	206	1
127	207	1
127	209	1
127	211	-1
127	213	-1
127	217	-1
127	218	-1
127	221	1
127	229	1
127	231	1
127	232	-1
127	234	-1
127	237	1
127	241	1
127	242	-1
127	244	1
127	248	1
127	249	1
127	250	-1
127	254	1
127	257	1
127	258	1
127	259	-1
127	260	-1
127	262	1
127	263	1
127	264	-1
127	266	1
127	267	-1
127	268	1
127	270	1
127	271	1
127	274	1
127	276	1
127	278	-1
127	279	1
127	281	1
127	284	-1
127	285	-1
127	286	-1
127	290	-1
127	291	1
127	296	-1
127	298	-1
127	307	-1
127	310	-1
127	312	-1
127	313	-1
127	315	1
127	317	-1
127	320	-1
127	325	-1
127	331	1
127	334	1
127	335	1
127	338	-1
127	339	-1
127	340	1
127	341	1
127	344	-1
127	348	-1
127	351	-1
127	352	-1
127	355	1
127	356	-1
127	358	1
127	364	-1
127	366	-1
127	367	1
127	370	-1
127	371	1
127	374	1
127	375	1
127	378	1
127	379	1
127	382	1
127	387	1
127	389	1
127	392	1
127	394	1
127	395	-1
127	397	1
127	398	-1
127	400	1
127	401	1
127	402	1
127	404	-1
127	407	-1
127	408	1
127	409	-1
127	410	1
127	412	-1
127	413	1
127	417	-1
127	421	1
127	425	1
127	429	-1
127	430	-1
127	431	-1
127	432	-1
127	433	-1
127	436	1
127	441	1
127	442	1
127	444	1
127	445	-1
127	448	-1
127	449	-1
127	450	1
127	451	-1
127	452	1
127	453	-1
127	456	1
127	461	-1
127	465	1
127	466	1
127	468	1
127	470	1
127	472	1
127	475	1
127	476	-1
127	478	1
127	480	1
127	482	-1
127	484	-1
127	485	1
127	487	-1
127	491	-1
127	492	1
127	494	-1
127	496	-1
127	497	1
127	499	-1
128	129	-1
128	130	-1
128	132	-1
128	133	-1
128	134	1
128	135	1
128	137	1
128	138	1
128	140	-1
128	142	-1
128	143	-1
128	144	1
128	147	1
128	149	-1
128	153	-1
128	160	-1
128	164	1
128	165	-1
128	166	-1
128	168	1
128	170	1
128	172	-1
128	173	-1
128	174	-1
128	176	1
128	178	-1
128	179	-1
128	182	-1
128	183	-1
128	184	1
128	185	1
128	186	1
128	187	1
128	190	1
128	192	-1
128	194	-1
128	195	1
128	196	1
128	197	1
128	201	1
128	202	-1
128	204	1
128	205	1
128	206	-1
128	207	-1
128	208	1
128	209	1
128	211	1
128	212	1
128	219	1
128	220	-1
128	222	1
128	223	-1
128	224	-1
128	226	-1
128	229	-1
128	230	-1
128	235	1
128	238	1
128	239	-1
128	240	-1
128	245	-1
128	247	1
128	249	-1
128	253	1
128	257	1
128	258	1
128	259	1
128	263	1
128	264	-1
128	266	1
128	268	-1
128	269	1
128	271	-1
128	273	1
128	274	-1
128	275	-1
128	277	1
128	283	1
128	288	-1
128	289	-1
128	290	1
128	291	1
128	292	1
128	294	1
128	297	-1
128	298	1
128	300	-1
128	302	1
128	304	-1
128	308	-1
128	309	1
128	310	1
128	314	1
128	317	-1
128	318	-1
128	322	1
128	323	1
128	326	1
128	330	-1
128	331	-1
128	332	-1
128	333	1
128	334	1
128	335	1
128	337	-1
128	339	1
128	346	-1
128	347	1
128	352	1
128	355	1
128	359	-1
128	360	-1
128	361	-1
128	362	-1
128	363	-1
128	366	1
128	367	-1
128	370	-1
128	371	-1
128	375	1
128	376	-1
128	378	-1
128	383	1
128	385	1
128	386	-1
128	388	-1
128	390	-1
128	391	-1
128	394	1
128	396	-1
128	401	1
128	402	-1
128	405	-1
128	406	-1
128	409	-1
128	410	1
128	411	-1
128	412	-1
128	413	1
128	414	1
128	415	1
128	417	1
128	418	-1
128	419	1
128	420	1
128	421	-1
128	423	-1
128	424	-1
128	425	1
128	428	1
128	429	1
128	432	-1
128	433	1
128	434	1
128	436	1
128	439	1
128	442	-1
128	443	-1
128	444	1
128	447	-1
128	448	-1
128	449	-1
128	458	1
128	460	1
128	462	-1
128	467	-1
128	473	1
128	475	-1
128	476	1
128	477	-1
128	479	-1
128	484	1
128	486	1
128	488	-1
128	489	-1
128	491	1
128	492	-1
128	493	1
128	494	-1
128	498	1
129	130	-1
129	133	-1
129	135	1
129	137	1
129	140	-1
129	142	1
129	143	1
129	144	-1
129	145	-1
129	146	-1
129	148	-1
129	150	1
129	152	1
129	153	-1
129	158	1
129	159	1
129	160	-1
129	162	1
129	165	1
129	167	-1
129	168	-1
129	169	1
129	172	-1
129	177	1
129	178	-1
129	179	-1
129	181	1
129	182	-1
129	183	-1
129	184	-1
129	185	-1
129	187	1
129	189	1
129	191	-1
129	192	1
129	193	1
129	194	-1
129	195	1
129	196	1
129	197	-1
129	200	-1
129	201	1
129	204	1
129	206	1
129	215	-1
129	216	1
129	218	-1
129	220	-1
129	222	1
129	225	1
129	226	1
129	227	1
129	230	-1
129	232	-1
129	233	1
129	236	1
129	240	1
129	242	1
129	243	1
129	245	1
129	249	1
129	250	1
129	251	1
129	255	-1
129	257	-1
129	260	1
129	263	1
129	264	1
129	266	1
129	267	1
129	271	1
129	273	1
129	275	-1
129	277	1
129	279	-1
129	281	1
129	282	1
129	284	1
129	289	1
129	293	-1
129	294	1
129	296	-1
129	297	1
129	299	1
129	301	1
129	303	1
129	308	1
129	311	1
129	317	1
129	318	-1
129	319	-1
129	322	-1
129	323	-1
129	326	1
129	329	1
129	331	-1
129	334	-1
129	340	-1
129	344	1
129	345	-1
129	347	-1
129	349	-1
129	352	1
129	354	-1
129	355	-1
129	356	1
129	357	-1
129	358	1
129	359	1
129	360	-1
129	361	-1
129	366	1
129	367	1
129	370	-1
129	371	-1
129	372	1
129	373	1
129	375	-1
129	376	-1
129	379	-1
129	380	-1
129	382	-1
129	387	1
129	388	-1
129	389	1
129	390	1
129	391	1
129	392	-1
129	393	1
129	395	1
129	396	-1
129	398	1
129	402	-1
129	403	1
129	404	-1
129	405	-1
129	406	-1
129	407	-1
129	410	-1
129	411	-1
129	416	1
129	417	1
129	418	1
129	420	1
129	421	-1
129	423	1
129	424	-1
129	430	-1
129	432	-1
129	434	-1
129	435	-1
129	436	-1
129	438	1
129	440	-1
129	443	-1
129	444	-1
129	446	-1
129	447	-1
129	451	-1
129	453	-1
129	462	-1
129	463	-1
129	465	-1
129	468	1
129	469	-1
129	473	1
129	474	-1
129	476	1
129	477	-1
129	478	1
129	482	-1
129	483	1
129	488	-1
129	489	-1
129	491	1
129	492	-1
129	493	1
129	494	1
129	495	-1
130	131	1
130	134	1
130	135	1
130	137	1
130	138	1
130	139	1
130	140	-1
130	146	-1
130	152	-1
130	153	1
130	154	1
130	155	-1
130	156	-1
130	157	1
130	162	1
130	163	-1
130	167	-1
130	169	-1
130	172	1
130	174	1
130	176	-1
130	178	1
130	181	-1
130	184	-1
130	185	1
130	187	-1
130	188	-1
130	189	-1
130	191	-1
130	192	-1
130	193	1
130	195	-1
130	196	-1
130	199	1
130	200	1
130	201	-1
130	203	-1
130	206	1
130	208	1
130	210	1
130	211	-1
130	212	1
130	214	1
130	215	-1
130	217	1
130	219	1
130	222	1
130	224	-1
130	225	-1
130	227	-1
130	228	1
130	229	1
130	230	-1
130	232	-1
130	233	1
130	234	1
130	236	-1
130	237	-1
130	239	-1
130	242	1
130	244	-1
130	245	1
130	247	-1
130	248	-1
130	251	1
130	252	1
130	255	1
130	256	1
130	257	1
130	258	-1
130	259	-1
130	264	-1
130	265	1
130	268	1
130	272	-1
130	273	1
130	274	1
130	275	-1
130	277	1
130	278	1
130	282	-1
130	283	1
130	284	1
130	285	1
130	286	-1
130	290	-1
130	291	-1
130	292	-1
130	293	-1
130	296	-1
130	297	-1
130	301	-1
130	303	1
130	304	1
130	308	-1
130	311	1
130	313	1
130	316	-1
130	319	1
130	320	1
130	321	1
130	322	1
130	324	-1
130	326	1
130	327	-1
130	329	1
130	331	1
130	332	1
130	334	-1
130	338	1
130	339	-1
130	341	-1
130	343	-1
130	344	-1
130	345	-1
130	346	-1
130	349	-1
130	351	-1
130	352	1
130	354	-1
130	355	1
130	358	1
130	359	1
130	361	-1
130	363	-1
130	364	1
130	366	-1
130	368	1
130	369	-1
130	373	-1
130	377	1
130	378	1
130	381	-1
130	382	-1
130	383	-1
130	384	-1
130	385	-1
130	386	-1
130	387	1
130	389	-1
130	392	1
130	394	1
130	395	1
130	396	-1
130	398	1
130	399	-1
130	402	-1
130	403	1
130	404	-1
130	405	-1
130	406	1
130	410	1
130	411	-1
130	412	-1
130	413	-1
130	414	-1
130	415	-1
130	417	-1
130	418	-1
130	420	-1
130	421	-1
130	423	-1
130	425	-1
130	426	-1
130	427	1
130	428	1
130	429	-1
130	431	-1
130	434	1
130	435	1
130	438	-1
130	440	1
130	442	1
130	445	1
130	450	1
130	451	-1
130	453	1
130	454	1
130	455	-1
130	457	-1
130	460	-1
130	465	-1
130	466	-1
130	468	1
130	469	1
130	472	1
130	473	1
130	475	1
130	476	-1
130	477	1
130	480	-1
130	481	-1
130	483	1
130	485	1
130	486	1
130	487	1
130	489	1
130	490	1
130	491	-1
130	494	-1
130	498	1
131	135	1
131	136	-1
131	137	1
131	138	-1
131	140	-1
131	142	-1
131	143	-1
131	150	1
131	152	-1
131	154	-1
131	155	1
131	157	1
131	158	-1
131	159	-1
131	161	1
131	162	-1
131	163	1
131	166	1
131	169	1
131	173	1
131	176	1
131	177	1
131	178	1
131	179	-1
131	180	1
131	181	1
131	184	1
131	187	1
131	188	-1
131	190	1
131	191	-1
131	192	-1
131	193	1
131	194	1
131	195	1
131	196	1
131	197	-1
131	199	-1
131	200	1
131	201	1
131	202	-1
131	208	-1
131	211	1
131	215	-1
131	216	-1
131	218	1
131	219	-1
131	220	-1
131	221	-1
131	222	1
131	227	1
131	228	1
131	229	-1
131	231	-1
131	232	-1
131	238	1
131	239	-1
131	244	1
131	248	1
131	249	1
131	250	1
131	251	-1
131	252	-1
131	254	-1
131	256	1
131	258	-1
131	260	1
131	261	-1
131	263	-1
131	265	1
131	269	1
131	270	1
131	272	1
131	273	1
131	276	-1
131	278	-1
131	280	-1
131	281	-1
131	282	-1
131	283	-1
131	284	-1
131	287	-1
131	288	-1
131	289	-1
131	290	1
131	292	1
131	293	1
131	294	1
131	296	1
131	297	1
131	298	-1
131	299	-1
131	301	1
131	306	-1
131	309	-1
131	310	1
131	311	-1
131	314	-1
131	317	1
131	318	1
131	319	1
131	320	1
131	321	-1
131	324	1
131	325	-1
131	326	-1
131	327	-1
131	328	1
131	331	-1
131	332	1
131	338	1
131	339	-1
131	340	-1
131	343	1
131	351	-1
131	352	-1
131	355	-1
131	356	-1
131	361	1
131	363	-1
131	364	-1
131	365	1
131	367	1
131	373	-1
131	374	1
131	375	1
131	376	1
131	377	-1
131	378	-1
131	379	1
131	380	-1
131	381	1
131	382	-1
131	383	-1
131	386	1
131	387	1
131	388	1
131	391	1
131	394	-1
131	397	1
131	398	1
131	400	-1
131	402	-1
131	403	-1
131	404	1
131	405	-1
131	406	1
131	407	-1
131	408	1
131	409	-1
131	411	1
131	412	-1
131	416	1
131	421	1
131	422	-1
131	424	-1
131	425	1
131	426	-1
131	427	1
131	429	-1
131	430	-1
131	431	1
131	435	-1
131	438	-1
131	439	1
131	441	-1
131	443	-1
131	446	1
131	449	1
131	450	-1
131	455	-1
131	456	-1
131	457	1
131	458	1
131	459	-1
131	461	-1
131	465	1
131	466	-1
131	467	1
131	470	1
131	473	-1
131	475	1
131	476	-1
131	477	-1
131	478	-1
131	479	1
131	482	1
131	483	-1
131	485	-1
131	487	1
131	491	-1
131	492	-1
131	493	-1
131	497	-1
131	498	1
131	499	-1
132	133	1
132	136	-1
132	138	-1
132	139	-1
132	141	-1
132	145	1
132	146	1
132	150	1
132	151	-1
132	152	-1
132	153	1
132	154	-1
132	156	1
132	157	-1
132	158	-1
132	159	-1
132	162	-1
132	163	1
132	164	-1
132	165	-1
132	166	-1
132	167	-1
132	170	1
132	171	1
132	175	1
132	179	1
132	180	-1
132	181	1
132	183	1
132	184	-1
132	185	1
132	187	1
132	188	1
132	190	1
132	191	-1
132	200	-1
132	201	-1
132	202	1
132	206	1
132	207	1
132	209	-1
132	210	1
132	212	1
132	213	1
132	215	-1
132	220	1
132	221	-1
132	227	1
132	228	1
132	232	-1
132	234	-1
132	237	-1
132	238	1
132	239	-1
132	240	1
132	241	1
132	244	1
132	246	1
132	247	-1
132	249	-1
132	250	-1
132	253	1
132	256	-1
132	257	-1
132	258	-1
132	260	1
132	261	-1
132	262	-1
132	268	-1
132	269	-1
132	270	-1
132	272	-1
132	273	1
132	274	-1
132	277	-1
132	280	1
132	282	-1
132	283	-1
132	285	1
132	287	1
132	290	1
132	293	-1
132	296	1
132	298	-1
132	303	1
132	304	1
132	305	-1
132	311	1
132	312	1
132	313	1
132	317	1
132	318	-1
132	319	1
132	323	1
132	326	1
132	329	1
132	331	1
132	333	-1
132	335	1
132	339	1
132	340	1
132	342	-1
132	345	-1
132	346	-1
132	347	1
132	350	1
132	355	-1
132	356	1
132	357	1
132	358	-1
132	362	1
132	367	1
132	371	1
132	372	1
132	373	-1
132	376	1
132	377	1
132	378	1
132	383	-1
132	385	-1
132	387	1
132	389	-1
132	390	-1
132	391	1
132	393	1
132	397	1
132	399	1
132	400	-1
132	401	1
132	402	1
132	406	1
132	409	-1
132	410	-1
132	411	1
132	412	-1
132	413	-1
132	425	-1
132	426	-1
132	427	-1
132	428	-1
132	431	1
132	432	-1
132	434	-1
132	436	-1
132	440	1
132	441	-1
132	447	-1
132	450	-1
132	452	-1
132	453	-1
132	454	1
132	455	1
132	457	1
132	461	-1
132	462	-1
132	463	-1
132	464	1
132	465	1
132	467	-1
132	469	1
132	470	-1
132	471	-1
132	472	1
132	474	1
132	476	1
132	481	-1
132	482	1
132	486	1
132	487	1
132	488	-1
132	489	-1
132	491	-1
132	492	-1
132	494	-1
132	496	-1
132	497	1
133	134	1
133	135	-1
133	136	1
133	140	-1
133	142	1
133	143	-1
133	149	-1
133	152	1
133	154	-1
133	157	1
133	158	-1
133	160	1
133	164	-1
133	165	1
133	166	-1
133	174	1
133	177	-1
133	178	1
133	179	1
133	180	1
133	181	1
133	183	1
133	190	-1
133	192	1
133	196	-1
133	197	-1
133	198	1
133	199	1
133	205	1
133	207	1
133	208	-1
133	211	-1
133	215	-1
133	217	-1
133	221	1
133	226	-1
133	227	-1
133	228	-1
133	230	-1
133	231	-1
133	232	-1
133	233	1
133	234	-1
133	236	1
133	237	-1
133	238	1
133	240	1
133	244	1
133	245	-1
133	247	1
133	248	1
133	250	-1
133	252	-1
133	259	1
133	261	-1
133	263	-1
133	264	-1
133	265	-1
133	266	-1
133	269	-1
133	272	-1
133	273	-1
133	274	1
133	277	1
133	278	1
133	279	1
133	280	1
133	288	-1
133	289	-1
133	290	-1
133	292	1
133	293	-1
133	296	1
133	297	-1
133	298	1
133	300	-1
133	301	1
133	302	-1
133	304	-1
133	310	1
133	311	-1
133	312	-1
133	314	-1
133	315	-1
133	316	1
133	317	1
133	318	-1
133	320	1
133	321	1
133	322	1
133	324	1
133	326	1
133	327	1
133	330	1
133	331	-1
133	332	1
133	335	1
133	336	1
133	337	1
133	338	1
133	340	-1
133	342	-1
133	343	1
133	344	-1
133	346	1
133	348	1
133	349	1
133	350	-1
133	352	-1
133	355	-1
133	356	1
133	357	1
133	358	1
133	359	1
133	361	1
133	362	-1
133	363	-1
133	364	1
133	365	1
133	366	1
133	367	1
133	372	1
133	373	1
133	374	1
133	376	-1
133	379	1
133	381	1
133	383	1
133	384	1
133	385	-1
133	388	-1
133	390	1
133	391	1
133	398	-1
133	399	1
133	400	1
133	402	-1
133	404	-1
133	406	1
133	412	1
133	415	-1
133	416	1
133	418	-1
133	419	-1
133	422	-1
133	427	1
133	430	-1
133	433	-1
133	435	1
133	438	-1
133	439	-1
133	440	-1
133	445	-1
133	446	1
133	447	1
133	448	1
133	449	1
133	452	-1
133	454	-1
133	455	1
133	457	1
133	459	-1
133	460	1
133	461	-1
133	462	-1
133	464	1
133	465	1
133	466	-1
133	468	-1
133	469	1
133	471	-1
133	472	1
133	473	1
133	475	1
133	476	1
133	477	-1
133	479	-1
133	483	1
133	486	1
133	490	1
133	491	1
133	494	-1
133	499	-1
134	135	1
134	136	-1
134	141	1
134	142	-1
134	144	1
134	147	1
134	151	-1
134	152	-1
134	154	1
134	158	1
134	161	-1
134	162	-1
134	164	1
134	170	-1
134	174	1
134	176	1
134	178	1
134	179	1
134	180	1
134	181	1
134	183	1
134	184	1
134	185	-1
134	188	1
134	192	1
134	197	-1
134	198	1
134	201	-1
134	202	1
134	205	1
134	209	1
134	210	-1
134	212	1
134	214	-1
134	217	-1
134	218	-1
134	221	-1
134	223	1
134	224	-1
134	225	1
134	226	1
134	227	1
134	230	-1
134	235	-1
134	236	-1
134	237	1
134	240	-1
134	242	-1
134	248	1
134	249	-1
134	250	-1
134	251	1
134	252	-1
134	253	1
134	256	-1
134	259	-1
134	260	-1
134	262	1
134	266	-1
134	269	1
134	271	1
134	276	1
134	280	1
134	281	-1
134	283	1
134	285	1
134	288	-1
134	292	1
134	294	-1
134	297	1
134	300	-1
134	303	-1
134	306	1
134	307	1
134	309	1
134	310	1
134	312	-1
134	313	1
134	314	-1
134	315	-1
134	318	-1
134	320	-1
134	322	-1
134	323	1
134	325	-1
134	327	-1
134	328	1
134	329	1
134	331	1
134	333	-1
134	341	-1
134	342	-1
134	343	1
134	346	-1
134	350	1
134	351	-1
134	352	-1
134	353	-1
134	354	-1
134	356	1
134	358	1
134	363	1
134	367	-1
134	368	-1
134	369	-1
134	372	-1
134	374	-1
134	376	-1
134	377	1
134	378	1
134	379	1
134	380	1
134	381	1
134	382	1
134	383	-1
134	385	1
134	386	1
134	387	1
134	388	1
134	390	-1
134	392	-1
134	394	1
134	399	1
134	403	1
134	405	1
134	406	1
134	409	1
134	410	1
134	414	1
134	417	-1
134	419	1
134	422	-1
134	425	1
134	426	-1
134	427	1
134	428	1
134	429	1
134	432	1
134	435	1
134	436	1
134	437	1
134	442	-1
134	443	1
134	445	-1
134	448	-1
134	451	-1
134	454	-1
134	458	-1
134	459	-1
134	461	1
134	463	1
134	467	1
134	471	1
134	473	1
134	474	1
134	475	-1
134	477	-1
134	478	-1
134	481	1
134	482	1
134	483	1
134	485	-1
134	486	-1
134	489	-1
134	491	-1
134	492	1
134	494	1
134	496	-1
134	498	-1
135	136	-1
135	137	-1
135	138	-1
135	139	1
135	145	1
135	146	1
135	147	-1
135	148	1
135	151	1
135	152	-1
135	153	-1
135	154	-1
135	155	-1
135	156	-1
135	158	1
135	159	-1
135	162	1
135	167	1
135	171	1
135	173	1
135	176	-1
135	178	-1
135	179	1
135	180	-1
135	181	1
135	182	1
135	184	1
135	185	1
135	187	-1
135	188	-1
135	191	-1
135	193	1
135	197	-1
135	198	1
135	199	1
135	201	1
135	205	1
135	206	-1
135	207	-1
135	208	1
135	209	1
135	210	1
135	211	-1
135	214	1
135	215	-1
135	216	1
135	217	1
135	218	1
135	219	1
135	220	1
135	225	1
135	227	1
135	234	1
135	243	-1
135	244	1
135	246	-1
135	248	1
135	250	-1
135	253	-1
135	256	-1
135	257	1
135	260	1
135	262	-1
135	265	-1
135	266	-1
135	267	1
135	268	1
135	269	-1
135	275	1
135	276	1
135	278	1
135	279	-1
135	281	-1
135	282	1
135	286	1
135	293	1
135	296	-1
135	297	1
135	299	1
135	301	1
135	302	-1
135	306	1
135	307	-1
135	308	-1
135	309	1
135	310	-1
135	315	1
135	318	1
135	322	-1
135	323	-1
135	324	1
135	327	-1
135	328	-1
135	329	-1
135	331	-1
135	338	-1
135	340	-1
135	343	1
135	344	1
135	346	1
135	350	-1
135	354	1
135	356	-1
135	357	-1
135	360	1
135	361	-1
135	364	-1
135	366	-1
135	367	-1
135	368	1
135	370	-1
135	373	1
135	374	-1
135	383	-1
135	386	-1
135	387	1
135	389	-1
135	392	1
135	393	1
135	394	1
135	395	-1
135	399	-1
135	401	-1
135	402	-1
135	403	-1
135	409	-1
135	410	-1
135	411	-1
135	412	-1
135	413	1
135	414	-1
135	416	1
135	419	-1
135	420	-1
135	421	-1
135	422	-1
135	425	1
135	426	-1
135	431	-1
135	434	1
135	436	-1
135	438	-1
135	439	1
135	443	-1
135	444	1
135	447	-1
135	451	-1
135	452	1
135	454	-1
135	456	1
135	457	1
135	465	-1
135	466	1
135	470	-1
135	474	1
135	475	1
135	476	-1
135	477	1
135	479	-1
135	481	1
135	482	1
135	484	-1
135	486	1
135	487	1
135	488	-1
135	493	1
135	495	1
135	497	-1
135	498	-1
136	137	1
136	140	1
136	142	1
136	143	-1
136	148	1
136	152	-1
136	153	1
136	154	1
136	155	-1
136	158	-1
136	161	-1
136	162	1
136	164	-1
136	168	1
136	169	-1
136	170	1
136	171	1
136	181	-1
136	182	-1
136	183	-1
136	191	-1
136	192	-1
136	194	-1
136	195	1
136	196	1
136	197	-1
136	199	-1
136	200	1
136	202	-1
136	203	-1
136	204	1
136	205	-1
136	206	-1
136	208	1
136	211	-1
136	212	1
136	216	-1
136	217	-1
136	218	1
136	219	-1
136	222	-1
136	224	1
136	225	-1
136	226	-1
136	228	1
136	234	-1
136	235	-1
136	237	-1
136	241	1
136	244	1
136	246	-1
136	247	1
136	250	-1
136	251	-1
136	254	1
136	255	1
136	266	-1
136	270	-1
136	271	1
136	272	-1
136	276	1
136	278	-1
136	279	-1
136	280	1
136	281	1
136	282	1
136	283	1
136	284	1
136	286	1
136	288	-1
136	290	1
136	293	1
136	294	-1
136	302	-1
136	303	1
136	304	1
136	305	-1
136	307	-1
136	310	-1
136	313	1
136	314	1
136	317	-1
136	320	1
136	321	1
136	326	-1
136	328	1
136	329	1
136	335	-1
136	337	-1
136	338	1
136	340	-1
136	341	-1
136	342	-1
136	343	1
136	344	-1
136	346	-1
136	347	1
136	349	1
136	352	1
136	353	-1
136	354	1
136	355	-1
136	356	-1
136	360	1
136	361	1
136	362	1
136	363	-1
136	365	-1
136	368	1
136	369	-1
136	370	1
136	371	-1
136	372	-1
136	376	1
136	377	1
136	378	-1
136	379	-1
136	380	-1
136	381	-1
136	382	-1
136	383	-1
136	385	-1
136	386	1
136	387	-1
136	388	1
136	389	-1
136	390	1
136	391	1
136	392	1
136	393	1
136	394	1
136	395	-1
136	396	1
136	400	1
136	402	-1
136	404	-1
136	405	-1
136	407	-1
136	408	1
136	413	-1
136	415	1
136	419	-1
136	423	1
136	426	1
136	429	1
136	431	-1
136	437	-1
136	438	1
136	439	1
136	444	1
136	448	1
136	451	-1
136	452	1
136	454	-1
136	456	1
136	457	-1
136	458	1
136	461	-1
136	467	1
136	469	1
136	471	1
136	472	-1
136	476	1
136	478	1
136	481	1
136	482	-1
136	483	-1
136	489	-1
136	491	-1
136	492	-1
136	493	1
136	494	-1
136	499	-1
137	139	1
137	140	1
137	143	1
137	144	-1
137	147	-1
137	148	1
137	152	-1
137	157	1
137	158	1
137	161	1
137	166	-1
137	167	-1
137	168	-1
137	170	1
137	172	1
137	174	-1
137	175	1
137	177	-1
137	179	-1
137	182	1
137	183	1
137	185	1
137	188	-1
137	189	1
137	191	1
137	192	1
137	196	1
137	197	1
137	201	-1
137	203	-1
137	205	1
137	206	-1
137	209	1
137	210	1
137	211	1
137	212	1
137	213	-1
137	214	1
137	217	1
137	226	1
137	228	-1
137	232	1
137	233	-1
137	234	1
137	238	-1
137	240	1
137	243	1
137	244	-1
137	248	1
137	249	1
137	250	-1
137	251	1
137	253	1
137	255	-1
137	256	-1
137	257	1
137	259	1
137	261	-1
137	262	-1
137	263	1
137	264	1
137	269	-1
137	270	1
137	272	1
137	274	1
137	275	-1
137	276	-1
137	281	1
137	283	1
137	287	1
137	289	-1
137	290	-1
137	291	-1
137	293	-1
137	295	-1
137	296	1
137	299	-1
137	300	1
137	301	1
137	302	-1
137	304	1
137	305	-1
137	306	-1
137	313	1
137	314	-1
137	316	1
137	318	1
137	321	1
137	322	-1
137	324	-1
137	326	-1
137	328	1
137	329	-1
137	332	1
137	339	-1
137	340	-1
137	342	1
137	343	-1
137	344	-1
137	346	1
137	347	1
137	350	1
137	352	-1
137	354	-1
137	356	-1
137	357	-1
137	359	1
137	361	-1
137	362	1
137	364	-1
137	365	1
137	367	-1
137	369	1
137	372	-1
137	374	1
137	375	1
137	377	-1
137	378	-1
137	380	1
137	382	-1
137	389	-1
137	390	-1
137	391	-1
137	392	1
137	394	1
137	395	1
137	397	1
137	399	1
137	403	1
137	404	-1
137	410	1
137	421	-1
137	425	-1
137	426	1
137	429	1
137	430	1
137	432	1
137	433	1
137	434	1
137	436	1
137	438	-1
137	439	1
137	441	-1
137	444	1
137	445	-1
137	449	-1
137	450	-1
137	452	-1
137	453	1
137	454	-1
137	455	-1
137	458	-1
137	461	-1
137	465	-1
137	470	-1
137	472	-1
137	473	-1
137	474	1
137	475	1
137	476	-1
137	477	-1
137	478	-1
137	480	-1
137	481	-1
137	482	1
137	485	-1
137	491	1
137	494	-1
137	496	1
138	144	1
138	148	-1
138	149	1
138	154	1
138	156	-1
138	161	-1
138	162	1
138	167	-1
138	169	1
138	171	1
138	172	1
138	177	-1
138	178	1
138	181	-1
138	182	-1
138	185	-1
138	186	1
138	187	-1
138	188	-1
138	190	-1
138	192	-1
138	193	1
138	194	1
138	197	-1
138	198	1
138	199	-1
138	202	1
138	203	-1
138	206	1
138	211	-1
138	216	-1
138	217	1
138	218	-1
138	219	1
138	220	1
138	223	-1
138	225	-1
138	226	-1
138	229	1
138	238	-1
138	240	1
138	243	-1
138	245	-1
138	246	1
138	247	-1
138	248	1
138	249	-1
138	250	1
138	251	1
138	255	1
138	257	-1
138	258	-1
138	268	-1
138	273	1
138	274	-1
138	276	1
138	278	1
138	280	-1
138	281	-1
138	283	-1
138	284	-1
138	285	-1
138	287	1
138	294	-1
138	295	-1
138	297	-1
138	298	1
138	301	-1
138	302	-1
138	303	1
138	304	1
138	305	1
138	307	-1
138	309	1
138	310	-1
138	311	-1
138	313	-1
138	314	-1
138	316	-1
138	318	-1
138	320	-1
138	322	1
138	324	1
138	326	-1
138	329	-1
138	330	-1
138	332	-1
138	337	1
138	342	1
138	345	1
138	347	1
138	349	1
138	350	-1
138	354	-1
138	359	1
138	360	-1
138	361	1
138	363	1
138	366	1
138	367	1
138	368	-1
138	369	1
138	371	1
138	372	1
138	374	1
138	375	1
138	376	1
138	378	-1
138	380	1
138	381	-1
138	382	1
138	385	1
138	386	1
138	387	1
138	388	1
138	389	1
138	390	1
138	396	-1
138	398	-1
138	401	1
138	402	-1
138	403	1
138	405	-1
138	406	1
138	407	-1
138	408	1
138	411	1
138	412	-1
138	413	1
138	414	1
138	416	-1
138	419	-1
138	420	-1
138	423	1
138	426	1
138	430	1
138	431	1
138	432	1
138	433	1
138	434	-1
138	435	-1
138	436	-1
138	438	1
138	439	-1
138	440	1
138	441	-1
138	442	1
138	444	-1
138	447	1
138	450	-1
138	451	1
138	453	1
138	457	-1
138	459	-1
138	460	1
138	462	1
138	466	1
138	468	1
138	469	1
138	470	1
138	471	-1
138	472	1
138	473	-1
138	475	1
138	477	-1
138	478	-1
138	479	-1
138	480	-1
138	485	1
138	487	-1
138	490	1
138	493	-1
138	495	1
138	497	-1
138	499	-1
139	140	-1
139	141	-1
139	143	-1
139	144	-1
139	148	-1
139	151	1
139	152	-1
139	153	1
139	157	-1
139	159	-1
139	162	-1
139	163	-1
139	164	1
139	165	-1
139	167	1
139	169	1
139	170	1
139	172	1
139	174	-1
139	176	1
139	178	1
139	179	1
139	180	-1
139	181	-1
139	184	-1
139	188	1
139	189	1
139	190	1
139	191	1
139	192	1
139	194	1
139	195	-1
139	198	1
139	203	1
139	205	-1
139	208	1
139	209	1
139	210	1
139	212	-1
139	224	-1
139	226	-1
139	227	-1
139	228	-1
139	231	1
139	234	-1
139	235	1
139	237	-1
139	239	1
139	240	-1
139	241	1
139	245	1
139	246	1
139	247	1
139	249	1
139	251	-1
139	253	1
139	255	-1
139	256	-1
139	258	1
139	263	1
139	265	1
139	268	1
139	270	1
139	271	1
139	272	-1
139	273	1
139	277	-1
139	281	-1
139	283	1
139	285	1
139	287	-1
139	288	1
139	289	1
139	290	-1
139	293	-1
139	294	-1
139	297	-1
139	299	-1
139	301	-1
139	302	-1
139	303	-1
139	305	1
139	307	1
139	316	1
139	318	-1
139	321	-1
139	323	-1
139	324	-1
139	327	1
139	329	-1
139	332	-1
139	334	-1
139	337	1
139	338	1
139	339	-1
139	340	1
139	342	-1
139	343	-1
139	344	-1
139	345	-1
139	347	-1
139	349	-1
139	350	1
139	351	-1
139	353	1
139	356	1
139	359	1
139	362	-1
139	363	1
139	365	1
139	366	1
139	367	1
139	368	1
139	370	1
139	372	-1
139	373	1
139	374	-1
139	375	-1
139	376	1
139	380	-1
139	383	-1
139	384	-1
139	385	-1
139	386	-1
139	391	1
139	392	-1
139	393	1
139	396	-1
139	397	-1
139	398	1
139	399	1
139	403	-1
139	404	-1
139	405	-1
139	406	1
139	408	-1
139	409	1
139	410	1
139	411	-1
139	412	1
139	413	-1
139	415	-1
139	416	1
139	417	-1
139	419	-1
139	420	1
139	421	1
139	422	1
139	423	1
139	426	1
139	427	-1
139	429	-1
139	431	1
139	433	1
139	434	1
139	435	-1
139	437	1
139	440	-1
139	442	1
139	444	-1
139	445	1
139	446	1
139	447	-1
139	448	1
139	449	1
139	450	1
139	451	-1
139	453	-1
139	454	-1
139	456	1
139	458	-1
139	460	1
139	461	-1
139	462	-1
139	463	1
139	464	1
139	465	-1
139	468	1
139	472	1
139	473	-1
139	476	1
139	477	1
139	478	-1
139	479	-1
139	483	-1
139	484	-1
139	485	-1
139	486	1
139	491	1
139	492	1
139	493	-1
139	494	1
139	495	-1
139	496	-1
139	497	-1
140	141	1
140	143	1
140	144	-1
140	146	1
140	147	-1
140	149	1
140	150	-1
140	151	1
140	155	1
140	156	-1
140	159	-1
140	160	-1
140	161	1
140	163	-1
140	164	-1
140	165	-1
140	167	-1
140	170	1
140	171	-1
140	172	1
140	173	-1
140	175	-1
140	179	-1
140	180	1
140	181	-1
140	183	1
140	185	1
140	186	1
140	187	-1
140	188	-1
140	190	-1
140	193	1
140	194	1
140	197	-1
140	199	-1
140	200	1
140	204	-1
140	205	-1
140	207	1
140	209	1
140	210	-1
140	211	1
140	215	-1
140	217	1
140	218	1
140	222	-1
140	223	-1
140	224	1
140	225	1
140	228	1
140	232	-1
140	234	1
140	235	-1
140	236	1
140	237	1
140	238	1
140	242	1
140	244	1
140	245	1
140	249	1
140	252	1
140	253	-1
140	254	-1
140	255	-1
140	256	-1
140	258	-1
140	260	-1
140	261	-1
140	263	-1
140	265	1
140	267	1
140	268	1
140	270	-1
140	271	-1
140	272	1
140	276	1
140	279	1
140	280	1
140	281	-1
140	282	-1
140	283	1
140	284	-1
140	287	-1
140	288	-1
140	291	1
140	292	1
140	293	1
140	294	-1
140	297	-1
140	299	-1
140	300	-1
140	301	1
140	302	-1
140	303	-1
140	311	-1
140	313	1
140	315	-1
140	317	-1
140	320	-1
140	321	-1
140	324	-1
140	325	1
140	327	1
140	328	-1
140	329	-1
140	330	-1
140	332	1
140	335	1
140	336	-1
140	340	1
140	343	-1
140	348	1
140	351	-1
140	352	-1
140	355	-1
140	358	1
140	359	-1
140	360	1
140	362	1
140	363	1
140	364	-1
140	365	-1
140	366	-1
140	367	1
140	370	1
140	372	1
140	373	1
140	375	-1
140	376	-1
140	379	1
140	383	-1
140	387	1
140	388	1
140	389	-1
140	391	1
140	392	-1
140	393	-1
140	398	-1
140	399	-1
140	402	-1
140	412	-1
140	416	-1
140	417	1
140	419	-1
140	421	1
140	422	-1
140	423	1
140	425	-1
140	426	-1
140	428	-1
140	430	-1
140	435	1
140	436	-1
140	438	-1
140	441	-1
140	442	-1
140	443	1
140	445	1
140	446	-1
140	447	1
140	448	-1
140	449	-1
140	450	1
140	451	-1
140	453	1
140	455	1
140	458	1
140	460	1
140	461	-1
140	464	-1
140	474	-1
140	475	1
140	476	1
140	477	1
140	479	-1
140	481	1
140	482	1
140	484	-1
140	486	-1
140	489	1
140	490	1
140	491	1
140	492	1
140	493	1
140	495	-1
140	497	1
140	499	1
141	142	1
141	145	1
141	147	1
141	150	1
141	151	-1
141	153	1
141	154	-1
141	155	1
141	157	1
141	160	1
141	162	1
141	165	-1
141	166	-1
141	170	1
141	172	-1
141	178	-1
141	179	-1
141	180	1
141	181	-1
141	182	1
141	185	1
141	186	-1
141	187	1
141	188	-1
141	189	1
141	190	1
141	191	1
141	192	-1
141	193	-1
141	197	-1
141	198	-1
141	204	1
141	205	1
141	206	-1
141	208	1
141	214	-1
141	216	-1
141	217	1
141	218	1
141	219	1
141	221	1
141	222	-1
141	231	-1
141	236	-1
141	237	1
141	238	-1
141	239	-1
141	240	-1
141	241	-1
141	242	1
141	243	1
141	245	1
141	248	1
141	253	1
141	255	1
141	256	1
141	257	-1
141	259	-1
141	260	1
141	262	-1
141	263	-1
141	267	1
141	269	-1
141	270	1
141	273	-1
141	274	-1
141	277	1
141	281	1
141	282	-1
141	283	-1
141	285	1
141	286	1
141	288	1
141	289	-1
141	290	1
141	291	1
141	292	-1
141	293	-1
141	299	1
141	300	1
141	301	1
141	302	-1
141	304	1
141	305	1
141	306	-1
141	311	1
141	312	-1
141	313	1
141	314	-1
141	315	1
141	317	-1
141	319	-1
141	320	1
141	323	1
141	325	-1
141	326	-1
141	327	-1
141	328	1
141	335	-1
141	336	-1
141	337	1
141	338	1
141	339	1
141	341	1
141	342	-1
141	343	1
141	344	-1
141	346	1
141	349	-1
141	350	1
141	351	-1
141	353	-1
141	354	1
141	356	1
141	358	1
141	362	-1
141	365	-1
141	368	-1
141	372	-1
141	374	1
141	375	1
141	377	1
141	379	1
141	381	1
141	382	-1
141	384	1
141	385	1
141	387	1
141	388	-1
141	390	-1
141	392	-1
141	393	1
141	395	-1
141	396	-1
141	397	-1
141	400	-1
141	401	1
141	405	-1
141	406	-1
141	407	1
141	408	1
141	411	-1
141	413	1
141	416	-1
141	417	-1
141	418	1
141	419	-1
141	420	-1
141	422	-1
141	423	-1
141	424	-1
141	429	-1
141	430	1
141	431	1
141	435	-1
141	437	-1
141	438	1
141	439	-1
141	445	-1
141	446	1
141	447	1
141	448	-1
141	452	1
141	455	-1
141	457	1
141	458	1
141	459	1
141	460	1
141	464	-1
141	468	1
141	470	1
141	471	-1
141	473	-1
141	474	-1
141	475	1
141	478	1
141	479	1
141	480	1
141	484	-1
141	486	1
141	490	1
141	492	1
141	495	-1
141	499	1
142	144	-1
142	145	-1
142	149	-1
142	154	1
142	158	1
142	160	1
142	164	-1
142	166	1
142	168	-1
142	169	1
142	171	-1
142	172	1
142	173	-1
142	178	-1
142	180	-1
142	182	-1
142	185	-1
142	186	1
142	190	-1
142	191	-1
142	192	-1
142	196	-1
142	197	-1
142	199	-1
142	201	1
142	202	1
142	203	-1
142	205	-1
142	206	1
142	208	1
142	209	-1
142	212	-1
142	214	-1
142	215	-1
142	216	-1
142	223	-1
142	227	1
142	228	1
142	229	-1
142	230	1
142	232	1
142	234	1
142	237	-1
142	241	-1
142	243	-1
142	245	-1
142	246	-1
142	250	-1
142	253	1
142	261	-1
142	263	-1
142	264	-1
142	265	1
142	266	1
142	268	1
142	272	1
142	274	-1
142	275	1
142	277	-1
142	278	-1
142	283	1
142	287	-1
142	288	-1
142	290	1
142	291	-1
142	292	-1
142	295	-1
142	296	1
142	297	-1
142	302	-1
142	303	-1
142	304	1
142	305	-1
142	306	-1
142	309	1
142	310	-1
142	312	-1
142	313	-1
142	315	-1
142	316	1
142	318	1
142	321	-1
142	324	-1
142	327	1
142	329	-1
142	330	1
142	331	1
142	332	-1
142	333	1
142	334	1
142	335	-1
142	336	1
142	337	-1
142	340	1
142	343	-1
142	344	1
142	345	1
142	349	1
142	351	-1
142	352	1
142	354	1
142	356	1
142	358	1
142	359	-1
142	361	1
142	362	1
142	363	-1
142	366	-1
142	367	1
142	369	1
142	373	1
142	374	-1
142	375	1
142	376	-1
142	377	1
142	378	1
142	379	-1
142	382	-1
142	384	1
142	386	1
142	387	1
142	389	-1
142	390	-1
142	391	1
142	392	-1
142	393	-1
142	394	-1
142	396	-1
142	397	1
142	399	-1
142	401	-1
142	403	-1
142	404	-1
142	406	1
142	411	1
142	413	1
142	417	-1
142	419	1
142	420	-1
142	421	1
142	424	1
142	425	1
142	428	-1
142	430	-1
142	434	1
142	435	1
142	437	1
142	438	1
142	439	-1
142	441	1
142	442	-1
142	443	-1
142	444	-1
142	446	-1
142	447	1
142	448	-1
142	449	1
142	450	1
142	452	1
142	453	1
142	454	-1
142	455	-1
142	456	1
142	457	1
142	458	-1
142	459	-1
142	460	-1
142	463	-1
142	465	-1
142	466	1
142	470	-1
142	471	-1
142	473	-1
142	474	1
142	478	-1
142	480	1
142	483	-1
142	485	-1
142	487	-1
142	488	1
142	493	1
142	497	1
142	499	1
143	145	-1
143	148	1
143	149	-1
143	152	-1
143	153	1
143	155	-1
143	157	-1
143	164	-1
143	165	-1
143	166	1
143	167	-1
143	168	1
143	172	1
143	173	-1
143	175	1
143	176	1
143	178	1
143	180	-1
143	182	-1
143	184	-1
143	186	-1
143	188	-1
143	191	1
143	193	1
143	194	-1
143	196	-1
143	197	-1
143	201	-1
143	202	-1
143	203	-1
143	204	-1
143	205	-1
143	206	1
143	207	-1
143	208	-1
143	209	-1
143	211	-1
143	212	1
143	213	-1
143	215	1
143	216	1
143	221	-1
143	223	1
143	225	1
143	227	-1
143	228	-1
143	230	-1
143	231	-1
143	235	-1
143	237	1
143	238	-1
143	241	1
143	243	-1
143	245	1
143	246	-1
143	250	1
143	251	-1
143	256	1
143	258	1
143	262	1
143	264	-1
143	265	1
143	268	1
143	269	-1
143	270	-1
143	271	-1
143	272	-1
143	273	-1
143	277	-1
143	278	-1
143	279	-1
143	280	-1
143	287	-1
143	288	-1
143	289	1
143	290	1
143	291	1
143	292	-1
143	293	1
143	294	1
143	297	1
143	298	-1
143	302	1
143	303	1
143	307	1
143	308	-1
143	311	1
143	312	1
143	314	1
143	319	1
143	320	1
143	322	-1
143	323	-1
143	324	-1
143	325	1
143	326	-1
143	328	-1
143	329	-1
143	330	1
143	332	1
143	333	1
143	335	1
143	336	-1
143	338	1
143	342	-1
143	344	1
143	345	-1
143	349	1
143	350	1
143	351	1
143	358	-1
143	359	-1
143	361	-1
143	363	1
143	364	1
143	365	-1
143	366	1
143	368	1
143	369	-1
143	372	-1
143	373	-1
143	374	1
143	377	-1
143	378	-1
143	381	-1
143	383	1
143	384	-1
143	385	-1
143	387	1
143	388	1
143	389	-1
143	390	-1
143	391	1
143	393	-1
143	395	1
143	399	-1
143	401	1
143	403	-1
143	405	-1
143	406	1
143	408	-1
143	410	-1
143	411	-1
143	414	-1
143	415	1
143	418	-1
143	419	1
143	420	-1
143	421	-1
143	422	1
143	424	1
143	426	-1
143	427	1
143	432	1
143	434	-1
143	435	1
143	436	-1
143	437	-1
143	443	1
143	446	-1
143	448	-1
143	450	-1
143	451	-1
143	453	1
143	455	-1
143	457	-1
143	458	1
143	459	-1
143	460	-1
143	461	-1
143	462	-1
143	466	1
143	467	1
143	468	-1
143	469	1
143	471	1
143	472	1
143	473	-1
143	475	1
143	476	-1
143	478	1
143	479	-1
143	480	-1
143	482	-1
143	483	1
143	484	1
143	487	-1
143	488	-1
143	489	1
143	490	1
143	494	1
143	496	1
144	145	-1
144	146	1
144	147	-1
144	148	-1
144	151	-1
144	152	-1
144	153	1
144	154	-1
144	157	1
144	161	1
144	164	1
144	166	-1
144	167	1
144	169	-1
144	173	1
144	176	-1
144	180	1
144	181	1
144	184	-1
144	188	-1
144	189	1
144	190	-1
144	191	1
144	192	-1
144	194	1
144	196	-1
144	198	-1
144	199	1
144	201	-1
144	202	1
144	203	-1
144	206	1
144	208	1
144	209	1
144	212	-1
144	218	1
144	219	-1
144	221	1
144	223	1
144	225	-1
144	227	-1
144	228	-1
144	231	-1
144	239	-1
144	240	-1
144	241	-1
144	243	-1
144	250	1
144	251	1
144	252	-1
144	253	1
144	255	-1
144	257	-1
144	259	-1
144	262	-1
144	265	1
144	266	-1
144	267	-1
144	268	-1
144	271	1
144	273	1
144	274	-1
144	277	1
144	278	-1
144	279	-1
144	281	1
144	282	-1
144	283	-1
144	287	-1
144	288	1
144	289	1
144	290	-1
144	291	-1
144	293	1
144	294	-1
144	297	1
144	298	-1
144	299	-1
144	301	-1
144	302	-1
144	306	-1
144	307	-1
144	308	1
144	313	1
144	314	-1
144	316	-1
144	318	1
144	319	1
144	321	1
144	324	-1
144	325	1
144	326	-1
144	327	-1
144	328	1
144	329	-1
144	330	1
144	332	-1
144	337	-1
144	340	1
144	342	1
144	344	1
144	349	-1
144	351	1
144	352	-1
144	356	1
144	358	-1
144	360	-1
144	364	1
144	367	1
144	370	1
144	371	-1
144	373	-1
144	375	1
144	376	1
144	379	-1
144	381	-1
144	382	-1
144	384	1
144	386	1
144	390	-1
144	393	-1
144	395	1
144	398	1
144	403	-1
144	404	-1
144	405	1
144	408	1
144	410	-1
144	415	-1
144	416	-1
144	417	-1
144	418	1
144	419	1
144	423	1
144	424	-1
144	425	1
144	426	1
144	427	-1
144	431	-1
144	432	1
144	433	-1
144	436	-1
144	437	-1
144	438	-1
144	439	1
144	440	1
144	441	1
144	443	1
144	444	-1
144	445	-1
144	446	-1
144	451	1
144	452	-1
144	454	-1
144	455	-1
144	456	-1
144	457	1
144	458	-1
144	459	-1
144	460	1
144	462	1
144	463	-1
144	464	-1
144	467	1
144	468	-1
144	475	1
144	476	1
144	478	1
144	480	1
144	481	1
144	482	1
144	483	1
144	484	-1
144	487	1
144	489	1
144	490	-1
144	495	-1
144	496	-1
145	146	-1
145	147	-1
145	149	-1
145	150	1
145	154	-1
145	158	1
145	159	-1
145	162	-1
145	164	1
145	165	1
145	169	1
145	175	1
145	176	1
145	178	1
145	179	1
145	181	1
145	182	-1
145	183	1
145	184	-1
145	186	1
145	188	-1
145	189	-1
145	190	-1
145	191	1
145	192	1
145	193	-1
145	194	-1
145	196	1
145	197	-1
145	198	-1
145	201	-1
145	202	-1
145	206	1
145	208	1
145	210	-1
145	213	1
145	216	-1
145	219	-1
145	220	1
145	221	1
145	222	1
145	225	1
145	228	1
145	229	1
145	230	-1
145	232	-1
145	235	1
145	242	1
145	243	1
145	245	1
145	246	-1
145	247	-1
145	248	-1
145	249	1
145	255	-1
145	256	-1
145	258	-1
145	262	1
145	265	1
145	267	-1
145	268	-1
145	269	-1
145	270	-1
145	271	1
145	272	1
145	274	1
145	276	1
145	278	1
145	281	-1
145	282	-1
145	284	-1
145	287	1
145	289	1
145	291	1
145	292	1
145	293	-1
145	294	-1
145	295	1
145	296	-1
145	297	1
145	300	1
145	301	-1
145	302	-1
145	303	-1
145	304	1
145	306	-1
145	307	1
145	309	-1
145	310	-1
145	311	1
145	312	1
145	313	-1
145	314	-1
145	317	1
145	320	1
145	321	-1
145	324	-1
145	330	-1
145	332	-1
145	334	-1
145	336	1
145	337	1
145	339	-1
145	340	-1
145	342	1
145	346	1
145	347	1
145	352	-1
145	354	-1
145	355	-1
145	358	-1
145	359	-1
145	361	1
145	363	-1
145	365	1
145	366	1
145	367	-1
145	368	-1
145	369	1
145	371	-1
145	372	-1
145	376	1
145	379	1
145	384	-1
145	385	1
145	386	-1
145	387	1
145	392	-1
145	394	1
145	403	1
145	404	-1
145	407	-1
145	408	1
145	409	1
145	412	-1
145	414	-1
145	415	1
145	419	-1
145	420	-1
145	421	-1
145	423	1
145	424	1
145	426	1
145	427	1
145	429	1
145	430	1
145	432	-1
145	434	-1
145	436	-1
145	437	-1
145	440	-1
145	442	-1
145	443	-1
145	444	-1
145	445	-1
145	447	-1
145	448	-1
145	450	1
145	451	-1
145	453	-1
145	455	-1
145	457	1
145	459	-1
145	460	-1
145	464	1
145	465	-1
145	468	-1
145	469	-1
145	470	-1
145	471	1
145	472	1
145	482	-1
145	483	-1
145	484	-1
145	485	1
145	487	1
145	488	-1
145	491	-1
145	496	1
145	499	1
146	147	-1
146	148	-1
146	150	-1
146	151	1
146	152	-1
146	157	-1
146	160	-1
146	162	1
146	165	-1
146	166	-1
146	167	-1
146	169	1
146	174	1
146	175	-1
146	177	-1
146	178	-1
146	181	-1
146	183	1
146	184	-1
146	185	-1
146	186	-1
146	187	1
146	189	-1
146	191	-1
146	199	-1
146	200	1
146	201	-1
146	203	1
146	205	-1
146	206	-1
146	207	-1
146	209	1
146	210	-1
146	211	-1
146	212	1
146	214	-1
146	216	-1
146	221	1
146	222	-1
146	223	-1
146	225	-1
146	226	1
146	228	-1
146	230	-1
146	231	1
146	232	-1
146	235	-1
146	236	1
146	241	1
146	242	1
146	243	-1
146	245	-1
146	248	1
146	250	1
146	251	1
146	252	1
146	253	1
146	254	-1
146	258	1
146	260	-1
146	262	-1
146	263	1
146	264	-1
146	265	1
146	266	-1
146	267	-1
146	271	1
146	273	1
146	274	1
146	278	1
146	281	1
146	283	1
146	292	-1
146	295	-1
146	300	-1
146	301	-1
146	302	-1
146	304	-1
146	308	-1
146	310	-1
146	315	-1
146	316	-1
146	317	-1
146	318	1
146	321	-1
146	322	1
146	325	-1
146	330	-1
146	332	1
146	333	-1
146	335	-1
146	336	1
146	343	1
146	346	-1
146	348	-1
146	349	1
146	350	-1
146	351	1
146	352	1
146	353	1
146	357	1
146	358	1
146	359	-1
146	360	-1
146	361	1
146	363	1
146	364	-1
146	365	1
146	366	1
146	368	1
146	369	-1
146	371	-1
146	373	1
146	374	1
146	376	1
146	377	1
146	379	1
146	382	1
146	383	-1
146	385	-1
146	391	1
146	392	1
146	394	1
146	395	-1
146	397	-1
146	398	-1
146	399	1
146	400	-1
146	401	1
146	402	-1
146	403	1
146	404	1
146	406	-1
146	407	1
146	408	1
146	409	-1
146	410	-1
146	411	-1
146	412	-1
146	413	-1
146	414	-1
146	416	1
146	419	1
146	420	-1
146	423	-1
146	425	1
146	428	1
146	430	-1
146	434	-1
146	436	-1
146	440	-1
146	442	-1
146	444	1
146	445	-1
146	447	-1
146	449	-1
146	455	-1
146	457	1
146	458	-1
146	461	-1
146	462	-1
146	463	-1
146	465	1
146	470	-1
146	472	-1
146	475	1
146	476	1
146	477	1
146	478	1
146	479	-1
146	481	1
146	482	-1
146	485	1
146	486	1
146	487	-1
146	489	1
146	492	-1
146	493	-1
146	495	1
146	496	-1
146	499	1
147	148	-1
147	149	-1
147	151	-1
147	153	-1
147	155	-1
147	156	1
147	157	-1
147	158	1
147	160	-1
147	161	1
147	166	1
147	168	1
147	170	-1
147	173	-1
147	174	-1
147	175	1
147	176	-1
147	177	1
147	181	1
147	183	-1
147	184	1
147	185	1
147	186	1
147	188	-1
147	190	-1
147	192	1
147	195	1
147	196	-1
147	199	1
147	203	-1
147	204	1
147	210	-1
147	211	-1
147	212	-1
147	213	1
147	214	-1
147	215	1
147	218	-1
147	219	-1
147	221	1
147	222	-1
147	223	1
147	226	1
147	231	-1
147	232	-1
147	233	-1
147	234	-1
147	235	-1
147	236	1
147	238	1
147	239	-1
147	241	1
147	243	-1
147	246	-1
147	249	1
147	250	-1
147	251	1
147	254	1
147	257	1
147	259	1
147	260	-1
147	262	-1
147	263	1
147	264	-1
147	265	1
147	266	-1
147	267	-1
147	268	1
147	270	1
147	271	-1
147	272	-1
147	274	1
147	275	1
147	279	-1
147	282	1
147	283	1
147	286	1
147	287	1
147	290	1
147	291	-1
147	300	1
147	301	-1
147	302	-1
147	304	-1
147	305	1
147	306	-1
147	307	-1
147	308	-1
147	312	1
147	313	1
147	315	1
147	316	1
147	321	-1
147	322	1
147	323	1
147	325	1
147	326	-1
147	328	1
147	329	1
147	331	-1
147	332	-1
147	335	1
147	339	-1
147	340	1
147	346	-1
147	348	-1
147	349	-1
147	351	1
147	354	1
147	357	-1
147	358	1
147	363	1
147	365	1
147	367	1
147	370	-1
147	373	1
147	375	-1
147	377	-1
147	380	-1
147	381	-1
147	385	-1
147	386	1
147	387	1
147	388	-1
147	389	1
147	391	-1
147	394	-1
147	396	1
147	397	-1
147	398	-1
147	402	-1
147	403	1
147	406	1
147	407	-1
147	408	1
147	409	-1
147	410	-1
147	411	-1
147	414	1
147	418	-1
147	420	1
147	421	-1
147	425	-1
147	426	-1
147	427	-1
147	428	1
147	430	-1
147	431	1
147	432	1
147	433	1
147	437	1
147	440	-1
147	442	-1
147	446	1
147	447	-1
147	448	-1
147	449	-1
147	454	-1
147	455	1
147	457	1
147	458	1
147	462	-1
147	463	-1
147	464	1
147	465	-1
147	469	1
147	470	1
147	473	1
147	474	1
147	475	-1
147	478	-1
147	479	1
147	481	1
147	482	1
147	484	1
147	485	-1
147	486	1
147	487	-1
147	489	-1
147	492	-1
147	494	-1
147	495	1
147	497	1
148	149	1
148	150	-1
148	151	-1
148	152	-1
148	156	-1
148	158	-1
148	159	1
148	162	-1
148	164	-1
148	166	1
148	167	-1
148	172	-1
148	175	1
148	177	-1
148	179	-1
148	181	-1
148	182	-1
148	183	-1
148	185	-1
148	187	-1
148	191	-1
148	194	-1
148	196	-1
148	197	1
148	198	-1
148	199	-1
148	201	-1
148	202	-1
148	203	1
148	205	-1
148	207	-1
148	209	1
148	210	-1
148	211	-1
148	215	1
148	221	1
148	223	-1
148	225	-1
148	226	1
148	230	1
148	231	1
148	232	-1
148	234	-1
148	239	-1
148	240	-1
148	244	1
148	245	-1
148	246	-1
148	247	1
148	248	-1
148	249	1
148	251	-1
148	252	1
148	254	1
148	255	-1
148	256	1
148	258	-1
148	260	1
148	262	-1
148	263	-1
148	265	1
148	276	1
148	277	-1
148	279	-1
148	280	1
148	281	-1
148	283	1
148	284	-1
148	285	1
148	288	-1
148	294	-1
148	295	1
148	297	1
148	298	1
148	299	-1
148	300	-1
148	303	-1
148	304	1
148	305	1
148	306	-1
148	307	-1
148	309	-1
148	310	1
148	311	1
148	313	1
148	315	1
148	317	-1
148	319	1
148	320	1
148	322	1
148	324	-1
148	326	-1
148	329	1
148	330	-1
148	332	-1
148	334	-1
148	336	1
148	337	1
148	340	1
148	341	-1
148	342	1
148	343	1
148	345	-1
148	347	1
148	348	-1
148	349	-1
148	350	1
148	352	1
148	356	1
148	357	-1
148	358	1
148	359	-1
148	364	1
148	366	1
148	367	1
148	369	1
148	370	-1
148	372	1
148	374	-1
148	375	-1
148	376	1
148	377	-1
148	378	1
148	379	1
148	380	-1
148	381	1
148	384	1
148	386	1
148	387	-1
148	389	1
148	391	-1
148	397	1
148	398	-1
148	400	-1
148	401	1
148	402	-1
148	403	-1
148	404	1
148	407	-1
148	411	-1
148	412	1
148	416	-1
148	417	1
148	419	-1
148	421	1
148	423	1
148	430	1
148	431	-1
148	436	1
148	438	1
148	439	1
148	441	-1
148	443	1
148	445	1
148	447	-1
148	450	-1
148	451	1
148	452	1
148	454	1
148	457	-1
148	458	-1
148	459	-1
148	461	-1
148	462	1
148	463	1
148	465	-1
148	466	-1
148	468	1
148	469	-1
148	472	1
148	475	-1
148	479	-1
148	481	1
148	482	1
148	483	-1
148	484	1
148	488	-1
148	493	1
148	497	1
149	150	-1
149	152	1
149	154	-1
149	157	-1
149	159	1
149	160	-1
149	162	-1
149	163	1
149	164	1
149	167	-1
149	169	-1
149	171	-1
149	173	1
149	174	-1
149	179	-1
149	180	1
149	182	1
149	183	1
149	187	1
149	188	1
149	189	-1
149	190	-1
149	191	-1
149	197	-1
149	198	1
149	201	1
149	202	1
149	203	1
149	204	-1
149	205	-1
149	206	1
149	207	-1
149	209	-1
149	210	-1
149	211	1
149	212	1
149	213	1
149	216	-1
149	220	1
149	221	-1
149	222	1
149	224	-1
149	226	1
149	227	-1
149	229	-1
149	230	-1
149	231	1
149	234	1
149	236	1
149	238	-1
149	241	1
149	243	1
149	246	-1
149	247	1
149	248	-1
149	249	-1
149	251	1
149	253	-1
149	254	1
149	257	1
149	258	-1
149	259	1
149	261	1
149	263	-1
149	264	-1
149	267	1
149	268	-1
149	272	1
149	273	1
149	274	-1
149	275	-1
149	278	1
149	280	1
149	281	1
149	282	-1
149	284	-1
149	288	1
149	289	1
149	292	1
149	294	1
149	299	1
149	300	-1
149	301	-1
149	303	1
149	304	1
149	305	-1
149	306	-1
149	307	1
149	309	1
149	318	-1
149	319	-1
149	320	-1
149	322	1
149	325	-1
149	333	-1
149	334	1
149	336	1
149	337	1
149	340	-1
149	344	1
149	347	1
149	350	1
149	353	-1
149	354	-1
149	359	1
149	361	-1
149	362	-1
149	363	1
149	365	-1
149	366	1
149	367	-1
149	369	-1
149	373	-1
149	375	-1
149	376	1
149	377	-1
149	381	1
149	382	1
149	384	1
149	385	1
149	391	1
149	392	-1
149	394	-1
149	395	-1
149	396	1
149	400	1
149	405	-1
149	406	1
149	407	1
149	410	1
149	417	-1
149	418	1
149	421	-1
149	422	-1
149	423	1
149	426	1
149	427	-1
149	428	-1
149	429	1
149	430	1
149	432	1
149	433	-1
149	435	1
149	441	1
149	442	-1
149	445	-1
149	447	1
149	448	1
149	449	1
149	451	-1
149	452	-1
149	453	-1
149	455	1
149	457	1
149	459	1
149	460	1
149	461	1
149	462	1
149	463	-1
149	464	1
149	468	-1
149	469	1
149	472	1
149	474	-1
149	477	-1
149	480	1
149	481	1
149	482	1
149	487	-1
149	492	-1
149	493	-1
149	495	-1
149	497	1
150	151	-1
150	152	-1
150	163	1
150	167	1
150	175	-1
150	177	-1
150	179	1
150	181	-1
150	182	-1
150	183	-1
150	184	1
150	185	-1
150	186	1
150	188	-1
150	190	-1
150	191	-1
150	193	-1
150	197	-1
150	198	-1
150	200	-1
150	202	-1
150	206	1
150	211	-1
150	213	1
150	216	-1
150	217	1
150	218	1
150	219	-1
150	220	1
150	222	-1
150	223	1
150	224	-1
150	228	-1
150	230	-1
150	231	-1
150	234	-1
150	235	1
150	236	1
150	241	1
150	243	-1
150	244	1
150	247	1
150	252	-1
150	253	-1
150	256	1
150	261	1
150	263	1
150	266	1
150	267	-1
150	271	1
150	272	-1
150	274	1
150	276	-1
150	277	-1
150	280	-1
150	282	1
150	283	-1
150	284	1
150	289	1
150	290	1
150	291	-1
150	293	1
150	294	1
150	298	1
150	299	1
150	300	-1
150	302	-1
150	306	1
150	308	-1
150	309	-1
150	313	1
150	317	1
150	318	-1
150	320	-1
150	321	1
150	323	-1
150	327	-1
150	328	1
150	329	-1
150	331	-1
150	334	-1
150	335	1
150	336	-1
150	337	-1
150	340	-1
150	342	-1
150	345	-1
150	347	1
150	348	1
150	350	1
150	351	1
150	353	-1
150	359	1
150	361	1
150	363	1
150	364	-1
150	366	1
150	367	-1
150	370	1
150	371	-1
150	372	-1
150	375	1
150	377	-1
150	378	1
150	379	1
150	380	-1
150	383	-1
150	384	1
150	385	1
150	386	-1
150	388	-1
150	389	1
150	391	1
150	392	1
150	395	1
150	397	1
150	398	1
150	400	-1
150	401	1
150	404	-1
150	407	1
150	408	1
150	411	-1
150	414	-1
150	418	-1
150	419	1
150	420	-1
150	421	1
150	422	1
150	424	1
150	428	1
150	429	-1
150	433	1
150	434	-1
150	436	1
150	438	-1
150	439	-1
150	440	-1
150	442	1
150	443	1
150	446	1
150	448	-1
150	449	-1
150	451	-1
150	452	1
150	453	-1
150	457	1
150	460	1
150	464	-1
150	465	-1
150	466	-1
150	469	-1
150	471	1
150	473	1
150	474	1
150	477	-1
150	480	-1
150	481	-1
150	482	1
150	483	-1
150	484	-1
150	487	-1
150	492	1
150	494	-1
150	495	-1
150	496	-1
150	498	1
150	499	1
151	152	-1
151	153	1
151	155	-1
151	157	-1
151	161	-1
151	162	1
151	164	-1
151	166	-1
151	167	1
151	172	-1
151	173	1
151	175	1
151	178	-1
151	185	1
151	186	-1
151	189	1
151	190	-1
151	191	-1
151	193	1
151	194	1
151	201	-1
151	202	1
151	203	1
151	205	1
151	206	1
151	207	-1
151	208	-1
151	209	-1
151	210	1
151	212	-1
151	213	-1
151	214	1
151	216	-1
151	217	1
151	219	1
151	221	-1
151	225	1
151	226	-1
151	228	1
151	234	1
151	235	1
151	237	-1
151	238	1
151	241	1
151	243	-1
151	248	-1
151	250	1
151	252	-1
151	254	1
151	255	1
151	256	-1
151	257	-1
151	258	1
151	259	-1
151	260	-1
151	265	1
151	267	-1
151	270	-1
151	271	-1
151	272	1
151	273	1
151	274	-1
151	275	-1
151	276	1
151	277	-1
151	278	-1
151	279	-1
151	280	-1
151	283	1
151	284	-1
151	285	-1
151	286	-1
151	292	1
151	295	-1
151	297	1
151	299	1
151	303	1
151	304	1
151	307	1
151	308	-1
151	311	1
151	317	-1
151	320	1
151	321	-1
151	323	-1
151	324	1
151	325	1
151	330	1
151	332	1
151	333	1
151	334	1
151	337	-1
151	339	1
151	340	1
151	341	1
151	345	-1
151	346	1
151	347	-1
151	348	-1
151	350	1
151	353	-1
151	355	1
151	358	1
151	360	-1
151	364	-1
151	365	1
151	370	-1
151	375	-1
151	377	-1
151	378	-1
151	380	-1
151	382	-1
151	387	1
151	389	-1
151	392	-1
151	393	-1
151	395	1
151	398	-1
151	401	-1
151	405	1
151	406	-1
151	408	-1
151	410	1
151	411	1
151	412	1
151	417	1
151	418	-1
151	420	-1
151	424	1
151	426	1
151	427	1
151	431	-1
151	434	-1
151	435	-1
151	436	1
151	438	-1
151	439	-1
151	443	1
151	445	-1
151	449	1
151	450	-1
151	451	-1
151	453	-1
151	454	1
151	455	-1
151	456	1
151	459	1
151	460	-1
151	463	-1
151	464	-1
151	466	-1
151	467	1
151	468	1
151	470	1
151	471	1
151	473	1
151	474	1
151	476	1
151	477	-1
151	478	-1
151	479	-1
151	481	-1
151	482	1
151	485	-1
151	489	1
151	493	-1
151	495	1
151	499	-1
152	153	1
152	155	-1
152	160	-1
152	161	-1
152	163	1
152	167	1
152	169	1
152	170	-1
152	171	-1
152	174	1
152	175	-1
152	177	1
152	178	-1
152	179	1
152	180	1
152	181	-1
152	183	1
152	187	1
152	191	1
152	192	1
152	194	1
152	197	1
152	199	1
152	200	1
152	206	1
152	207	1
152	208	-1
152	209	1
152	211	-1
152	212	1
152	214	-1
152	218	-1
152	219	1
152	223	-1
152	224	-1
152	225	1
152	228	-1
152	229	-1
152	232	1
152	233	1
152	234	1
152	236	1
152	241	1
152	244	1
152	246	-1
152	250	1
152	251	-1
152	254	-1
152	255	1
152	256	1
152	257	-1
152	262	-1
152	264	-1
152	265	-1
152	268	-1
152	269	1
152	270	-1
152	278	1
152	279	-1
152	280	1
152	281	1
152	282	-1
152	284	-1
152	286	-1
152	287	-1
152	288	1
152	290	-1
152	291	1
152	292	-1
152	293	1
152	294	-1
152	295	-1
152	297	-1
152	298	1
152	299	1
152	302	-1
152	304	-1
152	308	1
152	311	-1
152	315	1
152	317	1
152	318	1
152	320	1
152	322	-1
152	323	1
152	324	1
152	326	1
152	328	-1
152	333	-1
152	336	-1
152	345	-1
152	348	1
152	352	-1
152	354	-1
152	357	-1
152	361	1
152	363	1
152	365	-1
152	369	-1
152	373	1
152	374	1
152	375	1
152	376	-1
152	377	-1
152	378	-1
152	379	-1
152	380	-1
152	382	1
152	383	1
152	386	-1
152	387	-1
152	390	-1
152	392	-1
152	394	-1
152	398	1
152	401	-1
152	403	1
152	405	-1
152	406	1
152	407	-1
152	409	1
152	413	1
152	414	1
152	415	1
152	418	-1
152	419	-1
152	421	-1
152	422	-1
152	423	1
152	425	-1
152	429	1
152	431	1
152	433	-1
152	434	1
152	437	-1
152	438	1
152	440	-1
152	441	1
152	443	1
152	444	1
152	449	-1
152	450	1
152	456	1
152	459	1
152	460	1
152	461	1
152	462	-1
152	463	1
152	464	-1
152	467	-1
152	471	1
152	472	-1
152	473	1
152	475	1
152	477	-1
152	480	-1
152	482	1
152	483	1
152	484	1
152	485	1
152	487	-1
152	489	-1
152	491	1
152	492	1
152	494	-1
152	495	1
152	498	1
152	499	-1
153	154	-1
153	155	1
153	157	-1
153	158	1
153	160	1
153	161	-1
153	163	-1
153	164	1
153	165	-1
153	168	1
153	170	1
153	172	-1
153	179	-1
153	180	-1
153	181	1
153	182	-1
153	184	1
153	185	-1
153	186	-1
153	188	-1
153	189	-1
153	190	1
153	191	-1
153	194	-1
153	196	-1
153	197	1
153	200	1
153	205	1
153	206	1
153	207	1
153	208	1
153	209	1
153	211	-1
153	212	1
153	214	-1
153	215	1
153	216	1
153	217	-1
153	220	-1
153	222	1
153	226	-1
153	228	-1
153	231	-1
153	232	-1
153	233	1
153	236	1
153	237	-1
153	238	-1
153	239	1
153	243	1
153	246	1
153	247	-1
153	249	1
153	250	-1
153	251	1
153	255	1
153	256	-1
153	257	1
153	258	1
153	261	-1
153	263	-1
153	264	1
153	265	1
153	266	1
153	267	1
153	268	1
153	269	1
153	271	1
153	272	1
153	273	-1
153	274	1
153	277	1
153	280	1
153	282	1
153	283	-1
153	284	-1
153	286	1
153	287	-1
153	288	-1
153	289	1
153	290	-1
153	292	-1
153	294	-1
153	298	-1
153	299	-1
153	300	1
153	301	1
153	302	-1
153	308	-1
153	311	1
153	312	-1
153	313	-1
153	315	-1
153	316	-1
153	317	1
153	318	1
153	319	-1
153	322	-1
153	329	1
153	330	-1
153	331	1
153	334	-1
153	336	1
153	339	-1
153	341	1
153	343	-1
153	345	1
153	347	1
153	349	-1
153	350	-1
153	351	-1
153	352	1
153	355	-1
153	357	1
153	358	-1
153	359	-1
153	360	1
153	362	-1
153	363	-1
153	368	1
153	370	1
153	371	-1
153	375	-1
153	376	1
153	378	1
153	381	1
153	385	-1
153	386	1
153	389	-1
153	392	1
153	393	-1
153	394	1
153	396	1
153	397	-1
153	403	1
153	405	1
153	406	1
153	408	-1
153	411	1
153	412	1
153	417	1
153	419	1
153	422	-1
153	423	1
153	424	-1
153	426	1
153	428	-1
153	429	-1
153	430	-1
153	431	-1
153	433	1
153	434	1
153	438	-1
153	439	1
153	442	-1
153	450	1
153	452	1
153	456	1
153	458	1
153	460	-1
153	462	-1
153	463	1
153	465	1
153	468	-1
153	469	1
153	476	-1
153	480	1
153	481	-1
153	482	-1
153	485	-1
153	486	-1
153	493	1
153	494	1
153	497	-1
153	499	1
154	155	1
154	156	-1
154	161	-1
154	162	-1
154	165	-1
154	166	-1
154	168	-1
154	169	-1
154	170	-1
154	173	1
154	175	-1
154	176	-1
154	177	-1
154	179	1
154	180	1
154	182	-1
154	183	-1
154	185	-1
154	188	-1
154	189	1
154	190	-1
154	192	1
154	193	-1
154	195	-1
154	196	1
154	199	-1
154	200	-1
154	201	-1
154	202	1
154	203	-1
154	205	-1
154	207	-1
154	209	-1
154	210	-1
154	212	1
154	214	-1
154	216	-1
154	218	-1
154	222	1
154	224	-1
154	227	1
154	228	1
154	229	1
154	232	-1
154	233	-1
154	234	-1
154	235	-1
154	237	-1
154	238	1
154	239	-1
154	240	-1
154	244	1
154	245	1
154	246	-1
154	250	-1
154	253	-1
154	254	1
154	259	1
154	260	1
154	262	-1
154	263	1
154	269	-1
154	272	1
154	273	1
154	276	-1
154	277	-1
154	278	-1
154	279	1
154	282	1
154	284	-1
154	287	1
154	289	1
154	290	-1
154	291	1
154	294	-1
154	295	-1
154	297	1
154	298	1
154	299	-1
154	300	-1
154	301	1
154	302	-1
154	303	1
154	304	-1
154	305	-1
154	306	1
154	310	1
154	311	1
154	312	1
154	315	-1
154	318	-1
154	319	1
154	320	-1
154	321	-1
154	323	-1
154	324	-1
154	328	-1
154	330	-1
154	331	1
154	335	-1
154	336	-1
154	338	1
154	339	-1
154	340	1
154	345	-1
154	346	1
154	347	-1
154	349	-1
154	350	1
154	353	1
154	357	-1
154	358	-1
154	359	-1
154	360	1
154	361	1
154	363	-1
154	364	1
154	365	-1
154	371	-1
154	373	-1
154	375	-1
154	376	1
154	377	1
154	378	-1
154	380	1
154	381	1
154	382	1
154	383	1
154	384	1
154	386	1
154	388	1
154	389	1
154	391	-1
154	393	-1
154	395	-1
154	396	1
154	399	1
154	400	-1
154	401	-1
154	402	-1
154	403	-1
154	404	1
154	405	-1
154	409	-1
154	411	-1
154	420	1
154	421	-1
154	422	1
154	423	-1
154	424	-1
154	426	-1
154	427	1
154	430	1
154	431	-1
154	434	-1
154	438	1
154	439	1
154	444	-1
154	448	1
154	449	-1
154	451	1
154	453	1
154	454	1
154	455	-1
154	461	1
154	462	-1
154	463	1
154	464	-1
154	465	-1
154	474	1
154	476	-1
154	477	1
154	479	1
154	480	-1
154	482	-1
154	483	-1
154	484	1
154	487	1
154	488	-1
154	489	1
154	490	1
154	492	1
154	493	1
154	494	-1
154	496	1
154	499	-1
155	156	1
155	158	-1
155	162	-1
155	164	-1
155	166	-1
155	167	1
155	169	1
155	170	-1
155	171	1
155	172	1
155	174	1
155	180	1
155	182	1
155	186	-1
155	187	1
155	188	1
155	189	-1
155	190	1
155	191	1
155	192	1
155	195	-1
155	196	1
155	197	-1
155	198	1
155	199	1
155	200	-1
155	201	-1
155	202	1
155	203	1
155	208	1
155	209	1
155	210	1
155	214	1
155	217	-1
155	220	1
155	221	1
155	223	1
155	225	1
155	226	-1
155	227	-1
155	229	1
155	231	-1
155	232	-1
155	234	-1
155	237	1
155	242	1
155	244	-1
155	248	1
155	250	1
155	252	-1
155	253	1
155	254	1
155	255	-1
155	256	1
155	260	-1
155	262	1
155	263	1
155	264	1
155	265	-1
155	266	-1
155	267	-1
155	268	1
155	269	-1
155	272	1
155	275	1
155	276	1
155	277	-1
155	278	1
155	281	-1
155	286	-1
155	288	-1
155	290	-1
155	291	-1
155	292	1
155	293	1
155	294	-1
155	295	1
155	296	1
155	297	-1
155	298	-1
155	299	-1
155	301	-1
155	303	-1
155	304	-1
155	307	-1
155	309	-1
155	310	1
155	312	1
155	316	1
155	320	1
155	321	-1
155	323	1
155	326	-1
155	327	1
155	328	1
155	329	-1
155	331	-1
155	333	1
155	334	-1
155	335	-1
155	336	1
155	338	-1
155	339	1
155	340	1
155	342	-1
155	343	1
155	345	1
155	348	-1
155	349	-1
155	350	1
155	352	1
155	353	-1
155	355	1
155	357	-1
155	359	-1
155	360	1
155	361	-1
155	369	1
155	370	1
155	374	-1
155	375	-1
155	379	1
155	380	1
155	381	-1
155	382	-1
155	385	1
155	386	-1
155	388	-1
155	390	-1
155	391	-1
155	392	-1
155	393	1
155	395	-1
155	397	1
155	400	-1
155	403	1
155	406	-1
155	407	1
155	408	-1
155	410	1
155	411	-1
155	415	1
155	418	-1
155	425	-1
155	426	1
155	427	-1
155	428	1
155	429	-1
155	432	-1
155	434	-1
155	435	-1
155	437	-1
155	438	-1
155	439	1
155	442	-1
155	444	-1
155	447	1
155	453	-1
155	456	-1
155	460	-1
155	462	-1
155	463	1
155	467	1
155	470	-1
155	472	-1
155	474	1
155	476	1
155	477	1
155	478	-1
155	479	-1
155	480	-1
155	482	1
155	485	1
155	486	-1
155	487	1
155	489	-1
155	497	1
156	158	-1
156	159	1
156	161	1
156	164	-1
156	166	-1
156	168	1
156	170	-1
156	171	-1
156	172	1
156	174	1
156	175	-1
156	176	1
156	177	1
156	178	-1
156	180	-1
156	181	-1
156	182	-1
156	183	-1
156	184	-1
156	189	1
156	190	1
156	195	1
156	196	1
156	197	-1
156	198	-1
156	199	-1
156	200	-1
156	201	1
156	203	-1
156	204	1
156	208	-1
156	209	-1
156	211	-1
156	212	-1
156	215	1
156	218	1
156	219	1
156	224	-1
156	229	1
156	232	1
156	235	1
156	236	-1
156	237	1
156	238	1
156	239	-1
156	240	-1
156	242	-1
156	244	1
156	245	1
156	247	1
156	251	-1
156	252	1
156	253	-1
156	254	-1
156	255	1
156	257	-1
156	258	1
156	260	-1
156	261	1
156	262	-1
156	268	1
156	269	1
156	272	1
156	274	-1
156	276	-1
156	277	-1
156	280	-1
156	282	1
156	283	-1
156	286	-1
156	288	-1
156	289	-1
156	290	1
156	291	1
156	293	1
156	295	1
156	296	1
156	301	1
156	302	-1
156	303	1
156	304	-1
156	305	1
156	307	1
156	308	1
156	309	1
156	311	1
156	313	-1
156	314	1
156	315	-1
156	317	1
156	318	1
156	322	1
156	323	1
156	324	-1
156	326	-1
156	328	1
156	329	1
156	330	1
156	332	1
156	334	-1
156	337	-1
156	338	-1
156	339	-1
156	340	1
156	343	1
156	345	-1
156	347	-1
156	348	-1
156	349	-1
156	351	-1
156	352	-1
156	354	-1
156	356	-1
156	358	-1
156	359	1
156	361	1
156	362	-1
156	363	-1
156	365	1
156	367	1
156	371	1
156	372	-1
156	373	1
156	374	1
156	376	-1
156	381	1
156	383	-1
156	384	1
156	385	-1
156	386	-1
156	392	-1
156	399	-1
156	401	1
156	403	1
156	407	1
156	409	1
156	410	-1
156	412	-1
156	413	-1
156	414	1
156	415	1
156	416	1
156	417	1
156	419	1
156	420	-1
156	423	1
156	425	-1
156	427	-1
156	428	1
156	430	-1
156	431	-1
156	432	-1
156	433	-1
156	439	-1
156	440	-1
156	442	1
156	444	-1
156	446	-1
156	447	1
156	449	-1
156	450	-1
156	451	-1
156	452	1
156	455	-1
156	456	-1
156	458	-1
156	459	-1
156	460	-1
156	463	-1
156	465	-1
156	467	1
156	472	1
156	473	-1
156	474	-1
156	475	-1
156	477	-1
156	479	1
156	480	-1
156	481	1
156	483	1
156	488	1
156	489	-1
156	491	1
156	492	-1
156	494	1
156	496	1
156	499	1
157	158	-1
157	159	1
157	160	1
157	161	1
157	164	-1
157	165	1
157	166	-1
157	167	-1
157	168	-1
157	170	-1
157	171	1
157	172	-1
157	174	-1
157	175	1
157	176	-1
157	177	-1
157	179	1
157	188	1
157	189	1
157	190	-1
157	191	-1
157	192	-1
157	193	1
157	194	1
157	199	-1
157	201	1
157	203	-1
157	205	-1
157	206	1
157	207	-1
157	209	-1
157	210	1
157	216	1
157	218	1
157	220	-1
157	222	1
157	224	-1
157	225	1
157	228	1
157	234	-1
157	236	-1
157	237	1
157	238	1
157	241	1
157	245	1
157	246	1
157	247	-1
157	249	1
157	252	1
157	253	-1
157	259	-1
157	265	-1
157	266	1
157	268	-1
157	269	1
157	271	1
157	272	1
157	273	-1
157	274	1
157	276	-1
157	277	1
157	278	1
157	279	-1
157	280	1
157	282	1
157	284	-1
157	287	-1
157	288	1
157	289	-1
157	290	1
157	291	-1
157	295	1
157	296	1
157	297	-1
157	298	-1
157	300	-1
157	301	1
157	302	1
157	305	1
157	307	-1
157	308	-1
157	309	1
157	310	1
157	311	1
157	312	-1
157	314	-1
157	315	-1
157	317	1
157	318	1
157	319	1
157	320	1
157	326	1
157	329	-1
157	330	-1
157	332	-1
157	333	1
157	335	-1
157	336	-1
157	337	1
157	344	1
157	347	-1
157	348	-1
157	349	1
157	354	-1
157	357	-1
157	359	-1
157	360	1
157	364	1
157	365	-1
157	367	1
157	368	-1
157	369	-1
157	370	-1
157	371	-1
157	374	1
157	380	1
157	382	1
157	384	1
157	385	1
157	389	1
157	395	-1
157	397	-1
157	398	-1
157	399	-1
157	400	1
157	402	-1
157	404	1
157	406	1
157	409	-1
157	411	-1
157	413	1
157	418	1
157	419	1
157	421	1
157	425	-1
157	426	-1
157	433	1
157	434	1
157	435	-1
157	438	-1
157	444	1
157	445	1
157	450	1
157	451	1
157	454	1
157	456	1
157	458	1
157	460	-1
157	461	-1
157	466	1
157	467	1
157	472	1
157	476	-1
157	480	-1
157	482	-1
157	485	-1
157	486	1
157	488	-1
157	492	-1
157	494	-1
157	497	1
157	498	-1
158	160	-1
158	161	1
158	162	1
158	163	1
158	166	-1
158	168	-1
158	170	1
158	171	1
158	172	-1
158	175	1
158	176	-1
158	179	1
158	181	1
158	182	-1
158	184	-1
158	186	-1
158	187	-1
158	188	1
158	189	-1
158	191	1
158	192	1
158	195	1
158	198	1
158	199	1
158	200	-1
158	201	1
158	202	-1
158	203	1
158	206	-1
158	208	-1
158	209	-1
158	210	-1
158	215	1
158	217	1
158	220	-1
158	221	-1
158	224	1
158	227	-1
158	228	1
158	230	1
158	231	-1
158	233	-1
158	234	1
158	235	1
158	238	1
158	239	1
158	247	1
158	249	1
158	250	-1
158	252	1
158	253	1
158	254	-1
158	257	-1
158	260	-1
158	263	1
158	266	-1
158	267	1
158	270	1
158	272	-1
158	275	1
158	277	1
158	279	-1
158	280	1
158	284	-1
158	287	-1
158	290	1
158	291	-1
158	293	-1
158	294	-1
158	295	-1
158	296	-1
158	297	-1
158	300	-1
158	303	1
158	304	1
158	305	1
158	312	-1
158	315	-1
158	316	-1
158	320	-1
158	322	-1
158	324	1
158	326	-1
158	329	-1
158	331	1
158	337	-1
158	338	-1
158	339	-1
158	340	1
158	341	1
158	345	1
158	347	-1
158	349	1
158	350	1
158	352	1
158	354	-1
158	356	1
158	358	-1
158	359	1
158	360	1
158	364	1
158	369	-1
158	375	-1
158	379	1
158	381	1
158	383	1
158	384	-1
158	385	1
158	386	1
158	387	-1
158	389	-1
158	391	1
158	393	-1
158	394	-1
158	396	1
158	397	1
158	398	1
158	400	1
158	401	-1
158	402	1
158	403	1
158	404	1
158	405	-1
158	407	-1
158	408	-1
158	411	-1
158	412	-1
158	416	1
158	418	1
158	419	1
158	422	-1
158	426	-1
158	429	-1
158	431	-1
158	432	1
158	433	-1
158	436	-1
158	439	-1
158	441	-1
158	451	-1
158	452	1
158	453	1
158	454	1
158	455	1
158	456	1
158	457	1
158	460	-1
158	467	1
158	468	-1
158	475	-1
158	478	1
158	483	1
158	484	-1
158	486	1
158	487	-1
158	489	-1
158	494	1
158	495	1
158	496	-1
158	497	1
158	499	-1
159	160	-1
159	161	1
159	162	-1
159	165	1
159	166	1
159	167	1
159	168	-1
159	169	-1
159	170	-1
159	171	1
159	174	1
159	175	1
159	177	-1
159	178	-1
159	179	1
159	181	1
159	183	1
159	185	1
159	187	-1
159	189	1
159	190	1
159	191	-1
159	192	1
159	193	1
159	194	-1
159	195	1
159	197	-1
159	198	1
159	199	1
159	200	1
159	203	1
159	204	1
159	206	-1
159	208	1
159	210	-1
159	217	1
159	218	1
159	219	1
159	220	-1
159	221	-1
159	222	-1
159	223	1
159	225	1
159	226	-1
159	228	-1
159	229	-1
159	232	1
159	233	1
159	239	1
159	241	1
159	243	1
159	244	-1
159	245	-1
159	249	-1
159	254	-1
159	256	1
159	258	-1
159	259	1
159	265	1
159	268	-1
159	269	1
159	270	1
159	271	1
159	272	1
159	273	-1
159	275	-1
159	277	1
159	279	1
159	281	-1
159	282	-1
159	283	1
159	284	1
159	285	1
159	286	1
159	287	1
159	288	1
159	291	-1
159	294	-1
159	296	1
159	297	1
159	298	-1
159	299	-1
159	300	1
159	303	-1
159	307	-1
159	308	-1
159	310	1
159	311	1
159	312	1
159	313	-1
159	314	1
159	319	1
159	320	1
159	326	1
159	328	1
159	329	1
159	332	-1
159	334	1
159	336	1
159	337	-1
159	340	1
159	341	-1
159	342	-1
159	344	1
159	346	1
159	347	1
159	348	1
159	350	1
159	353	1
159	354	-1
159	355	1
159	358	1
159	359	-1
159	360	1
159	364	-1
159	366	1
159	367	-1
159	368	1
159	369	1
159	371	1
159	372	-1
159	376	1
159	378	1
159	380	1
159	382	1
159	384	1
159	386	-1
159	388	1
159	389	-1
159	390	-1
159	391	1
159	392	1
159	394	-1
159	399	1
159	400	1
159	402	-1
159	404	-1
159	405	1
159	410	1
159	411	-1
159	414	-1
159	416	1
159	418	-1
159	419	1
159	422	-1
159	423	1
159	425	1
159	426	1
159	427	-1
159	432	1
159	435	1
159	437	1
159	440	1
159	441	-1
159	442	-1
159	443	1
159	446	-1
159	449	-1
159	453	1
159	456	1
159	459	-1
159	462	1
159	467	1
159	468	-1
159	470	-1
159	476	1
159	478	1
159	481	-1
159	483	-1
159	488	-1
159	489	1
159	491	1
159	493	-1
159	495	1
159	496	-1
159	499	1
160	163	1
160	164	1
160	168	1
160	172	-1
160	173	-1
160	175	1
160	177	-1
160	179	-1
160	180	1
160	181	-1
160	183	1
160	188	1
160	189	1
160	190	-1
160	191	1
160	192	-1
160	193	1
160	197	-1
160	200	-1
160	203	1
160	205	-1
160	206	-1
160	208	-1
160	209	-1
160	211	1
160	212	1
160	213	-1
160	215	-1
160	217	1
160	221	-1
160	222	-1
160	223	1
160	225	-1
160	226	-1
160	227	1
160	229	1
160	231	1
160	232	1
160	233	-1
160	234	-1
160	238	1
160	244	1
160	245	-1
160	250	-1
160	251	-1
160	252	1
160	254	-1
160	256	-1
160	258	-1
160	259	1
160	260	-1
160	263	1
160	265	-1
160	266	-1
160	267	1
160	275	-1
160	276	-1
160	277	-1
160	281	1
160	282	-1
160	284	1
160	285	-1
160	286	-1
160	287	-1
160	289	1
160	290	-1
160	291	-1
160	295	1
160	296	-1
160	298	1
160	302	1
160	305	-1
160	306	1
160	308	-1
160	309	1
160	310	1
160	312	-1
160	316	1
160	320	-1
160	321	-1
160	323	1
160	325	-1
160	326	1
160	327	1
160	328	1
160	329	1
160	332	-1
160	333	-1
160	336	1
160	339	-1
160	343	-1
160	344	-1
160	345	-1
160	346	-1
160	347	-1
160	348	1
160	350	-1
160	351	1
160	353	1
160	357	-1
160	358	1
160	361	1
160	363	1
160	364	1
160	365	1
160	368	1
160	373	1
160	377	-1
160	378	-1
160	382	-1
160	386	-1
160	389	-1
160	390	-1
160	391	-1
160	392	-1
160	393	1
160	394	-1
160	395	-1
160	396	1
160	397	1
160	398	-1
160	399	-1
160	400	-1
160	403	-1
160	404	-1
160	406	-1
160	408	-1
160	411	-1
160	413	1
160	414	1
160	415	-1
160	416	1
160	418	-1
160	419	1
160	421	-1
160	422	-1
160	425	-1
160	426	1
160	430	-1
160	431	1
160	432	1
160	437	1
160	439	1
160	441	-1
160	443	1
160	445	-1
160	450	1
160	453	1
160	455	1
160	460	-1
160	463	-1
160	464	1
160	465	-1
160	466	-1
160	468	-1
160	471	-1
160	474	-1
160	475	1
160	482	-1
160	483	-1
160	484	-1
160	485	-1
160	488	1
160	490	1
160	491	-1
160	492	1
160	493	-1
160	495	-1
160	496	1
160	497	1
160	499	1
161	162	-1
161	163	-1
161	164	1
161	165	1
161	166	-1
161	168	-1
161	169	-1
161	171	-1
161	173	-1
161	174	-1
161	178	-1
161	179	-1
161	183	-1
161	186	-1
161	187	-1
161	189	1
161	191	1
161	194	-1
161	197	1
161	198	-1
161	199	1
161	202	-1
161	204	-1
161	206	-1
161	207	-1
161	210	-1
161	211	-1
161	212	1
161	214	1
161	216	1
161	218	-1
161	219	-1
161	221	-1
161	222	1
161	225	-1
161	228	1
161	229	1
161	230	-1
161	232	1
161	234	1
161	235	-1
161	237	1
161	239	1
161	240	-1
161	242	1
161	243	1
161	244	-1
161	246	1
161	247	-1
161	248	1
161	249	1
161	251	-1
161	252	1
161	253	1
161	261	1
161	262	1
161	266	-1
161	267	1
161	268	-1
161	269	1
161	270	-1
161	272	1
161	278	1
161	279	-1
161	281	-1
161	284	1
161	287	-1
161	288	-1
161	290	1
161	292	-1
161	296	1
161	299	-1
161	300	-1
161	302	-1
161	304	1
161	305	1
161	306	1
161	307	-1
161	310	-1
161	314	-1
161	319	-1
161	322	1
161	325	-1
161	329	1
161	330	1
161	331	1
161	332	1
161	338	1
161	340	-1
161	346	-1
161	348	-1
161	352	-1
161	353	-1
161	354	-1
161	356	1
161	359	1
161	366	-1
161	367	-1
161	368	1
161	370	1
161	371	-1
161	374	-1
161	375	-1
161	376	1
161	378	1
161	381	1
161	384	1
161	385	1
161	386	-1
161	390	-1
161	393	-1
161	395	1
161	397	1
161	399	-1
161	400	-1
161	401	-1
161	402	1
161	404	1
161	405	1
161	406	-1
161	410	1
161	411	-1
161	413	-1
161	414	-1
161	418	1
161	422	1
161	424	-1
161	429	1
161	430	-1
161	432	-1
161	433	-1
161	434	-1
161	436	1
161	437	1
161	438	1
161	440	-1
161	443	-1
161	444	-1
161	449	1
161	450	1
161	453	1
161	454	-1
161	459	1
161	460	1
161	466	-1
161	467	-1
161	470	-1
161	472	1
161	475	-1
161	476	-1
161	478	1
161	482	-1
161	483	-1
161	484	-1
161	486	1
161	490	1
161	491	1
161	495	1
161	496	-1
161	497	-1
161	498	1
162	165	1
162	167	-1
162	169	1
162	172	-1
162	173	1
162	175	-1
162	178	-1
162	179	1
162	183	1
162	184	-1
162	186	1
162	187	-1
162	193	1
162	195	1
162	196	-1
162	199	-1
162	202	-1
162	204	-1
162	205	1
162	207	-1
162	214	-1
162	217	-1
162	218	1
162	224	1
162	225	1
162	227	-1
162	228	1
162	229	-1
162	231	-1
162	232	-1
162	236	-1
162	238	-1
162	245	-1
162	248	1
162	249	1
162	250	1
162	254	1
162	255	-1
162	258	-1
162	259	1
162	261	-1
162	262	-1
162	266	-1
162	269	-1
162	271	1
162	272	-1
162	273	1
162	274	-1
162	275	-1
162	278	1
162	281	1
162	282	1
162	284	-1
162	289	-1
162	291	1
162	294	-1
162	296	-1
162	298	1
162	302	1
162	305	-1
162	308	-1
162	312	-1
162	314	-1
162	320	-1
162	321	-1
162	322	-1
162	323	-1
162	324	-1
162	325	1
162	327	1
162	329	1
162	332	1
162	333	-1
162	335	1
162	339	-1
162	340	-1
162	344	1
162	346	-1
162	347	-1
162	349	-1
162	350	1
162	351	1
162	353	-1
162	354	1
162	356	-1
162	357	-1
162	358	-1
162	359	1
162	361	-1
162	362	1
162	363	1
162	366	1
162	367	1
162	368	-1
162	369	1
162	371	1
162	372	-1
162	373	-1
162	375	-1
162	376	1
162	377	1
162	379	1
162	380	-1
162	387	1
162	390	-1
162	391	1
162	393	-1
162	397	-1
162	398	-1
162	399	1
162	400	-1
162	401	-1
162	402	-1
162	404	1
162	405	1
162	408	1
162	409	-1
162	413	1
162	417	-1
162	418	1
162	420	-1
162	421	1
162	422	1
162	423	-1
162	424	-1
162	425	1
162	427	-1
162	428	1
162	431	-1
162	432	1
162	440	1
162	442	1
162	443	-1
162	446	-1
162	448	-1
162	450	1
162	452	1
162	454	1
162	456	-1
162	457	-1
162	459	-1
162	460	-1
162	461	-1
162	465	1
162	466	1
162	467	-1
162	468	-1
162	471	1
162	472	-1
162	475	-1
162	476	-1
162	477	1
162	479	-1
162	480	-1
162	482	-1
162	488	-1
162	490	1
162	491	1
162	494	-1
162	495	1
162	496	-1
162	498	-1
162	499	-1
163	164	1
163	165	1
163	167	-1
163	168	-1
163	170	1
163	171	-1
163	174	-1
163	176	1
163	178	-1
163	181	-1
163	185	-1
163	187	-1
163	188	1
163	189	-1
163	190	1
163	191	-1
163	192	-1
163	194	1
163	195	1
163	196	1
163	197	1
163	199	-1
163	200	-1
163	201	1
163	202	1
163	204	-1
163	207	-1
163	213	-1
163	214	-1
163	215	-1
163	216	-1
163	217	-1
163	218	-1
163	219	1
163	222	-1
163	223	1
163	224	1
163	225	-1
163	227	-1
163	228	-1
163	229	1
163	231	1
163	232	1
163	234	-1
163	239	1
163	240	-1
163	241	1
163	243	1
163	244	1
163	246	-1
163	251	1
163	260	-1
163	261	1
163	262	-1
163	265	1
163	269	-1
163	270	1
163	272	-1
163	278	1
163	279	-1
163	280	-1
163	281	-1
163	282	1
163	284	1
163	285	1
163	288	1
163	289	1
163	290	-1
163	291	-1
163	292	-1
163	297	-1
163	298	-1
163	301	1
163	304	-1
163	306	1
163	307	1
163	308	1
163	309	1
163	310	1
163	312	-1
163	315	-1
163	316	1
163	319	-1
163	320	1
163	322	1
163	326	1
163	327	1
163	328	-1
163	329	-1
163	332	1
163	334	-1
163	335	1
163	339	-1
163	341	-1
163	343	1
163	344	1
163	346	-1
163	347	1
163	348	-1
163	351	1
163	352	1
163	355	1
163	356	1
163	359	1
163	361	-1
163	363	-1
163	364	-1
163	366	-1
163	367	1
163	368	1
163	369	-1
163	370	-1
163	373	1
163	374	-1
163	375	-1
163	376	1
163	377	1
163	381	1
163	382	1
163	389	1
163	391	-1
163	395	-1
163	397	-1
163	398	-1
163	399	-1
163	401	-1
163	403	-1
163	405	1
163	407	-1
163	409	-1
163	411	-1
163	412	-1
163	413	1
163	414	1
163	416	1
163	417	1
163	419	1
163	420	1
163	421	-1
163	422	-1
163	423	-1
163	424	1
163	427	-1
163	431	1
163	432	1
163	434	-1
163	435	-1
163	438	1
163	439	1
163	442	-1
163	446	-1
163	447	-1
163	449	1
163	450	1
163	451	1
163	455	1
163	461	-1
163	463	-1
163	465	-1
163	467	-1
163	468	-1
163	469	1
163	470	1
163	472	-1
163	474	1
163	477	-1
163	480	1
163	481	-1
163	483	-1
163	484	1
163	486	-1
163	487	-1
163	490	1
163	491	-1
163	494	-1
163	495	-1
163	496	-1
163	499	1
164	165	1
164	168	-1
164	172	-1
164	173	-1
164	175	1
164	177	-1
164	178	-1
164	182	-1
164	183	1
164	185	1
164	187	1
164	188	-1
164	191	-1
164	193	1
164	195	-1
164	196	1
164	199	-1
164	200	-1
164	201	-1
164	202	1
164	205	1
164	207	-1
164	208	-1
164	210	-1
164	211	1
164	212	-1
164	213	1
164	219	-1
164	221	1
164	228	-1
164	232	-1
164	233	-1
164	234	1
164	235	-1
164	236	1
164	238	-1
164	241	1
164	244	-1
164	245	-1
164	246	1
164	248	-1
164	249	-1
164	252	1
164	257	-1
164	258	-1
164	259	1
164	260	-1
164	261	-1
164	264	-1
164	265	1
164	267	1
164	269	1
164	272	-1
164	273	-1
164	277	-1
164	278	-1
164	279	-1
164	282	1
164	284	-1
164	286	1
164	288	-1
164	289	-1
164	291	1
164	292	1
164	294	-1
164	295	-1
164	300	-1
164	303	-1
164	304	1
164	306	-1
164	312	1
164	316	-1
164	317	-1
164	318	-1
164	319	1
164	320	-1
164	322	-1
164	325	1
164	326	1
164	328	-1
164	331	-1
164	333	1
164	335	-1
164	338	1
164	339	-1
164	340	1
164	341	-1
164	343	-1
164	346	-1
164	348	-1
164	351	1
164	352	-1
164	353	1
164	354	1
164	355	-1
164	357	1
164	361	1
164	362	-1
164	365	1
164	367	1
164	368	-1
164	369	1
164	372	-1
164	374	-1
164	380	-1
164	383	1
164	384	-1
164	385	1
164	386	-1
164	389	-1
164	390	-1
164	391	1
164	392	1
164	396	-1
164	397	-1
164	398	-1
164	399	1
164	401	-1
164	405	-1
164	408	-1
164	409	-1
164	410	-1
164	413	-1
164	417	-1
164	418	1
164	421	1
164	422	1
164	423	1
164	427	-1
164	428	1
164	429	-1
164	430	-1
164	431	-1
164	433	1
164	436	-1
164	440	-1
164	441	1
164	444	-1
164	445	-1
164	446	-1
164	452	1
164	454	-1
164	458	1
164	460	-1
164	463	1
164	464	-1
164	468	1
164	472	-1
164	475	-1
164	477	-1
164	478	-1
164	480	1
164	482	-1
164	486	1
164	488	1
164	489	1
164	491	-1
164	492	-1
164	494	-1
164	495	-1
164	496	-1
164	499	1
165	170	1
165	174	-1
165	175	-1
165	176	-1
165	177	-1
165	179	1
165	180	-1
165	181	1
165	183	1
165	184	-1
165	185	1
165	190	1
165	191	-1
165	194	1
165	195	-1
165	196	1
165	198	1
165	199	1
165	202	-1
165	206	1
165	207	1
165	209	-1
165	210	-1
165	211	-1
165	213	-1
165	216	-1
165	218	-1
165	219	1
165	224	1
165	225	-1
165	226	-1
165	227	1
165	229	-1
165	233	1
165	236	-1
165	242	1
165	246	1
165	247	1
165	248	-1
165	249	-1
165	250	-1
165	251	-1
165	254	1
165	255	-1
165	257	1
165	260	-1
165	261	-1
165	263	1
165	264	1
165	266	-1
165	267	-1
165	269	-1
165	270	-1
165	271	1
165	274	-1
165	277	-1
165	278	-1
165	279	1
165	280	-1
165	281	-1
165	284	-1
165	285	1
165	286	1
165	292	-1
165	293	1
165	294	1
165	296	1
165	297	-1
165	299	-1
165	300	-1
165	301	-1
165	303	1
165	305	-1
165	306	-1
165	307	1
165	310	-1
165	311	-1
165	313	1
165	315	1
165	318	1
165	320	1
165	322	-1
165	325	1
165	326	1
165	328	1
165	330	1
165	333	1
165	336	1
165	338	1
165	339	1
165	341	1
165	343	-1
165	349	-1
165	351	-1
165	353	1
165	355	1
165	356	1
165	359	-1
165	360	1
165	362	1
165	364	-1
165	366	1
165	368	-1
165	370	1
165	374	1
165	376	-1
165	378	-1
165	379	-1
165	382	1
165	383	1
165	384	-1
165	385	-1
165	386	-1
165	387	-1
165	388	1
165	389	-1
165	391	-1
165	392	-1
165	395	1
165	398	1
165	399	-1
165	401	1
165	404	1
165	408	-1
165	409	-1
165	411	-1
165	414	-1
165	415	-1
165	417	-1
165	418	-1
165	421	-1
165	422	-1
165	423	-1
165	424	-1
165	427	-1
165	429	-1
165	435	-1
165	436	1
165	437	-1
165	439	-1
165	440	1
165	441	-1
165	442	1
165	443	1
165	445	1
165	447	-1
165	448	1
165	450	-1
165	452	1
165	454	1
165	456	1
165	457	1
165	458	1
165	460	1
165	461	-1
165	463	-1
165	464	1
165	466	1
165	468	-1
165	474	1
165	476	-1
165	481	-1
165	485	1
165	489	1
165	493	1
165	496	-1
165	497	-1
166	167	1
166	168	-1
166	169	1
166	170	1
166	171	-1
166	172	1
166	173	1
166	174	-1
166	175	-1
166	177	1
166	178	1
166	179	-1
166	180	1
166	181	1
166	182	1
166	183	1
166	186	-1
166	188	1
166	190	-1
166	191	1
166	192	1
166	193	-1
166	196	-1
166	197	-1
166	198	1
166	199	1
166	201	-1
166	203	1
166	211	1
166	216	1
166	223	1
166	224	1
166	225	1
166	226	-1
166	228	1
166	230	1
166	231	1
166	233	1
166	237	1
166	239	1
166	240	-1
166	241	1
166	243	-1
166	244	1
166	245	1
166	246	1
166	248	-1
166	249	1
166	251	-1
166	253	-1
166	254	-1
166	255	1
166	256	1
166	257	1
166	260	1
166	261	-1
166	265	-1
166	266	-1
166	267	-1
166	268	1
166	269	1
166	270	1
166	276	1
166	277	-1
166	279	-1
166	282	-1
166	284	1
166	285	-1
166	286	1
166	289	1
166	294	-1
166	295	1
166	296	1
166	299	-1
166	301	1
166	303	-1
166	304	1
166	306	1
166	308	1
166	309	1
166	312	-1
166	316	-1
166	318	-1
166	320	1
166	322	-1
166	325	-1
166	328	-1
166	329	1
166	330	-1
166	332	-1
166	334	-1
166	335	-1
166	337	1
166	338	1
166	339	1
166	340	1
166	343	1
166	349	-1
166	353	-1
166	355	-1
166	356	-1
166	357	-1
166	358	-1
166	359	-1
166	363	-1
166	371	1
166	372	1
166	373	1
166	374	1
166	378	-1
166	379	-1
166	380	-1
166	381	-1
166	382	1
166	383	1
166	385	1
166	390	1
166	394	-1
166	395	-1
166	399	1
166	400	-1
166	401	-1
166	402	1
166	403	1
166	406	-1
166	409	1
166	413	1
166	414	1
166	415	-1
166	416	-1
166	421	1
166	422	-1
166	428	1
166	432	-1
166	434	1
166	436	-1
166	438	1
166	439	-1
166	441	1
166	445	1
166	447	-1
166	449	1
166	450	1
166	452	-1
166	453	-1
166	455	1
166	457	1
166	458	1
166	459	-1
166	460	1
166	462	1
166	463	1
166	464	1
166	465	-1
166	466	-1
166	470	-1
166	471	1
166	472	-1
166	479	-1
166	480	-1
166	482	1
166	483	1
166	484	1
166	485	-1
166	487	1
166	488	-1
166	491	-1
166	493	1
166	494	1
166	496	-1
166	498	1
166	499	-1
167	169	-1
167	170	1
167	172	1
167	175	1
167	176	1
167	178	-1
167	183	1
167	185	1
167	186	1
167	187	-1
167	188	1
167	193	-1
167	195	-1
167	197	1
167	198	-1
167	199	1
167	200	-1
167	206	-1
167	207	1
167	208	1
167	209	1
167	211	1
167	213	1
167	216	-1
167	217	-1
167	219	-1
167	220	1
167	221	1
167	222	1
167	223	-1
167	224	1
167	225	-1
167	227	1
167	228	-1
167	229	1
167	230	1
167	233	1
167	236	1
167	237	1
167	239	1
167	240	-1
167	241	1
167	242	1
167	245	-1
167	246	1
167	249	1
167	252	1
167	253	1
167	254	-1
167	255	-1
167	256	-1
167	260	-1
167	261	-1
167	262	-1
167	263	1
167	265	1
167	268	-1
167	270	-1
167	271	1
167	274	1
167	276	-1
167	279	1
167	280	1
167	283	-1
167	285	1
167	286	1
167	287	-1
167	288	1
167	289	1
167	291	-1
167	296	1
167	299	-1
167	300	-1
167	301	1
167	304	1
167	306	1
167	307	-1
167	310	-1
167	311	-1
167	312	1
167	315	1
167	317	-1
167	324	1
167	326	-1
167	329	1
167	330	-1
167	333	-1
167	337	1
167	339	1
167	343	-1
167	344	1
167	349	1
167	350	1
167	351	1
167	352	-1
167	355	1
167	357	1
167	358	1
167	360	1
167	362	-1
167	364	-1
167	365	-1
167	368	1
167	369	1
167	370	-1
167	372	-1
167	373	1
167	374	-1
167	377	-1
167	378	-1
167	379	-1
167	381	-1
167	384	-1
167	385	-1
167	390	-1
167	391	1
167	392	-1
167	393	1
167	395	-1
167	396	1
167	399	-1
167	403	-1
167	404	1
167	405	-1
167	406	-1
167	407	1
167	408	1
167	409	-1
167	413	1
167	414	-1
167	415	1
167	419	-1
167	420	1
167	421	-1
167	424	1
167	426	-1
167	428	1
167	429	1
167	433	1
167	434	1
167	443	1
167	444	-1
167	447	-1
167	449	-1
167	450	-1
167	452	-1
167	457	1
167	458	1
167	459	1
167	462	1
167	464	1
167	465	1
167	466	-1
167	470	-1
167	471	1
167	472	1
167	479	1
167	480	1
167	484	-1
167	485	1
167	486	-1
167	487	1
167	489	-1
167	490	-1
167	492	1
167	494	-1
167	496	-1
167	497	1
167	499	-1
168	169	-1
168	171	-1
168	183	-1
168	185	1
168	186	1
168	188	-1
168	190	1
168	191	1
168	193	1
168	196	1
168	201	-1
168	202	1
168	203	-1
168	205	1
168	207	1
168	209	-1
168	211	1
168	212	1
168	213	1
168	218	1
168	222	1
168	225	1
168	226	1
168	230	1
168	235	1
168	238	1
168	239	-1
168	240	-1
168	242	1
168	245	-1
168	247	1
168	248	1
168	249	1
168	253	1
168	254	-1
168	255	-1
168	257	-1
168	262	1
168	264	-1
168	265	1
168	267	-1
168	268	-1
168	270	1
168	271	1
168	272	-1
168	273	1
168	276	-1
168	277	-1
168	278	-1
168	279	1
168	280	1
168	281	1
168	282	-1
168	283	1
168	284	1
168	285	-1
168	287	1
168	289	-1
168	290	1
168	295	1
168	296	-1
168	298	1
168	299	-1
168	302	1
168	303	1
168	304	1
168	305	1
168	310	1
168	312	-1
168	313	1
168	314	-1
168	317	1
168	318	1
168	321	-1
168	323	1
168	325	1
168	326	-1
168	330	1
168	332	1
168	335	-1
168	337	1
168	339	1
168	341	-1
168	343	1
168	348	-1
168	349	-1
168	351	1
168	355	1
168	356	-1
168	358	1
168	359	-1
168	360	-1
168	361	-1
168	365	-1
168	366	1
168	367	-1
168	369	-1
168	372	1
168	377	-1
168	378	-1
168	379	-1
168	381	-1
168	382	1
168	383	1
168	385	-1
168	387	-1
168	388	-1
168	389	1
168	390	1
168	391	1
168	392	-1
168	396	-1
168	399	-1
168	400	1
168	403	1
168	404	-1
168	405	-1
168	407	-1
168	409	1
168	411	-1
168	413	1
168	416	1
168	418	1
168	419	-1
168	420	-1
168	421	1
168	423	1
168	424	1
168	425	-1
168	426	-1
168	431	1
168	432	-1
168	434	1
168	435	1
168	437	-1
168	438	1
168	439	-1
168	442	1
168	443	1
168	446	1
168	448	-1
168	452	1
168	455	-1
168	456	-1
168	461	-1
168	462	1
168	463	1
168	464	1
168	465	1
168	466	1
168	467	-1
168	468	-1
168	470	-1
168	472	1
168	473	1
168	474	1
168	475	-1
168	476	1
168	478	1
168	479	-1
168	480	1
168	481	1
168	482	1
168	484	1
168	485	-1
168	488	-1
168	489	-1
168	492	-1
168	493	1
168	494	1
168	497	-1
168	498	1
169	171	-1
169	172	1
169	178	-1
169	179	1
169	181	1
169	185	-1
169	186	-1
169	188	1
169	189	-1
169	190	1
169	193	1
169	198	-1
169	199	1
169	203	-1
169	207	-1
169	210	1
169	211	1
169	212	-1
169	213	1
169	216	1
169	220	1
169	222	-1
169	223	1
169	225	1
169	227	1
169	231	1
169	233	-1
169	237	1
169	239	-1
169	242	-1
169	243	1
169	244	-1
169	245	-1
169	247	-1
169	248	-1
169	249	1
169	250	1
169	253	-1
169	257	-1
169	259	-1
169	260	-1
169	262	-1
169	263	1
169	265	1
169	266	1
169	271	1
169	272	-1
169	286	-1
169	287	-1
169	293	1
169	294	-1
169	295	1
169	300	-1
169	301	1
169	302	-1
169	303	-1
169	304	-1
169	306	1
169	313	-1
169	315	-1
169	317	-1
169	320	1
169	321	-1
169	322	1
169	323	-1
169	325	-1
169	326	1
169	327	-1
169	328	-1
169	330	1
169	333	-1
169	334	-1
169	338	1
169	339	-1
169	341	1
169	342	-1
169	343	-1
169	345	-1
169	346	1
169	349	1
169	353	-1
169	356	1
169	357	-1
169	360	1
169	362	-1
169	363	1
169	366	1
169	368	-1
169	370	1
169	376	-1
169	377	-1
169	378	-1
169	380	1
169	381	1
169	382	-1
169	384	1
169	386	-1
169	389	-1
169	390	1
169	392	-1
169	395	1
169	399	-1
169	404	-1
169	406	1
169	408	-1
169	410	-1
169	412	1
169	414	1
169	418	-1
169	419	-1
169	421	1
169	422	-1
169	424	1
169	426	-1
169	428	-1
169	429	1
169	431	1
169	432	1
169	434	-1
169	436	1
169	440	1
169	441	-1
169	443	-1
169	444	-1
169	445	-1
169	446	1
169	447	-1
169	450	-1
169	451	-1
169	456	-1
169	457	-1
169	459	-1
169	461	-1
169	462	1
169	463	-1
169	465	-1
169	466	-1
169	470	1
169	472	-1
169	474	-1
169	475	1
169	476	-1
169	478	-1
169	481	1
169	482	-1
169	483	1
169	486	-1
169	487	1
169	488	1
169	489	1
169	491	1
169	492	-1
169	493	-1
169	499	-1
170	172	1
170	174	1
170	175	1
170	176	1
170	177	1
170	179	1
170	185	1
170	186	-1
170	189	1
170	194	1
170	195	1
170	196	-1
170	197	-1
170	198	-1
170	200	-1
170	204	-1
170	212	-1
170	213	-1
170	214	1
170	215	-1
170	216	-1
170	220	-1
170	222	1
170	223	-1
170	224	-1
170	225	-1
170	227	1
170	229	-1
170	232	-1
170	236	-1
170	237	1
170	240	1
170	241	-1
170	242	-1
170	243	-1
170	245	1
170	247	-1
170	248	1
170	249	1
170	252	1
170	255	1
170	258	-1
170	261	1
170	262	1
170	264	1
170	266	1
170	267	-1
170	268	1
170	271	1
170	273	-1
170	275	-1
170	276	1
170	278	-1
170	282	1
170	284	1
170	288	-1
170	290	-1
170	291	1
170	293	-1
170	295	-1
170	297	1
170	300	-1
170	304	-1
170	307	-1
170	308	1
170	311	1
170	312	1
170	314	1
170	315	-1
170	316	-1
170	318	-1
170	319	1
170	321	-1
170	323	1
170	324	1
170	330	-1
170	332	-1
170	334	1
170	335	1
170	336	-1
170	340	1
170	341	1
170	342	1
170	343	-1
170	344	-1
170	348	-1
170	349	1
170	353	-1
170	355	-1
170	356	1
170	364	1
170	368	-1
170	370	-1
170	371	1
170	372	1
170	374	-1
170	378	-1
170	379	-1
170	382	-1
170	383	1
170	384	1
170	387	1
170	389	-1
170	393	-1
170	394	-1
170	397	1
170	398	1
170	401	-1
170	403	1
170	404	1
170	405	-1
170	409	1
170	410	1
170	411	-1
170	415	-1
170	419	1
170	421	-1
170	423	-1
170	427	1
170	429	1
170	432	1
170	433	1
170	436	1
170	437	-1
170	440	-1
170	445	-1
170	448	-1
170	450	1
170	451	-1
170	452	1
170	455	1
170	459	-1
170	460	-1
170	462	1
170	463	-1
170	464	-1
170	466	1
170	467	-1
170	471	1
170	474	-1
170	477	-1
170	478	1
170	479	-1
170	480	-1
170	483	-1
170	486	1
170	491	1
170	492	1
170	493	1
170	496	-1
170	497	-1
170	498	-1
170	499	-1
171	172	-1
171	174	1
171	176	-1
171	180	-1
171	181	-1
171	182	-1
171	183	1
171	185	1
171	188	1
171	189	1
171	192	1
171	194	1
171	196	1
171	197	-1
171	198	1
171	200	-1
171	204	-1
171	205	-1
171	206	1
171	208	1
171	209	1
171	212	1
171	214	1
171	218	-1
171	220	-1
171	223	1
171	226	1
171	227	-1
171	229	1
171	231	1
171	232	1
171	233	1
171	234	-1
171	239	1
171	241	1
171	246	-1
171	251	1
171	252	1
171	253	1
171	254	-1
171	255	-1
171	256	1
171	258	-1
171	260	-1
171	264	1
171	265	-1
171	269	-1
171	272	-1
171	273	-1
171	274	-1
171	276	1
171	277	1
171	280	-1
171	283	1
171	286	-1
171	289	-1
171	291	-1
171	293	1
171	296	1
171	302	1
171	304	1
171	307	-1
171	316	-1
171	317	-1
171	318	-1
171	319	1
171	321	-1
171	323	1
171	330	1
171	331	-1
171	334	-1
171	338	1
171	339	-1
171	343	-1
171	344	-1
171	347	1
171	351	1
171	352	-1
171	353	1
171	354	-1
171	359	-1
171	362	1
171	365	-1
171	368	1
171	373	-1
171	374	1
171	376	-1
171	379	1
171	380	-1
171	383	-1
171	384	-1
171	389	1
171	392	-1
171	394	-1
171	395	-1
171	396	1
171	402	1
171	403	-1
171	404	-1
171	405	-1
171	408	1
171	412	1
171	413	1
171	417	-1
171	418	1
171	420	1
171	421	-1
171	422	-1
171	423	-1
171	424	1
171	425	-1
171	429	1
171	433	-1
171	434	1
171	436	-1
171	440	-1
171	442	-1
171	443	-1
171	445	-1
171	446	-1
171	447	1
171	448	1
171	450	-1
171	452	1
171	456	-1
171	458	1
171	459	-1
171	460	1
171	461	1
171	464	-1
171	466	-1
171	467	-1
171	468	1
171	469	1
171	472	-1
171	473	-1
171	475	1
171	477	-1
171	480	1
171	482	-1
171	483	-1
171	484	-1
171	489	1
171	491	-1
171	492	1
171	493	1
171	497	1
171	499	-1
172	176	1
172	177	1
172	178	-1
172	179	-1
172	181	-1
172	184	1
172	189	-1
172	192	-1
172	193	1
172	196	1
172	197	1
172	198	1
172	199	-1
172	202	1
172	203	-1
172	204	-1
172	205	-1
172	206	1
172	209	-1
172	211	1
172	212	1
172	215	1
172	216	1
172	219	1
172	220	-1
172	222	-1
172	223	-1
172	224	1
172	225	1
172	226	1
172	227	-1
172	228	1
172	229	-1
172	230	-1
172	231	-1
172	238	-1
172	240	1
172	241	1
172	244	1
172	245	1
172	249	-1
172	251	1
172	252	-1
172	253	-1
172	254	1
172	261	-1
172	262	-1
172	266	1
172	270	1
172	272	-1
172	273	1
172	274	1
172	275	1
172	277	1
172	278	1
172	280	-1
172	282	-1
172	283	-1
172	284	-1
172	288	1
172	290	-1
172	292	1
172	293	-1
172	294	1
172	296	-1
172	297	1
172	299	1
172	300	1
172	302	-1
172	306	1
172	308	-1
172	313	1
172	314	-1
172	316	-1
172	319	1
172	320	1
172	321	1
172	322	-1
172	324	-1
172	325	-1
172	327	1
172	329	-1
172	330	1
172	336	1
172	339	1
172	340	-1
172	342	1
172	343	-1
172	346	1
172	347	1
172	348	1
172	352	-1
172	353	1
172	355	-1
172	358	1
172	359	1
172	362	-1
172	364	1
172	365	1
172	366	1
172	367	-1
172	372	-1
172	377	1
172	378	1
172	379	-1
172	380	1
172	385	1
172	388	1
172	389	-1
172	390	1
172	392	1
172	394	1
172	396	-1
172	397	1
172	398	1
172	399	-1
172	400	1
172	401	-1
172	407	1
172	411	-1
172	412	1
172	413	-1
172	414	-1
172	419	-1
172	421	1
172	424	1
172	425	1
172	431	-1
172	432	-1
172	433	-1
172	434	1
172	436	1
172	441	-1
172	442	-1
172	443	-1
172	445	-1
172	446	-1
172	448	-1
172	450	-1
172	452	1
172	454	1
172	455	1
172	458	1
172	459	-1
172	460	-1
172	461	-1
172	463	-1
172	467	-1
172	469	1
172	470	-1
172	471	1
172	473	-1
172	474	1
172	475	1
172	478	1
172	479	-1
172	480	-1
172	482	-1
172	483	1
172	485	-1
172	489	-1
172	491	1
172	492	-1
172	495	-1
172	497	1
173	175	1
173	179	1
173	183	1
173	185	-1
173	186	-1
173	187	1
173	190	-1
173	191	-1
173	196	1
173	197	1
173	201	-1
173	206	1
173	208	-1
173	209	1
173	215	-1
173	219	1
173	221	1
173	224	-1
173	228	-1
173	230	-1
173	232	1
173	234	-1
173	236	1
173	238	1
173	240	1
173	241	-1
173	242	-1
173	249	-1
173	250	1
173	251	-1
173	252	1
173	254	-1
173	257	-1
173	258	-1
173	260	1
173	261	1
173	262	1
173	272	1
173	275	1
173	276	-1
173	277	-1
173	278	-1
173	279	1
173	280	1
173	281	1
173	282	-1
173	284	-1
173	285	1
173	289	-1
173	290	-1
173	291	-1
173	293	-1
173	298	-1
173	299	-1
173	302	-1
173	303	-1
173	305	1
173	306	1
173	309	-1
173	315	1
173	316	-1
173	318	1
173	319	-1
173	320	-1
173	325	1
173	326	-1
173	327	1
173	329	-1
173	330	-1
173	331	-1
173	332	-1
173	333	1
173	336	-1
173	337	1
173	343	1
173	344	-1
173	347	-1
173	348	1
173	349	-1
173	352	1
173	353	-1
173	356	1
173	357	1
173	358	1
173	359	1
173	367	-1
173	368	-1
173	369	-1
173	370	1
173	372	-1
173	375	1
173	379	-1
173	383	-1
173	385	1
173	386	-1
173	388	1
173	390	-1
173	395	1
173	397	-1
173	398	1
173	399	1
173	402	-1
173	405	-1
173	406	1
173	410	1
173	411	-1
173	414	1
173	416	1
173	418	-1
173	419	1
173	420	-1
173	421	1
173	423	-1
173	424	-1
173	428	-1
173	432	-1
173	433	1
173	434	1
173	435	-1
173	436	1
173	441	-1
173	443	1
173	447	-1
173	448	-1
173	450	-1
173	457	-1
173	458	1
173	461	1
173	464	1
173	468	1
173	469	-1
173	470	-1
173	471	1
173	474	1
173	475	-1
173	476	-1
173	478	-1
173	481	-1
173	483	1
173	484	-1
173	486	-1
173	487	1
173	491	1
173	492	1
173	494	1
173	496	1
173	498	-1
173	499	-1
174	177	1
174	180	1
174	181	-1
174	182	-1
174	183	-1
174	187	1
174	188	-1
174	191	-1
174	194	1
174	195	1
174	197	-1
174	202	1
174	204	-1
174	209	-1
174	210	1
174	211	1
174	212	-1
174	215	-1
174	216	-1
174	218	1
174	223	-1
174	227	1
174	228	1
174	229	1
174	230	-1
174	233	1
174	235	1
174	239	-1
174	240	1
174	241	-1
174	243	-1
174	244	-1
174	247	-1
174	248	-1
174	251	1
174	253	-1
174	254	-1
174	257	1
174	258	-1
174	261	-1
174	263	-1
174	264	1
174	265	-1
174	266	1
174	267	1
174	269	1
174	271	1
174	272	1
174	274	-1
174	278	-1
174	280	-1
174	282	1
174	283	-1
174	285	-1
174	287	-1
174	288	-1
174	289	1
174	290	1
174	291	1
174	295	1
174	296	-1
174	298	-1
174	299	1
174	300	1
174	303	1
174	304	1
174	305	1
174	306	1
174	312	1
174	324	-1
174	325	-1
174	326	-1
174	327	-1
174	328	1
174	329	1
174	330	-1
174	331	1
174	334	1
174	337	1
174	338	-1
174	339	1
174	340	-1
174	343	1
174	344	1
174	345	-1
174	346	-1
174	347	-1
174	350	1
174	351	-1
174	352	1
174	353	1
174	354	-1
174	356	1
174	358	-1
174	360	1
174	362	1
174	364	1
174	365	-1
174	366	1
174	369	-1
174	371	1
174	372	1
174	373	-1
174	374	1
174	375	1
174	376	1
174	377	1
174	378	-1
174	381	1
174	382	-1
174	383	1
174	386	-1
174	389	-1
174	393	-1
174	394	1
174	395	1
174	397	-1
174	400	-1
174	401	1
174	403	1
174	406	-1
174	409	1
174	417	1
174	419	1
174	420	-1
174	423	-1
174	425	1
174	427	1
174	429	-1
174	430	1
174	432	-1
174	434	1
174	436	-1
174	438	-1
174	440	-1
174	441	1
174	444	-1
174	445	-1
174	449	1
174	451	-1
174	452	1
174	454	1
174	455	-1
174	457	-1
174	460	-1
174	462	-1
174	463	1
174	465	-1
174	466	-1
174	468	1
174	472	1
174	474	-1
174	475	1
174	477	1
174	481	1
174	482	-1
174	484	-1
174	485	-1
174	489	-1
174	490	-1
174	491	1
174	492	1
174	493	1
174	494	1
174	497	-1
174	498	1
174	499	1
175	177	-1
175	179	-1
175	181	1
175	183	1
175	184	-1
175	187	1
175	188	-1
175	193	1
175	194	1
175	195	-1
175	197	1
175	199	1
175	200	1
175	201	1
175	204	-1
175	206	1
175	207	-1
175	209	-1
175	210	1
175	212	-1
175	214	1
175	216	-1
175	218	-1
175	221	-1
175	224	-1
175	225	-1
175	226	-1
175	227	1
175	228	-1
175	231	1
175	232	-1
175	233	1
175	235	1
175	238	-1
175	239	-1
175	242	-1
175	243	1
175	245	1
175	246	-1
175	247	1
175	250	1
175	253	1
175	254	1
175	255	-1
175	256	-1
175	257	-1
175	258	1
175	259	1
175	260	1
175	261	1
175	262	-1
175	263	1
175	265	1
175	267	-1
175	268	-1
175	269	-1
175	270	-1
175	272	-1
175	274	-1
175	278	1
175	279	-1
175	280	1
175	282	-1
175	285	1
175	291	-1
175	292	1
175	293	-1
175	296	1
175	297	1
175	300	-1
175	302	-1
175	304	1
175	306	1
175	308	1
175	309	1
175	310	-1
175	314	-1
175	316	1
175	317	-1
175	320	1
175	322	-1
175	323	-1
175	324	1
175	325	-1
175	330	-1
175	331	1
175	333	-1
175	338	1
175	339	-1
175	341	1
175	342	-1
175	343	-1
175	344	-1
175	345	1
175	347	-1
175	348	1
175	349	1
175	350	-1
175	351	1
175	354	-1
175	355	-1
175	358	-1
175	359	-1
175	361	1
175	365	-1
175	368	1
175	370	1
175	371	-1
175	372	1
175	376	1
175	379	1
175	387	1
175	388	-1
175	390	1
175	392	-1
175	396	1
175	397	-1
175	398	1
175	399	-1
175	400	-1
175	403	-1
175	405	-1
175	407	-1
175	408	1
175	409	-1
175	411	1
175	414	1
175	416	1
175	417	-1
175	418	1
175	421	-1
175	423	1
175	424	-1
175	425	1
175	426	1
175	427	-1
175	428	-1
175	431	-1
175	434	-1
175	441	1
175	442	-1
175	443	1
175	446	-1
175	449	1
175	450	1
175	453	-1
175	454	-1
175	456	-1
175	464	-1
175	465	1
175	466	1
175	467	-1
175	470	1
175	471	-1
175	472	-1
175	473	-1
175	474	1
175	476	-1
175	477	-1
175	478	-1
175	479	-1
175	480	1
175	482	1
175	485	1
175	486	-1
175	488	-1
175	492	1
175	496	1
175	498	1
176	178	1
176	180	-1
176	184	1
176	185	-1
176	188	1
176	190	-1
176	193	1
176	194	1
176	198	-1
176	201	-1
176	203	1
176	216	-1
176	219	1
176	220	1
176	222	1
176	223	-1
176	224	1
176	226	-1
176	227	1
176	229	1
176	234	1
176	236	1
176	237	-1
176	238	1
176	239	-1
176	243	1
176	248	1
176	249	-1
176	250	-1
176	251	1
176	254	1
176	255	1
176	256	1
176	260	-1
176	261	1
176	263	-1
176	264	1
176	267	1
176	268	1
176	272	-1
176	273	-1
176	278	-1
176	280	-1
176	281	-1
176	283	-1
176	284	1
176	286	1
176	288	1
176	290	-1
176	291	-1
176	292	1
176	297	1
176	298	-1
176	299	1
176	304	1
176	307	-1
176	308	1
176	311	1
176	314	-1
176	316	1
176	317	1
176	320	-1
176	321	1
176	323	-1
176	325	1
176	326	-1
176	329	-1
176	332	-1
176	333	1
176	334	1
176	335	-1
176	336	-1
176	337	1
176	338	1
176	339	1
176	342	1
176	343	-1
176	347	-1
176	348	1
176	349	1
176	350	-1
176	351	-1
176	354	-1
176	356	1
176	362	1
176	363	1
176	367	-1
176	368	1
176	373	-1
176	376	-1
176	377	1
176	378	1
176	379	-1
176	382	-1
176	387	1
176	388	-1
176	389	1
176	392	-1
176	394	1
176	396	1
176	400	1
176	403	1
176	404	-1
176	406	-1
176	407	1
176	408	-1
176	409	1
176	410	-1
176	411	-1
176	412	-1
176	415	1
176	418	-1
176	419	-1
176	424	-1
176	425	1
176	426	-1
176	427	1
176	430	-1
176	431	-1
176	433	-1
176	434	-1
176	437	1
176	438	-1
176	445	1
176	446	-1
176	448	-1
176	449	-1
176	451	1
176	453	-1
176	456	1
176	457	1
176	458	1
176	460	-1
176	461	1
176	463	1
176	465	-1
176	472	1
176	473	1
176	475	-1
176	476	1
176	477	-1
176	478	1
176	483	-1
176	486	-1
176	487	1
176	489	-1
176	490	-1
176	491	-1
176	492	-1
176	493	-1
176	494	-1
176	495	-1
176	496	-1
176	498	-1
176	499	-1
177	178	1
177	179	1
177	180	-1
177	182	-1
177	183	1
177	185	1
177	186	1
177	188	1
177	189	-1
177	200	-1
177	202	-1
177	207	1
177	212	-1
177	213	-1
177	215	1
177	216	-1
177	217	1
177	225	1
177	226	-1
177	227	1
177	229	-1
177	230	-1
177	231	-1
177	232	1
177	233	-1
177	234	1
177	235	-1
177	238	1
177	239	-1
177	241	-1
177	242	-1
177	243	-1
177	244	-1
177	245	1
177	246	-1
177	247	-1
177	248	-1
177	254	-1
177	257	1
177	259	1
177	260	1
177	261	1
177	262	-1
177	266	1
177	267	1
177	269	1
177	271	-1
177	275	-1
177	276	1
177	280	-1
177	281	-1
177	282	-1
177	283	1
177	287	-1
177	288	-1
177	289	1
177	291	-1
177	293	-1
177	294	-1
177	296	-1
177	297	-1
177	299	1
177	303	1
177	304	1
177	305	-1
177	309	1
177	312	-1
177	313	-1
177	315	-1
177	316	-1
177	317	-1
177	318	-1
177	319	-1
177	320	1
177	321	1
177	323	1
177	324	-1
177	329	1
177	330	1
177	331	1
177	333	-1
177	335	-1
177	336	-1
177	337	-1
177	339	1
177	341	1
177	342	1
177	343	1
177	344	-1
177	345	-1
177	347	1
177	348	1
177	349	-1
177	351	1
177	352	-1
177	353	-1
177	356	1
177	357	1
177	359	-1
177	360	1
177	366	-1
177	368	1
177	371	1
177	372	-1
177	374	-1
177	376	-1
177	377	1
177	380	1
177	383	1
177	384	-1
177	386	1
177	387	-1
177	388	1
177	389	1
177	390	1
177	392	1
177	394	-1
177	397	-1
177	399	1
177	406	-1
177	408	1
177	410	1
177	411	-1
177	416	1
177	419	-1
177	420	1
177	421	1
177	422	1
177	425	-1
177	430	1
177	434	1
177	437	-1
177	449	-1
177	450	-1
177	451	1
177	452	1
177	453	-1
177	454	-1
177	455	1
177	457	-1
177	458	1
177	461	1
177	463	-1
177	464	-1
177	465	1
177	466	1
177	468	-1
177	469	-1
177	470	1
177	471	1
177	474	-1
177	475	-1
177	476	-1
177	480	1
177	482	1
177	485	1
177	491	1
177	493	1
177	499	1
178	180	-1
178	183	1
178	184	1
178	185	1
178	186	1
178	187	1
178	190	1
178	191	-1
178	192	-1
178	193	-1
178	194	-1
178	195	-1
178	196	1
178	198	1
178	199	-1
178	202	1
178	206	-1
178	208	1
178	209	1
178	210	-1
178	211	-1
178	213	1
178	215	1
178	216	-1
178	217	-1
178	218	1
178	220	1
178	222	1
178	226	1
178	228	-1
178	233	1
178	234	1
178	235	1
178	236	-1
178	238	1
178	243	1
178	244	-1
178	246	-1
178	247	-1
178	250	1
178	252	-1
178	256	-1
178	257	1
178	258	-1
178	262	-1
178	268	1
178	271	-1
178	274	-1
178	278	-1
178	280	1
178	281	-1
178	287	-1
178	288	-1
178	289	1
178	293	1
178	295	1
178	296	1
178	298	-1
178	299	-1
178	300	1
178	301	-1
178	303	1
178	304	1
178	306	-1
178	307	-1
178	308	1
178	309	1
178	310	-1
178	312	1
178	317	1
178	318	-1
178	319	1
178	320	-1
178	321	-1
178	323	-1
178	325	-1
178	326	1
178	330	-1
178	331	1
178	332	1
178	333	-1
178	334	-1
178	335	-1
178	336	1
178	340	1
178	342	1
178	349	1
178	350	-1
178	351	-1
178	352	-1
178	354	1
178	357	1
178	361	1
178	362	1
178	363	-1
178	364	1
178	365	-1
178	366	-1
178	368	1
178	369	1
178	370	-1
178	372	-1
178	373	1
178	375	-1
178	380	-1
178	383	-1
178	384	1
178	385	1
178	387	-1
178	388	1
178	389	-1
178	391	-1
178	396	-1
178	399	-1
178	401	1
178	404	-1
178	408	-1
178	411	1
178	413	1
178	414	1
178	417	-1
178	419	-1
178	420	1
178	423	-1
178	424	-1
178	425	-1
178	426	1
178	427	1
178	428	-1
178	434	-1
178	435	1
178	436	1
178	437	-1
178	438	-1
178	439	-1
178	441	1
178	442	-1
178	444	-1
178	445	1
178	447	1
178	450	-1
178	454	-1
178	455	1
178	456	1
178	457	-1
178	459	1
178	461	1
178	463	-1
178	466	1
178	467	1
178	472	1
178	473	1
178	476	-1
178	478	-1
178	485	-1
178	488	1
178	490	-1
178	492	-1
178	493	1
178	495	-1
178	496	-1
178	499	-1
179	182	-1
179	185	1
179	186	-1
179	188	-1
179	189	-1
179	195	-1
179	197	-1
179	203	-1
179	207	-1
179	208	-1
179	210	1
179	214	-1
179	216	1
179	217	-1
179	218	-1
179	220	-1
179	221	-1
179	225	-1
179	226	1
179	227	-1
179	229	-1
179	230	1
179	238	1
179	242	-1
179	243	1
179	244	1
179	246	1
179	249	-1
179	250	1
179	251	-1
179	254	1
179	255	-1
179	256	1
179	261	1
179	262	-1
179	263	-1
179	266	-1
179	267	-1
179	270	1
179	272	1
179	273	-1
179	274	-1
179	277	-1
179	279	1
179	283	-1
179	285	-1
179	288	-1
179	290	1
179	292	-1
179	293	-1
179	300	-1
179	301	-1
179	302	1
179	305	1
179	307	-1
179	309	1
179	312	1
179	314	-1
179	316	-1
179	317	1
179	318	1
179	320	1
179	322	-1
179	323	-1
179	324	1
179	325	-1
179	326	-1
179	327	-1
179	328	-1
179	331	-1
179	332	1
179	333	-1
179	334	-1
179	335	-1
179	336	-1
179	337	-1
179	338	-1
179	341	-1
179	346	1
179	347	-1
179	353	-1
179	354	1
179	355	1
179	362	-1
179	365	-1
179	366	-1
179	367	-1
179	372	-1
179	374	-1
179	375	-1
179	378	-1
179	383	-1
179	384	1
179	385	-1
179	387	-1
179	388	1
179	389	1
179	397	1
179	398	-1
179	399	-1
179	401	-1
179	404	-1
179	407	-1
179	408	1
179	409	1
179	412	1
179	416	-1
179	419	1
179	424	1
179	429	-1
179	430	1
179	432	1
179	433	-1
179	437	1
179	438	-1
179	439	1
179	440	1
179	441	1
179	443	-1
179	444	1
179	447	-1
179	448	-1
179	449	-1
179	450	1
179	456	1
179	457	-1
179	461	1
179	462	-1
179	463	-1
179	465	-1
179	467	1
179	468	1
179	469	1
179	470	1
179	472	1
179	474	1
179	475	-1
179	477	1
179	479	-1
179	482	-1
179	484	1
179	485	1
179	486	-1
179	487	1
179	489	1
179	490	1
179	492	1
179	494	-1
179	495	-1
179	499	-1
180	182	1
180	183	-1
180	184	1
180	187	-1
180	192	-1
180	195	1
180	196	1
180	197	-1
180	198	1
180	199	-1
180	204	1
180	205	-1
180	206	-1
180	212	-1
180	214	-1
180	215	1
180	218	1
180	219	1
180	220	1
180	222	1
180	223	1
180	231	1
180	232	-1
180	233	1
180	234	1
180	235	-1
180	240	-1
180	242	-1
180	243	-1
180	245	1
180	246	1
180	248	-1
180	250	-1
180	253	-1
180	257	-1
180	259	1
180	261	1
180	263	-1
180	267	-1
180	268	-1
180	270	-1
180	271	-1
180	278	1
180	281	1
180	282	1
180	286	-1
180	287	1
180	289	-1
180	290	-1
180	291	-1
180	294	-1
180	298	1
180	300	1
180	304	1
180	309	1
180	310	-1
180	311	1
180	312	1
180	313	-1
180	314	-1
180	315	1
180	316	-1
180	319	-1
180	320	1
180	321	1
180	322	-1
180	325	1
180	327	1
180	329	1
180	331	-1
180	332	1
180	333	1
180	334	-1
180	335	1
180	337	1
180	338	1
180	343	1
180	344	1
180	346	1
180	348	1
180	349	1
180	350	-1
180	351	-1
180	352	-1
180	355	1
180	356	1
180	357	1
180	360	-1
180	361	-1
180	365	1
180	366	-1
180	368	1
180	370	1
180	373	1
180	376	-1
180	377	1
180	378	1
180	383	-1
180	385	-1
180	388	-1
180	389	-1
180	390	1
180	391	-1
180	396	-1
180	397	1
180	398	1
180	399	1
180	402	-1
180	404	-1
180	407	1
180	411	-1
180	414	1
180	415	-1
180	417	1
180	418	-1
180	422	1
180	424	1
180	425	1
180	426	1
180	427	-1
180	428	-1
180	432	1
180	436	1
180	437	-1
180	438	1
180	440	-1
180	441	-1
180	443	-1
180	445	-1
180	447	1
180	448	-1
180	454	1
180	455	-1
180	456	-1
180	462	-1
180	463	1
180	464	1
180	465	-1
180	466	1
180	470	1
180	473	1
180	475	1
180	476	1
180	477	-1
180	478	1
180	479	1
180	480	1
180	481	-1
180	483	1
180	484	-1
180	487	1
180	488	-1
180	492	-1
180	493	1
180	495	-1
180	496	-1
181	184	-1
181	185	-1
181	186	1
181	187	1
181	188	1
181	190	1
181	191	-1
181	193	-1
181	194	1
181	199	-1
181	201	1
181	202	1
181	205	-1
181	206	1
181	207	-1
181	211	1
181	212	-1
181	213	1
181	215	1
181	216	-1
181	218	1
181	219	-1
181	227	1
181	228	1
181	229	-1
181	230	1
181	231	-1
181	232	-1
181	233	-1
181	234	1
181	235	-1
181	236	1
181	237	1
181	238	-1
181	240	-1
181	241	1
181	242	1
181	243	-1
181	244	-1
181	245	-1
181	248	1
181	249	1
181	251	1
181	252	1
181	253	1
181	254	-1
181	255	1
181	260	-1
181	261	1
181	262	-1
181	263	-1
181	264	1
181	266	1
181	267	1
181	269	1
181	270	1
181	274	-1
181	275	-1
181	276	-1
181	278	-1
181	279	1
181	280	1
181	283	-1
181	284	-1
181	285	1
181	286	-1
181	288	1
181	290	1
181	293	1
181	295	-1
181	301	1
181	302	1
181	305	1
181	307	1
181	308	-1
181	311	1
181	312	-1
181	315	-1
181	316	-1
181	318	1
181	320	-1
181	321	-1
181	322	1
181	323	-1
181	324	-1
181	325	1
181	327	1
181	330	-1
181	334	-1
181	335	-1
181	336	-1
181	338	1
181	341	1
181	342	-1
181	344	1
181	345	1
181	346	-1
181	351	-1
181	353	-1
181	354	-1
181	359	-1
181	364	-1
181	366	-1
181	368	-1
181	374	-1
181	375	1
181	376	1
181	377	-1
181	378	-1
181	381	-1
181	382	1
181	385	1
181	386	1
181	390	1
181	391	1
181	392	1
181	394	-1
181	397	-1
181	399	-1
181	400	-1
181	401	-1
181	404	-1
181	407	-1
181	409	-1
181	410	1
181	411	-1
181	414	-1
181	415	1
181	416	-1
181	417	-1
181	419	1
181	420	1
181	421	1
181	422	-1
181	423	-1
181	424	1
181	426	-1
181	428	-1
181	430	1
181	431	-1
181	433	-1
181	434	-1
181	436	1
181	437	1
181	438	-1
181	440	1
181	442	1
181	445	1
181	446	1
181	449	-1
181	450	-1
181	451	1
181	452	-1
181	453	1
181	455	1
181	456	-1
181	457	-1
181	458	-1
181	459	1
181	462	1
181	463	1
181	468	-1
181	473	-1
181	474	-1
181	476	-1
181	477	1
181	478	-1
181	481	1
181	482	-1
181	483	1
181	485	-1
181	486	1
181	488	1
181	489	-1
181	491	1
181	494	1
181	496	-1
181	498	1
181	499	1
182	183	-1
182	188	1
182	189	-1
182	190	-1
182	192	1
182	197	1
182	199	1
182	202	-1
182	203	-1
182	204	-1
182	206	1
182	207	-1
182	208	-1
182	210	1
182	211	-1
182	212	-1
182	213	-1
182	214	1
182	215	1
182	217	-1
182	218	-1
182	221	-1
182	222	1
182	224	1
182	226	-1
182	231	-1
182	233	1
182	234	1
182	238	1
182	239	1
182	243	-1
182	245	1
182	251	-1
182	252	1
182	254	-1
182	256	1
182	258	-1
182	259	1
182	260	-1
182	262	1
182	264	1
182	267	-1
182	268	-1
182	271	1
182	272	-1
182	273	1
182	274	1
182	276	1
182	278	1
182	279	1
182	281	1
182	282	1
182	284	-1
182	287	-1
182	289	-1
182	292	1
182	294	1
182	295	-1
182	297	-1
182	298	-1
182	302	-1
182	303	1
182	304	1
182	305	-1
182	311	-1
182	313	-1
182	314	1
182	315	1
182	318	1
182	320	1
182	321	-1
182	323	1
182	325	1
182	326	1
182	330	1
182	331	-1
182	333	1
182	334	-1
182	337	-1
182	339	1
182	341	1
182	344	1
182	345	1
182	349	1
182	350	1
182	352	-1
182	356	-1
182	357	1
182	358	-1
182	359	1
182	360	1
182	364	1
182	368	1
182	369	1
182	372	1
182	375	1
182	376	-1
182	378	-1
182	383	-1
182	385	1
182	389	-1
182	390	1
182	394	-1
182	396	1
182	398	-1
182	401	1
182	404	-1
182	405	1
182	406	-1
182	407	1
182	408	1
182	410	-1
182	413	-1
182	414	1
182	415	1
182	416	1
182	418	1
182	419	-1
182	420	-1
182	421	1
182	423	-1
182	427	-1
182	429	-1
182	431	1
182	434	-1
182	436	1
182	437	-1
182	438	-1
182	440	1
182	441	-1
182	447	-1
182	448	1
182	451	1
182	452	1
182	453	1
182	454	1
182	455	1
182	456	1
182	458	-1
182	463	-1
182	465	-1
182	469	1
182	470	-1
182	472	1
182	475	1
182	476	-1
182	485	-1
182	486	-1
182	487	1
182	488	-1
182	490	1
182	491	1
182	494	1
182	495	1
182	498	1
182	499	1
183	186	-1
183	188	-1
183	189	-1
183	190	-1
183	193	-1
183	194	-1
183	198	1
183	200	1
183	201	-1
183	205	1
183	207	-1
183	209	-1
183	211	-1
183	212	-1
183	213	-1
183	216	1
183	217	1
183	218	1
183	219	1
183	221	-1
183	230	1
183	231	-1
183	232	-1
183	233	-1
183	234	1
183	237	-1
183	238	1
183	239	1
183	240	-1
183	242	1
183	243	-1
183	246	-1
183	247	-1
183	251	-1
183	252	1
183	255	1
183	257	1
183	259	1
183	260	1
183	264	-1
183	265	1
183	271	1
183	272	-1
183	274	-1
183	277	-1
183	278	1
183	280	-1
183	282	1
183	284	1
183	291	-1
183	293	-1
183	294	1
183	296	1
183	297	1
183	302	-1
183	303	1
183	305	-1
183	306	-1
183	307	1
183	308	1
183	309	-1
183	311	-1
183	312	-1
183	315	1
183	316	1
183	319	-1
183	321	1
183	324	-1
183	325	1
183	330	1
183	331	-1
183	333	1
183	334	1
183	336	1
183	337	-1
183	338	-1
183	339	-1
183	340	1
183	341	1
183	343	-1
183	344	1
183	348	1
183	351	-1
183	352	-1
183	355	1
183	357	1
183	359	1
183	361	-1
183	362	-1
183	363	-1
183	364	1
183	365	1
183	366	1
183	367	1
183	371	-1
183	373	-1
183	375	-1
183	376	-1
183	377	1
183	380	1
183	382	-1
183	383	1
183	385	-1
183	388	1
183	389	1
183	391	1
183	392	-1
183	394	-1
183	397	-1
183	401	1
183	402	-1
183	407	-1
183	409	1
183	412	1
183	413	1
183	415	-1
183	416	1
183	417	-1
183	420	-1
183	422	-1
183	427	-1
183	428	1
183	429	-1
183	432	-1
183	433	1
183	434	-1
183	436	1
183	440	-1
183	441	-1
183	443	1
183	445	1
183	447	1
183	448	1
183	449	-1
183	450	-1
183	452	1
183	453	1
183	454	1
183	457	-1
183	458	1
183	459	-1
183	460	-1
183	463	-1
183	465	1
183	467	-1
183	470	-1
183	473	-1
183	475	-1
183	478	1
183	483	-1
183	484	-1
183	485	-1
183	488	1
183	490	1
183	492	-1
183	494	1
183	496	-1
183	497	1
183	498	-1
183	499	1
184	186	-1
184	187	-1
184	192	1
184	193	-1
184	194	1
184	195	-1
184	196	-1
184	197	-1
184	201	-1
184	202	-1
184	203	-1
184	205	1
184	210	1
184	213	1
184	217	-1
184	218	-1
184	221	1
184	223	-1
184	225	1
184	226	1
184	227	1
184	229	-1
184	232	1
184	233	1
184	234	-1
184	237	1
184	238	-1
184	242	1
184	243	-1
184	244	-1
184	247	-1
184	248	1
184	249	1
184	255	1
184	256	1
184	257	1
184	259	1
184	260	-1
184	261	-1
184	262	1
184	263	1
184	265	1
184	267	-1
184	270	-1
184	273	-1
184	274	-1
184	275	-1
184	276	1
184	280	-1
184	281	1
184	282	-1
184	287	1
184	288	1
184	289	-1
184	290	1
184	292	1
184	294	-1
184	298	-1
184	299	-1
184	300	-1
184	303	1
184	309	-1
184	310	1
184	311	-1
184	313	1
184	319	-1
184	323	-1
184	324	1
184	325	1
184	328	-1
184	329	-1
184	331	1
184	332	-1
184	339	1
184	340	-1
184	341	1
184	343	1
184	345	-1
184	347	-1
184	349	1
184	354	1
184	355	1
184	357	1
184	358	-1
184	363	1
184	367	-1
184	371	1
184	375	-1
184	377	1
184	379	-1
184	381	-1
184	382	-1
184	383	1
184	384	1
184	385	1
184	387	-1
184	389	-1
184	390	1
184	392	1
184	393	1
184	394	1
184	397	-1
184	398	1
184	399	1
184	400	-1
184	401	1
184	407	-1
184	408	1
184	410	1
184	411	1
184	412	-1
184	413	-1
184	414	1
184	416	1
184	417	1
184	418	1
184	420	1
184	421	1
184	422	1
184	423	-1
184	425	-1
184	427	1
184	430	1
184	433	1
184	434	1
184	436	-1
184	437	1
184	439	1
184	440	1
184	442	1
184	443	1
184	444	-1
184	445	1
184	446	-1
184	450	1
184	455	1
184	457	-1
184	461	-1
184	462	1
184	463	-1
184	465	-1
184	471	-1
184	472	1
184	473	-1
184	474	-1
184	475	1
184	476	1
184	477	1
184	478	-1
184	479	1
184	483	1
184	484	-1
184	485	-1
184	487	1
184	489	-1
184	490	-1
184	492	-1
184	493	1
184	497	-1
184	498	-1
185	187	-1
185	188	-1
185	190	1
185	191	1
185	192	1
185	193	1
185	196	1
185	198	-1
185	200	-1
185	203	-1
185	207	-1
185	208	-1
185	209	1
185	211	1
185	212	-1
185	214	-1
185	215	1
185	216	-1
185	217	-1
185	218	1
185	220	-1
185	223	1
185	225	1
185	228	1
185	229	1
185	230	1
185	231	1
185	232	1
185	234	1
185	236	-1
185	238	-1
185	239	-1
185	240	1
185	242	1
185	243	1
185	244	1
185	246	-1
185	247	-1
185	251	1
185	252	1
185	253	-1
185	256	1
185	259	-1
185	260	-1
185	261	-1
185	263	1
185	268	-1
185	271	-1
185	275	-1
185	276	1
185	277	-1
185	278	1
185	281	-1
185	286	1
185	287	1
185	290	-1
185	291	1
185	292	-1
185	293	-1
185	297	1
185	299	1
185	302	1
185	303	1
185	304	-1
185	305	1
185	307	1
185	309	-1
185	310	1
185	313	-1
185	320	1
185	322	1
185	323	1
185	324	1
185	325	1
185	327	-1
185	331	-1
185	332	1
185	334	-1
185	335	-1
185	339	1
185	340	-1
185	342	1
185	346	1
185	348	-1
185	349	1
185	351	1
185	352	-1
185	354	-1
185	355	-1
185	358	-1
185	359	1
185	360	-1
185	362	1
185	364	1
185	366	1
185	367	-1
185	368	-1
185	369	1
185	370	-1
185	371	-1
185	372	-1
185	373	-1
185	374	1
185	377	1
185	378	1
185	379	-1
185	382	-1
185	384	-1
185	385	1
185	386	-1
185	389	1
185	396	1
185	397	1
185	402	-1
185	405	1
185	408	1
185	409	1
185	411	1
185	415	1
185	416	1
185	417	-1
185	419	-1
185	421	-1
185	422	-1
185	423	-1
185	426	1
185	428	1
185	429	-1
185	430	-1
185	431	-1
185	435	1
185	436	-1
185	437	-1
185	441	1
185	444	1
185	445	-1
185	450	1
185	451	-1
185	452	1
185	456	1
185	457	1
185	458	1
185	460	1
185	462	1
185	463	1
185	464	1
185	468	-1
185	469	-1
185	470	-1
185	476	-1
185	477	-1
185	479	-1
185	480	1
185	485	1
185	487	1
185	493	1
185	495	-1
185	499	-1
186	188	-1
186	189	1
186	190	-1
186	192	1
186	197	1
186	198	1
186	200	1
186	205	1
186	207	1
186	208	1
186	209	-1
186	212	1
186	213	-1
186	221	1
186	222	-1
186	223	1
186	224	-1
186	225	-1
186	226	1
186	229	-1
186	230	1
186	231	-1
186	232	1
186	234	1
186	238	1
186	242	-1
186	243	-1
186	246	1
186	247	-1
186	248	-1
186	249	-1
186	251	1
186	255	-1
186	257	1
186	259	-1
186	260	-1
186	261	-1
186	268	1
186	269	-1
186	270	-1
186	273	-1
186	275	-1
186	278	1
186	279	-1
186	280	-1
186	282	-1
186	283	1
186	285	-1
186	287	-1
186	288	1
186	289	-1
186	291	-1
186	297	1
186	298	-1
186	299	1
186	303	1
186	304	1
186	305	1
186	308	-1
186	311	-1
186	313	1
186	314	-1
186	315	1
186	318	1
186	319	-1
186	320	-1
186	322	-1
186	325	-1
186	330	1
186	331	1
186	332	1
186	334	-1
186	337	1
186	338	1
186	339	-1
186	341	1
186	342	-1
186	343	1
186	344	1
186	348	1
186	349	-1
186	351	-1
186	353	1
186	356	1
186	358	-1
186	359	1
186	363	-1
186	365	-1
186	368	-1
186	370	1
186	372	-1
186	373	-1
186	374	1
186	375	1
186	376	-1
186	380	-1
186	383	-1
186	386	-1
186	387	-1
186	388	-1
186	389	1
186	390	1
186	391	1
186	393	1
186	394	-1
186	395	-1
186	397	1
186	401	1
186	402	-1
186	403	-1
186	404	1
186	408	-1
186	410	1
186	412	1
186	415	-1
186	416	1
186	417	1
186	418	1
186	419	-1
186	420	1
186	421	-1
186	424	1
186	427	-1
186	429	1
186	433	1
186	434	1
186	435	1
186	439	1
186	440	1
186	442	1
186	443	-1
186	444	-1
186	445	1
186	451	-1
186	452	-1
186	455	-1
186	456	1
186	457	1
186	458	-1
186	461	-1
186	462	1
186	463	-1
186	464	-1
186	466	-1
186	467	1
186	468	1
186	470	-1
186	471	-1
186	473	1
186	474	-1
186	476	-1
186	477	-1
186	479	1
186	480	-1
186	482	1
186	487	1
186	490	-1
186	491	1
186	492	-1
186	493	-1
186	494	1
186	495	1
186	498	-1
187	188	1
187	190	1
187	192	-1
187	193	1
187	194	-1
187	197	-1
187	201	-1
187	202	-1
187	206	1
187	207	1
187	209	1
187	210	-1
187	211	1
187	213	1
187	214	-1
187	217	-1
187	218	1
187	225	-1
187	228	1
187	229	1
187	231	1
187	235	-1
187	238	1
187	244	1
187	247	1
187	248	-1
187	252	1
187	253	1
187	254	-1
187	256	-1
187	257	-1
187	259	1
187	260	-1
187	261	1
187	263	1
187	269	-1
187	272	-1
187	274	1
187	277	1
187	278	1
187	281	-1
187	283	-1
187	286	1
187	288	1
187	289	1
187	291	1
187	292	1
187	294	-1
187	297	1
187	300	1
187	303	-1
187	304	-1
187	305	-1
187	308	-1
187	309	1
187	310	-1
187	313	-1
187	316	-1
187	318	-1
187	320	1
187	322	1
187	323	-1
187	326	-1
187	327	-1
187	330	-1
187	331	-1
187	333	1
187	335	1
187	336	1
187	337	1
187	339	1
187	342	-1
187	343	-1
187	344	1
187	346	-1
187	348	1
187	353	-1
187	355	-1
187	360	1
187	362	1
187	363	1
187	364	-1
187	365	-1
187	366	-1
187	373	1
187	374	-1
187	377	1
187	378	-1
187	379	-1
187	381	1
187	382	1
187	383	1
187	385	-1
187	387	-1
187	395	1
187	397	1
187	398	-1
187	400	1
187	402	-1
187	403	-1
187	405	1
187	407	1
187	409	1
187	415	1
187	416	1
187	418	1
187	419	-1
187	420	1
187	421	1
187	422	-1
187	423	-1
187	425	-1
187	426	-1
187	427	1
187	430	-1
187	432	1
187	435	1
187	436	1
187	442	1
187	443	1
187	444	1
187	445	-1
187	448	-1
187	449	-1
187	450	1
187	451	1
187	452	-1
187	459	-1
187	463	1
187	464	1
187	466	1
187	468	-1
187	469	1
187	471	1
187	472	-1
187	475	-1
187	476	-1
187	479	1
187	487	-1
187	490	-1
187	492	1
187	493	1
187	494	1
187	495	1
187	497	-1
187	498	-1
188	189	1
188	193	1
188	198	-1
188	200	1
188	201	1
188	202	1
188	207	-1
188	215	-1
188	217	-1
188	220	-1
188	221	-1
188	224	-1
188	226	1
188	227	-1
188	230	1
188	231	-1
188	232	1
188	234	-1
188	235	1
188	236	1
188	237	-1
188	238	-1
188	239	1
188	245	1
188	248	-1
188	251	-1
188	255	1
188	258	1
188	260	-1
188	261	1
188	262	-1
188	263	-1
188	267	-1
188	270	-1
188	271	-1
188	272	-1
188	275	1
188	276	-1
188	278	-1
188	281	1
188	282	1
188	285	1
188	286	1
188	287	1
188	289	1
188	290	1
188	294	1
188	295	-1
188	298	-1
188	299	-1
188	301	1
188	302	-1
188	303	1
188	309	-1
188	315	-1
188	316	1
188	317	-1
188	321	1
188	322	1
188	324	1
188	325	-1
188	326	1
188	327	1
188	329	-1
188	330	1
188	331	-1
188	333	-1
188	334	1
188	335	1
188	336	1
188	337	-1
188	342	1
188	344	-1
188	345	-1
188	347	-1
188	348	-1
188	351	-1
188	354	-1
188	355	1
188	359	-1
188	360	-1
188	361	-1
188	362	-1
188	363	1
188	365	-1
188	366	-1
188	368	1
188	370	1
188	373	1
188	374	-1
188	375	1
188	379	-1
188	380	-1
188	381	1
188	383	1
188	385	-1
188	386	1
188	387	1
188	390	1
188	391	1
188	393	-1
188	395	1
188	396	1
188	397	-1
188	399	-1
188	400	-1
188	407	1
188	408	1
188	411	1
188	412	-1
188	415	1
188	416	-1
188	417	-1
188	418	-1
188	421	1
188	422	-1
188	424	-1
188	425	1
188	429	1
188	430	-1
188	435	1
188	442	-1
188	443	-1
188	445	-1
188	446	1
188	448	-1
188	449	1
188	451	-1
188	453	1
188	457	1
188	458	1
188	459	-1
188	460	-1
188	462	-1
188	463	1
188	464	1
188	466	-1
188	467	1
188	468	1
188	471	-1
188	473	-1
188	474	1
188	475	-1
188	478	1
188	480	1
188	485	1
188	486	-1
188	488	-1
188	490	1
188	492	-1
188	494	1
188	499	-1
189	192	1
189	194	-1
189	195	1
189	197	-1
189	199	-1
189	201	-1
189	202	-1
189	204	-1
189	205	1
189	206	-1
189	210	1
189	216	-1
189	219	-1
189	224	-1
189	226	-1
189	232	1
189	233	-1
189	235	-1
189	238	1
189	239	1
189	241	-1
189	246	1
189	249	-1
189	251	-1
189	253	-1
189	256	-1
189	257	1
189	259	1
189	262	1
189	263	1
189	265	1
189	267	1
189	269	-1
189	270	-1
189	272	-1
189	278	1
189	279	1
189	280	1
189	281	1
189	286	1
189	287	1
189	289	1
189	290	-1
189	294	-1
189	297	1
189	299	1
189	301	-1
189	302	1
189	307	-1
189	316	-1
189	319	-1
189	321	-1
189	323	1
189	326	1
189	327	1
189	329	-1
189	330	1
189	331	-1
189	332	1
189	334	1
189	335	-1
189	336	1
189	337	1
189	340	-1
189	343	1
189	344	-1
189	347	-1
189	349	-1
189	350	-1
189	354	-1
189	355	1
189	356	1
189	358	1
189	361	1
189	362	-1
189	366	-1
189	367	-1
189	370	1
189	372	1
189	375	-1
189	376	1
189	377	-1
189	378	-1
189	380	-1
189	382	-1
189	384	1
189	385	-1
189	389	-1
189	390	-1
189	394	1
189	395	1
189	396	-1
189	397	-1
189	398	1
189	399	1
189	400	1
189	401	-1
189	405	1
189	406	-1
189	407	-1
189	408	-1
189	411	1
189	416	1
189	417	-1
189	419	-1
189	420	1
189	422	-1
189	423	-1
189	427	-1
189	428	-1
189	432	1
189	436	1
189	440	1
189	444	-1
189	446	-1
189	451	-1
189	452	1
189	453	1
189	461	-1
189	462	-1
189	464	-1
189	469	-1
189	471	-1
189	474	-1
189	475	-1
189	476	1
189	477	-1
189	480	-1
189	483	-1
189	485	1
189	487	-1
189	488	-1
189	490	1
189	491	-1
189	496	-1
189	497	-1
190	193	-1
190	194	-1
190	199	1
190	200	-1
190	201	-1
190	204	-1
190	206	1
190	207	1
190	209	-1
190	210	-1
190	212	1
190	213	-1
190	215	1
190	217	1
190	219	1
190	220	-1
190	222	-1
190	223	-1
190	225	1
190	233	-1
190	238	-1
190	240	-1
190	242	1
190	245	1
190	249	-1
190	250	-1
190	251	-1
190	254	1
190	255	1
190	256	-1
190	258	-1
190	263	-1
190	265	-1
190	267	-1
190	268	-1
190	270	-1
190	271	-1
190	272	1
190	274	-1
190	275	1
190	279	-1
190	280	1
190	281	1
190	282	1
190	283	1
190	286	-1
190	289	-1
190	292	-1
190	295	1
190	297	-1
190	298	1
190	299	-1
190	300	-1
190	301	1
190	302	1
190	303	-1
190	304	1
190	306	-1
190	307	-1
190	308	1
190	309	-1
190	310	1
190	311	1
190	313	-1
190	316	-1
190	318	1
190	321	1
190	322	-1
190	324	1
190	325	-1
190	326	-1
190	327	1
190	328	1
190	331	-1
190	332	-1
190	334	-1
190	335	1
190	337	1
190	338	-1
190	339	-1
190	340	1
190	341	-1
190	343	1
190	344	-1
190	345	1
190	347	1
190	348	1
190	349	1
190	354	1
190	356	-1
190	358	1
190	365	1
190	367	1
190	369	1
190	372	-1
190	373	-1
190	375	1
190	377	1
190	378	-1
190	380	1
190	382	1
190	383	-1
190	386	1
190	389	1
190	390	1
190	391	1
190	394	-1
190	397	-1
190	398	1
190	399	1
190	402	-1
190	404	-1
190	405	1
190	407	1
190	409	-1
190	412	-1
190	416	-1
190	417	-1
190	418	-1
190	421	-1
190	422	1
190	424	1
190	425	1
190	426	-1
190	427	1
190	429	-1
190	430	1
190	431	1
190	433	-1
190	434	-1
190	435	1
190	436	-1
190	437	1
190	441	-1
190	443	1
190	445	1
190	446	1
190	447	-1
190	449	1
190	451	1
190	452	1
190	456	-1
190	458	1
190	459	-1
190	460	-1
190	461	1
190	462	-1
190	465	1
190	466	1
190	467	-1
190	468	1
190	469	1
190	470	-1
190	472	-1
190	473	-1
190	474	-1
190	475	-1
190	476	-1
190	477	1
190	478	-1
190	479	-1
190	480	1
190	483	1
190	484	-1
190	486	1
190	490	1
190	494	1
190	495	-1
190	496	-1
190	497	1
190	498	-1
190	499	1
191	198	-1
191	200	-1
191	201	1
191	206	1
191	207	-1
191	208	-1
191	212	-1
191	214	1
191	216	-1
191	217	1
191	218	-1
191	219	-1
191	220	1
191	226	-1
191	227	-1
191	228	1
191	229	1
191	230	1
191	231	1
191	237	-1
191	241	-1
191	243	1
191	245	1
191	247	1
191	248	1
191	249	1
191	251	1
191	253	1
191	260	-1
191	261	-1
191	262	1
191	267	1
191	269	1
191	271	1
191	273	1
191	276	1
191	279	1
191	280	-1
191	281	-1
191	283	-1
191	286	1
191	287	-1
191	288	1
191	289	-1
191	291	-1
191	294	-1
191	298	-1
191	300	1
191	303	-1
191	305	1
191	311	1
191	312	1
191	313	1
191	314	1
191	315	-1
191	319	-1
191	320	-1
191	322	-1
191	326	1
191	327	1
191	328	1
191	331	-1
191	332	-1
191	337	-1
191	340	-1
191	343	1
191	344	1
191	347	1
191	348	-1
191	349	1
191	350	1
191	352	1
191	353	-1
191	356	1
191	361	1
191	362	1
191	365	1
191	366	-1
191	368	1
191	371	1
191	372	-1
191	373	-1
191	374	-1
191	377	1
191	378	1
191	379	1
191	380	1
191	381	1
191	383	1
191	384	1
191	385	1
191	386	1
191	387	-1
191	388	1
191	389	-1
191	395	-1
191	396	1
191	399	1
191	401	1
191	402	-1
191	403	1
191	406	-1
191	408	-1
191	410	1
191	413	1
191	415	-1
191	416	-1
191	418	-1
191	423	-1
191	424	-1
191	425	-1
191	426	1
191	429	1
191	430	-1
191	432	-1
191	433	1
191	435	1
191	436	1
191	439	-1
191	440	-1
191	441	-1
191	445	1
191	446	1
191	447	-1
191	448	1
191	449	-1
191	454	-1
191	457	-1
191	462	-1
191	464	1
191	465	-1
191	467	1
191	471	1
191	475	1
191	476	-1
191	477	-1
191	478	-1
191	481	1
191	486	-1
191	487	1
191	488	-1
191	491	-1
191	497	1
192	195	-1
192	197	-1
192	198	-1
192	200	-1
192	201	1
192	204	-1
192	206	1
192	207	-1
192	208	1
192	210	-1
192	212	-1
192	213	1
192	215	1
192	216	1
192	219	1
192	223	1
192	228	1
192	230	-1
192	231	1
192	232	1
192	233	1
192	234	1
192	235	1
192	238	1
192	239	1
192	240	1
192	243	1
192	245	1
192	246	-1
192	252	-1
192	257	1
192	260	-1
192	263	-1
192	265	-1
192	267	1
192	270	-1
192	271	1
192	272	1
192	276	1
192	279	-1
192	281	1
192	282	1
192	283	-1
192	297	-1
192	301	-1
192	302	1
192	303	1
192	305	-1
192	311	-1
192	313	-1
192	314	1
192	315	-1
192	317	-1
192	318	-1
192	322	-1
192	323	-1
192	325	-1
192	326	-1
192	328	1
192	329	1
192	330	-1
192	333	1
192	334	1
192	339	1
192	341	1
192	342	1
192	345	1
192	348	-1
192	350	1
192	352	-1
192	353	1
192	356	-1
192	358	1
192	361	1
192	362	1
192	365	1
192	367	1
192	368	-1
192	370	-1
192	371	-1
192	372	1
192	373	-1
192	375	1
192	376	1
192	377	1
192	379	1
192	380	-1
192	382	-1
192	387	-1
192	389	1
192	390	1
192	391	1
192	393	-1
192	397	1
192	401	1
192	402	-1
192	403	-1
192	408	-1
192	409	1
192	410	1
192	411	-1
192	412	1
192	413	-1
192	414	-1
192	418	1
192	419	1
192	421	1
192	422	1
192	423	1
192	427	-1
192	432	1
192	434	1
192	436	1
192	437	-1
192	438	1
192	440	-1
192	444	-1
192	446	-1
192	449	-1
192	451	-1
192	453	-1
192	459	-1
192	461	1
192	464	-1
192	468	1
192	469	1
192	470	-1
192	472	1
192	474	1
192	476	-1
192	478	1
192	480	1
192	482	-1
192	484	1
192	486	-1
192	487	-1
192	489	-1
192	490	-1
192	494	1
192	496	-1
193	198	1
193	201	-1
193	205	1
193	206	1
193	208	1
193	210	-1
193	211	-1
193	212	-1
193	213	-1
193	215	1
193	216	1
193	221	1
193	226	-1
193	227	1
193	228	-1
193	231	-1
193	234	1
193	236	-1
193	238	1
193	240	1
193	241	-1
193	244	1
193	245	-1
193	246	-1
193	247	1
193	248	1
193	253	1
193	257	1
193	263	-1
193	264	-1
193	269	-1
193	270	-1
193	273	1
193	274	-1
193	275	-1
193	276	1
193	277	1
193	278	-1
193	281	1
193	282	1
193	283	1
193	288	-1
193	290	-1
193	292	-1
193	296	-1
193	297	-1
193	298	-1
193	302	-1
193	304	1
193	308	1
193	309	1
193	310	-1
193	312	1
193	313	1
193	315	-1
193	320	1
193	322	1
193	324	-1
193	325	-1
193	326	-1
193	327	1
193	329	1
193	330	1
193	334	-1
193	335	-1
193	336	1
193	338	1
193	340	-1
193	341	-1
193	347	-1
193	349	-1
193	351	-1
193	352	1
193	354	-1
193	355	1
193	356	1
193	359	-1
193	360	-1
193	361	1
193	362	1
193	363	1
193	364	-1
193	366	-1
193	368	-1
193	377	1
193	379	-1
193	381	-1
193	384	-1
193	385	-1
193	388	1
193	389	1
193	391	-1
193	393	1
193	395	1
193	396	-1
193	397	1
193	399	1
193	402	1
193	404	1
193	405	1
193	406	1
193	408	1
193	415	1
193	416	-1
193	417	-1
193	418	-1
193	419	1
193	423	1
193	426	-1
193	429	1
193	430	-1
193	432	-1
193	434	-1
193	437	-1
193	438	1
193	440	-1
193	445	-1
193	446	1
193	447	1
193	448	1
193	449	-1
193	457	1
193	461	-1
193	462	-1
193	467	1
193	468	-1
193	470	-1
193	471	-1
193	472	1
193	474	1
193	475	1
193	478	1
193	479	-1
193	480	1
193	485	1
193	488	1
193	490	1
193	491	1
193	493	1
193	495	-1
193	496	-1
193	498	1
194	195	-1
194	197	1
194	199	-1
194	201	-1
194	202	-1
194	204	-1
194	205	-1
194	207	1
194	211	-1
194	212	1
194	213	1
194	217	1
194	218	1
194	220	-1
194	222	1
194	223	1
194	226	-1
194	227	-1
194	228	-1
194	229	1
194	231	-1
194	233	1
194	234	1
194	237	1
194	238	-1
194	241	1
194	242	-1
194	244	-1
194	247	-1
194	248	-1
194	249	-1
194	250	-1
194	252	1
194	254	-1
194	255	1
194	256	-1
194	257	-1
194	258	-1
194	260	-1
194	261	-1
194	262	-1
194	263	-1
194	264	-1
194	265	-1
194	266	-1
194	270	-1
194	272	-1
194	274	1
194	276	-1
194	278	1
194	280	-1
194	281	-1
194	283	-1
194	284	1
194	287	-1
194	289	-1
194	291	-1
194	293	1
194	294	-1
194	297	-1
194	301	1
194	304	1
194	305	-1
194	308	-1
194	310	1
194	311	-1
194	314	1
194	315	-1
194	321	1
194	322	1
194	324	-1
194	326	-1
194	327	-1
194	328	1
194	329	-1
194	330	1
194	334	-1
194	336	-1
194	337	-1
194	342	1
194	343	1
194	344	1
194	349	1
194	350	-1
194	351	1
194	352	-1
194	353	-1
194	354	-1
194	357	-1
194	359	1
194	360	-1
194	362	-1
194	363	-1
194	364	1
194	365	1
194	366	1
194	367	1
194	368	-1
194	369	1
194	370	-1
194	371	1
194	373	-1
194	374	1
194	375	1
194	378	-1
194	379	1
194	382	1
194	383	-1
194	384	1
194	386	-1
194	387	1
194	389	-1
194	392	1
194	393	1
194	394	1
194	396	1
194	405	1
194	406	1
194	408	-1
194	410	1
194	413	-1
194	414	-1
194	415	-1
194	416	1
194	417	1
194	418	1
194	420	1
194	424	1
194	428	-1
194	431	1
194	432	-1
194	433	1
194	437	1
194	438	-1
194	440	-1
194	445	1
194	448	-1
194	451	-1
194	453	1
194	454	1
194	456	1
194	458	1
194	463	1
194	465	-1
194	468	-1
194	470	1
194	472	-1
194	473	-1
194	474	-1
194	475	1
194	476	1
194	478	-1
194	479	1
194	482	1
194	483	1
194	484	1
194	485	1
194	489	-1
194	491	-1
194	493	-1
194	497	1
195	196	-1
195	202	-1
195	205	-1
195	206	-1
195	209	-1
195	210	-1
195	211	-1
195	212	1
195	215	1
195	216	1
195	219	-1
195	222	1
195	226	1
195	229	-1
195	230	-1
195	232	1
195	233	-1
195	234	-1
195	236	1
195	238	1
195	239	1
195	243	-1
195	244	-1
195	246	1
195	251	-1
195	252	1
195	255	1
195	256	-1
195	259	-1
195	260	-1
195	262	1
195	264	1
195	266	-1
195	267	1
195	269	-1
195	270	1
195	271	1
195	272	-1
195	273	1
195	274	1
195	275	-1
195	276	-1
195	277	1
195	279	1
195	280	1
195	283	1
195	285	-1
195	288	1
195	290	1
195	292	-1
195	296	-1
195	301	1
195	302	-1
195	303	1
195	306	1
195	307	1
195	310	1
195	312	-1
195	314	-1
195	315	1
195	316	1
195	327	-1
195	328	1
195	330	-1
195	331	1
195	333	1
195	334	1
195	337	-1
195	338	-1
195	340	1
195	342	-1
195	345	-1
195	346	-1
195	347	-1
195	348	1
195	350	-1
195	352	1
195	354	1
195	356	-1
195	357	1
195	369	-1
195	370	1
195	373	1
195	374	-1
195	378	1
195	379	1
195	380	-1
195	381	-1
195	382	-1
195	383	1
195	386	-1
195	387	1
195	391	-1
195	392	1
195	395	-1
195	396	-1
195	398	-1
195	399	-1
195	402	1
195	403	1
195	405	1
195	406	1
195	407	-1
195	411	-1
195	414	-1
195	415	1
195	417	1
195	420	-1
195	421	1
195	427	1
195	429	-1
195	430	-1
195	434	1
195	439	-1
195	442	-1
195	444	-1
195	445	-1
195	447	1
195	448	-1
195	449	-1
195	451	1
195	455	1
195	456	-1
195	457	-1
195	459	1
195	460	-1
195	461	1
195	462	-1
195	465	-1
195	467	1
195	471	1
195	472	1
195	475	1
195	477	1
195	478	-1
195	479	1
195	481	1
195	483	-1
195	484	-1
195	485	-1
195	486	1
195	487	1
195	488	1
195	494	1
195	496	-1
195	497	1
196	200	1
196	203	1
196	204	-1
196	207	1
196	211	-1
196	213	-1
196	214	1
196	218	-1
196	222	-1
196	223	1
196	227	1
196	228	1
196	230	1
196	231	1
196	232	-1
196	233	1
196	236	-1
196	237	-1
196	239	1
196	240	1
196	242	-1
196	244	-1
196	247	1
196	248	1
196	249	1
196	253	-1
196	255	-1
196	260	1
196	264	1
196	265	-1
196	267	-1
196	268	-1
196	269	-1
196	271	-1
196	272	-1
196	274	-1
196	275	-1
196	276	-1
196	277	-1
196	279	-1
196	280	1
196	281	-1
196	285	-1
196	286	-1
196	287	1
196	289	1
196	290	-1
196	293	-1
196	296	1
196	297	1
196	298	1
196	300	1
196	301	-1
196	306	-1
196	308	1
196	309	-1
196	310	1
196	311	1
196	316	-1
196	320	-1
196	324	-1
196	327	-1
196	330	-1
196	334	-1
196	335	1
196	336	-1
196	342	1
196	343	-1
196	344	-1
196	345	1
196	347	-1
196	348	-1
196	349	-1
196	351	1
196	355	1
196	356	-1
196	358	1
196	360	1
196	366	1
196	369	-1
196	372	1
196	375	1
196	376	1
196	379	-1
196	382	1
196	383	1
196	384	1
196	385	1
196	394	-1
196	395	-1
196	396	-1
196	399	1
196	400	1
196	403	1
196	404	-1
196	405	-1
196	406	1
196	408	1
196	414	-1
196	416	-1
196	417	-1
196	418	1
196	419	1
196	421	1
196	423	-1
196	425	1
196	427	-1
196	434	1
196	435	-1
196	437	-1
196	440	1
196	443	1
196	445	-1
196	448	-1
196	451	-1
196	453	1
196	455	-1
196	456	1
196	457	-1
196	458	1
196	460	1
196	461	1
196	462	-1
196	465	-1
196	468	1
196	469	1
196	470	-1
196	472	1
196	473	1
196	475	1
196	479	-1
196	481	1
196	484	1
196	485	-1
196	486	1
196	487	1
196	488	1
196	489	1
196	492	1
196	495	1
196	496	1
196	497	-1
196	498	-1
197	198	-1
197	199	1
197	203	1
197	204	-1
197	205	1
197	207	1
197	208	1
197	209	1
197	212	1
197	218	1
197	220	1
197	226	1
197	229	-1
197	233	-1
197	234	-1
197	238	-1
197	242	-1
197	243	-1
197	245	-1
197	246	-1
197	247	-1
197	249	-1
197	251	-1
197	253	1
197	254	1
197	255	1
197	256	-1
197	257	1
197	258	-1
197	261	-1
197	266	1
197	267	1
197	271	-1
197	272	1
197	273	1
197	274	-1
197	275	-1
197	278	1
197	279	-1
197	280	1
197	281	-1
197	282	1
197	287	-1
197	288	-1
197	290	1
197	292	-1
197	293	1
197	294	1
197	298	1
197	299	1
197	300	-1
197	301	1
197	302	1
197	303	1
197	305	1
197	306	1
197	309	1
197	314	-1
197	315	1
197	319	-1
197	320	-1
197	326	1
197	327	1
197	328	-1
197	330	1
197	331	-1
197	334	-1
197	335	1
197	338	1
197	344	1
197	346	1
197	347	-1
197	349	-1
197	350	1
197	351	1
197	352	-1
197	353	1
197	355	-1
197	356	1
197	357	1
197	358	1
197	360	1
197	361	-1
197	364	1
197	367	-1
197	368	-1
197	371	-1
197	373	1
197	374	1
197	377	-1
197	379	1
197	380	1
197	382	-1
197	384	1
197	386	1
197	389	-1
197	392	-1
197	393	1
197	395	-1
197	396	-1
197	397	1
197	398	-1
197	401	-1
197	402	-1
197	406	-1
197	407	-1
197	410	-1
197	412	1
197	413	1
197	414	1
197	415	1
197	416	1
197	425	-1
197	426	-1
197	428	-1
197	429	-1
197	430	-1
197	431	-1
197	432	1
197	434	-1
197	436	-1
197	437	1
197	441	1
197	443	1
197	444	-1
197	448	1
197	450	-1
197	452	-1
197	453	1
197	456	-1
197	462	1
197	464	1
197	469	-1
197	470	-1
197	472	1
197	475	1
197	477	1
197	479	1
197	484	-1
197	486	1
197	487	-1
197	488	1
197	490	-1
197	491	1
197	492	1
197	494	1
197	495	1
197	496	-1
197	498	1
197	499	-1
198	199	1
198	200	-1
198	202	1
198	203	1
198	205	1
198	206	1
198	211	-1
198	212	1
198	218	1
198	219	1
198	220	-1
198	222	1
198	224	-1
198	226	1
198	227	1
198	231	-1
198	232	1
198	233	1
198	234	1
198	236	1
198	237	-1
198	238	-1
198	240	1
198	241	-1
198	244	1
198	249	-1
198	250	-1
198	251	-1
198	252	1
198	253	1
198	254	-1
198	261	-1
198	263	-1
198	266	1
198	268	1
198	271	1
198	275	1
198	279	1
198	283	-1
198	284	-1
198	285	1
198	286	-1
198	287	1
198	288	-1
198	291	-1
198	295	1
198	299	-1
198	301	1
198	303	-1
198	304	-1
198	305	1
198	307	1
198	309	-1
198	311	-1
198	312	1
198	314	-1
198	315	-1
198	317	1
198	318	1
198	319	-1
198	321	-1
198	324	-1
198	325	-1
198	327	-1
198	332	-1
198	333	1
198	335	-1
198	337	1
198	338	1
198	339	1
198	340	-1
198	341	-1
198	342	-1
198	343	-1
198	344	1
198	345	-1
198	346	-1
198	347	-1
198	352	1
198	354	-1
198	359	1
198	360	1
198	361	1
198	362	1
198	363	-1
198	364	1
198	366	1
198	367	-1
198	370	-1
198	371	1
198	372	1
198	374	-1
198	377	-1
198	380	1
198	382	1
198	383	1
198	384	-1
198	385	-1
198	386	1
198	389	-1
198	391	1
198	394	1
198	395	1
198	396	1
198	399	1
198	404	-1
198	409	1
198	417	1
198	419	-1
198	420	-1
198	421	-1
198	423	-1
198	425	1
198	426	-1
198	427	1
198	428	-1
198	430	1
198	431	1
198	433	1
198	436	-1
198	437	-1
198	440	1
198	442	1
198	446	-1
198	447	-1
198	448	-1
198	449	1
198	450	-1
198	452	1
198	454	1
198	455	1
198	459	1
198	460	1
198	461	1
198	462	1
198	463	1
198	465	1
198	466	1
198	467	1
198	470	-1
198	472	1
198	473	1
198	476	-1
198	478	-1
198	480	-1
198	483	1
198	484	-1
198	485	-1
198	487	1
198	488	1
198	490	-1
198	492	1
198	493	1
198	495	-1
198	496	-1
198	497	1
198	499	1
199	200	-1
199	201	1
199	202	-1
199	206	1
199	208	1
199	209	1
199	210	1
199	213	1
199	214	1
199	216	-1
199	217	-1
199	222	1
199	223	-1
199	224	-1
199	228	-1
199	229	-1
199	231	-1
199	233	-1
199	234	1
199	235	1
199	236	-1
199	237	1
199	239	1
199	240	1
199	241	1
199	244	-1
199	246	-1
199	249	1
199	250	1
199	251	1
199	253	1
199	254	-1
199	255	1
199	258	1
199	259	-1
199	261	1
199	262	-1
199	263	1
199	265	1
199	266	1
199	267	1
199	269	-1
199	270	-1
199	272	1
199	273	-1
199	274	1
199	280	1
199	282	-1
199	285	1
199	287	1
199	288	1
199	289	1
199	290	-1
199	296	-1
199	298	-1
199	307	-1
199	309	-1
199	311	1
199	313	-1
199	314	1
199	315	-1
199	316	-1
199	318	-1
199	319	-1
199	320	1
199	324	-1
199	325	1
199	329	1
199	332	-1
199	333	-1
199	337	-1
199	339	-1
199	340	-1
199	341	-1
199	342	1
199	348	1
199	352	-1
199	355	1
199	356	1
199	359	1
199	361	1
199	363	-1
199	364	1
199	367	-1
199	368	1
199	369	-1
199	374	1
199	376	-1
199	378	1
199	379	1
199	381	1
199	384	1
199	385	-1
199	386	-1
199	389	1
199	392	-1
199	393	-1
199	394	1
199	396	-1
199	400	-1
199	401	1
199	402	-1
199	403	1
199	405	1
199	407	1
199	410	-1
199	412	-1
199	414	-1
199	415	-1
199	416	-1
199	417	-1
199	418	1
199	422	-1
199	429	1
199	433	1
199	434	-1
199	436	-1
199	440	-1
199	441	1
199	442	1
199	445	1
199	447	1
199	451	1
199	453	-1
199	454	1
199	459	-1
199	460	-1
199	461	-1
199	462	1
199	463	-1
199	465	1
199	466	1
199	467	-1
199	468	-1
199	470	-1
199	471	-1
199	472	-1
199	474	-1
199	477	1
199	480	-1
199	482	-1
199	483	-1
199	489	1
199	490	-1
199	491	1
199	494	1
199	495	1
200	201	-1
200	202	1
200	203	-1
200	204	1
200	205	1
200	206	1
200	208	1
200	211	1
200	213	1
200	215	-1
200	218	-1
200	219	1
200	224	-1
200	225	1
200	226	1
200	228	1
200	229	-1
200	230	-1
200	231	1
200	233	1
200	237	1
200	238	-1
200	240	-1
200	244	1
200	245	-1
200	247	-1
200	249	1
200	250	1
200	252	-1
200	255	-1
200	256	-1
200	259	1
200	261	1
200	263	1
200	264	1
200	266	-1
200	267	-1
200	269	-1
200	272	-1
200	274	1
200	275	1
200	276	-1
200	277	1
200	278	-1
200	280	-1
200	282	1
200	284	-1
200	289	1
200	293	1
200	294	-1
200	296	1
200	300	-1
200	304	1
200	309	1
200	312	1
200	313	-1
200	314	-1
200	316	1
200	318	1
200	319	1
200	320	-1
200	323	-1
200	324	1
200	327	1
200	328	1
200	330	-1
200	332	-1
200	334	-1
200	335	-1
200	336	1
200	339	-1
200	340	-1
200	341	-1
200	342	-1
200	347	1
200	348	-1
200	354	1
200	355	1
200	358	1
200	360	1
200	361	1
200	362	-1
200	364	-1
200	365	-1
200	367	1
200	371	1
200	373	1
200	374	-1
200	376	-1
200	378	1
200	380	1
200	381	-1
200	387	-1
200	390	-1
200	391	1
200	392	1
200	393	-1
200	394	-1
200	395	1
200	396	-1
200	397	1
200	399	-1
200	402	-1
200	404	-1
200	405	1
200	406	-1
200	407	1
200	411	-1
200	414	-1
200	418	-1
200	420	1
200	421	-1
200	422	1
200	426	1
200	428	-1
200	429	-1
200	431	1
200	432	1
200	435	-1
200	436	-1
200	438	1
200	443	1
200	445	-1
200	447	1
200	450	-1
200	451	-1
200	452	-1
200	453	1
200	456	1
200	461	-1
200	463	-1
200	465	-1
200	466	1
200	470	1
200	472	1
200	475	-1
200	477	1
200	478	-1
200	479	1
200	481	1
200	482	1
200	484	-1
200	485	-1
200	486	1
200	487	1
200	491	-1
200	492	1
200	493	-1
200	494	1
200	495	-1
200	496	-1
200	499	1
201	204	-1
201	208	1
201	209	-1
201	212	-1
201	213	-1
201	214	-1
201	216	1
201	218	-1
201	219	-1
201	220	1
201	223	1
201	227	1
201	231	-1
201	235	-1
201	236	-1
201	237	1
201	238	1
201	240	1
201	242	-1
201	244	-1
201	247	-1
201	249	-1
201	252	1
201	253	-1
201	256	1
201	258	1
201	259	-1
201	260	-1
201	261	1
201	262	1
201	263	1
201	266	-1
201	267	1
201	270	-1
201	271	1
201	276	-1
201	279	-1
201	282	1
201	283	-1
201	286	-1
201	288	-1
201	289	-1
201	292	1
201	294	-1
201	296	-1
201	297	1
201	298	1
201	300	-1
201	301	-1
201	303	1
201	304	-1
201	307	1
201	308	-1
201	309	1
201	310	-1
201	311	1
201	312	1
201	313	-1
201	314	1
201	315	-1
201	316	-1
201	320	1
201	322	-1
201	323	1
201	325	-1
201	327	-1
201	329	1
201	334	-1
201	337	-1
201	338	1
201	341	-1
201	342	1
201	343	-1
201	344	1
201	346	-1
201	347	-1
201	348	-1
201	349	1
201	350	-1
201	351	-1
201	353	-1
201	354	1
201	356	-1
201	357	-1
201	358	1
201	359	-1
201	360	-1
201	361	-1
201	366	-1
201	371	1
201	372	-1
201	373	1
201	377	1
201	378	1
201	379	1
201	385	1
201	390	-1
201	393	-1
201	394	-1
201	395	-1
201	398	-1
201	399	-1
201	402	1
201	404	1
201	405	-1
201	406	-1
201	407	-1
201	408	1
201	413	1
201	414	1
201	415	1
201	416	-1
201	418	1
201	419	-1
201	420	-1
201	421	1
201	422	1
201	423	1
201	426	-1
201	427	-1
201	428	1
201	430	1
201	432	1
201	433	1
201	434	-1
201	436	1
201	440	-1
201	446	-1
201	449	-1
201	451	1
201	452	1
201	453	-1
201	455	-1
201	456	-1
201	457	1
201	459	1
201	460	-1
201	461	-1
201	463	1
201	465	-1
201	467	-1
201	471	1
201	472	1
201	474	1
201	475	-1
201	476	-1
201	477	1
201	479	-1
201	480	1
201	481	-1
201	482	-1
201	486	-1
201	487	-1
201	489	1
201	490	1
201	491	-1
201	492	1
201	496	-1
201	499	1
202	203	1
202	205	1
202	206	1
202	207	1
202	208	-1
202	209	1
202	210	1
202	213	-1
202	214	-1
202	216	-1
202	217	1
202	220	1
202	222	1
202	224	-1
202	226	-1
202	227	1
202	228	1
202	229	1
202	231	-1
202	232	1
202	234	-1
202	235	-1
202	239	-1
202	240	1
202	242	1
202	245	-1
202	249	-1
202	252	-1
202	254	1
202	256	-1
202	257	-1
202	259	-1
202	260	1
202	263	-1
202	264	-1
202	266	-1
202	267	-1
202	270	1
202	274	-1
202	276	1
202	279	-1
202	282	-1
202	283	-1
202	286	1
202	287	-1
202	288	-1
202	290	1
202	291	-1
202	292	1
202	293	1
202	294	-1
202	295	-1
202	298	-1
202	299	-1
202	300	1
202	301	-1
202	303	1
202	305	1
202	306	-1
202	307	1
202	310	1
202	314	-1
202	316	1
202	319	1
202	320	-1
202	322	1
202	323	1
202	324	1
202	325	1
202	326	-1
202	330	-1
202	332	-1
202	333	-1
202	334	1
202	335	-1
202	337	1
202	338	1
202	339	1
202	341	1
202	343	-1
202	344	-1
202	345	1
202	349	-1
202	352	-1
202	353	1
202	356	1
202	357	-1
202	358	1
202	362	-1
202	363	-1
202	364	1
202	366	1
202	368	-1
202	370	1
202	371	-1
202	372	-1
202	374	1
202	376	1
202	379	1
202	380	1
202	381	1
202	382	1
202	383	-1
202	387	1
202	390	-1
202	392	-1
202	394	-1
202	395	-1
202	402	1
202	404	1
202	405	-1
202	406	1
202	408	1
202	411	-1
202	412	1
202	414	-1
202	415	-1
202	416	-1
202	419	1
202	420	1
202	421	1
202	423	-1
202	424	1
202	428	1
202	429	1
202	430	-1
202	433	1
202	436	-1
202	439	-1
202	440	-1
202	443	-1
202	446	-1
202	448	1
202	450	1
202	451	-1
202	454	1
202	455	1
202	456	1
202	457	-1
202	458	1
202	462	1
202	463	-1
202	464	-1
202	467	-1
202	468	-1
202	470	-1
202	472	-1
202	474	-1
202	477	-1
202	478	-1
202	483	-1
202	489	1
202	490	1
202	493	1
202	494	1
202	496	1
202	497	-1
202	498	-1
202	499	-1
203	205	-1
203	207	-1
203	208	1
203	209	1
203	212	-1
203	215	-1
203	216	-1
203	217	-1
203	218	1
203	219	1
203	220	1
203	221	-1
203	222	1
203	223	-1
203	230	-1
203	231	1
203	232	1
203	234	1
203	238	1
203	239	1
203	240	-1
203	241	1
203	244	-1
203	245	-1
203	250	-1
203	253	1
203	254	-1
203	255	1
203	257	-1
203	258	-1
203	261	1
203	262	1
203	263	1
203	264	-1
203	265	-1
203	274	-1
203	275	-1
203	276	-1
203	278	1
203	279	-1
203	282	1
203	284	-1
203	290	-1
203	295	1
203	299	1
203	300	-1
203	302	-1
203	304	1
203	309	1
203	311	1
203	315	1
203	316	-1
203	317	-1
203	319	-1
203	320	1
203	321	1
203	322	-1
203	323	1
203	324	1
203	325	1
203	329	-1
203	330	1
203	331	-1
203	332	1
203	334	1
203	335	1
203	337	-1
203	338	1
203	339	1
203	340	-1
203	341	1
203	342	-1
203	343	1
203	344	-1
203	349	1
203	350	-1
203	353	-1
203	354	1
203	357	-1
203	359	-1
203	363	-1
203	364	1
203	366	-1
203	367	1
203	368	-1
203	370	1
203	371	1
203	373	-1
203	374	1
203	375	-1
203	377	1
203	378	-1
203	379	-1
203	382	-1
203	384	-1
203	386	-1
203	388	-1
203	390	-1
203	391	1
203	393	-1
203	397	-1
203	402	1
203	403	1
203	407	1
203	413	1
203	415	1
203	419	1
203	422	1
203	425	1
203	428	-1
203	433	-1
203	435	-1
203	438	-1
203	439	-1
203	441	1
203	444	1
203	446	1
203	447	-1
203	448	1
203	449	1
203	452	-1
203	453	-1
203	455	-1
203	457	1
203	459	-1
203	460	1
203	462	1
203	463	-1
203	464	-1
203	468	-1
203	471	1
203	475	1
203	477	-1
203	480	-1
203	482	1
203	483	1
203	484	-1
203	486	-1
203	487	-1
203	488	1
203	489	-1
203	494	1
203	495	-1
203	499	-1
204	205	1
204	208	-1
204	209	-1
204	212	1
204	214	-1
204	215	-1
204	217	-1
204	221	1
204	222	1
204	224	-1
204	225	1
204	232	-1
204	233	1
204	235	1
204	240	-1
204	242	1
204	245	-1
204	246	1
204	247	1
204	249	1
204	256	-1
204	261	1
204	265	1
204	266	1
204	267	-1
204	268	1
204	270	1
204	274	1
204	276	-1
204	279	1
204	281	1
204	282	1
204	285	-1
204	286	1
204	288	-1
204	289	-1
204	291	1
204	292	-1
204	294	1
204	296	-1
204	299	1
204	300	1
204	308	-1
204	310	-1
204	312	-1
204	313	1
204	315	1
204	316	1
204	317	-1
204	318	-1
204	323	-1
204	324	1
204	325	-1
204	331	1
204	332	-1
204	335	1
204	337	1
204	338	-1
204	339	-1
204	340	-1
204	342	-1
204	343	-1
204	344	1
204	345	1
204	346	1
204	349	1
204	350	1
204	351	-1
204	352	1
204	353	1
204	354	-1
204	355	-1
204	357	-1
204	359	1
204	362	1
204	363	-1
204	367	1
204	368	1
204	370	1
204	372	1
204	375	-1
204	376	1
204	378	1
204	379	1
204	380	1
204	384	1
204	386	1
204	390	-1
204	392	-1
204	393	-1
204	394	1
204	395	1
204	398	1
204	404	1
204	405	1
204	406	-1
204	407	-1
204	408	1
204	411	-1
204	413	1
204	414	1
204	415	-1
204	416	1
204	417	-1
204	418	1
204	419	-1
204	420	-1
204	421	1
204	424	-1
204	426	1
204	427	1
204	429	-1
204	431	-1
204	433	1
204	440	1
204	441	1
204	443	-1
204	445	1
204	446	-1
204	447	1
204	448	-1
204	451	-1
204	452	-1
204	453	-1
204	454	-1
204	455	-1
204	457	-1
204	459	-1
204	462	-1
204	465	-1
204	467	1
204	468	1
204	471	-1
204	472	1
204	473	-1
204	475	1
204	477	1
204	478	-1
204	479	1
204	480	1
204	481	1
204	484	1
204	486	1
204	487	1
204	488	-1
204	490	-1
204	491	1
204	493	-1
204	494	-1
205	207	-1
205	208	-1
205	211	-1
205	212	1
205	213	-1
205	214	-1
205	215	-1
205	216	1
205	217	1
205	218	-1
205	221	-1
205	224	-1
205	227	1
205	228	1
205	229	1
205	232	1
205	234	1
205	238	1
205	240	1
205	242	-1
205	243	1
205	244	1
205	246	1
205	247	1
205	250	-1
205	251	-1
205	252	1
205	253	-1
205	254	-1
205	257	1
205	261	1
205	263	1
205	264	-1
205	265	-1
205	267	1
205	268	-1
205	271	1
205	272	1
205	276	-1
205	278	1
205	279	1
205	280	-1
205	284	-1
205	286	1
205	287	-1
205	289	1
205	291	-1
205	293	1
205	295	1
205	296	1
205	298	-1
205	301	1
205	306	1
205	310	1
205	311	1
205	313	1
205	315	-1
205	317	1
205	319	1
205	320	-1
205	321	1
205	322	-1
205	323	1
205	326	1
205	328	1
205	330	-1
205	331	1
205	332	-1
205	334	1
205	335	1
205	341	1
205	343	1
205	345	1
205	346	-1
205	347	1
205	349	-1
205	350	-1
205	353	-1
205	357	-1
205	363	-1
205	364	-1
205	369	-1
205	370	-1
205	373	-1
205	374	1
205	378	-1
205	379	-1
205	381	1
205	382	-1
205	383	-1
205	384	1
205	388	1
205	389	1
205	392	1
205	393	-1
205	394	-1
205	395	-1
205	396	-1
205	397	1
205	399	1
205	400	1
205	404	-1
205	409	-1
205	410	-1
205	411	-1
205	413	-1
205	414	-1
205	415	-1
205	420	-1
205	422	1
205	423	1
205	424	1
205	425	-1
205	426	1
205	430	1
205	432	1
205	440	1
205	441	1
205	443	-1
205	444	1
205	445	-1
205	446	1
205	448	-1
205	458	-1
205	463	-1
205	464	-1
205	465	-1
205	466	-1
205	468	-1
205	469	1
205	470	1
205	471	1
205	474	1
205	476	-1
205	478	-1
205	480	-1
205	483	-1
205	484	-1
205	486	1
205	488	-1
205	489	1
205	491	-1
205	493	-1
205	496	-1
206	207	-1
206	208	1
206	209	1
206	210	-1
206	212	-1
206	213	1
206	214	-1
206	216	-1
206	221	1
206	222	1
206	223	-1
206	226	-1
206	227	1
206	228	-1
206	229	-1
206	231	-1
206	232	1
206	233	-1
206	235	-1
206	236	1
206	237	1
206	238	-1
206	239	-1
206	241	-1
206	250	-1
206	252	1
206	255	1
206	259	1
206	261	1
206	262	1
206	263	1
206	265	-1
206	266	1
206	267	-1
206	271	1
206	274	-1
206	275	1
206	277	1
206	278	1
206	280	-1
206	282	-1
206	283	-1
206	287	-1
206	289	1
206	290	1
206	291	1
206	293	-1
206	295	1
206	296	1
206	297	-1
206	298	1
206	304	-1
206	305	1
206	309	-1
206	310	-1
206	311	1
206	312	-1
206	313	1
206	314	-1
206	315	-1
206	319	1
206	321	-1
206	322	-1
206	326	1
206	327	-1
206	334	1
206	335	-1
206	336	-1
206	338	1
206	339	1
206	342	-1
206	344	-1
206	345	1
206	347	1
206	348	1
206	350	-1
206	351	-1
206	352	1
206	353	-1
206	355	-1
206	356	-1
206	358	1
206	361	-1
206	363	-1
206	365	1
206	366	1
206	372	1
206	375	1
206	380	-1
206	383	-1
206	386	1
206	388	1
206	390	1
206	394	-1
206	396	-1
206	399	1
206	401	1
206	404	-1
206	410	1
206	411	1
206	412	1
206	413	-1
206	415	1
206	418	1
206	420	1
206	421	-1
206	423	-1
206	426	-1
206	428	-1
206	429	-1
206	432	1
206	433	-1
206	434	-1
206	437	1
206	438	-1
206	439	-1
206	440	-1
206	443	1
206	446	-1
206	447	1
206	449	1
206	451	1
206	452	1
206	453	1
206	457	-1
206	459	-1
206	460	1
206	461	1
206	465	1
206	466	1
206	467	1
206	470	1
206	471	-1
206	475	1
206	477	1
206	478	1
206	483	-1
206	485	-1
206	489	1
206	492	-1
206	496	1
207	208	1
207	209	1
207	211	-1
207	214	1
207	215	-1
207	217	1
207	218	1
207	220	-1
207	221	-1
207	227	1
207	231	1
207	232	-1
207	233	1
207	234	1
207	235	-1
207	237	1
207	238	1
207	239	-1
207	242	1
207	243	1
207	245	-1
207	246	1
207	247	-1
207	250	1
207	253	-1
207	254	1
207	256	-1
207	258	1
207	261	-1
207	262	1
207	264	-1
207	265	-1
207	266	-1
207	267	1
207	270	-1
207	272	1
207	277	1
207	278	-1
207	280	-1
207	281	-1
207	283	1
207	284	1
207	287	-1
207	290	1
207	293	1
207	295	1
207	297	1
207	298	-1
207	299	1
207	300	-1
207	302	-1
207	303	1
207	304	-1
207	306	-1
207	307	-1
207	308	-1
207	311	1
207	314	-1
207	317	-1
207	318	-1
207	321	-1
207	322	-1
207	323	-1
207	325	1
207	327	-1
207	328	-1
207	329	-1
207	337	1
207	339	-1
207	341	1
207	343	1
207	344	1
207	346	-1
207	347	-1
207	349	-1
207	353	-1
207	354	1
207	357	1
207	359	1
207	361	-1
207	363	1
207	364	-1
207	367	-1
207	373	1
207	377	-1
207	379	-1
207	380	1
207	381	-1
207	384	1
207	385	1
207	386	1
207	387	1
207	388	1
207	390	-1
207	391	-1
207	392	-1
207	395	1
207	397	1
207	399	1
207	406	1
207	408	-1
207	412	1
207	417	1
207	418	-1
207	420	-1
207	423	1
207	424	1
207	425	1
207	426	1
207	428	-1
207	429	-1
207	430	-1
207	435	1
207	436	-1
207	438	-1
207	440	1
207	442	1
207	443	-1
207	444	1
207	445	-1
207	446	1
207	448	1
207	450	-1
207	453	-1
207	457	-1
207	463	-1
207	465	1
207	466	-1
207	467	-1
207	471	-1
207	472	-1
207	473	1
207	475	1
207	479	-1
207	480	1
207	482	1
207	486	1
207	487	-1
207	488	1
207	489	1
207	490	1
207	491	1
207	494	-1
207	496	1
207	497	1
207	498	-1
208	210	-1
208	212	1
208	213	1
208	214	-1
208	217	-1
208	218	1
208	225	-1
208	227	1
208	228	-1
208	229	1
208	231	-1
208	234	-1
208	237	1
208	241	-1
208	244	-1
208	246	-1
208	249	1
208	250	1
208	251	1
208	253	-1
208	254	1
208	255	-1
208	256	1
208	257	-1
208	258	1
208	261	-1
208	263	-1
208	264	1
208	268	-1
208	269	1
208	270	-1
208	271	1
208	273	1
208	276	-1
208	277	1
208	280	-1
208	281	1
208	282	1
208	286	1
208	287	-1
208	288	-1
208	289	1
208	290	-1
208	291	-1
208	292	1
208	293	-1
208	295	-1
208	297	1
208	299	-1
208	302	1
208	303	-1
208	305	-1
208	306	1
208	308	1
208	311	-1
208	314	-1
208	316	-1
208	325	1
208	327	-1
208	329	-1
208	330	-1
208	333	-1
208	334	-1
208	335	-1
208	338	-1
208	340	1
208	342	-1
208	343	-1
208	344	1
208	346	1
208	349	-1
208	351	1
208	356	1
208	357	1
208	358	1
208	360	-1
208	361	-1
208	364	-1
208	368	-1
208	370	-1
208	374	-1
208	375	1
208	378	-1
208	379	-1
208	380	1
208	382	1
208	384	1
208	385	-1
208	389	-1
208	390	-1
208	391	1
208	392	-1
208	395	-1
208	397	-1
208	401	-1
208	405	-1
208	406	1
208	407	1
208	408	-1
208	409	-1
208	411	-1
208	412	-1
208	415	-1
208	416	-1
208	417	1
208	418	1
208	420	1
208	422	1
208	424	1
208	425	-1
208	426	-1
208	427	1
208	428	-1
208	429	-1
208	430	1
208	431	-1
208	432	-1
208	433	-1
208	434	1
208	435	1
208	439	-1
208	442	-1
208	443	-1
208	444	-1
208	445	-1
208	448	1
208	449	1
208	453	1
208	455	1
208	458	-1
208	461	-1
208	463	-1
208	466	1
208	467	1
208	469	-1
208	470	1
208	471	-1
208	473	1
208	474	1
208	475	1
208	479	1
208	482	-1
208	483	-1
208	484	1
208	485	1
208	486	1
208	488	-1
208	491	-1
208	492	1
208	493	-1
208	497	-1
208	499	-1
209	211	-1
209	212	-1
209	213	1
209	214	1
209	216	-1
209	217	-1
209	218	-1
209	220	-1
209	221	1
209	222	-1
209	223	-1
209	229	1
209	232	-1
209	233	1
209	234	1
209	236	1
209	241	-1
209	243	1
209	244	1
209	245	-1
209	247	-1
209	248	-1
209	250	1
209	255	1
209	258	1
209	259	1
209	262	-1
209	263	-1
209	265	-1
209	267	-1
209	269	-1
209	270	1
209	272	1
209	273	1
209	274	-1
209	281	-1
209	282	-1
209	283	1
209	285	-1
209	288	1
209	289	-1
209	291	-1
209	292	1
209	293	1
209	294	-1
209	297	-1
209	299	1
209	300	-1
209	301	1
209	304	1
209	308	1
209	309	-1
209	310	-1
209	314	1
209	320	-1
209	321	-1
209	322	-1
209	323	-1
209	324	-1
209	329	-1
209	330	1
209	331	-1
209	337	1
209	342	-1
209	345	-1
209	346	1
209	348	-1
209	351	-1
209	352	1
209	353	1
209	354	1
209	355	-1
209	356	1
209	357	1
209	360	-1
209	364	-1
209	365	-1
209	366	-1
209	368	1
209	369	-1
209	372	1
209	374	-1
209	375	1
209	376	1
209	378	-1
209	379	1
209	384	-1
209	386	-1
209	389	-1
209	392	-1
209	395	-1
209	396	1
209	397	1
209	398	1
209	399	-1
209	400	-1
209	401	-1
209	402	-1
209	404	1
209	407	1
209	408	-1
209	409	-1
209	410	-1
209	411	1
209	412	-1
209	414	-1
209	415	-1
209	417	1
209	419	-1
209	420	-1
209	422	1
209	424	1
209	425	-1
209	426	-1
209	428	1
209	429	1
209	430	1
209	431	1
209	435	-1
209	436	1
209	438	1
209	441	1
209	442	1
209	443	-1
209	445	1
209	448	-1
209	449	1
209	450	-1
209	451	1
209	452	-1
209	462	-1
209	463	-1
209	464	-1
209	465	-1
209	466	-1
209	467	-1
209	471	1
209	473	1
209	475	-1
209	476	-1
209	477	1
209	478	-1
209	481	1
209	482	1
209	484	1
209	487	-1
209	489	-1
209	491	1
209	493	-1
209	494	-1
209	495	-1
209	497	-1
209	499	-1
210	213	1
210	215	-1
210	216	1
210	227	-1
210	231	-1
210	232	-1
210	238	-1
210	239	1
210	240	-1
210	243	1
210	244	-1
210	245	1
210	246	-1
210	247	1
210	249	1
210	250	1
210	251	-1
210	253	-1
210	254	-1
210	255	1
210	257	-1
210	258	1
210	259	-1
210	260	-1
210	264	1
210	266	-1
210	269	1
210	270	1
210	271	-1
210	272	-1
210	274	1
210	275	-1
210	276	-1
210	277	1
210	278	-1
210	288	-1
210	289	1
210	290	-1
210	291	-1
210	292	-1
210	296	1
210	297	1
210	299	-1
210	301	1
210	304	-1
210	306	1
210	309	-1
210	312	1
210	313	-1
210	318	-1
210	319	1
210	320	1
210	321	1
210	323	-1
210	325	1
210	327	1
210	330	1
210	332	1
210	333	-1
210	337	1
210	338	1
210	340	1
210	341	-1
210	343	1
210	344	-1
210	345	1
210	352	1
210	354	-1
210	356	-1
210	357	-1
210	358	1
210	360	-1
210	361	-1
210	362	1
210	363	1
210	364	1
210	365	-1
210	366	-1
210	368	1
210	371	-1
210	372	1
210	373	1
210	375	1
210	380	-1
210	382	1
210	384	-1
210	385	1
210	386	1
210	387	-1
210	388	-1
210	390	-1
210	391	-1
210	392	-1
210	394	-1
210	397	1
210	399	1
210	400	-1
210	401	-1
210	403	-1
210	405	-1
210	406	1
210	409	1
210	410	1
210	411	1
210	413	1
210	414	-1
210	416	-1
210	419	1
210	420	-1
210	421	-1
210	422	1
210	424	-1
210	425	-1
210	426	1
210	428	1
210	430	-1
210	431	1
210	432	-1
210	433	-1
210	434	1
210	436	1
210	437	1
210	440	-1
210	442	-1
210	447	1
210	449	-1
210	451	-1
210	452	-1
210	454	-1
210	458	1
210	459	1
210	460	1
210	462	1
210	464	-1
210	465	1
210	466	1
210	467	1
210	468	1
210	471	-1
210	473	-1
210	475	-1
210	476	1
210	479	1
210	482	1
210	485	1
210	486	-1
210	487	1
210	492	1
210	494	1
210	495	1
210	496	-1
210	499	-1
211	212	1
211	214	-1
211	215	1
211	217	1
211	218	1
211	223	1
211	224	1
211	225	-1
211	226	-1
211	230	1
211	232	1
211	233	1
211	234	1
211	235	-1
211	236	1
211	237	1
211	240	-1
211	242	-1
211	243	-1
211	246	1
211	248	1
211	249	1
211	251	-1
211	253	1
211	254	-1
211	255	1
211	256	1
211	257	1
211	262	1
211	266	-1
211	268	1
211	269	-1
211	271	-1
211	275	-1
211	277	-1
211	278	-1
211	279	-1
211	281	1
211	284	-1
211	286	1
211	288	-1
211	290	-1
211	296	-1
211	298	-1
211	299	-1
211	300	1
211	301	1
211	302	-1
211	304	1
211	305	-1
211	307	-1
211	313	1
211	315	-1
211	318	1
211	320	1
211	325	-1
211	328	1
211	329	-1
211	331	-1
211	332	1
211	335	1
211	339	1
211	342	1
211	343	1
211	344	1
211	345	1
211	346	-1
211	347	-1
211	352	-1
211	354	-1
211	355	-1
211	356	1
211	359	1
211	361	-1
211	363	1
211	364	-1
211	367	1
211	371	1
211	373	1
211	374	1
211	376	1
211	377	-1
211	379	-1
211	381	1
211	382	1
211	384	-1
211	387	1
211	388	1
211	390	1
211	394	-1
211	396	1
211	397	1
211	398	1
211	399	1
211	401	1
211	402	1
211	403	1
211	405	-1
211	406	-1
211	409	-1
211	410	-1
211	411	-1
211	412	-1
211	414	1
211	415	1
211	416	-1
211	418	-1
211	419	-1
211	422	1
211	426	-1
211	427	-1
211	430	-1
211	431	-1
211	434	1
211	435	-1
211	436	1
211	437	1
211	438	-1
211	439	1
211	440	-1
211	441	1
211	444	1
211	445	-1
211	447	1
211	448	1
211	449	1
211	454	1
211	455	-1
211	458	1
211	460	-1
211	465	1
211	466	1
211	469	1
211	471	1
211	472	-1
211	473	-1
211	474	1
211	475	1
211	476	1
211	478	-1
211	479	1
211	480	-1
211	483	1
211	485	1
211	486	-1
211	488	-1
211	492	-1
211	493	1
211	495	-1
211	497	1
211	499	-1
212	214	-1
212	215	-1
212	216	-1
212	217	1
212	219	-1
212	220	1
212	222	-1
212	224	-1
212	225	-1
212	226	-1
212	229	1
212	231	-1
212	232	1
212	234	-1
212	238	-1
212	240	1
212	241	-1
212	244	1
212	245	-1
212	246	1
212	247	1
212	248	-1
212	249	-1
212	252	-1
212	255	-1
212	256	1
212	257	1
212	259	-1
212	260	-1
212	264	-1
212	265	1
212	266	-1
212	267	-1
212	269	-1
212	272	1
212	273	1
212	274	1
212	276	1
212	279	-1
212	281	1
212	284	1
212	286	1
212	287	-1
212	288	-1
212	289	-1
212	290	1
212	293	1
212	294	-1
212	295	-1
212	299	-1
212	301	1
212	303	1
212	306	1
212	307	1
212	308	1
212	310	-1
212	312	-1
212	313	-1
212	316	-1
212	319	-1
212	320	-1
212	321	-1
212	323	1
212	327	1
212	330	1
212	334	-1
212	335	1
212	336	1
212	337	1
212	339	-1
212	341	-1
212	343	1
212	344	-1
212	347	1
212	348	-1
212	350	-1
212	352	1
212	353	-1
212	354	1
212	356	1
212	357	-1
212	359	-1
212	360	-1
212	361	1
212	362	-1
212	363	-1
212	371	1
212	372	-1
212	373	1
212	375	1
212	376	-1
212	379	1
212	381	1
212	384	-1
212	385	1
212	386	-1
212	388	1
212	389	-1
212	390	1
212	391	1
212	397	-1
212	398	1
212	400	-1
212	402	1
212	404	-1
212	405	-1
212	407	-1
212	408	-1
212	409	-1
212	413	-1
212	414	1
212	416	-1
212	417	-1
212	419	-1
212	422	-1
212	423	-1
212	424	-1
212	425	-1
212	427	1
212	430	1
212	433	1
212	434	-1
212	436	-1
212	437	-1
212	438	-1
212	439	1
212	440	-1
212	442	1
212	444	-1
212	445	1
212	446	-1
212	447	-1
212	449	1
212	450	1
212	452	1
212	455	-1
212	456	-1
212	457	-1
212	458	1
212	463	-1
212	466	-1
212	470	-1
212	471	-1
212	473	-1
212	476	1
212	481	1
212	482	1
212	484	1
212	486	1
212	488	1
212	489	-1
212	493	-1
212	494	1
212	495	1
212	497	1
213	214	1
213	215	-1
213	222	1
213	223	1
213	226	-1
213	227	-1
213	230	-1
213	231	-1
213	232	-1
213	233	1
213	235	1
213	239	-1
213	241	-1
213	243	1
213	244	1
213	245	1
213	246	1
213	247	1
213	253	1
213	255	-1
213	257	-1
213	258	-1
213	263	-1
213	265	1
213	266	1
213	269	1
213	270	1
213	271	1
213	273	1
213	277	1
213	278	-1
213	279	-1
213	282	-1
213	284	1
213	285	-1
213	286	1
213	291	1
213	296	1
213	299	-1
213	300	1
213	302	1
213	303	-1
213	306	-1
213	307	-1
213	309	1
213	310	1
213	314	1
213	315	-1
213	316	1
213	317	1
213	318	1
213	320	1
213	321	-1
213	323	1
213	325	1
213	327	-1
213	330	1
213	333	-1
213	335	-1
213	337	-1
213	338	-1
213	340	1
213	341	1
213	342	-1
213	345	-1
213	348	-1
213	349	-1
213	350	1
213	351	1
213	352	1
213	354	-1
213	355	1
213	356	1
213	358	-1
213	359	-1
213	360	-1
213	365	1
213	366	-1
213	368	-1
213	370	-1
213	371	1
213	375	-1
213	376	1
213	378	1
213	382	1
213	383	-1
213	384	1
213	386	-1
213	387	1
213	388	1
213	392	1
213	396	1
213	399	1
213	400	-1
213	401	1
213	404	1
213	405	1
213	407	-1
213	411	-1
213	412	1
213	415	1
213	416	-1
213	418	-1
213	420	1
213	422	-1
213	425	1
213	426	1
213	429	1
213	430	-1
213	431	-1
213	433	-1
213	435	1
213	437	1
213	439	-1
213	440	-1
213	442	-1
213	443	-1
213	446	1
213	447	-1
213	454	-1
213	460	-1
213	466	-1
213	467	-1
213	469	-1
213	470	-1
213	471	-1
213	473	1
213	474	1
213	475	1
213	476	1
213	477	-1
213	481	1
213	482	-1
213	485	1
213	489	-1
213	491	1
213	492	1
213	494	1
213	499	1
214	216	-1
214	217	1
214	219	-1
214	222	-1
214	227	-1
214	228	1
214	229	1
214	230	1
214	231	-1
214	232	1
214	237	1
214	238	-1
214	239	-1
214	240	1
214	241	1
214	242	-1
214	243	1
214	247	1
214	256	-1
214	257	-1
214	259	-1
214	261	-1
214	263	-1
214	265	1
214	267	1
214	268	1
214	270	-1
214	271	-1
214	273	1
214	277	-1
214	278	1
214	281	-1
214	284	-1
214	286	-1
214	287	1
214	297	-1
214	299	1
214	302	1
214	303	-1
214	304	1
214	306	1
214	310	-1
214	313	1
214	319	-1
214	320	-1
214	322	1
214	323	1
214	325	-1
214	327	1
214	329	1
214	330	-1
214	331	-1
214	332	1
214	334	1
214	335	1
214	336	1
214	337	1
214	342	1
214	343	-1
214	344	1
214	345	1
214	347	-1
214	349	1
214	350	1
214	351	1
214	353	1
214	355	-1
214	357	1
214	358	-1
214	360	1
214	361	1
214	365	-1
214	366	-1
214	367	-1
214	369	1
214	375	-1
214	376	1
214	378	-1
214	379	1
214	380	-1
214	382	-1
214	383	-1
214	384	1
214	388	-1
214	389	-1
214	392	-1
214	396	1
214	401	-1
214	403	1
214	404	1
214	412	1
214	420	1
214	422	-1
214	423	-1
214	426	1
214	429	1
214	432	1
214	437	1
214	438	1
214	440	-1
214	444	-1
214	446	1
214	448	-1
214	454	1
214	455	1
214	456	1
214	460	-1
214	461	-1
214	462	1
214	464	1
214	466	-1
214	468	-1
214	469	-1
214	471	1
214	474	-1
214	475	-1
214	476	1
214	477	-1
214	478	1
214	483	-1
214	486	-1
214	488	1
214	489	-1
214	491	1
214	492	1
214	493	-1
214	494	1
214	495	1
214	499	1
215	217	1
215	219	-1
215	220	-1
215	222	-1
215	223	1
215	224	1
215	226	1
215	227	-1
215	230	1
215	235	-1
215	236	-1
215	239	-1
215	241	-1
215	243	-1
215	244	-1
215	247	1
215	248	1
215	249	1
215	251	-1
215	254	-1
215	255	1
215	256	1
215	257	1
215	259	-1
215	260	1
215	265	-1
215	266	-1
215	267	1
215	269	-1
215	270	1
215	272	1
215	273	-1
215	274	1
215	276	-1
215	277	-1
215	279	1
215	280	1
215	282	-1
215	284	-1
215	287	1
215	291	1
215	292	-1
215	293	1
215	294	-1
215	296	1
215	297	-1
215	299	1
215	300	1
215	302	-1
215	306	1
215	307	-1
215	308	1
215	310	1
215	313	1
215	314	-1
215	315	1
215	316	-1
215	317	-1
215	319	-1
215	322	-1
215	323	-1
215	326	1
215	328	-1
215	333	1
215	335	1
215	336	1
215	337	1
215	338	1
215	341	-1
215	343	1
215	345	1
215	347	1
215	348	-1
215	350	1
215	351	-1
215	352	-1
215	353	-1
215	356	-1
215	358	1
215	360	-1
215	361	1
215	362	1
215	363	-1
215	364	-1
215	365	1
215	366	1
215	368	-1
215	370	-1
215	371	-1
215	372	-1
215	375	1
215	376	1
215	381	1
215	382	1
215	383	-1
215	384	-1
215	385	-1
215	386	-1
215	389	1
215	390	1
215	392	1
215	395	-1
215	398	1
215	399	-1
215	401	1
215	404	-1
215	405	1
215	406	1
215	407	-1
215	408	-1
215	409	-1
215	411	1
215	414	-1
215	416	1
215	417	-1
215	419	-1
215	422	-1
215	423	-1
215	425	-1
215	426	1
215	427	-1
215	428	-1
215	429	-1
215	430	1
215	431	1
215	433	1
215	436	-1
215	437	-1
215	438	-1
215	439	1
215	440	-1
215	442	-1
215	443	-1
215	444	-1
215	447	1
215	451	-1
215	452	1
215	455	1
215	456	1
215	459	-1
215	460	1
215	469	-1
215	470	-1
215	471	-1
215	472	1
215	475	-1
215	479	1
215	480	-1
215	483	1
215	484	1
215	485	1
215	486	1
215	488	1
215	491	-1
215	496	1
215	498	1
215	499	-1
216	217	-1
216	219	-1
216	220	-1
216	222	1
216	223	1
216	225	-1
216	228	1
216	229	-1
216	230	-1
216	232	-1
216	233	-1
216	234	1
216	235	-1
216	236	-1
216	237	1
216	239	1
216	240	1
216	241	-1
216	242	-1
216	243	-1
216	244	1
216	245	-1
216	248	-1
216	249	1
216	252	1
216	253	1
216	254	-1
216	256	1
216	258	-1
216	259	-1
216	260	-1
216	261	-1
216	262	1
216	264	-1
216	265	1
216	267	-1
216	268	-1
216	269	-1
216	270	-1
216	272	-1
216	273	-1
216	275	1
216	276	-1
216	279	-1
216	282	1
216	283	-1
216	288	1
216	290	1
216	293	-1
216	294	-1
216	296	1
216	297	1
216	299	1
216	301	1
216	302	-1
216	305	-1
216	306	1
216	307	-1
216	308	1
216	310	1
216	312	1
216	314	1
216	315	-1
216	316	1
216	317	1
216	319	-1
216	320	1
216	322	1
216	323	-1
216	325	-1
216	327	-1
216	330	-1
216	331	1
216	333	-1
216	335	1
216	338	1
216	339	-1
216	341	-1
216	342	1
216	344	-1
216	347	1
216	350	1
216	351	1
216	355	-1
216	356	-1
216	357	1
216	359	-1
216	361	1
216	363	1
216	366	-1
216	369	-1
216	371	1
216	372	1
216	373	-1
216	374	-1
216	375	-1
216	380	1
216	383	1
216	386	-1
216	387	-1
216	388	1
216	389	-1
216	390	1
216	392	-1
216	393	-1
216	394	-1
216	398	-1
216	400	-1
216	403	1
216	404	1
216	405	-1
216	409	1
216	410	-1
216	411	1
216	414	-1
216	419	1
216	422	-1
216	424	1
216	426	1
216	428	1
216	431	-1
216	433	1
216	434	1
216	435	1
216	436	-1
216	437	1
216	439	-1
216	440	1
216	441	1
216	442	-1
216	443	1
216	445	-1
216	448	-1
216	454	-1
216	456	-1
216	459	-1
216	460	-1
216	461	-1
216	463	1
216	467	-1
216	475	-1
216	479	1
216	480	-1
216	482	1
216	483	-1
216	490	-1
216	492	1
216	494	-1
216	495	1
216	497	-1
217	218	-1
217	220	-1
217	221	-1
217	222	-1
217	228	-1
217	231	-1
217	234	-1
217	238	-1
217	239	-1
217	241	-1
217	243	-1
217	245	1
217	247	1
217	249	-1
217	250	-1
217	254	1
217	256	-1
217	259	1
217	261	-1
217	262	1
217	263	1
217	266	-1
217	269	-1
217	272	-1
217	273	-1
217	275	1
217	276	1
217	278	-1
217	283	-1
217	285	1
217	286	-1
217	287	1
217	288	1
217	289	1
217	290	-1
217	293	1
217	296	-1
217	297	-1
217	298	-1
217	299	-1
217	300	-1
217	301	1
217	302	1
217	303	1
217	306	1
217	307	1
217	308	1
217	309	-1
217	313	-1
217	315	-1
217	316	-1
217	319	1
217	321	-1
217	322	1
217	324	-1
217	327	-1
217	333	1
217	335	1
217	339	1
217	342	-1
217	344	1
217	345	1
217	348	-1
217	351	-1
217	352	-1
217	353	-1
217	356	-1
217	357	1
217	358	1
217	359	1
217	362	-1
217	363	-1
217	364	1
217	366	1
217	368	1
217	370	-1
217	371	-1
217	379	-1
217	381	1
217	382	-1
217	384	-1
217	386	-1
217	387	-1
217	388	1
217	389	-1
217	390	-1
217	391	1
217	393	1
217	396	1
217	398	-1
217	402	-1
217	404	1
217	407	-1
217	410	1
217	412	1
217	413	1
217	414	1
217	415	1
217	416	-1
217	418	-1
217	420	-1
217	421	-1
217	422	1
217	428	1
217	429	1
217	430	-1
217	433	-1
217	438	1
217	439	-1
217	441	-1
217	442	1
217	444	1
217	447	1
217	448	1
217	450	-1
217	451	-1
217	453	-1
217	454	-1
217	456	-1
217	457	1
217	458	-1
217	459	-1
217	462	-1
217	464	-1
217	468	1
217	475	1
217	476	-1
217	479	1
217	480	1
217	482	-1
217	484	-1
217	486	-1
217	487	-1
217	489	1
217	490	-1
217	492	1
217	493	-1
217	494	-1
217	495	1
217	498	-1
217	499	-1
218	220	-1
218	221	-1
218	222	1
218	226	1
218	227	1
218	232	-1
218	237	-1
218	240	1
218	241	1
218	242	-1
218	244	1
218	248	1
218	249	1
218	251	1
218	252	-1
218	253	-1
218	255	1
218	257	-1
218	266	1
218	270	-1
218	272	-1
218	274	-1
218	276	-1
218	278	-1
218	280	1
218	282	1
218	283	-1
218	285	-1
218	286	-1
218	287	1
218	291	-1
218	294	-1
218	295	-1
218	297	1
218	298	-1
218	300	1
218	307	1
218	308	-1
218	310	1
218	311	1
218	312	-1
218	313	1
218	314	1
218	316	-1
218	321	-1
218	322	1
218	325	-1
218	327	1
218	330	1
218	332	-1
218	334	1
218	337	-1
218	338	1
218	339	-1
218	340	-1
218	341	-1
218	342	1
218	343	-1
218	344	-1
218	345	1
218	346	1
218	348	1
218	354	1
218	359	-1
218	360	1
218	363	1
218	367	1
218	369	1
218	371	1
218	372	1
218	373	1
218	375	1
218	376	-1
218	377	1
218	379	1
218	380	1
218	381	-1
218	382	-1
218	384	1
218	385	-1
218	389	1
218	391	-1
218	392	1
218	393	1
218	394	-1
218	395	-1
218	396	-1
218	397	1
218	398	-1
218	400	-1
218	402	1
218	406	-1
218	409	1
218	410	1
218	411	1
218	414	1
218	415	1
218	419	-1
218	420	1
218	423	-1
218	425	-1
218	427	-1
218	430	1
218	432	-1
218	434	1
218	436	-1
218	437	1
218	439	1
218	441	-1
218	442	1
218	443	-1
218	444	-1
218	446	1
218	448	-1
218	450	-1
218	451	-1
218	452	1
218	453	1
218	455	-1
218	459	-1
218	462	-1
218	464	1
218	465	-1
218	467	1
218	469	1
218	471	1
218	472	1
218	476	-1
218	477	1
218	478	-1
218	485	-1
218	487	1
218	489	-1
218	490	1
218	494	-1
218	495	-1
218	496	-1
219	220	-1
219	234	-1
219	235	-1
219	240	-1
219	242	1
219	244	1
219	252	-1
219	253	1
219	255	1
219	259	-1
219	260	-1
219	263	-1
219	265	1
219	273	-1
219	277	-1
219	279	1
219	280	-1
219	281	1
219	287	1
219	288	1
219	290	-1
219	292	1
219	293	-1
219	294	1
219	295	1
219	297	-1
219	299	-1
219	301	1
219	305	-1
219	310	1
219	311	1
219	312	-1
219	317	1
219	318	1
219	320	-1
219	321	-1
219	322	1
219	324	-1
219	326	1
219	327	-1
219	328	-1
219	330	-1
219	331	-1
219	333	1
219	334	1
219	336	-1
219	340	-1
219	342	-1
219	343	1
219	346	1
219	350	-1
219	351	1
219	353	1
219	354	-1
219	356	-1
219	360	-1
219	361	1
219	362	-1
219	367	-1
219	368	-1
219	369	-1
219	370	-1
219	371	1
219	372	-1
219	373	1
219	374	-1
219	379	-1
219	380	-1
219	381	-1
219	385	1
219	386	-1
219	391	1
219	394	-1
219	395	1
219	396	1
219	398	-1
219	399	1
219	400	-1
219	403	-1
219	404	-1
219	406	1
219	407	-1
219	413	-1
219	417	-1
219	418	1
219	420	1
219	421	1
219	423	-1
219	424	1
219	425	-1
219	427	-1
219	429	-1
219	431	-1
219	432	1
219	433	1
219	434	-1
219	436	-1
219	437	-1
219	443	1
219	444	1
219	446	1
219	450	-1
219	451	1
219	454	-1
219	456	-1
219	457	1
219	460	1
219	461	1
219	462	-1
219	463	-1
219	472	-1
219	473	1
219	475	1
219	476	1
219	477	-1
219	478	-1
219	479	-1
219	480	-1
219	481	-1
219	489	-1
219	490	1
219	491	-1
219	492	-1
219	494	1
219	495	1
219	497	-1
219	499	1
220	221	1
220	223	-1
220	226	1
220	227	1
220	228	1
220	230	-1
220	232	-1
220	233	-1
220	238	1
220	240	1
220	244	-1
220	245	1
220	247	1
220	250	1
220	252	1
220	254	-1
220	256	-1
220	258	1
220	259	1
220	266	-1
220	268	1
220	269	1
220	270	-1
220	271	1
220	272	-1
220	273	-1
220	274	-1
220	276	-1
220	279	1
220	280	1
220	281	1
220	282	1
220	283	-1
220	285	1
220	287	-1
220	288	1
220	290	1
220	293	-1
220	295	-1
220	296	-1
220	297	1
220	298	1
220	299	-1
220	300	1
220	301	-1
220	303	-1
220	304	1
220	306	1
220	309	-1
220	310	-1
220	312	-1
220	313	1
220	315	1
220	316	-1
220	317	1
220	319	-1
220	321	-1
220	322	1
220	325	1
220	328	1
220	329	1
220	331	-1
220	333	-1
220	334	-1
220	335	-1
220	336	-1
220	337	1
220	338	1
220	342	1
220	347	1
220	349	-1
220	350	-1
220	351	1
220	352	1
220	353	1
220	357	-1
220	360	1
220	361	-1
220	364	1
220	367	1
220	370	1
220	373	-1
220	374	-1
220	375	1
220	379	1
220	381	-1
220	384	1
220	385	1
220	386	-1
220	388	-1
220	389	1
220	390	1
220	391	1
220	392	1
220	393	1
220	396	-1
220	399	1
220	400	-1
220	401	-1
220	402	1
220	404	1
220	408	1
220	409	1
220	417	-1
220	418	1
220	419	-1
220	421	-1
220	424	1
220	425	-1
220	426	1
220	427	1
220	428	1
220	430	1
220	432	-1
220	433	1
220	436	1
220	438	1
220	439	1
220	443	1
220	450	1
220	451	-1
220	456	-1
220	460	1
220	465	1
220	469	-1
220	470	1
220	471	-1
220	473	-1
220	474	1
220	477	-1
220	478	1
220	479	-1
220	480	1
220	481	-1
220	484	1
220	485	-1
220	487	1
220	489	1
220	490	-1
220	491	-1
220	492	-1
220	493	1
220	495	1
220	497	1
220	499	-1
221	225	1
221	228	-1
221	229	1
221	230	1
221	231	1
221	232	-1
221	233	-1
221	235	1
221	236	-1
221	239	-1
221	241	1
221	243	-1
221	244	1
221	249	1
221	254	1
221	255	-1
221	261	1
221	262	-1
221	263	-1
221	264	1
221	266	-1
221	267	-1
221	270	1
221	271	1
221	272	-1
221	274	-1
221	276	1
221	279	-1
221	280	-1
221	283	-1
221	284	1
221	289	-1
221	290	-1
221	295	-1
221	296	-1
221	301	1
221	302	1
221	309	1
221	310	-1
221	316	-1
221	317	1
221	319	1
221	320	1
221	321	-1
221	323	-1
221	324	-1
221	325	-1
221	327	-1
221	328	1
221	334	1
221	338	-1
221	341	-1
221	342	-1
221	343	-1
221	345	-1
221	347	-1
221	348	1
221	349	1
221	350	-1
221	352	-1
221	355	-1
221	358	1
221	359	-1
221	361	1
221	362	-1
221	364	1
221	365	-1
221	369	-1
221	370	-1
221	375	-1
221	377	-1
221	379	-1
221	380	1
221	381	1
221	391	-1
221	392	-1
221	394	-1
221	395	-1
221	397	-1
221	398	-1
221	399	1
221	401	-1
221	406	1
221	407	-1
221	409	1
221	412	-1
221	417	-1
221	422	-1
221	423	-1
221	427	1
221	431	-1
221	432	1
221	435	1
221	436	-1
221	437	-1
221	438	-1
221	441	-1
221	444	-1
221	446	1
221	447	-1
221	448	-1
221	449	-1
221	450	-1
221	451	1
221	452	1
221	453	1
221	454	-1
221	455	-1
221	456	1
221	457	-1
221	458	1
221	459	1
221	460	1
221	461	1
221	462	1
221	466	1
221	469	-1
221	474	1
221	475	1
221	477	-1
221	478	1
221	479	1
221	480	-1
221	481	1
221	482	-1
221	485	-1
221	486	1
221	487	1
221	491	-1
221	493	-1
221	494	1
221	496	-1
222	223	-1
222	226	-1
222	228	1
222	229	-1
222	233	1
222	234	-1
222	237	-1
222	238	1
222	239	-1
222	240	1
222	241	1
222	242	1
222	244	-1
222	245	1
222	246	-1
222	247	1
222	248	-1
222	250	1
222	252	-1
222	254	-1
222	256	-1
222	257	-1
222	258	1
222	265	-1
222	266	1
222	267	1
222	270	1
222	272	-1
222	275	1
222	276	-1
222	278	1
222	279	1
222	280	-1
222	285	1
222	286	-1
222	294	-1
222	295	1
222	297	1
222	298	-1
222	299	-1
222	300	1
222	302	1
222	305	1
222	310	-1
222	312	1
222	313	-1
222	314	1
222	319	1
222	324	-1
222	326	-1
222	328	-1
222	331	1
222	332	1
222	335	1
222	337	-1
222	343	1
222	345	-1
222	346	-1
222	348	1
222	349	-1
222	352	-1
222	353	-1
222	355	1
222	357	1
222	358	-1
222	359	-1
222	363	-1
222	364	-1
222	365	-1
222	366	-1
222	368	-1
222	372	1
222	379	1
222	380	-1
222	381	-1
222	383	1
222	384	1
222	387	-1
222	388	-1
222	391	-1
222	392	1
222	393	-1
222	395	-1
222	399	-1
222	400	1
222	401	-1
222	402	-1
222	403	1
222	408	-1
222	410	-1
222	411	1
222	414	-1
222	415	-1
222	416	-1
222	419	1
222	420	-1
222	422	1
222	423	-1
222	424	-1
222	425	1
222	430	-1
222	432	-1
222	433	-1
222	434	1
222	436	1
222	437	1
222	439	-1
222	440	-1
222	442	-1
222	443	1
222	444	-1
222	446	1
222	448	1
222	449	-1
222	450	1
222	453	1
222	457	1
222	458	1
222	461	-1
222	466	1
222	467	1
222	471	-1
222	475	1
222	476	-1
222	484	-1
222	488	-1
222	489	1
222	490	1
222	491	-1
222	495	1
222	497	1
223	224	-1
223	225	1
223	227	1
223	228	-1
223	229	1
223	233	1
223	234	1
223	235	-1
223	236	1
223	238	-1
223	240	-1
223	242	-1
223	243	-1
223	245	-1
223	249	-1
223	250	1
223	258	-1
223	259	1
223	261	-1
223	265	1
223	273	-1
223	275	-1
223	276	-1
223	278	-1
223	280	-1
223	282	-1
223	283	1
223	284	-1
223	285	-1
223	289	1
223	291	-1
223	292	-1
223	293	-1
223	298	1
223	299	-1
223	302	-1
223	303	-1
223	306	1
223	307	1
223	308	1
223	310	1
223	313	1
223	314	-1
223	315	-1
223	318	-1
223	319	1
223	320	-1
223	321	1
223	322	-1
223	323	-1
223	324	1
223	325	1
223	328	-1
223	329	1
223	331	1
223	332	1
223	334	1
223	335	1
223	338	1
223	339	1
223	340	1
223	341	1
223	343	-1
223	344	1
223	345	1
223	346	1
223	349	1
223	353	-1
223	354	1
223	357	-1
223	360	1
223	361	-1
223	362	1
223	366	-1
223	369	1
223	370	1
223	371	1
223	372	-1
223	376	1
223	377	1
223	378	1
223	379	-1
223	381	-1
223	384	-1
223	385	1
223	390	1
223	393	1
223	394	-1
223	395	1
223	396	1
223	397	1
223	398	-1
223	399	-1
223	400	-1
223	402	-1
223	403	-1
223	405	-1
223	411	1
223	416	-1
223	418	1
223	419	1
223	420	1
223	424	1
223	425	1
223	428	1
223	429	1
223	433	-1
223	435	1
223	436	-1
223	437	-1
223	438	1
223	439	1
223	442	-1
223	444	1
223	445	-1
223	452	-1
223	455	1
223	458	-1
223	460	1
223	464	1
223	466	-1
223	468	-1
223	472	-1
223	473	1
223	474	-1
223	476	-1
223	477	1
223	479	1
223	480	1
223	481	-1
223	482	1
223	483	-1
223	486	1
223	488	-1
223	489	-1
223	495	1
223	496	1
223	498	1
224	225	-1
224	230	1
224	232	1
224	234	-1
224	238	-1
224	240	1
224	241	1
224	242	-1
224	243	1
224	245	-1
224	246	-1
224	247	1
224	257	-1
224	259	-1
224	260	1
224	263	-1
224	264	-1
224	265	1
224	267	1
224	268	1
224	269	-1
224	270	1
224	271	1
224	272	-1
224	274	-1
224	276	-1
224	278	1
224	281	1
224	283	-1
224	284	1
224	289	1
224	290	-1
224	292	-1
224	295	-1
224	298	1
224	302	1
224	306	1
224	311	1
224	314	-1
224	315	1
224	316	-1
224	319	1
224	321	-1
224	322	1
224	324	-1
224	325	1
224	327	-1
224	328	-1
224	329	-1
224	331	1
224	332	1
224	333	1
224	334	-1
224	336	1
224	337	-1
224	339	-1
224	340	1
224	342	-1
224	343	-1
224	344	1
224	345	-1
224	346	-1
224	351	1
224	355	1
224	356	-1
224	357	-1
224	359	-1
224	361	-1
224	370	-1
224	372	1
224	373	-1
224	377	1
224	380	1
224	384	-1
224	387	-1
224	389	1
224	393	-1
224	394	-1
224	396	-1
224	397	1
224	399	1
224	401	1
224	402	1
224	403	-1
224	405	-1
224	408	1
224	412	-1
224	414	-1
224	415	-1
224	422	1
224	425	1
224	429	1
224	430	-1
224	433	1
224	435	1
224	439	-1
224	440	1
224	441	1
224	442	1
224	444	-1
224	445	1
224	448	-1
224	450	1
224	452	1
224	455	1
224	456	1
224	458	-1
224	460	1
224	462	-1
224	463	1
224	466	-1
224	467	1
224	468	-1
224	469	-1
224	470	-1
224	479	1
224	484	-1
224	485	-1
224	486	1
224	487	-1
224	488	1
224	489	-1
224	490	1
224	491	1
224	493	-1
224	496	-1
224	499	1
225	229	-1
225	232	-1
225	234	-1
225	236	-1
225	237	1
225	238	1
225	239	1
225	241	-1
225	242	1
225	249	-1
225	251	-1
225	252	-1
225	253	1
225	255	1
225	257	-1
225	260	1
225	261	1
225	265	1
225	266	-1
225	269	-1
225	270	1
225	272	-1
225	273	1
225	278	-1
225	282	-1
225	284	-1
225	291	1
225	293	-1
225	295	1
225	300	1
225	302	-1
225	304	1
225	306	-1
225	310	1
225	316	-1
225	319	-1
225	322	1
225	323	-1
225	325	1
225	328	1
225	333	-1
225	334	1
225	337	-1
225	341	-1
225	343	-1
225	345	1
225	347	-1
225	350	1
225	351	1
225	353	-1
225	354	1
225	355	1
225	356	1
225	360	1
225	361	1
225	362	1
225	364	1
225	365	1
225	367	-1
225	368	1
225	369	-1
225	372	-1
225	376	-1
225	377	-1
225	378	1
225	381	1
225	382	1
225	383	1
225	384	1
225	385	-1
225	388	1
225	389	1
225	390	-1
225	391	-1
225	392	-1
225	396	1
225	397	-1
225	398	1
225	399	1
225	400	-1
225	401	-1
225	402	-1
225	403	-1
225	404	-1
225	405	1
225	407	-1
225	408	-1
225	409	1
225	411	1
225	412	-1
225	415	1
225	416	-1
225	419	1
225	420	-1
225	422	-1
225	423	1
225	424	-1
225	425	1
225	431	1
225	432	-1
225	433	1
225	435	-1
225	436	1
225	442	-1
225	446	-1
225	449	-1
225	451	1
225	454	1
225	456	1
225	458	1
225	460	-1
225	461	-1
225	462	1
225	463	-1
225	465	1
225	467	1
225	469	-1
225	471	-1
225	473	1
225	474	-1
225	475	1
225	476	1
225	477	1
225	478	1
225	480	1
225	481	1
225	482	-1
225	483	1
225	484	1
225	486	-1
225	489	-1
225	490	-1
225	493	1
225	495	-1
225	497	-1
225	498	1
225	499	-1
226	227	-1
226	228	1
226	231	-1
226	232	-1
226	233	-1
226	236	-1
226	237	1
226	240	-1
226	241	-1
226	243	-1
226	245	-1
226	246	-1
226	247	-1
226	249	1
226	251	-1
226	252	1
226	255	1
226	256	1
226	258	1
226	259	1
226	260	1
226	263	-1
226	266	1
226	267	1
226	272	-1
226	273	1
226	274	-1
226	277	1
226	278	-1
226	279	1
226	280	-1
226	281	-1
226	283	1
226	284	1
226	285	1
226	287	-1
226	290	-1
226	291	-1
226	292	-1
226	294	1
226	296	1
226	298	1
226	299	1
226	300	-1
226	303	-1
226	304	1
226	307	-1
226	319	1
226	320	-1
226	327	-1
226	328	1
226	331	1
226	332	1
226	333	-1
226	336	-1
226	339	-1
226	344	-1
226	345	-1
226	346	-1
226	347	-1
226	348	-1
226	353	-1
226	355	1
226	357	-1
226	358	1
226	359	1
226	360	-1
226	361	1
226	363	1
226	364	-1
226	365	-1
226	366	-1
226	367	-1
226	368	-1
226	369	-1
226	370	1
226	373	-1
226	374	1
226	375	1
226	376	1
226	377	-1
226	383	-1
226	384	-1
226	385	1
226	387	-1
226	389	1
226	390	1
226	391	-1
226	394	1
226	395	1
226	396	-1
226	397	1
226	401	1
226	402	-1
226	403	1
226	404	1
226	409	-1
226	410	1
226	412	-1
226	414	1
226	415	1
226	419	-1
226	420	-1
226	423	1
226	424	-1
226	426	1
226	427	-1
226	429	-1
226	430	-1
226	432	-1
226	434	1
226	435	1
226	438	-1
226	440	1
226	442	1
226	443	1
226	445	1
226	449	1
226	452	1
226	453	1
226	455	-1
226	456	1
226	461	-1
226	462	1
226	464	-1
226	466	-1
226	471	1
226	472	1
226	477	-1
226	480	-1
226	483	1
226	485	-1
226	486	1
226	487	-1
226	488	1
226	491	1
226	492	1
226	496	-1
226	497	1
226	498	1
226	499	-1
227	229	1
227	237	1
227	239	-1
227	240	1
227	243	1
227	244	1
227	245	1
227	248	-1
227	249	1
227	251	1
227	252	1
227	253	1
227	256	-1
227	257	1
227	260	1
227	265	1
227	269	-1
227	270	1
227	271	-1
227	272	1
227	275	1
227	278	1
227	279	-1
227	280	1
227	282	1
227	283	1
227	284	-1
227	287	-1
227	288	-1
227	289	-1
227	291	-1
227	293	1
227	296	1
227	300	-1
227	302	1
227	305	-1
227	307	1
227	309	-1
227	310	1
227	311	1
227	314	-1
227	315	1
227	317	-1
227	319	1
227	321	-1
227	322	1
227	324	-1
227	325	-1
227	327	1
227	328	-1
227	329	1
227	330	-1
227	334	-1
227	335	-1
227	339	-1
227	356	1
227	357	1
227	360	-1
227	364	1
227	365	-1
227	366	1
227	368	1
227	370	-1
227	371	-1
227	372	-1
227	378	-1
227	380	1
227	381	1
227	382	-1
227	383	1
227	385	1
227	387	1
227	388	1
227	391	-1
227	393	1
227	394	1
227	396	1
227	399	-1
227	400	-1
227	407	-1
227	408	1
227	409	1
227	411	-1
227	414	-1
227	419	1
227	423	-1
227	424	-1
227	425	-1
227	426	1
227	427	1
227	428	1
227	431	-1
227	432	1
227	433	1
227	434	1
227	435	-1
227	436	-1
227	441	-1
227	442	1
227	443	-1
227	446	-1
227	447	-1
227	453	1
227	455	-1
227	456	1
227	457	-1
227	459	-1
227	460	-1
227	462	-1
227	463	-1
227	464	-1
227	465	-1
227	467	1
227	468	-1
227	469	1
227	470	1
227	476	-1
227	477	-1
227	478	-1
227	480	-1
227	482	1
227	483	-1
227	484	1
227	485	1
227	486	1
227	487	-1
227	488	1
227	490	1
227	493	-1
227	494	1
227	498	1
228	230	1
228	232	-1
228	234	-1
228	236	1
228	237	1
228	238	-1
228	239	1
228	242	-1
228	243	-1
228	245	-1
228	246	1
228	247	1
228	250	-1
228	254	-1
228	257	-1
228	263	1
228	264	-1
228	265	1
228	266	1
228	267	1
228	269	-1
228	272	-1
228	273	-1
228	274	1
228	275	1
228	276	1
228	278	1
228	280	-1
228	281	1
228	284	-1
228	285	1
228	286	-1
228	288	-1
228	291	1
228	292	-1
228	294	-1
228	296	1
228	297	-1
228	298	1
228	299	-1
228	300	-1
228	301	1
228	302	1
228	303	1
228	304	1
228	305	-1
228	307	-1
228	309	-1
228	312	1
228	313	1
228	314	1
228	315	-1
228	317	1
228	321	-1
228	322	1
228	323	1
228	324	-1
228	325	-1
228	329	1
228	330	1
228	334	-1
228	335	1
228	336	1
228	338	-1
228	339	-1
228	340	-1
228	345	-1
228	346	1
228	352	-1
228	353	-1
228	354	-1
228	355	-1
228	356	-1
228	357	-1
228	359	-1
228	360	1
228	361	1
228	363	-1
228	366	1
228	368	-1
228	369	-1
228	372	-1
228	375	1
228	376	1
228	383	-1
228	384	1
228	385	1
228	387	-1
228	389	1
228	390	1
228	393	1
228	395	1
228	396	1
228	401	-1
228	402	1
228	404	1
228	406	-1
228	407	-1
228	408	-1
228	409	-1
228	410	-1
228	412	1
228	413	-1
228	419	1
228	420	-1
228	421	1
228	422	1
228	423	1
228	424	1
228	425	1
228	427	1
228	429	-1
228	431	-1
228	432	-1
228	433	1
228	434	1
228	437	-1
228	438	-1
228	439	-1
228	440	-1
228	441	1
228	442	-1
228	443	1
228	449	-1
228	450	1
228	451	-1
228	452	-1
228	456	-1
228	458	1
228	459	-1
228	460	-1
228	462	-1
228	463	-1
228	464	-1
228	465	1
228	467	1
228	473	-1
228	475	-1
228	476	1
228	479	1
228	482	1
228	483	-1
228	487	-1
228	491	-1
228	493	-1
228	494	-1
228	495	1
228	497	1
228	499	-1
229	230	1
229	231	1
229	232	1
229	233	1
229	235	1
229	236	1
229	237	1
229	238	-1
229	239	1
229	241	1
229	242	1
229	243	1
229	246	-1
229	247	-1
229	248	-1
229	250	1
229	254	-1
229	258	1
229	264	1
229	265	-1
229	267	1
229	268	-1
229	271	1
229	272	-1
229	275	1
229	282	-1
229	286	-1
229	290	-1
229	293	-1
229	295	1
229	297	1
229	300	1
229	301	1
229	302	-1
229	303	1
229	304	1
229	305	-1
229	307	-1
229	313	1
229	314	1
229	315	1
229	316	1
229	318	1
229	320	-1
229	322	-1
229	326	1
229	327	-1
229	328	-1
229	330	-1
229	332	1
229	336	1
229	337	-1
229	339	1
229	343	-1
229	345	1
229	347	-1
229	349	1
229	350	-1
229	351	-1
229	352	1
229	355	-1
229	356	-1
229	361	1
229	362	1
229	366	-1
229	369	-1
229	371	1
229	373	1
229	374	-1
229	376	-1
229	382	-1
229	384	1
229	388	1
229	389	1
229	390	1
229	392	1
229	393	1
229	394	-1
229	397	-1
229	398	1
229	399	-1
229	401	1
229	406	1
229	410	-1
229	411	1
229	413	-1
229	416	-1
229	422	-1
229	423	-1
229	425	-1
229	429	1
229	430	-1
229	433	1
229	434	1
229	437	-1
229	441	-1
229	444	1
229	445	-1
229	447	1
229	450	1
229	452	1
229	453	1
229	454	1
229	455	1
229	456	1
229	459	-1
229	460	-1
229	461	-1
229	462	1
229	463	-1
229	466	1
229	470	-1
229	471	-1
229	473	-1
229	474	-1
229	476	1
229	477	1
229	480	1
229	482	-1
229	483	1
229	484	1
229	488	-1
229	489	1
229	490	1
229	491	-1
229	494	-1
229	496	1
229	497	-1
230	231	-1
230	232	-1
230	237	-1
230	238	1
230	240	1
230	245	1
230	249	1
230	250	1
230	253	1
230	256	1
230	259	1
230	260	1
230	262	-1
230	266	1
230	271	1
230	272	-1
230	273	-1
230	274	1
230	275	1
230	277	-1
230	278	1
230	280	1
230	287	-1
230	288	-1
230	290	1
230	294	-1
230	295	-1
230	297	1
230	298	1
230	299	-1
230	300	-1
230	302	1
230	305	1
230	306	1
230	317	1
230	320	1
230	321	-1
230	324	1
230	326	1
230	328	-1
230	329	-1
230	330	1
230	339	1
230	340	1
230	342	1
230	346	1
230	347	1
230	348	1
230	349	-1
230	350	-1
230	351	-1
230	354	-1
230	355	1
230	356	1
230	357	1
230	358	1
230	360	1
230	361	1
230	364	-1
230	366	-1
230	367	1
230	368	1
230	371	1
230	373	-1
230	376	1
230	377	1
230	379	1
230	381	-1
230	382	1
230	383	-1
230	386	-1
230	393	-1
230	397	-1
230	398	1
230	399	-1
230	403	-1
230	406	-1
230	407	1
230	409	1
230	411	1
230	417	1
230	418	-1
230	425	-1
230	426	1
230	427	1
230	439	-1
230	441	1
230	442	1
230	443	-1
230	445	-1
230	447	-1
230	448	-1
230	451	1
230	454	1
230	455	1
230	456	-1
230	461	-1
230	462	1
230	463	1
230	464	-1
230	469	-1
230	470	1
230	471	1
230	473	-1
230	475	1
230	476	1
230	480	-1
230	481	-1
230	482	-1
230	483	1
230	485	1
230	486	1
230	487	-1
230	489	-1
230	491	1
230	492	-1
230	494	-1
230	495	-1
230	497	-1
230	498	-1
231	234	1
231	235	-1
231	239	-1
231	241	-1
231	242	-1
231	244	-1
231	249	1
231	250	-1
231	252	1
231	256	-1
231	257	-1
231	258	1
231	261	-1
231	264	1
231	265	-1
231	266	1
231	269	1
231	271	-1
231	272	-1
231	273	-1
231	274	-1
231	275	-1
231	277	-1
231	278	-1
231	280	1
231	284	-1
231	285	1
231	286	-1
231	290	-1
231	291	1
231	292	-1
231	297	-1
231	302	1
231	305	1
231	306	-1
231	308	-1
231	310	1
231	313	-1
231	314	1
231	315	1
231	316	1
231	317	1
231	318	-1
231	319	-1
231	320	-1
231	321	1
231	322	1
231	323	1
231	324	-1
231	325	-1
231	327	1
231	329	-1
231	331	1
231	333	-1
231	336	1
231	337	1
231	338	1
231	341	1
231	345	-1
231	346	1
231	347	1
231	348	-1
231	349	1
231	354	1
231	357	1
231	358	-1
231	359	1
231	364	-1
231	366	1
231	367	-1
231	371	1
231	372	-1
231	373	1
231	374	-1
231	376	1
231	377	1
231	378	1
231	382	1
231	383	1
231	385	-1
231	390	1
231	391	1
231	393	-1
231	395	-1
231	396	1
231	399	1
231	400	-1
231	401	-1
231	404	-1
231	405	1
231	406	1
231	408	1
231	410	1
231	413	-1
231	415	-1
231	416	1
231	417	-1
231	422	1
231	424	-1
231	425	1
231	427	1
231	428	-1
231	429	-1
231	432	-1
231	433	-1
231	437	-1
231	439	-1
231	442	-1
231	443	1
231	447	1
231	448	-1
231	449	1
231	451	-1
231	455	-1
231	457	1
231	460	-1
231	462	-1
231	464	1
231	465	1
231	466	1
231	470	1
231	472	1
231	474	1
231	475	1
231	477	-1
231	478	1
231	483	1
231	484	1
231	485	-1
231	486	-1
231	487	-1
231	488	1
231	490	-1
231	494	1
231	497	1
231	499	1
232	238	1
232	239	-1
232	240	-1
232	242	1
232	243	1
232	244	-1
232	245	1
232	247	-1
232	252	1
232	253	-1
232	254	1
232	255	1
232	256	-1
232	257	1
232	258	-1
232	259	-1
232	260	-1
232	261	-1
232	264	-1
232	269	1
232	270	-1
232	271	-1
232	274	1
232	276	1
232	277	1
232	281	1
232	285	-1
232	286	-1
232	288	1
232	289	1
232	290	-1
232	291	-1
232	293	-1
232	296	-1
232	297	-1
232	299	-1
232	303	-1
232	304	1
232	306	-1
232	310	1
232	311	-1
232	313	1
232	314	1
232	315	1
232	316	1
232	320	1
232	323	1
232	324	-1
232	325	-1
232	327	1
232	328	-1
232	329	-1
232	330	-1
232	332	-1
232	333	1
232	334	1
232	337	-1
232	338	1
232	341	-1
232	342	1
232	343	1
232	344	-1
232	346	-1
232	349	-1
232	350	-1
232	351	-1
232	352	-1
232	353	1
232	355	1
232	357	-1
232	358	-1
232	361	-1
232	362	-1
232	364	-1
232	370	1
232	371	-1
232	374	-1
232	377	-1
232	378	1
232	379	1
232	381	1
232	382	1
232	383	1
232	384	-1
232	385	-1
232	388	-1
232	393	-1
232	396	1
232	399	-1
232	400	1
232	403	1
232	404	-1
232	405	-1
232	407	-1
232	408	1
232	409	1
232	412	-1
232	415	-1
232	418	1
232	419	-1
232	420	1
232	422	-1
232	423	-1
232	425	-1
232	426	-1
232	427	1
232	429	1
232	433	1
232	434	-1
232	435	1
232	436	1
232	441	-1
232	443	-1
232	444	-1
232	446	1
232	447	-1
232	448	-1
232	449	-1
232	450	1
232	453	1
232	454	1
232	455	-1
232	459	1
232	462	-1
232	464	1
232	466	1
232	467	1
232	471	1
232	472	-1
232	473	-1
232	477	1
232	479	1
232	480	1
232	481	-1
232	482	-1
232	483	-1
232	490	1
232	491	1
232	492	1
232	493	-1
232	494	-1
232	497	-1
232	498	1
233	234	1
233	235	1
233	236	1
233	241	-1
233	242	1
233	244	1
233	245	-1
233	247	-1
233	249	1
233	250	-1
233	252	-1
233	253	1
233	257	-1
233	259	1
233	261	1
233	262	1
233	264	1
233	265	1
233	270	-1
233	274	-1
233	279	-1
233	281	1
233	282	1
233	283	1
233	287	-1
233	290	1
233	292	-1
233	294	-1
233	299	1
233	300	1
233	304	1
233	305	-1
233	308	-1
233	311	1
233	314	-1
233	315	1
233	316	-1
233	317	-1
233	318	-1
233	319	-1
233	320	1
233	321	-1
233	322	-1
233	323	-1
233	326	1
233	327	-1
233	329	1
233	330	1
233	335	1
233	337	-1
233	339	1
233	340	1
233	343	-1
233	346	1
233	348	-1
233	351	-1
233	352	1
233	354	1
233	355	-1
233	356	1
233	357	1
233	359	1
233	360	1
233	362	-1
233	364	-1
233	371	1
233	372	-1
233	376	1
233	379	-1
233	380	-1
233	382	1
233	389	1
233	390	1
233	391	-1
233	399	-1
233	402	1
233	403	-1
233	406	-1
233	409	-1
233	410	1
233	411	1
233	412	1
233	415	-1
233	416	-1
233	417	-1
233	422	-1
233	423	1
233	424	-1
233	428	-1
233	430	1
233	431	1
233	432	1
233	433	-1
233	434	-1
233	437	1
233	438	-1
233	439	1
233	440	1
233	441	-1
233	442	-1
233	443	1
233	444	1
233	445	1
233	446	-1
233	447	-1
233	452	1
233	454	-1
233	458	1
233	459	1
233	463	-1
233	465	-1
233	466	-1
233	469	-1
233	470	-1
233	472	-1
233	473	1
233	474	-1
233	475	-1
233	479	-1
233	480	1
233	483	1
233	484	-1
233	486	-1
233	487	1
233	493	-1
233	499	-1
234	235	1
234	238	-1
234	239	-1
234	242	-1
234	243	-1
234	246	-1
234	247	1
234	250	1
234	251	1
234	252	1
234	254	-1
234	255	-1
234	258	-1
234	259	1
234	262	-1
234	263	-1
234	266	-1
234	267	1
234	269	-1
234	271	-1
234	273	-1
234	274	1
234	275	-1
234	276	-1
234	278	-1
234	279	-1
234	280	1
234	283	1
234	284	1
234	288	1
234	289	-1
234	290	1
234	291	1
234	296	-1
234	297	1
234	298	-1
234	299	-1
234	300	-1
234	304	-1
234	305	-1
234	306	-1
234	308	1
234	309	-1
234	310	-1
234	314	1
234	316	1
234	317	-1
234	319	1
234	320	1
234	323	1
234	325	-1
234	327	-1
234	329	1
234	330	1
234	331	-1
234	333	1
234	335	-1
234	337	-1
234	343	1
234	347	-1
234	350	-1
234	351	1
234	357	-1
234	359	-1
234	361	1
234	362	1
234	367	-1
234	369	1
234	372	1
234	375	1
234	378	-1
234	379	1
234	382	-1
234	385	1
234	386	1
234	387	-1
234	389	-1
234	390	1
234	391	1
234	393	-1
234	394	-1
234	395	-1
234	396	1
234	399	1
234	401	-1
234	403	-1
234	407	-1
234	408	1
234	409	-1
234	411	1
234	412	-1
234	413	-1
234	415	1
234	416	1
234	417	-1
234	419	1
234	421	-1
234	422	1
234	424	-1
234	426	-1
234	427	-1
234	428	-1
234	429	1
234	431	-1
234	432	1
234	433	1
234	434	1
234	435	1
234	438	-1
234	441	1
234	443	-1
234	445	-1
234	450	1
234	451	1
234	455	-1
234	459	1
234	460	-1
234	461	1
234	463	1
234	468	-1
234	471	1
234	475	-1
234	476	-1
234	480	1
234	482	1
234	483	1
234	484	1
234	490	1
234	492	-1
234	494	1
234	495	1
234	496	1
234	498	1
235	237	-1
235	239	1
235	240	-1
235	241	-1
235	242	-1
235	244	1
235	245	-1
235	246	-1
235	249	-1
235	252	1
235	255	1
235	257	1
235	258	-1
235	259	-1
235	265	-1
235	267	1
235	268	1
235	269	1
235	272	-1
235	273	-1
235	274	1
235	275	-1
235	276	-1
235	277	-1
235	280	-1
235	281	1
235	282	-1
235	284	1
235	286	1
235	287	-1
235	288	1
235	290	1
235	292	1
235	296	-1
235	299	1
235	301	1
235	302	-1
235	303	1
235	304	1
235	306	1
235	309	-1
235	310	1
235	312	1
235	313	-1
235	314	1
235	315	-1
235	318	-1
235	321	1
235	323	-1
235	327	1
235	329	1
235	330	1
235	332	1
235	333	-1
235	334	-1
235	335	1
235	336	-1
235	337	1
235	338	-1
235	339	-1
235	341	-1
235	343	1
235	344	1
235	345	1
235	346	-1
235	348	-1
235	349	-1
235	350	-1
235	354	-1
235	355	1
235	356	1
235	357	1
235	360	-1
235	362	-1
235	366	-1
235	368	-1
235	370	1
235	372	1
235	375	1
235	379	1
235	380	-1
235	383	1
235	384	-1
235	385	1
235	386	-1
235	387	-1
235	388	-1
235	389	-1
235	390	1
235	391	1
235	393	-1
235	394	-1
235	395	-1
235	396	-1
235	397	1
235	399	1
235	400	1
235	401	-1
235	404	-1
235	405	1
235	406	1
235	408	-1
235	410	-1
235	413	1
235	414	-1
235	415	1
235	418	1
235	419	-1
235	420	-1
235	422	1
235	425	-1
235	427	-1
235	428	-1
235	429	-1
235	435	-1
235	436	-1
235	437	1
235	445	-1
235	446	-1
235	448	1
235	452	1
235	453	-1
235	455	1
235	457	1
235	459	-1
235	461	1
235	462	1
235	466	1
235	468	1
235	469	-1
235	473	1
235	474	-1
235	475	-1
235	480	-1
235	481	1
235	482	1
235	483	-1
235	485	-1
235	486	-1
235	488	1
235	489	-1
235	490	1
235	495	1
235	496	1
235	498	-1
235	499	1
236	239	1
236	240	1
236	245	-1
236	247	-1
236	249	1
236	251	-1
236	252	-1
236	253	-1
236	256	-1
236	257	-1
236	258	1
236	259	-1
236	261	-1
236	262	-1
236	264	-1
236	265	1
236	266	1
236	268	-1
236	270	-1
236	271	-1
236	272	1
236	277	-1
236	278	-1
236	279	-1
236	280	-1
236	282	-1
236	285	-1
236	286	-1
236	294	1
236	295	-1
236	297	-1
236	298	-1
236	299	1
236	305	1
236	307	-1
236	312	1
236	314	-1
236	315	1
236	317	-1
236	320	1
236	321	1
236	323	-1
236	324	1
236	326	-1
236	327	-1
236	328	1
236	332	-1
236	333	1
236	335	1
236	336	-1
236	340	-1
236	341	1
236	343	1
236	344	1
236	346	1
236	348	-1
236	351	1
236	352	1
236	353	-1
236	354	-1
236	359	1
236	360	1
236	361	-1
236	362	-1
236	364	1
236	368	-1
236	370	-1
236	372	1
236	374	1
236	376	-1
236	378	1
236	380	1
236	382	1
236	388	-1
236	393	1
236	395	1
236	398	1
236	399	-1
236	400	-1
236	401	-1
236	404	-1
236	409	-1
236	410	1
236	411	1
236	414	-1
236	415	1
236	417	1
236	418	1
236	419	-1
236	422	1
236	423	-1
236	425	1
236	432	1
236	435	-1
236	439	1
236	440	1
236	442	-1
236	443	1
236	444	-1
236	445	1
236	446	-1
236	448	-1
236	450	1
236	451	1
236	452	1
236	454	1
236	460	-1
236	463	1
236	464	1
236	465	1
236	466	1
236	468	1
236	469	1
236	470	-1
236	471	-1
236	476	-1
236	484	-1
236	486	1
236	489	1
236	490	-1
236	491	1
236	498	1
236	499	-1
237	239	-1
237	241	-1
237	243	1
237	246	1
237	247	1
237	253	-1
237	258	1
237	262	1
237	270	1
237	272	1
237	275	1
237	276	1
237	277	-1
237	280	1
237	281	-1
237	282	1
237	283	1
237	284	-1
237	286	1
237	288	-1
237	289	-1
237	290	-1
237	292	-1
237	294	1
237	297	1
237	299	-1
237	300	1
237	308	-1
237	310	1
237	312	-1
237	315	1
237	316	1
237	317	-1
237	318	-1
237	319	-1
237	321	-1
237	324	-1
237	325	1
237	327	1
237	329	-1
237	332	1
237	333	-1
237	334	-1
237	337	1
237	338	1
237	340	-1
237	343	-1
237	344	1
237	346	-1
237	351	1
237	352	1
237	354	-1
237	358	1
237	359	-1
237	360	1
237	361	-1
237	363	1
237	364	-1
237	365	-1
237	369	1
237	373	-1
237	374	-1
237	376	-1
237	377	1
237	379	-1
237	386	1
237	387	1
237	388	-1
237	392	1
237	393	1
237	396	-1
237	398	1
237	401	1
237	404	-1
237	405	1
237	407	1
237	410	-1
237	411	1
237	413	-1
237	417	1
237	418	-1
237	419	1
237	420	1
237	422	-1
237	425	1
237	426	1
237	427	-1
237	428	1
237	429	-1
237	432	1
237	435	-1
237	437	-1
237	438	-1
237	440	-1
237	442	1
237	445	1
237	447	1
237	449	1
237	451	-1
237	452	1
237	455	-1
237	456	-1
237	457	1
237	459	-1
237	463	-1
237	464	-1
237	465	-1
237	466	-1
237	468	1
237	469	-1
237	471	1
237	472	-1
237	476	-1
237	477	1
237	479	1
237	480	-1
237	481	1
237	484	1
237	486	1
237	487	-1
237	489	-1
237	490	1
237	491	-1
237	493	1
237	495	-1
237	497	-1
237	498	-1
238	241	1
238	248	-1
238	252	-1
238	253	1
238	254	-1
238	257	1
238	261	-1
238	262	-1
238	263	-1
238	265	1
238	267	1
238	269	-1
238	270	1
238	271	1
238	272	1
238	274	-1
238	276	1
238	278	-1
238	279	1
238	283	-1
238	284	1
238	285	-1
238	286	1
238	287	1
238	290	-1
238	291	1
238	292	1
238	293	1
238	294	1
238	297	1
238	298	1
238	300	1
238	304	-1
238	307	1
238	309	-1
238	311	1
238	314	1
238	317	-1
238	318	1
238	319	1
238	320	1
238	322	1
238	323	-1
238	324	1
238	327	-1
238	328	-1
238	329	-1
238	331	-1
238	332	1
238	334	-1
238	335	1
238	337	1
238	338	-1
238	339	1
238	340	1
238	346	-1
238	348	1
238	349	-1
238	351	1
238	353	1
238	354	1
238	358	1
238	359	1
238	360	1
238	361	-1
238	362	-1
238	364	1
238	365	1
238	366	-1
238	367	-1
238	370	-1
238	374	1
238	375	1
238	378	1
238	379	-1
238	382	1
238	384	1
238	386	1
238	389	-1
238	392	-1
238	394	1
238	397	1
238	401	-1
238	402	1
238	403	1
238	404	1
238	405	-1
238	407	1
238	410	-1
238	412	-1
238	413	1
238	416	-1
238	417	1
238	418	-1
238	423	-1
238	428	1
238	430	1
238	434	-1
238	435	1
238	436	-1
238	437	-1
238	439	1
238	440	1
238	442	1
238	443	1
238	445	-1
238	448	-1
238	449	1
238	450	1
238	451	-1
238	453	-1
238	454	-1
238	459	-1
238	461	1
238	467	1
238	468	1
238	469	1
238	471	-1
238	474	-1
238	476	1
238	477	1
238	478	1
238	480	-1
238	483	1
238	484	1
238	485	1
238	486	1
238	487	1
238	488	1
238	489	1
238	492	1
238	493	-1
238	494	1
238	498	1
238	499	-1
239	240	-1
239	242	1
239	245	-1
239	246	-1
239	247	1
239	248	1
239	249	-1
239	250	1
239	251	-1
239	252	1
239	253	-1
239	255	-1
239	256	-1
239	260	1
239	262	-1
239	263	-1
239	265	-1
239	266	1
239	267	1
239	270	-1
239	271	-1
239	273	1
239	274	1
239	276	1
239	279	-1
239	283	1
239	284	1
239	285	1
239	286	-1
239	287	1
239	288	-1
239	290	1
239	292	1
239	294	1
239	295	-1
239	298	1
239	299	-1
239	300	1
239	302	-1
239	305	-1
239	307	1
239	309	1
239	315	1
239	316	-1
239	318	-1
239	322	-1
239	323	1
239	331	-1
239	333	1
239	335	1
239	337	-1
239	341	-1
239	342	-1
239	343	-1
239	344	-1
239	346	-1
239	348	-1
239	349	1
239	350	1
239	351	1
239	352	1
239	355	-1
239	359	1
239	360	1
239	361	1
239	362	-1
239	363	-1
239	365	1
239	368	1
239	369	-1
239	370	1
239	373	-1
239	377	1
239	382	1
239	383	1
239	385	-1
239	388	-1
239	389	1
239	390	-1
239	394	-1
239	395	1
239	396	1
239	397	1
239	400	1
239	402	1
239	403	-1
239	404	-1
239	406	-1
239	407	1
239	410	-1
239	411	-1
239	417	1
239	418	1
239	419	1
239	422	-1
239	423	1
239	424	-1
239	428	-1
239	429	-1
239	430	-1
239	431	-1
239	434	1
239	435	1
239	439	1
239	441	1
239	447	1
239	449	-1
239	450	-1
239	451	1
239	454	1
239	455	-1
239	456	-1
239	457	1
239	458	-1
239	459	-1
239	462	-1
239	463	-1
239	464	1
239	468	1
239	469	-1
239	470	1
239	471	-1
239	473	1
239	474	-1
239	476	1
239	477	-1
239	480	1
239	481	1
239	483	-1
239	484	-1
239	485	1
239	487	-1
239	488	1
239	490	1
239	491	-1
239	492	1
239	493	-1
239	495	-1
239	496	1
240	241	-1
240	242	1
240	247	1
240	248	-1
240	250	1
240	252	-1
240	253	1
240	254	1
240	255	1
240	258	-1
240	262	1
240	263	-1
240	266	1
240	268	-1
240	269	-1
240	271	-1
240	273	1
240	274	1
240	276	-1
240	277	-1
240	283	-1
240	286	1
240	287	-1
240	288	1
240	292	1
240	293	1
240	295	-1
240	297	1
240	300	-1
240	306	-1
240	307	1
240	308	1
240	310	1
240	311	-1
240	318	1
240	320	1
240	323	1
240	325	-1
240	328	1
240	333	-1
240	334	-1
240	335	-1
240	337	-1
240	338	1
240	339	-1
240	343	1
240	344	1
240	345	-1
240	346	-1
240	350	-1
240	351	1
240	353	-1
240	354	1
240	356	1
240	357	-1
240	358	1
240	359	1
240	360	-1
240	361	1
240	364	-1
240	366	1
240	368	-1
240	369	1
240	370	-1
240	372	1
240	373	-1
240	374	1
240	375	-1
240	376	1
240	377	-1
240	378	-1
240	379	-1
240	381	1
240	382	1
240	387	1
240	388	-1
240	389	1
240	390	-1
240	392	-1
240	393	1
240	395	1
240	397	-1
240	399	-1
240	401	1
240	402	1
240	404	-1
240	405	1
240	408	-1
240	409	1
240	411	-1
240	418	1
240	422	1
240	423	-1
240	425	-1
240	429	-1
240	431	1
240	432	-1
240	434	1
240	438	1
240	439	-1
240	440	-1
240	443	-1
240	444	1
240	445	1
240	447	1
240	448	-1
240	452	1
240	456	-1
240	457	-1
240	458	1
240	459	-1
240	461	1
240	463	-1
240	464	1
240	465	-1
240	466	-1
240	467	-1
240	468	1
240	471	1
240	475	-1
240	477	-1
240	478	-1
240	479	-1
240	480	-1
240	483	-1
240	485	1
240	486	1
240	489	-1
240	490	-1
240	491	-1
240	492	-1
240	498	1
241	245	-1
241	251	1
241	252	-1
241	253	1
241	259	1
241	261	1
241	263	-1
241	264	1
241	265	1
241	266	-1
241	273	-1
241	274	-1
241	275	-1
241	278	-1
241	279	-1
241	280	-1
241	282	1
241	284	1
241	285	-1
241	286	-1
241	287	1
241	290	-1
241	292	1
241	293	1
241	296	1
241	297	-1
241	298	-1
241	300	-1
241	302	1
241	304	1
241	305	-1
241	306	-1
241	308	1
241	309	1
241	313	-1
241	315	-1
241	318	-1
241	322	1
241	323	1
241	326	1
241	327	-1
241	328	1
241	331	1
241	333	1
241	334	-1
241	335	-1
241	339	-1
241	341	-1
241	342	-1
241	343	-1
241	345	1
241	348	1
241	350	-1
241	353	1
241	358	1
241	362	1
241	363	-1
241	364	1
241	365	-1
241	366	1
241	370	1
241	371	-1
241	372	1
241	373	-1
241	374	1
241	375	1
241	376	1
241	377	1
241	378	1
241	380	-1
241	381	1
241	382	1
241	383	1
241	389	1
241	395	-1
241	399	-1
241	402	1
241	403	-1
241	405	-1
241	407	-1
241	408	-1
241	409	-1
241	410	-1
241	411	-1
241	413	-1
241	414	1
241	416	-1
241	420	1
241	421	1
241	423	1
241	425	1
241	432	-1
241	435	1
241	437	-1
241	438	1
241	440	1
241	443	1
241	446	1
241	451	-1
241	453	1
241	454	-1
241	455	1
241	457	-1
241	458	1
241	459	1
241	464	-1
241	465	1
241	467	1
241	468	-1
241	471	1
241	474	1
241	475	-1
241	476	-1
241	478	-1
241	479	-1
241	484	-1
241	485	1
241	492	-1
241	493	-1
241	497	-1
241	499	1
242	243	1
242	244	-1
242	245	-1
242	246	-1
242	247	-1
242	258	-1
242	259	-1
242	260	1
242	262	-1
242	264	-1
242	267	-1
242	269	1
242	270	-1
242	273	-1
242	274	-1
242	276	1
242	277	1
242	278	1
242	281	-1
242	282	1
242	283	1
242	285	-1
242	288	-1
242	289	-1
242	290	-1
242	291	-1
242	295	-1
242	296	-1
242	299	-1
242	300	1
242	302	1
242	304	1
242	306	-1
242	307	1
242	308	1
242	309	1
242	315	-1
242	320	-1
242	322	-1
242	324	1
242	325	-1
242	327	-1
242	328	-1
242	330	-1
242	331	-1
242	332	-1
242	333	1
242	334	-1
242	341	1
242	342	1
242	343	1
242	344	1
242	347	-1
242	348	-1
242	350	1
242	353	-1
242	354	1
242	355	1
242	356	1
242	358	-1
242	359	1
242	360	1
242	363	1
242	364	-1
242	365	1
242	366	1
242	367	-1
242	368	-1
242	369	-1
242	370	1
242	371	-1
242	374	1
242	375	1
242	376	1
242	378	1
242	379	-1
242	380	1
242	381	-1
242	383	-1
242	384	-1
242	386	-1
242	388	1
242	391	1
242	393	-1
242	394	1
242	397	-1
242	398	-1
242	399	1
242	403	-1
242	404	1
242	410	-1
242	411	1
242	413	-1
242	415	1
242	417	-1
242	426	-1
242	429	1
242	432	-1
242	436	1
242	437	-1
242	443	-1
242	445	-1
242	446	1
242	447	1
242	448	-1
242	453	-1
242	455	1
242	456	-1
242	457	1
242	461	-1
242	463	-1
242	465	-1
242	468	1
242	469	1
242	470	1
242	471	1
242	472	-1
242	474	1
242	475	1
242	476	-1
242	478	-1
242	480	1
242	481	-1
242	482	1
242	485	1
242	487	1
242	490	-1
242	491	1
242	492	1
242	493	1
242	495	-1
242	496	1
242	499	-1
243	246	1
243	247	1
243	248	-1
243	251	1
243	252	-1
243	253	-1
243	255	1
243	257	1
243	261	1
243	262	-1
243	265	1
243	266	-1
243	270	1
243	271	-1
243	272	-1
243	274	1
243	275	1
243	277	1
243	280	1
243	281	-1
243	282	1
243	283	-1
243	285	-1
243	286	1
243	290	1
243	291	1
243	292	-1
243	295	1
243	300	1
243	303	1
243	304	1
243	307	-1
243	308	-1
243	309	-1
243	311	1
243	312	-1
243	315	-1
243	317	-1
243	319	-1
243	321	-1
243	324	-1
243	325	-1
243	326	-1
243	331	-1
243	332	1
243	333	-1
243	335	-1
243	338	-1
243	339	-1
243	340	1
243	343	1
243	344	-1
243	345	1
243	346	-1
243	348	1
243	350	1
243	353	-1
243	355	-1
243	358	1
243	359	-1
243	360	-1
243	361	1
243	362	-1
243	363	-1
243	365	-1
243	367	1
243	369	-1
243	370	-1
243	374	-1
243	375	-1
243	378	1
243	379	-1
243	380	1
243	381	-1
243	384	1
243	387	1
243	388	1
243	391	-1
243	393	1
243	395	-1
243	397	-1
243	398	1
243	400	-1
243	402	-1
243	404	-1
243	405	-1
243	410	1
243	411	1
243	414	1
243	419	-1
243	422	1
243	423	-1
243	426	-1
243	428	-1
243	429	1
243	432	1
243	433	-1
243	437	1
243	438	1
243	443	-1
243	445	-1
243	446	1
243	448	-1
243	449	-1
243	450	1
243	453	1
243	455	1
243	456	1
243	457	-1
243	458	1
243	459	-1
243	460	1
243	461	-1
243	462	-1
243	463	-1
243	464	1
243	467	1
243	469	-1
243	470	1
243	471	-1
243	472	-1
243	473	-1
243	474	-1
243	475	1
243	477	-1
243	478	1
243	481	-1
243	482	1
243	486	1
243	491	-1
243	492	-1
243	493	-1
243	494	1
243	496	1
244	247	-1
244	248	1
244	249	-1
244	253	-1
244	256	-1
244	258	1
244	261	-1
244	262	-1
244	263	1
244	264	1
244	267	1
244	268	1
244	269	1
244	270	-1
244	272	1
244	273	1
244	275	1
244	276	1
244	277	-1
244	278	-1
244	281	1
244	282	1
244	283	-1
244	286	-1
244	287	1
244	289	1
244	292	-1
244	293	-1
244	294	1
244	295	1
244	296	1
244	297	-1
244	298	-1
244	299	-1
244	302	1
244	303	-1
244	306	1
244	308	1
244	311	1
244	314	-1
244	315	1
244	316	1
244	319	-1
244	324	1
244	331	-1
244	332	-1
244	333	1
244	334	1
244	335	-1
244	336	-1
244	337	-1
244	338	-1
244	344	-1
244	347	1
244	348	-1
244	349	1
244	351	-1
244	355	1
244	356	-1
244	357	1
244	359	1
244	363	-1
244	364	1
244	368	-1
244	370	1
244	373	1
244	379	-1
244	380	1
244	382	-1
244	384	1
244	385	-1
244	387	-1
244	388	1
244	392	-1
244	393	1
244	394	-1
244	395	1
244	397	1
244	399	1
244	400	-1
244	401	1
244	402	-1
244	403	1
244	404	1
244	405	-1
244	410	1
244	413	1
244	415	1
244	417	1
244	418	1
244	419	1
244	424	1
244	426	1
244	427	1
244	428	1
244	432	-1
244	434	1
244	435	-1
244	436	1
244	439	-1
244	440	-1
244	444	1
244	445	-1
244	446	-1
244	450	1
244	451	-1
244	453	-1
244	455	1
244	457	-1
244	461	1
244	463	-1
244	464	-1
244	467	1
244	469	-1
244	470	1
244	472	1
244	474	-1
244	478	1
244	479	-1
244	481	-1
244	483	1
244	484	1
244	486	-1
244	487	-1
244	489	1
244	490	-1
244	491	1
244	494	1
244	496	1
244	498	1
245	246	1
245	247	-1
245	248	-1
245	250	1
245	251	-1
245	254	1
245	255	-1
245	259	1
245	261	-1
245	262	-1
245	264	-1
245	266	-1
245	267	1
245	274	-1
245	275	-1
245	276	1
245	278	1
245	280	1
245	281	-1
245	282	-1
245	283	1
245	284	-1
245	285	1
245	289	1
245	291	1
245	293	1
245	294	1
245	295	1
245	299	-1
245	300	1
245	308	-1
245	310	1
245	312	-1
245	314	1
245	315	-1
245	317	-1
245	318	1
245	322	-1
245	323	1
245	325	-1
245	326	1
245	327	-1
245	329	1
245	330	1
245	332	1
245	333	1
245	334	1
245	335	-1
245	337	-1
245	338	1
245	339	-1
245	340	-1
245	343	1
245	345	-1
245	347	1
245	348	1
245	350	1
245	351	1
245	352	1
245	353	1
245	354	1
245	356	1
245	357	1
245	359	1
245	361	1
245	364	-1
245	365	1
245	366	1
245	370	-1
245	371	1
245	372	1
245	373	1
245	376	1
245	377	-1
245	381	1
245	383	1
245	391	1
245	392	-1
245	394	1
245	395	-1
245	397	-1
245	400	-1
245	402	-1
245	406	-1
245	414	-1
245	415	1
245	417	1
245	418	-1
245	420	-1
245	422	1
245	425	1
245	427	-1
245	428	1
245	430	1
245	431	1
245	432	1
245	433	-1
245	434	-1
245	435	1
245	438	1
245	439	-1
245	440	-1
245	441	1
245	442	1
245	443	-1
245	447	-1
245	448	-1
245	449	1
245	450	-1
245	451	1
245	453	-1
245	454	1
245	455	1
245	458	1
245	462	1
245	466	-1
245	468	1
245	471	-1
245	472	-1
245	474	-1
245	475	1
245	477	-1
245	480	-1
245	481	1
245	482	1
245	483	1
245	485	1
245	488	-1
245	489	1
245	493	1
245	496	-1
245	499	1
246	247	-1
246	248	1
246	249	1
246	250	-1
246	252	1
246	253	-1
246	255	-1
246	256	1
246	257	-1
246	259	-1
246	260	1
246	261	1
246	262	1
246	263	1
246	269	-1
246	270	-1
246	271	1
246	272	-1
246	274	-1
246	279	-1
246	282	-1
246	283	1
246	285	-1
246	286	-1
246	289	-1
246	291	1
246	292	-1
246	293	1
246	294	1
246	295	1
246	300	-1
246	301	-1
246	302	-1
246	303	-1
246	308	1
246	309	-1
246	311	1
246	312	1
246	314	-1
246	315	-1
246	316	1
246	322	-1
246	323	-1
246	324	-1
246	326	-1
246	327	1
246	328	-1
246	329	1
246	333	1
246	336	1
246	338	1
246	340	-1
246	341	-1
246	342	-1
246	343	-1
246	344	-1
246	346	1
246	347	-1
246	348	-1
246	349	-1
246	350	-1
246	352	1
246	355	1
246	356	1
246	357	-1
246	359	-1
246	362	-1
246	366	1
246	369	1
246	372	-1
246	373	1
246	374	-1
246	379	-1
246	383	-1
246	384	-1
246	385	-1
246	386	-1
246	388	1
246	389	1
246	391	-1
246	392	1
246	401	1
246	402	-1
246	403	-1
246	404	1
246	406	-1
246	409	1
246	410	1
246	412	-1
246	413	-1
246	414	-1
246	416	1
246	417	1
246	418	-1
246	419	1
246	420	1
246	421	-1
246	425	1
246	426	1
246	429	1
246	430	-1
246	431	-1
246	435	-1
246	436	-1
246	437	-1
246	438	1
246	440	-1
246	442	-1
246	443	1
246	444	-1
246	446	-1
246	447	-1
246	449	1
246	451	-1
246	452	1
246	454	-1
246	455	-1
246	456	1
246	457	-1
246	458	-1
246	459	1
246	461	1
246	462	-1
246	466	1
246	468	-1
246	471	-1
246	477	1
246	478	-1
246	479	1
246	482	1
246	483	-1
246	484	-1
246	485	1
246	486	1
246	489	1
246	490	-1
246	492	1
246	493	1
246	494	-1
246	495	1
246	496	1
246	498	-1
246	499	1
247	248	1
247	250	1
247	252	1
247	253	1
247	254	-1
247	255	1
247	257	-1
247	258	1
247	260	-1
247	262	-1
247	265	-1
247	266	-1
247	269	1
247	270	1
247	271	-1
247	272	-1
247	273	-1
247	276	-1
247	277	-1
247	278	-1
247	279	1
247	280	1
247	281	-1
247	288	-1
247	289	1
247	291	-1
247	292	1
247	293	1
247	295	-1
247	296	1
247	297	1
247	300	-1
247	302	1
247	303	1
247	306	1
247	307	1
247	310	1
247	315	-1
247	316	1
247	317	1
247	323	-1
247	324	-1
247	325	-1
247	326	-1
247	328	1
247	330	-1
247	333	1
247	334	1
247	335	-1
247	337	-1
247	338	-1
247	342	1
247	343	-1
247	344	1
247	345	1
247	346	-1
247	348	1
247	349	-1
247	350	1
247	352	-1
247	353	-1
247	354	-1
247	357	1
247	358	-1
247	360	1
247	365	1
247	366	-1
247	368	1
247	372	-1
247	373	1
247	376	-1
247	377	1
247	378	1
247	379	-1
247	380	-1
247	382	1
247	383	1
247	389	-1
247	390	1
247	391	1
247	392	1
247	394	1
247	395	-1
247	396	1
247	397	-1
247	402	-1
247	403	-1
247	404	-1
247	405	-1
247	406	1
247	408	-1
247	409	-1
247	410	1
247	411	-1
247	412	1
247	416	1
247	418	1
247	420	-1
247	422	1
247	423	-1
247	424	1
247	427	1
247	428	-1
247	429	-1
247	430	-1
247	431	1
247	432	-1
247	433	1
247	434	1
247	435	1
247	437	-1
247	441	1
247	442	1
247	443	1
247	444	-1
247	451	-1
247	452	-1
247	454	-1
247	455	-1
247	457	1
247	458	1
247	459	1
247	461	1
247	462	1
247	463	1
247	466	1
247	467	1
247	468	-1
247	470	1
247	471	1
247	475	-1
247	476	1
247	483	-1
247	484	-1
247	485	1
247	489	-1
247	492	1
247	493	1
247	494	-1
247	498	1
247	499	1
248	249	1
248	250	-1
248	254	1
248	255	-1
248	257	-1
248	260	-1
248	263	1
248	266	-1
248	267	-1
248	271	-1
248	272	1
248	274	1
248	275	1
248	277	-1
248	278	-1
248	279	1
248	280	-1
248	282	1
248	285	-1
248	290	-1
248	292	-1
248	297	1
248	301	1
248	302	-1
248	304	1
248	305	-1
248	306	1
248	307	-1
248	310	-1
248	312	-1
248	314	1
248	315	1
248	316	-1
248	320	1
248	325	-1
248	327	1
248	328	1
248	329	-1
248	330	-1
248	333	-1
248	334	-1
248	335	-1
248	336	-1
248	337	-1
248	339	1
248	340	1
248	342	1
248	343	-1
248	349	1
248	355	-1
248	357	-1
248	359	-1
248	360	-1
248	362	-1
248	363	1
248	364	-1
248	366	1
248	368	-1
248	369	1
248	371	1
248	373	1
248	374	-1
248	375	1
248	377	1
248	378	1
248	379	-1
248	380	1
248	381	-1
248	386	-1
248	387	1
248	390	-1
248	391	-1
248	394	-1
248	395	1
248	396	1
248	397	1
248	399	1
248	402	1
248	403	-1
248	404	1
248	406	-1
248	407	1
248	409	1
248	411	-1
248	413	1
248	414	1
248	415	-1
248	417	-1
248	418	1
248	420	1
248	421	1
248	424	-1
248	425	-1
248	426	-1
248	428	1
248	429	-1
248	430	1
248	431	1
248	432	-1
248	433	-1
248	436	-1
248	438	1
248	439	-1
248	443	-1
248	444	-1
248	445	-1
248	449	-1
248	450	-1
248	453	-1
248	456	-1
248	459	-1
248	461	-1
248	463	1
248	464	-1
248	466	-1
248	467	1
248	468	-1
248	469	-1
248	474	1
248	475	-1
248	477	1
248	482	-1
248	483	1
248	484	1
248	486	1
248	488	-1
248	490	1
248	491	1
248	494	-1
248	497	-1
248	499	1
249	250	-1
249	252	1
249	253	1
249	254	-1
249	256	-1
249	258	1
249	259	-1
249	263	1
249	266	-1
249	270	-1
249	273	1
249	274	-1
249	275	-1
249	277	1
249	278	-1
249	281	1
249	283	-1
249	288	-1
249	290	1
249	292	1
249	293	-1
249	294	1
249	295	-1
249	296	1
249	299	-1
249	300	-1
249	301	-1
249	303	-1
249	304	-1
249	305	1
249	306	1
249	307	1
249	309	-1
249	313	1
249	314	-1
249	316	1
249	319	1
249	320	-1
249	325	1
249	329	-1
249	331	1
249	332	1
249	333	-1
249	335	-1
249	336	-1
249	340	1
249	341	1
249	343	1
249	346	-1
249	347	1
249	348	-1
249	350	1
249	351	1
249	354	1
249	355	1
249	358	1
249	360	1
249	361	-1
249	364	1
249	367	-1
249	368	1
249	369	1
249	370	-1
249	371	1
249	372	1
249	380	-1
249	383	1
249	384	1
249	386	1
249	390	-1
249	393	1
249	397	1
249	399	1
249	400	1
249	402	-1
249	403	-1
249	406	-1
249	407	-1
249	408	1
249	409	-1
249	411	-1
249	415	1
249	416	-1
249	418	1
249	419	-1
249	422	1
249	423	1
249	424	-1
249	426	1
249	428	1
249	429	-1
249	430	1
249	433	1
249	434	1
249	436	1
249	437	1
249	441	1
249	442	1
249	443	-1
249	445	1
249	446	1
249	447	-1
249	451	-1
249	452	-1
249	454	-1
249	456	1
249	457	1
249	458	1
249	463	1
249	465	1
249	466	1
249	467	-1
249	468	1
249	470	1
249	472	-1
249	473	1
249	476	-1
249	478	-1
249	480	1
249	481	1
249	485	-1
249	486	1
249	488	-1
249	490	1
249	491	1
249	494	-1
249	495	1
250	251	1
250	256	1
250	258	-1
250	259	-1
250	260	-1
250	262	-1
250	265	-1
250	266	-1
250	267	-1
250	270	1
250	272	1
250	273	-1
250	274	-1
250	276	1
250	277	-1
250	278	-1
250	284	1
250	285	1
250	287	-1
250	288	-1
250	291	-1
250	293	1
250	294	-1
250	295	-1
250	296	-1
250	297	1
250	298	-1
250	300	1
250	301	-1
250	302	1
250	307	-1
250	308	1
250	309	-1
250	310	-1
250	311	1
250	313	-1
250	316	1
250	318	1
250	324	-1
250	327	-1
250	328	-1
250	329	-1
250	330	-1
250	331	1
250	334	1
250	335	-1
250	336	1
250	338	-1
250	339	1
250	342	1
250	344	-1
250	345	-1
250	346	-1
250	351	1
250	353	1
250	354	1
250	355	-1
250	356	1
250	358	1
250	359	-1
250	362	-1
250	364	1
250	365	-1
250	369	1
250	375	1
250	377	1
250	379	-1
250	381	1
250	385	-1
250	386	1
250	391	-1
250	393	-1
250	394	1
250	397	-1
250	398	1
250	401	-1
250	402	-1
250	404	-1
250	407	-1
250	411	-1
250	414	1
250	417	-1
250	418	-1
250	420	-1
250	421	-1
250	425	1
250	427	1
250	428	-1
250	430	1
250	431	-1
250	432	1
250	434	-1
250	436	1
250	438	1
250	439	1
250	441	-1
250	443	1
250	445	1
250	448	-1
250	449	-1
250	451	1
250	453	-1
250	458	-1
250	460	-1
250	462	1
250	463	1
250	464	1
250	465	1
250	468	-1
250	471	-1
250	473	-1
250	474	1
250	475	1
250	476	1
250	479	1
250	480	1
250	481	-1
250	482	1
250	484	-1
250	487	-1
250	488	1
250	490	1
250	491	-1
250	492	1
250	493	1
251	253	-1
251	255	-1
251	256	-1
251	264	-1
251	269	-1
251	274	1
251	275	1
251	278	-1
251	279	-1
251	280	-1
251	281	-1
251	282	1
251	285	-1
251	286	1
251	291	-1
251	292	1
251	294	1
251	298	-1
251	301	1
251	302	1
251	304	1
251	305	1
251	306	-1
251	307	-1
251	308	-1
251	309	-1
251	314	1
251	316	1
251	318	1
251	322	1
251	323	1
251	325	-1
251	330	-1
251	331	-1
251	334	-1
251	340	1
251	342	-1
251	344	1
251	345	1
251	346	1
251	347	-1
251	348	-1
251	351	1
251	352	1
251	353	1
251	356	-1
251	358	-1
251	359	1
251	361	1
251	364	1
251	366	1
251	368	-1
251	369	1
251	370	-1
251	372	1
251	374	-1
251	375	1
251	382	1
251	383	-1
251	386	-1
251	388	-1
251	389	-1
251	390	-1
251	395	-1
251	397	-1
251	399	1
251	404	1
251	407	1
251	408	1
251	412	-1
251	413	-1
251	414	-1
251	415	1
251	418	1
251	419	-1
251	424	-1
251	426	1
251	429	1
251	430	1
251	431	-1
251	433	1
251	434	-1
251	436	-1
251	437	1
251	438	1
251	439	-1
251	441	1
251	442	-1
251	445	-1
251	446	1
251	447	1
251	448	-1
251	449	-1
251	450	1
251	451	-1
251	453	-1
251	454	1
251	455	1
251	456	-1
251	457	-1
251	459	1
251	460	-1
251	461	-1
251	465	1
251	469	-1
251	470	-1
251	471	-1
251	472	1
251	473	1
251	474	-1
251	479	-1
251	480	-1
251	481	1
251	486	1
251	489	1
251	490	-1
251	491	-1
251	492	1
251	494	1
251	496	-1
251	499	-1
252	254	-1
252	256	1
252	258	1
252	259	-1
252	260	-1
252	261	-1
252	267	-1
252	268	1
252	270	1
252	278	-1
252	280	1
252	281	-1
252	282	1
252	284	-1
252	285	-1
252	287	1
252	289	-1
252	293	1
252	294	1
252	296	-1
252	298	-1
252	306	-1
252	307	-1
252	308	1
252	309	1
252	310	1
252	312	-1
252	314	1
252	315	-1
252	318	-1
252	322	-1
252	324	-1
252	325	-1
252	326	-1
252	329	1
252	330	-1
252	334	1
252	337	-1
252	338	1
252	339	-1
252	341	1
252	342	1
252	345	-1
252	347	-1
252	348	-1
252	350	-1
252	352	1
252	354	-1
252	355	1
252	356	1
252	357	-1
252	360	-1
252	362	1
252	365	-1
252	366	-1
252	368	-1
252	370	-1
252	371	-1
252	375	1
252	377	-1
252	380	-1
252	382	1
252	383	1
252	384	1
252	387	1
252	390	-1
252	392	1
252	393	1
252	394	-1
252	400	-1
252	404	-1
252	410	-1
252	411	1
252	414	-1
252	416	1
252	417	1
252	419	1
252	420	1
252	421	-1
252	422	-1
252	425	1
252	427	1
252	428	-1
252	429	-1
252	431	1
252	433	-1
252	438	1
252	440	1
252	442	1
252	445	1
252	447	-1
252	448	-1
252	450	1
252	451	-1
252	452	1
252	456	1
252	460	-1
252	461	-1
252	462	-1
252	463	-1
252	464	-1
252	466	1
252	468	-1
252	471	1
252	476	-1
252	482	-1
252	483	1
252	484	-1
252	486	-1
252	490	-1
252	491	-1
253	254	-1
253	257	-1
253	260	-1
253	262	-1
253	263	1
253	266	-1
253	267	-1
253	270	1
253	273	1
253	274	-1
253	275	-1
253	276	1
253	277	1
253	278	1
253	279	-1
253	280	1
253	282	-1
253	283	1
253	284	-1
253	287	-1
253	293	-1
253	294	1
253	295	1
253	296	1
253	297	-1
253	298	-1
253	301	1
253	302	-1
253	303	-1
253	304	-1
253	307	1
253	308	1
253	309	1
253	310	-1
253	311	-1
253	313	-1
253	314	-1
253	319	-1
253	320	1
253	323	-1
253	324	-1
253	326	1
253	328	-1
253	329	1
253	331	1
253	335	-1
253	337	-1
253	338	-1
253	339	-1
253	340	1
253	343	1
253	344	-1
253	345	1
253	346	-1
253	347	-1
253	348	1
253	352	-1
253	354	-1
253	357	1
253	361	-1
253	363	-1
253	365	-1
253	366	-1
253	367	-1
253	369	-1
253	370	-1
253	374	1
253	375	1
253	376	1
253	379	1
253	380	-1
253	381	1
253	386	-1
253	387	1
253	390	1
253	395	-1
253	396	-1
253	398	-1
253	402	1
253	405	-1
253	406	-1
253	407	-1
253	408	-1
253	409	1
253	411	1
253	414	-1
253	415	-1
253	417	1
253	419	-1
253	420	1
253	421	-1
253	422	-1
253	425	1
253	427	-1
253	428	1
253	429	-1
253	430	1
253	434	-1
253	435	1
253	436	-1
253	437	1
253	438	1
253	439	1
253	440	1
253	442	1
253	446	-1
253	447	-1
253	448	1
253	450	-1
253	451	1
253	452	-1
253	453	-1
253	455	1
253	456	1
253	458	1
253	462	1
253	463	-1
253	465	1
253	468	-1
253	469	-1
253	470	-1
253	471	1
253	478	1
253	480	1
253	481	1
253	483	-1
253	485	1
253	488	-1
253	489	1
253	491	-1
253	492	-1
253	493	-1
253	497	-1
253	498	1
253	499	-1
254	255	1
254	256	-1
254	257	1
254	258	1
254	265	-1
254	268	1
254	269	-1
254	270	1
254	271	-1
254	272	1
254	273	1
254	284	-1
254	286	1
254	287	-1
254	289	-1
254	292	1
254	294	-1
254	295	1
254	298	-1
254	301	1
254	303	1
254	304	1
254	307	1
254	308	-1
254	310	-1
254	311	1
254	312	-1
254	313	-1
254	314	-1
254	315	-1
254	316	1
254	317	1
254	318	1
254	321	-1
254	322	1
254	323	1
254	324	1
254	326	-1
254	328	1
254	329	1
254	330	1
254	331	-1
254	343	1
254	347	1
254	350	-1
254	351	1
254	355	-1
254	356	1
254	358	1
254	359	1
254	360	1
254	361	-1
254	362	-1
254	363	1
254	366	1
254	367	1
254	369	-1
254	370	1
254	371	-1
254	375	1
254	376	-1
254	382	1
254	384	1
254	385	-1
254	386	1
254	387	-1
254	390	-1
254	391	1
254	392	1
254	394	-1
254	395	-1
254	398	1
254	402	1
254	405	1
254	406	-1
254	410	1
254	411	-1
254	412	1
254	413	-1
254	414	-1
254	416	-1
254	420	1
254	421	1
254	423	-1
254	425	-1
254	429	1
254	430	1
254	433	1
254	437	1
254	439	-1
254	440	-1
254	442	-1
254	446	-1
254	447	1
254	448	1
254	450	-1
254	454	-1
254	455	1
254	456	-1
254	459	-1
254	461	-1
254	462	-1
254	463	-1
254	464	-1
254	466	-1
254	467	1
254	468	1
254	472	-1
254	474	1
254	476	-1
254	477	-1
254	479	1
254	480	1
254	481	1
254	485	-1
254	486	-1
254	487	1
254	488	1
254	489	-1
254	490	-1
254	491	1
254	492	1
254	495	1
254	498	1
255	258	-1
255	259	1
255	260	1
255	261	1
255	264	-1
255	267	-1
255	268	-1
255	269	-1
255	272	1
255	273	-1
255	274	-1
255	275	1
255	276	-1
255	278	1
255	281	-1
255	282	-1
255	284	1
255	285	1
255	286	-1
255	289	-1
255	290	-1
255	291	1
255	292	1
255	293	1
255	299	-1
255	301	-1
255	302	1
255	307	1
255	309	-1
255	311	-1
255	312	1
255	313	1
255	314	1
255	315	-1
255	316	1
255	318	-1
255	319	1
255	322	1
255	324	-1
255	326	1
255	328	1
255	329	-1
255	333	1
255	336	-1
255	337	1
255	339	1
255	341	1
255	345	-1
255	348	-1
255	355	1
255	356	1
255	358	1
255	359	-1
255	363	1
255	364	-1
255	365	-1
255	367	-1
255	368	-1
255	369	1
255	373	1
255	376	1
255	377	-1
255	379	1
255	380	-1
255	381	1
255	383	1
255	384	-1
255	385	-1
255	388	1
255	389	1
255	390	-1
255	392	-1
255	393	-1
255	394	-1
255	395	1
255	400	1
255	401	-1
255	406	1
255	407	-1
255	408	1
255	409	-1
255	410	1
255	415	1
255	416	-1
255	419	-1
255	420	1
255	422	1
255	423	1
255	424	1
255	425	-1
255	426	-1
255	429	-1
255	430	-1
255	433	1
255	434	1
255	436	1
255	437	-1
255	439	-1
255	440	-1
255	445	1
255	447	-1
255	448	-1
255	449	1
255	455	-1
255	459	-1
255	460	1
255	461	1
255	462	-1
255	463	-1
255	466	1
255	468	-1
255	472	1
255	473	-1
255	476	-1
255	477	-1
255	478	1
255	481	1
255	483	1
255	484	1
255	485	1
255	488	-1
255	489	1
255	499	-1
256	257	-1
256	265	1
256	269	1
256	271	-1
256	272	-1
256	273	1
256	274	-1
256	277	1
256	280	1
256	285	-1
256	286	-1
256	289	-1
256	299	-1
256	300	-1
256	301	1
256	302	-1
256	304	-1
256	306	1
256	308	-1
256	309	1
256	310	-1
256	314	-1
256	317	1
256	318	-1
256	319	1
256	324	1
256	325	1
256	327	-1
256	329	-1
256	330	-1
256	331	-1
256	332	-1
256	333	-1
256	335	1
256	337	1
256	338	1
256	341	-1
256	344	1
256	347	1
256	348	1
256	349	1
256	353	-1
256	354	-1
256	355	1
256	357	-1
256	358	-1
256	360	-1
256	361	1
256	363	-1
256	364	1
256	369	1
256	370	-1
256	371	1
256	375	-1
256	376	-1
256	378	-1
256	379	1
256	380	-1
256	383	1
256	384	-1
256	387	1
256	390	-1
256	391	-1
256	392	-1
256	393	-1
256	394	1
256	395	1
256	397	-1
256	398	1
256	399	1
256	400	-1
256	401	-1
256	406	-1
256	408	1
256	409	1
256	412	-1
256	413	1
256	414	1
256	417	-1
256	418	-1
256	420	1
256	421	1
256	428	-1
256	429	1
256	431	1
256	432	1
256	433	-1
256	435	1
256	436	1
256	437	1
256	439	1
256	440	-1
256	442	-1
256	444	-1
256	447	1
256	448	-1
256	450	1
256	451	1
256	452	-1
256	454	1
256	455	-1
256	456	-1
256	458	-1
256	460	1
256	461	1
256	464	-1
256	467	-1
256	469	1
256	470	1
256	471	-1
256	472	1
256	474	-1
256	476	-1
256	479	1
256	481	-1
256	485	-1
256	488	1
256	490	-1
256	495	-1
257	258	-1
257	259	1
257	261	-1
257	263	1
257	266	1
257	267	1
257	269	1
257	273	-1
257	274	1
257	276	-1
257	277	-1
257	280	-1
257	281	-1
257	283	-1
257	284	1
257	285	1
257	288	-1
257	289	1
257	291	1
257	297	1
257	298	-1
257	301	1
257	303	-1
257	304	-1
257	307	1
257	309	-1
257	311	-1
257	314	-1
257	321	1
257	325	-1
257	326	1
257	327	1
257	328	1
257	329	-1
257	331	1
257	333	1
257	336	-1
257	337	-1
257	338	-1
257	339	1
257	340	1
257	342	1
257	343	-1
257	349	1
257	350	1
257	352	-1
257	354	-1
257	356	1
257	357	1
257	358	-1
257	360	-1
257	361	1
257	363	-1
257	365	1
257	366	1
257	368	1
257	369	-1
257	370	-1
257	376	-1
257	377	-1
257	380	1
257	382	-1
257	384	1
257	386	-1
257	387	1
257	389	-1
257	390	-1
257	391	-1
257	392	1
257	393	1
257	394	-1
257	397	1
257	399	-1
257	400	1
257	406	-1
257	409	1
257	414	1
257	418	1
257	419	1
257	421	-1
257	423	1
257	425	-1
257	428	-1
257	429	1
257	431	1
257	436	-1
257	439	-1
257	440	-1
257	441	-1
257	447	1
257	449	-1
257	452	1
257	454	1
257	455	1
257	459	1
257	460	-1
257	461	-1
257	463	1
257	464	1
257	465	1
257	466	-1
257	468	-1
257	470	1
257	471	-1
257	474	-1
257	475	1
257	479	1
257	483	-1
257	484	-1
257	489	-1
257	491	1
257	492	-1
257	493	-1
257	495	-1
257	497	1
257	499	-1
258	259	1
258	263	-1
258	264	1
258	265	1
258	267	-1
258	269	-1
258	273	-1
258	274	-1
258	275	1
258	280	1
258	283	1
258	285	-1
258	287	-1
258	289	1
258	291	-1
258	292	1
258	293	-1
258	296	-1
258	298	-1
258	299	1
258	301	-1
258	302	1
258	309	-1
258	310	-1
258	311	-1
258	313	-1
258	314	-1
258	315	-1
258	317	-1
258	318	-1
258	319	1
258	320	-1
258	328	1
258	330	1
258	333	1
258	336	1
258	337	-1
258	338	1
258	342	-1
258	343	-1
258	344	1
258	345	-1
258	348	-1
258	349	1
258	350	1
258	353	1
258	354	-1
258	356	-1
258	357	-1
258	363	-1
258	365	-1
258	368	1
258	370	-1
258	371	-1
258	377	1
258	379	-1
258	382	1
258	383	1
258	386	-1
258	390	-1
258	395	-1
258	400	1
258	401	-1
258	402	1
258	406	-1
258	407	-1
258	408	-1
258	409	1
258	410	1
258	412	-1
258	413	-1
258	415	-1
258	421	1
258	422	-1
258	424	-1
258	425	1
258	431	1
258	433	-1
258	434	1
258	435	1
258	437	-1
258	438	-1
258	439	1
258	440	-1
258	443	1
258	444	-1
258	446	1
258	448	1
258	449	-1
258	451	-1
258	452	1
258	453	-1
258	456	-1
258	459	-1
258	461	1
258	462	-1
258	464	-1
258	465	-1
258	466	-1
258	467	1
258	470	-1
258	471	1
258	477	1
258	481	-1
258	482	1
258	483	1
258	485	1
258	486	1
258	490	-1
258	493	1
258	494	-1
258	496	-1
258	499	1
259	260	1
259	261	1
259	263	1
259	265	-1
259	270	-1
259	271	1
259	273	1
259	277	-1
259	278	1
259	280	-1
259	281	1
259	282	1
259	284	1
259	286	-1
259	287	1
259	290	1
259	291	-1
259	292	1
259	293	-1
259	294	1
259	297	-1
259	299	-1
259	303	-1
259	305	1
259	306	-1
259	307	1
259	309	-1
259	311	-1
259	312	-1
259	316	1
259	317	-1
259	319	1
259	321	-1
259	323	-1
259	324	-1
259	326	-1
259	328	1
259	329	-1
259	331	-1
259	332	-1
259	334	1
259	337	-1
259	340	1
259	342	-1
259	343	1
259	346	1
259	349	1
259	350	1
259	352	1
259	353	1
259	356	-1
259	358	-1
259	360	1
259	361	-1
259	363	-1
259	365	1
259	368	1
259	371	-1
259	373	1
259	374	-1
259	377	-1
259	378	-1
259	381	1
259	382	-1
259	383	-1
259	384	1
259	385	-1
259	386	1
259	387	-1
259	388	1
259	389	1
259	393	-1
259	395	1
259	398	1
259	400	-1
259	401	-1
259	402	1
259	404	-1
259	406	1
259	407	-1
259	412	1
259	413	1
259	421	1
259	426	-1
259	429	-1
259	433	1
259	435	1
259	436	-1
259	437	1
259	438	-1
259	443	1
259	445	-1
259	446	1
259	448	-1
259	449	-1
259	450	-1
259	452	1
259	453	-1
259	454	-1
259	455	-1
259	456	1
259	463	-1
259	464	1
259	465	1
259	467	-1
259	469	1
259	471	1
259	476	1
259	479	1
259	480	-1
259	484	-1
259	487	-1
259	489	1
259	490	-1
259	492	-1
259	493	-1
259	495	-1
259	497	-1
259	499	-1
260	261	1
260	263	1
260	264	1
260	266	-1
260	271	-1
260	272	1
260	273	1
260	275	1
260	277	1
260	280	1
260	281	1
260	282	1
260	286	1
260	287	-1
260	288	-1
260	294	1
260	298	-1
260	300	1
260	301	1
260	306	-1
260	307	-1
260	308	1
260	310	1
260	312	-1
260	313	1
260	315	1
260	316	1
260	318	-1
260	323	1
260	328	-1
260	329	1
260	330	1
260	331	1
260	332	1
260	333	1
260	337	-1
260	338	-1
260	339	1
260	341	-1
260	344	-1
260	349	-1
260	350	-1
260	351	1
260	353	1
260	360	1
260	364	1
260	368	1
260	369	-1
260	370	-1
260	373	1
260	374	1
260	375	1
260	378	1
260	379	1
260	380	1
260	385	1
260	386	1
260	388	-1
260	390	-1
260	392	-1
260	395	1
260	400	1
260	403	-1
260	405	1
260	408	1
260	409	-1
260	412	-1
260	415	-1
260	416	1
260	417	-1
260	419	-1
260	420	-1
260	423	-1
260	424	1
260	426	1
260	427	-1
260	431	1
260	432	1
260	434	1
260	436	-1
260	437	-1
260	438	-1
260	440	1
260	442	-1
260	449	-1
260	450	1
260	454	1
260	456	1
260	457	-1
260	458	1
260	460	1
260	469	1
260	470	1
260	472	-1
260	474	-1
260	477	1
260	478	-1
260	479	-1
260	480	-1
260	484	1
260	486	-1
260	488	-1
260	489	1
260	492	-1
260	494	-1
260	495	-1
260	496	-1
261	265	-1
261	266	-1
261	268	1
261	269	-1
261	270	-1
261	271	-1
261	275	-1
261	276	1
261	278	1
261	279	-1
261	281	-1
261	283	1
261	285	1
261	286	1
261	290	1
261	291	-1
261	292	1
261	294	1
261	296	1
261	298	1
261	299	-1
261	300	1
261	307	1
261	310	1
261	311	1
261	313	-1
261	314	-1
261	315	-1
261	317	-1
261	319	1
261	321	-1
261	322	-1
261	323	1
261	324	-1
261	325	1
261	326	-1
261	327	1
261	328	-1
261	332	1
261	333	1
261	334	1
261	337	-1
261	338	1
261	340	-1
261	346	-1
261	353	1
261	354	1
261	357	-1
261	358	1
261	359	-1
261	360	-1
261	363	-1
261	364	1
261	366	-1
261	367	-1
261	368	1
261	369	-1
261	373	-1
261	374	1
261	375	1
261	377	1
261	378	1
261	380	-1
261	387	-1
261	388	-1
261	389	-1
261	394	1
261	395	1
261	396	-1
261	397	-1
261	401	1
261	402	1
261	403	-1
261	406	-1
261	407	1
261	409	-1
261	410	1
261	411	1
261	417	-1
261	418	-1
261	422	-1
261	423	1
261	428	1
261	429	-1
261	430	1
261	431	1
261	433	1
261	435	1
261	436	-1
261	437	1
261	439	1
261	440	-1
261	445	1
261	447	-1
261	448	1
261	449	1
261	450	1
261	451	1
261	452	-1
261	454	-1
261	457	1
261	459	1
261	462	-1
261	463	-1
261	464	-1
261	465	-1
261	469	1
261	470	-1
261	471	1
261	474	1
261	476	-1
261	478	1
261	479	1
261	483	-1
261	485	-1
261	486	1
261	487	-1
261	490	1
261	492	-1
261	494	-1
261	497	1
262	263	-1
262	264	-1
262	266	-1
262	271	-1
262	276	-1
262	278	-1
262	281	-1
262	282	-1
262	283	1
262	284	1
262	287	-1
262	291	-1
262	292	-1
262	293	1
262	294	1
262	295	1
262	297	-1
262	298	-1
262	301	1
262	304	-1
262	305	-1
262	306	-1
262	309	-1
262	312	-1
262	315	-1
262	317	1
262	319	1
262	320	1
262	322	-1
262	323	-1
262	330	1
262	331	-1
262	336	-1
262	337	-1
262	340	-1
262	341	1
262	342	1
262	352	1
262	353	1
262	356	1
262	360	1
262	366	-1
262	367	-1
262	368	-1
262	369	-1
262	370	-1
262	371	1
262	372	-1
262	373	1
262	374	1
262	378	-1
262	379	-1
262	382	1
262	383	-1
262	387	-1
262	390	-1
262	393	1
262	394	-1
262	395	1
262	396	-1
262	397	1
262	399	1
262	400	-1
262	402	-1
262	403	1
262	404	-1
262	405	-1
262	406	-1
262	407	1
262	408	-1
262	409	-1
262	410	1
262	411	-1
262	413	1
262	414	1
262	416	1
262	417	1
262	419	-1
262	421	-1
262	432	-1
262	433	-1
262	434	-1
262	435	-1
262	436	-1
262	437	-1
262	438	1
262	439	1
262	440	-1
262	441	1
262	444	1
262	447	-1
262	448	-1
262	449	-1
262	450	1
262	451	1
262	453	1
262	457	1
262	458	1
262	460	1
262	464	-1
262	473	1
262	474	1
262	476	1
262	477	-1
262	481	1
262	482	-1
262	484	1
262	485	-1
262	487	-1
262	488	-1
262	493	1
262	494	-1
262	497	1
263	267	1
263	270	-1
263	272	1
263	273	1
263	274	1
263	275	-1
263	276	1
263	278	-1
263	279	-1
263	280	-1
263	281	1
263	282	-1
263	283	1
263	284	1
263	285	1
263	286	1
263	287	1
263	288	1
263	291	-1
263	292	-1
263	293	1
263	294	-1
263	295	-1
263	296	1
263	300	-1
263	301	-1
263	304	-1
263	305	-1
263	306	1
263	310	1
263	311	-1
263	314	-1
263	315	1
263	318	-1
263	319	1
263	320	1
263	321	-1
263	322	1
263	323	1
263	329	-1
263	331	-1
263	334	1
263	335	-1
263	336	1
263	337	-1
263	339	-1
263	340	1
263	342	1
263	347	1
263	348	-1
263	349	-1
263	358	1
263	359	1
263	364	1
263	365	-1
263	366	1
263	367	-1
263	369	-1
263	370	1
263	373	1
263	374	1
263	384	-1
263	391	-1
263	392	-1
263	394	1
263	396	-1
263	397	-1
263	398	1
263	399	1
263	400	1
263	405	-1
263	406	1
263	410	-1
263	411	1
263	412	1
263	413	-1
263	416	1
263	417	1
263	422	-1
263	423	-1
263	426	-1
263	427	1
263	428	1
263	429	-1
263	431	1
263	432	1
263	437	1
263	442	1
263	446	1
263	448	1
263	450	-1
263	452	-1
263	453	-1
263	456	1
263	457	-1
263	460	1
263	461	-1
263	462	1
263	466	-1
263	467	-1
263	468	-1
263	473	1
263	474	1
263	475	1
263	476	-1
263	480	1
263	481	-1
263	483	1
263	485	-1
263	490	1
263	492	-1
263	493	1
263	494	1
263	495	-1
263	496	-1
263	497	1
263	498	-1
264	266	1
264	267	-1
264	268	-1
264	269	1
264	272	-1
264	273	-1
264	274	-1
264	276	1
264	281	-1
264	284	1
264	285	-1
264	286	-1
264	288	-1
264	291	1
264	293	1
264	294	1
264	295	-1
264	296	1
264	297	-1
264	300	-1
264	307	-1
264	308	-1
264	309	-1
264	313	1
264	316	-1
264	318	1
264	320	1
264	321	1
264	327	1
264	328	1
264	329	-1
264	330	1
264	331	-1
264	336	1
264	338	1
264	340	1
264	342	-1
264	350	-1
264	352	1
264	353	1
264	354	1
264	356	-1
264	360	1
264	361	-1
264	362	-1
264	364	1
264	367	1
264	369	1
264	370	1
264	371	-1
264	374	-1
264	376	1
264	377	1
264	379	-1
264	380	1
264	381	1
264	383	1
264	384	1
264	385	-1
264	389	1
264	394	-1
264	395	-1
264	396	-1
264	397	1
264	400	-1
264	401	1
264	402	1
264	405	-1
264	411	1
264	417	1
264	421	1
264	423	1
264	427	1
264	428	1
264	431	-1
264	432	-1
264	433	-1
264	434	-1
264	435	-1
264	437	1
264	440	1
264	442	-1
264	443	-1
264	447	1
264	449	1
264	450	-1
264	451	1
264	452	-1
264	453	1
264	455	1
264	461	1
264	463	-1
264	465	1
264	466	1
264	468	-1
264	469	1
264	470	1
264	474	1
264	477	1
264	478	-1
264	479	1
264	481	-1
264	482	-1
264	485	-1
264	490	1
264	492	1
264	493	1
264	494	1
264	495	1
265	266	1
265	268	1
265	271	1
265	272	-1
265	274	-1
265	276	1
265	277	-1
265	278	1
265	279	1
265	280	1
265	285	1
265	287	-1
265	288	-1
265	290	-1
265	291	-1
265	295	1
265	296	1
265	297	1
265	298	-1
265	300	-1
265	301	-1
265	303	1
265	304	1
265	306	1
265	307	-1
265	309	-1
265	310	-1
265	314	1
265	316	1
265	317	1
265	318	1
265	319	-1
265	322	1
265	324	1
265	327	-1
265	335	-1
265	337	1
265	338	1
265	341	1
265	342	-1
265	344	1
265	346	-1
265	349	1
265	352	1
265	356	1
265	357	-1
265	358	1
265	361	-1
265	363	1
265	365	1
265	366	1
265	367	-1
265	370	-1
265	371	1
265	373	1
265	375	1
265	379	1
265	383	1
265	384	1
265	388	1
265	390	1
265	391	-1
265	397	-1
265	399	1
265	401	-1
265	404	1
265	405	-1
265	406	1
265	408	-1
265	410	-1
265	412	1
265	413	-1
265	415	1
265	417	1
265	418	-1
265	422	1
265	423	-1
265	426	1
265	427	1
265	430	1
265	431	1
265	433	-1
265	434	-1
265	435	-1
265	436	1
265	438	1
265	441	1
265	442	1
265	443	-1
265	444	-1
265	445	1
265	448	-1
265	449	1
265	451	-1
265	454	-1
265	455	-1
265	456	1
265	457	-1
265	464	-1
265	468	1
265	469	-1
265	470	-1
265	472	1
265	475	-1
265	477	-1
265	478	1
265	481	-1
265	484	1
265	487	1
265	490	1
265	491	-1
265	492	-1
265	493	1
265	494	1
265	495	-1
265	497	-1
265	498	-1
265	499	-1
266	269	-1
266	273	1
266	277	1
266	278	1
266	285	1
266	288	-1
266	289	-1
266	292	-1
266	296	-1
266	297	1
266	299	1
266	300	1
266	301	1
266	305	-1
266	309	-1
266	311	1
266	312	-1
266	313	1
266	316	1
266	318	1
266	321	1
266	322	1
266	324	1
266	325	1
266	328	-1
266	332	-1
266	333	1
266	334	-1
266	336	-1
266	339	1
266	340	-1
266	341	-1
266	342	1
266	345	-1
266	350	-1
266	352	1
266	355	1
266	356	-1
266	358	-1
266	360	1
266	361	1
266	362	1
266	364	1
266	366	-1
266	369	1
266	370	1
266	371	-1
266	377	-1
266	379	1
266	380	-1
266	381	-1
266	382	-1
266	384	1
266	386	1
266	387	-1
266	389	-1
266	390	-1
266	394	-1
266	395	1
266	396	1
266	398	-1
266	399	-1
266	402	1
266	404	-1
266	406	-1
266	409	1
266	413	-1
266	417	-1
266	421	1
266	422	-1
266	426	-1
266	430	-1
266	431	-1
266	434	-1
266	436	-1
266	438	1
266	441	-1
266	444	-1
266	445	1
266	448	1
266	449	-1
266	451	-1
266	454	1
266	455	1
266	458	-1
266	461	-1
266	462	-1
266	463	-1
266	464	1
266	466	1
266	468	1
266	469	-1
266	471	-1
266	472	1
266	474	1
266	476	-1
266	479	-1
266	480	1
266	481	-1
266	483	1
266	484	-1
266	486	-1
266	488	-1
266	489	-1
266	490	1
266	493	-1
266	496	1
266	498	1
267	269	1
267	270	-1
267	271	-1
267	272	1
267	273	1
267	274	-1
267	278	-1
267	282	-1
267	286	-1
267	288	-1
267	289	1
267	290	-1
267	292	-1
267	293	-1
267	294	1
267	298	1
267	299	1
267	303	-1
267	304	-1
267	307	-1
267	311	-1
267	312	-1
267	318	-1
267	322	-1
267	323	1
267	325	1
267	327	1
267	328	1
267	329	-1
267	331	1
267	332	1
267	335	-1
267	339	1
267	340	-1
267	342	-1
267	344	-1
267	345	-1
267	347	1
267	348	-1
267	351	1
267	352	-1
267	354	-1
267	355	-1
267	365	1
267	366	-1
267	368	1
267	369	1
267	371	1
267	372	-1
267	374	1
267	375	1
267	377	1
267	379	-1
267	381	-1
267	382	1
267	383	-1
267	385	1
267	387	1
267	389	-1
267	390	1
267	395	1
267	397	1
267	402	-1
267	403	-1
267	404	1
267	406	-1
267	407	1
267	410	-1
267	411	1
267	412	-1
267	413	-1
267	416	-1
267	417	1
267	419	1
267	420	1
267	423	1
267	426	-1
267	427	-1
267	429	-1
267	431	1
267	436	1
267	437	1
267	438	1
267	439	-1
267	451	1
267	456	1
267	459	1
267	461	1
267	462	-1
267	465	1
267	468	-1
267	469	-1
267	470	-1
267	471	1
267	472	-1
267	473	-1
267	474	1
267	476	-1
267	478	-1
267	479	-1
267	481	1
267	483	1
267	485	1
267	486	-1
267	491	1
267	492	-1
267	493	-1
267	495	1
267	496	-1
267	497	-1
268	269	-1
268	271	-1
268	272	1
268	275	1
268	280	-1
268	281	1
268	285	1
268	286	-1
268	289	-1
268	293	-1
268	295	1
268	298	1
268	299	-1
268	304	-1
268	306	-1
268	309	-1
268	310	-1
268	314	1
268	315	1
268	316	-1
268	317	-1
268	318	1
268	319	-1
268	320	-1
268	322	-1
268	324	1
268	325	1
268	327	-1
268	328	-1
268	329	1
268	330	-1
268	331	-1
268	338	-1
268	340	1
268	341	1
268	346	-1
268	349	-1
268	351	-1
268	354	1
268	355	-1
268	357	1
268	360	-1
268	363	-1
268	365	1
268	366	-1
268	367	1
268	368	-1
268	370	1
268	371	1
268	373	1
268	375	-1
268	380	-1
268	381	1
268	382	1
268	383	1
268	384	-1
268	386	-1
268	388	1
268	392	-1
268	395	1
268	399	1
268	402	1
268	403	-1
268	406	-1
268	408	-1
268	410	-1
268	411	-1
268	415	-1
268	416	1
268	417	-1
268	418	-1
268	420	-1
268	423	-1
268	425	1
268	426	1
268	428	-1
268	429	-1
268	430	-1
268	432	1
268	436	-1
268	439	-1
268	441	1
268	444	1
268	446	-1
268	447	1
268	448	-1
268	449	-1
268	454	-1
268	455	-1
268	456	1
268	457	1
268	460	-1
268	461	-1
268	469	-1
268	476	1
268	477	1
268	479	-1
268	481	1
268	482	-1
268	485	1
268	486	-1
268	487	1
268	493	1
268	497	1
268	499	-1
269	277	1
269	280	-1
269	282	-1
269	284	1
269	286	-1
269	288	-1
269	290	1
269	293	1
269	302	1
269	303	-1
269	304	-1
269	305	-1
269	307	1
269	308	-1
269	310	-1
269	311	1
269	312	-1
269	314	-1
269	316	1
269	319	1
269	320	-1
269	322	-1
269	323	1
269	326	-1
269	327	1
269	328	1
269	333	1
269	341	-1
269	342	-1
269	346	-1
269	349	1
269	351	1
269	353	-1
269	356	1
269	360	1
269	361	1
269	362	-1
269	364	-1
269	365	-1
269	366	-1
269	367	1
269	369	-1
269	370	1
269	371	-1
269	375	-1
269	376	1
269	377	-1
269	379	-1
269	380	1
269	383	1
269	387	-1
269	388	1
269	389	1
269	392	1
269	394	-1
269	395	-1
269	396	1
269	397	-1
269	401	-1
269	406	1
269	413	1
269	414	-1
269	415	1
269	416	-1
269	417	-1
269	418	1
269	420	-1
269	424	-1
269	425	-1
269	428	-1
269	431	1
269	432	1
269	433	-1
269	439	1
269	440	-1
269	445	-1
269	450	1
269	452	1
269	453	-1
269	455	1
269	456	1
269	457	1
269	458	-1
269	460	1
269	461	1
269	462	-1
269	463	1
269	465	1
269	466	1
269	467	-1
269	470	1
269	472	1
269	475	-1
269	478	1
269	479	-1
269	480	1
269	482	1
269	484	-1
269	486	-1
269	489	-1
269	492	-1
269	493	1
269	494	1
269	495	-1
269	498	-1
269	499	-1
270	272	-1
270	275	1
270	277	-1
270	279	-1
270	286	-1
270	288	-1
270	291	-1
270	292	1
270	293	1
270	295	-1
270	298	1
270	299	1
270	300	-1
270	305	1
270	306	-1
270	307	1
270	309	-1
270	314	-1
270	317	1
270	318	1
270	321	1
270	324	1
270	327	1
270	328	1
270	331	1
270	332	1
270	334	1
270	335	1
270	337	-1
270	339	-1
270	341	-1
270	342	1
270	344	-1
270	345	-1
270	346	1
270	347	-1
270	351	-1
270	352	-1
270	354	1
270	356	-1
270	358	1
270	359	1
270	361	-1
270	363	-1
270	364	1
270	365	1
270	366	-1
270	368	1
270	371	1
270	372	-1
270	373	1
270	376	1
270	377	-1
270	383	-1
270	384	1
270	390	-1
270	391	1
270	392	-1
270	393	-1
270	396	1
270	398	-1
270	399	1
270	401	-1
270	403	-1
270	404	1
270	405	-1
270	406	1
270	407	1
270	408	1
270	411	1
270	412	1
270	417	1
270	418	1
270	420	1
270	421	-1
270	423	-1
270	424	-1
270	425	1
270	426	1
270	428	1
270	432	1
270	433	-1
270	434	-1
270	435	-1
270	438	-1
270	440	-1
270	441	1
270	442	1
270	443	-1
270	445	1
270	446	1
270	448	-1
270	450	1
270	452	-1
270	454	-1
270	456	1
270	460	-1
270	461	-1
270	462	-1
270	463	1
270	464	-1
270	471	1
270	474	1
270	477	-1
270	479	1
270	481	-1
270	482	1
270	484	-1
270	485	1
270	486	1
270	488	-1
270	489	-1
270	490	-1
270	493	-1
270	494	-1
270	496	1
270	497	1
270	499	1
271	274	1
271	281	1
271	282	1
271	283	1
271	285	1
271	286	-1
271	288	1
271	289	1
271	292	1
271	293	1
271	300	-1
271	301	-1
271	302	-1
271	304	1
271	307	-1
271	309	1
271	312	-1
271	315	-1
271	317	1
271	321	-1
271	323	1
271	326	-1
271	330	1
271	331	-1
271	332	1
271	333	1
271	340	1
271	343	-1
271	345	1
271	346	-1
271	347	-1
271	348	-1
271	350	1
271	353	-1
271	354	-1
271	357	-1
271	361	1
271	362	1
271	364	1
271	367	-1
271	369	-1
271	371	1
271	373	1
271	374	-1
271	376	-1
271	378	1
271	380	-1
271	381	1
271	385	1
271	386	-1
271	387	-1
271	391	-1
271	394	1
271	395	1
271	398	-1
271	401	1
271	402	1
271	403	1
271	404	-1
271	406	1
271	407	-1
271	409	1
271	411	1
271	416	-1
271	417	1
271	418	1
271	420	1
271	421	1
271	422	1
271	423	-1
271	425	1
271	428	1
271	430	1
271	432	1
271	439	1
271	441	-1
271	442	1
271	443	1
271	444	1
271	445	1
271	446	-1
271	449	-1
271	451	-1
271	452	1
271	455	-1
271	457	1
271	459	1
271	461	-1
271	466	1
271	467	1
271	469	1
271	471	1
271	472	1
271	474	-1
271	475	1
271	478	-1
271	482	-1
271	485	1
271	486	1
271	488	1
271	489	-1
271	492	1
271	495	-1
271	496	-1
271	498	-1
271	499	1
272	273	1
272	275	1
272	279	-1
272	280	1
272	284	-1
272	286	1
272	287	-1
272	290	-1
272	295	1
272	296	-1
272	297	1
272	300	1
272	301	1
272	302	-1
272	303	-1
272	306	-1
272	308	1
272	310	1
272	312	1
272	313	-1
272	314	1
272	316	1
272	318	-1
272	320	1
272	321	-1
272	323	-1
272	324	-1
272	327	-1
272	329	-1
272	330	1
272	332	1
272	333	-1
272	338	-1
272	345	1
272	346	-1
272	348	1
272	350	1
272	351	1
272	353	1
272	354	1
272	360	1
272	362	-1
272	365	-1
272	373	1
272	374	1
272	375	-1
272	378	1
272	381	1
272	382	1
272	383	1
272	384	-1
272	385	1
272	386	1
272	387	1
272	390	1
272	392	-1
272	394	-1
272	396	-1
272	397	-1
272	398	-1
272	404	1
272	406	1
272	413	-1
272	417	-1
272	419	-1
272	421	-1
272	422	1
272	425	1
272	426	1
272	427	1
272	428	1
272	435	1
272	436	-1
272	437	-1
272	438	-1
272	440	-1
272	441	-1
272	443	1
272	446	1
272	447	1
272	448	-1
272	455	1
272	456	1
272	459	1
272	460	-1
272	461	1
272	462	1
272	463	-1
272	466	-1
272	469	-1
272	472	-1
272	473	-1
272	474	1
272	475	-1
272	477	1
272	479	1
272	480	1
272	481	1
272	482	1
272	483	-1
272	484	1
272	485	1
272	486	1
272	488	1
272	490	-1
272	491	1
272	492	1
272	494	-1
273	274	-1
273	275	1
273	277	1
273	280	1
273	281	-1
273	282	-1
273	283	-1
273	285	1
273	286	1
273	287	1
273	291	1
273	295	-1
273	296	-1
273	298	1
273	300	-1
273	303	-1
273	306	1
273	308	1
273	310	1
273	311	-1
273	312	1
273	314	-1
273	318	1
273	319	-1
273	320	-1
273	322	1
273	323	1
273	324	1
273	330	-1
273	334	1
273	335	-1
273	336	-1
273	338	-1
273	339	1
273	341	1
273	343	1
273	347	1
273	348	-1
273	350	-1
273	354	1
273	358	1
273	359	-1
273	360	-1
273	361	1
273	363	1
273	364	-1
273	365	1
273	366	-1
273	367	-1
273	368	1
273	372	-1
273	373	1
273	374	-1
273	382	1
273	384	-1
273	388	-1
273	389	1
273	392	1
273	393	-1
273	394	-1
273	395	1
273	396	1
273	397	1
273	399	-1
273	401	-1
273	403	-1
273	407	1
273	408	-1
273	410	1
273	415	1
273	416	1
273	417	-1
273	418	-1
273	419	-1
273	420	-1
273	422	-1
273	423	-1
273	425	1
273	427	-1
273	429	1
273	431	1
273	435	-1
273	437	1
273	438	-1
273	439	-1
273	440	1
273	441	1
273	446	1
273	447	1
273	450	1
273	451	-1
273	452	-1
273	453	1
273	454	1
273	457	-1
273	464	-1
273	465	1
273	468	-1
273	471	1
273	472	1
273	474	-1
273	478	-1
273	479	1
273	480	-1
273	483	1
273	485	-1
273	486	1
273	488	1
273	489	-1
273	491	1
273	492	-1
273	494	-1
273	496	1
273	497	-1
273	499	-1
274	276	1
274	278	-1
274	279	-1
274	281	-1
274	282	-1
274	286	1
274	288	-1
274	293	-1
274	294	1
274	295	1
274	296	-1
274	299	1
274	300	-1
274	301	1
274	302	1
274	308	-1
274	311	-1
274	312	-1
274	314	-1
274	316	-1
274	319	1
274	322	-1
274	328	1
274	332	1
274	334	-1
274	337	-1
274	338	1
274	339	1
274	340	1
274	341	-1
274	342	-1
274	345	-1
274	347	1
274	348	-1
274	349	1
274	354	1
274	355	-1
274	356	-1
274	358	1
274	361	1
274	364	1
274	369	-1
274	371	1
274	375	-1
274	376	1
274	379	1
274	383	-1
274	384	-1
274	387	-1
274	389	-1
274	390	-1
274	392	-1
274	393	1
274	395	-1
274	398	1
274	400	-1
274	401	1
274	406	1
274	407	1
274	409	-1
274	410	-1
274	413	-1
274	415	1
274	419	1
274	420	-1
274	421	1
274	422	-1
274	424	1
274	426	-1
274	427	-1
274	428	-1
274	436	-1
274	437	1
274	438	-1
274	440	-1
274	442	-1
274	443	-1
274	444	-1
274	445	-1
274	448	-1
274	449	1
274	451	1
274	453	1
274	457	1
274	460	-1
274	461	-1
274	465	1
274	466	-1
274	467	-1
274	468	1
274	470	1
274	471	1
274	473	-1
274	477	1
274	480	-1
274	482	1
274	483	-1
274	486	-1
274	491	-1
274	492	-1
274	494	1
274	495	-1
274	497	1
274	498	1
275	276	1
275	277	1
275	278	1
275	280	-1
275	281	-1
275	282	1
275	284	-1
275	286	-1
275	289	-1
275	290	-1
275	291	1
275	295	-1
275	296	-1
275	297	-1
275	299	1
275	300	-1
275	304	1
275	305	-1
275	306	-1
275	310	1
275	311	1
275	317	-1
275	318	1
275	320	1
275	321	-1
275	322	-1
275	323	-1
275	324	1
275	325	1
275	326	1
275	327	-1
275	328	1
275	330	-1
275	332	-1
275	333	1
275	335	-1
275	336	-1
275	337	1
275	338	1
275	339	1
275	340	-1
275	342	1
275	343	1
275	344	-1
275	345	-1
275	348	-1
275	350	1
275	352	-1
275	355	1
275	356	1
275	358	-1
275	359	-1
275	361	-1
275	365	1
275	366	1
275	367	1
275	377	-1
275	380	1
275	381	1
275	382	1
275	384	-1
275	387	-1
275	388	1
275	389	-1
275	390	1
275	392	1
275	395	-1
275	396	1
275	397	1
275	400	-1
275	402	1
275	404	-1
275	406	1
275	407	-1
275	408	-1
275	409	-1
275	410	1
275	415	-1
275	419	1
275	421	-1
275	422	-1
275	425	1
275	426	1
275	429	-1
275	431	-1
275	432	1
275	434	1
275	437	1
275	438	-1
275	439	1
275	440	-1
275	443	1
275	445	1
275	447	-1
275	448	1
275	449	1
275	452	-1
275	455	1
275	456	1
275	464	-1
275	466	-1
275	467	1
275	470	1
275	471	1
275	472	1
275	476	-1
275	477	-1
275	478	-1
275	481	1
275	482	1
275	485	-1
275	486	1
275	487	-1
275	490	-1
275	491	1
275	492	1
275	493	-1
275	494	-1
275	497	1
275	498	1
275	499	1
276	279	-1
276	280	-1
276	281	1
276	284	-1
276	285	-1
276	287	1
276	289	-1
276	294	1
276	299	1
276	303	1
276	306	1
276	310	1
276	311	-1
276	314	1
276	315	1
276	317	1
276	321	-1
276	322	-1
276	325	-1
276	326	1
276	328	-1
276	330	-1
276	335	1
276	339	1
276	340	1
276	342	-1
276	343	-1
276	344	1
276	346	1
276	350	1
276	353	1
276	356	1
276	359	-1
276	360	-1
276	363	-1
276	364	-1
276	365	1
276	366	1
276	368	1
276	370	1
276	371	1
276	375	1
276	377	-1
276	381	1
276	382	-1
276	383	1
276	384	-1
276	390	1
276	392	-1
276	393	-1
276	395	-1
276	397	1
276	398	-1
276	399	-1
276	402	-1
276	408	-1
276	410	1
276	412	-1
276	415	1
276	419	-1
276	420	1
276	421	1
276	424	1
276	425	-1
276	426	-1
276	428	-1
276	429	-1
276	430	1
276	431	1
276	432	1
276	433	-1
276	434	-1
276	445	-1
276	447	-1
276	448	-1
276	451	-1
276	452	-1
276	453	1
276	454	-1
276	456	-1
276	458	-1
276	459	-1
276	460	-1
276	462	-1
276	463	1
276	464	1
276	465	-1
276	466	1
276	467	-1
276	468	1
276	469	1
276	470	-1
276	473	-1
276	474	-1
276	481	1
276	486	1
276	488	1
276	490	1
276	492	-1
276	493	-1
276	494	1
276	495	-1
276	496	-1
276	497	-1
277	279	1
277	280	1
277	281	-1
277	283	1
277	284	-1
277	285	-1
277	288	-1
277	290	1
277	291	1
277	292	1
277	293	-1
277	294	1
277	295	-1
277	299	1
277	304	1
277	306	1
277	307	1
277	308	1
277	310	-1
277	312	-1
277	313	1
277	315	-1
277	316	1
277	318	1
277	321	-1
277	323	1
277	324	-1
277	326	1
277	328	-1
277	332	-1
277	337	1
277	338	1
277	340	-1
277	342	1
277	343	1
277	344	-1
277	348	-1
277	351	1
277	354	-1
277	359	-1
277	362	1
277	366	1
277	368	-1
277	371	-1
277	373	1
277	374	-1
277	375	1
277	379	-1
277	382	1
277	383	1
277	388	-1
277	389	1
277	390	-1
277	391	-1
277	394	1
277	396	-1
277	397	-1
277	398	1
277	399	-1
277	400	1
277	402	1
277	403	1
277	410	1
277	411	-1
277	412	1
277	414	-1
277	415	1
277	416	1
277	417	-1
277	422	-1
277	423	1
277	424	1
277	426	-1
277	429	1
277	434	1
277	436	-1
277	437	1
277	440	1
277	442	-1
277	444	1
277	452	-1
277	453	1
277	456	-1
277	457	1
277	459	-1
277	460	-1
277	461	-1
277	468	-1
277	470	1
277	472	1
277	474	-1
277	476	1
277	477	1
277	478	-1
277	479	1
277	480	1
277	481	1
277	484	-1
277	485	-1
277	487	1
277	490	-1
277	491	-1
277	492	1
277	493	1
277	499	1
278	279	-1
278	280	1
278	281	-1
278	283	1
278	284	-1
278	288	-1
278	289	1
278	294	1
278	295	-1
278	298	-1
278	301	1
278	303	-1
278	304	-1
278	311	-1
278	312	1
278	314	1
278	315	-1
278	316	-1
278	317	1
278	320	-1
278	323	-1
278	324	-1
278	326	-1
278	328	-1
278	329	1
278	331	1
278	339	1
278	342	-1
278	344	1
278	345	1
278	347	-1
278	348	1
278	349	-1
278	350	1
278	351	-1
278	352	1
278	354	1
278	356	-1
278	357	1
278	359	1
278	362	1
278	363	-1
278	364	-1
278	366	-1
278	367	1
278	369	-1
278	371	-1
278	372	1
278	373	1
278	375	-1
278	378	1
278	379	1
278	386	-1
278	389	-1
278	392	-1
278	393	1
278	395	1
278	397	-1
278	400	1
278	407	1
278	408	-1
278	409	1
278	410	1
278	412	1
278	414	1
278	420	1
278	422	1
278	423	-1
278	425	-1
278	426	1
278	427	-1
278	428	1
278	429	-1
278	430	-1
278	431	1
278	433	1
278	434	-1
278	439	1
278	440	1
278	443	1
278	447	-1
278	448	-1
278	454	1
278	455	-1
278	456	-1
278	461	-1
278	462	1
278	463	-1
278	464	-1
278	469	1
278	470	-1
278	471	-1
278	472	1
278	473	1
278	474	-1
278	475	1
278	476	1
278	477	-1
278	478	1
278	479	-1
278	480	-1
278	481	1
278	483	-1
278	484	1
278	486	-1
278	488	1
278	491	-1
278	495	1
279	287	1
279	290	1
279	291	1
279	295	1
279	298	1
279	301	-1
279	303	-1
279	307	-1
279	308	1
279	309	-1
279	310	1
279	311	-1
279	312	1
279	315	1
279	319	-1
279	322	1
279	323	1
279	326	1
279	329	1
279	330	1
279	331	1
279	334	1
279	336	-1
279	338	-1
279	339	-1
279	341	-1
279	344	1
279	348	1
279	349	1
279	353	1
279	354	-1
279	356	-1
279	359	-1
279	360	-1
279	362	1
279	364	-1
279	365	1
279	366	1
279	367	-1
279	369	1
279	372	-1
279	373	-1
279	374	1
279	376	-1
279	378	-1
279	379	1
279	381	1
279	383	1
279	385	1
279	388	-1
279	389	-1
279	391	1
279	392	1
279	393	1
279	394	1
279	395	1
279	397	-1
279	398	-1
279	400	1
279	403	-1
279	407	1
279	409	1
279	411	-1
279	412	1
279	415	1
279	417	-1
279	418	1
279	419	1
279	424	-1
279	425	1
279	427	-1
279	430	1
279	433	-1
279	434	-1
279	435	1
279	438	-1
279	444	-1
279	445	1
279	446	-1
279	447	1
279	448	-1
279	451	-1
279	455	-1
279	456	-1
279	457	-1
279	460	-1
279	461	-1
279	466	-1
279	468	-1
279	469	1
279	470	-1
279	473	-1
279	475	1
279	478	1
279	479	-1
279	482	1
279	483	-1
279	484	1
279	485	-1
279	486	1
279	487	1
279	488	1
279	492	-1
279	493	1
279	496	1
279	497	-1
279	499	1
280	281	1
280	285	1
280	286	-1
280	287	1
280	290	-1
280	291	1
280	296	-1
280	297	-1
280	298	-1
280	299	1
280	300	-1
280	303	1
280	304	1
280	307	-1
280	312	1
280	314	1
280	316	1
280	317	1
280	318	-1
280	320	1
280	321	1
280	322	1
280	323	1
280	324	1
280	325	1
280	327	-1
280	328	1
280	333	-1
280	336	1
280	338	1
280	339	-1
280	340	-1
280	341	1
280	342	-1
280	343	1
280	344	1
280	345	-1
280	347	-1
280	348	-1
280	349	-1
280	350	1
280	352	-1
280	355	-1
280	359	-1
280	361	-1
280	368	1
280	370	-1
280	372	1
280	375	-1
280	379	1
280	383	1
280	386	1
280	387	1
280	390	-1
280	391	1
280	392	-1
280	393	1
280	396	1
280	397	1
280	398	-1
280	400	1
280	402	1
280	403	-1
280	405	-1
280	407	1
280	413	1
280	414	1
280	415	-1
280	416	1
280	418	1
280	420	-1
280	424	-1
280	425	-1
280	426	1
280	427	-1
280	433	1
280	438	-1
280	442	-1
280	443	1
280	446	-1
280	449	-1
280	452	-1
280	457	1
280	458	-1
280	459	1
280	460	-1
280	461	-1
280	462	1
280	463	-1
280	464	1
280	466	-1
280	467	1
280	470	1
280	472	-1
280	474	1
280	475	-1
280	478	-1
280	482	-1
280	485	-1
280	488	-1
280	489	-1
280	492	-1
280	495	-1
280	498	1
280	499	1
281	282	-1
281	283	-1
281	286	1
281	289	-1
281	290	-1
281	292	1
281	293	1
281	294	-1
281	295	1
281	296	1
281	297	1
281	300	-1
281	302	1
281	305	1
281	306	-1
281	307	-1
281	308	-1
281	309	-1
281	311	1
281	313	-1
281	315	1
281	316	1
281	317	1
281	320	-1
281	321	-1
281	323	-1
281	324	1
281	325	1
281	328	1
281	330	-1
281	343	-1
281	344	1
281	346	-1
281	347	-1
281	348	1
281	349	-1
281	352	-1
281	353	1
281	354	-1
281	355	1
281	356	1
281	360	-1
281	362	1
281	364	-1
281	365	-1
281	367	-1
281	368	1
281	369	1
281	374	-1
281	375	1
281	378	-1
281	379	-1
281	381	1
281	384	1
281	385	-1
281	387	1
281	390	-1
281	391	-1
281	392	1
281	394	1
281	396	1
281	399	1
281	400	-1
281	401	1
281	402	1
281	404	-1
281	407	-1
281	408	-1
281	411	1
281	412	1
281	413	-1
281	417	1
281	418	1
281	419	1
281	420	-1
281	423	-1
281	425	-1
281	426	-1
281	428	-1
281	430	1
281	431	1
281	432	-1
281	434	1
281	435	-1
281	436	-1
281	437	1
281	441	1
281	443	-1
281	444	1
281	445	1
281	446	-1
281	447	-1
281	450	1
281	453	-1
281	454	-1
281	456	1
281	458	-1
281	459	1
281	461	1
281	463	-1
281	464	-1
281	465	1
281	466	-1
281	468	-1
281	469	-1
281	471	-1
281	473	-1
281	474	-1
281	476	-1
281	478	1
281	479	1
281	480	1
281	482	-1
281	483	-1
281	484	1
281	487	-1
281	490	-1
281	492	1
281	494	1
281	498	-1
282	283	-1
282	286	-1
282	288	1
282	290	1
282	292	-1
282	293	-1
282	294	-1
282	296	-1
282	297	-1
282	299	1
282	300	-1
282	301	1
282	304	1
282	305	1
282	306	-1
282	307	-1
282	310	-1
282	312	-1
282	315	1
282	316	-1
282	317	1
282	320	-1
282	323	-1
282	325	1
282	326	-1
282	327	1
282	328	1
282	330	-1
282	331	-1
282	332	1
282	334	1
282	335	1
282	336	-1
282	337	-1
282	338	-1
282	340	-1
282	341	1
282	342	1
282	343	1
282	345	-1
282	346	1
282	347	-1
282	352	1
282	353	-1
282	354	-1
282	355	1
282	356	-1
282	357	1
282	358	1
282	359	1
282	360	1
282	361	1
282	363	1
282	364	1
282	369	1
282	370	-1
282	371	1
282	373	1
282	374	-1
282	375	1
282	376	1
282	377	1
282	378	1
282	381	-1
282	384	-1
282	385	1
282	386	-1
282	389	-1
282	390	1
282	392	-1
282	393	-1
282	394	1
282	395	1
282	396	1
282	399	-1
282	400	1
282	401	1
282	403	-1
282	405	1
282	407	-1
282	408	-1
282	411	1
282	415	1
282	416	-1
282	417	1
282	418	-1
282	419	-1
282	423	1
282	426	-1
282	427	-1
282	429	1
282	432	-1
282	435	-1
282	441	1
282	442	-1
282	444	1
282	445	1
282	447	1
282	449	-1
282	450	-1
282	451	1
282	452	1
282	455	-1
282	456	1
282	458	-1
282	459	1
282	460	-1
282	462	-1
282	463	1
282	464	1
282	465	-1
282	466	-1
282	467	1
282	470	1
282	471	-1
282	472	1
282	473	1
282	474	1
282	475	-1
282	478	-1
282	481	-1
282	482	1
282	485	1
282	487	-1
282	488	-1
282	489	-1
282	490	1
282	492	1
282	493	1
282	495	1
282	497	1
282	498	1
283	284	-1
283	287	-1
283	288	1
283	289	-1
283	290	1
283	291	1
283	292	-1
283	293	1
283	294	-1
283	296	-1
283	297	-1
283	298	1
283	300	-1
283	301	-1
283	302	1
283	304	-1
283	306	1
283	307	1
283	308	-1
283	309	1
283	310	1
283	312	1
283	317	1
283	318	-1
283	320	-1
283	322	1
283	323	-1
283	327	-1
283	328	-1
283	329	1
283	333	1
283	335	1
283	336	1
283	337	1
283	339	1
283	340	-1
283	342	1
283	344	1
283	349	1
283	351	1
283	352	1
283	355	1
283	356	1
283	359	-1
283	360	1
283	365	1
283	366	1
283	367	-1
283	368	-1
283	370	1
283	372	-1
283	373	-1
283	374	-1
283	376	1
283	378	1
283	379	-1
283	380	-1
283	386	1
283	387	1
283	394	-1
283	403	-1
283	404	1
283	406	1
283	409	-1
283	410	-1
283	411	1
283	412	1
283	417	1
283	418	1
283	421	-1
283	422	-1
283	424	1
283	426	-1
283	427	-1
283	429	-1
283	430	1
283	433	-1
283	435	1
283	437	-1
283	439	1
283	441	-1
283	443	1
283	444	1
283	446	-1
283	448	-1
283	450	1
283	451	-1
283	454	1
283	455	-1
283	456	1
283	458	-1
283	461	-1
283	463	1
283	464	1
283	465	-1
283	468	-1
283	469	1
283	471	1
283	472	1
283	475	-1
283	477	1
283	478	1
283	479	1
283	481	1
283	482	-1
283	483	-1
283	485	-1
283	486	1
283	488	-1
283	490	-1
283	492	-1
283	493	-1
283	494	-1
283	498	1
284	285	1
284	286	1
284	288	1
284	292	1
284	296	-1
284	298	-1
284	300	-1
284	301	-1
284	305	1
284	310	-1
284	312	1
284	313	-1
284	321	-1
284	322	-1
284	324	1
284	325	-1
284	326	-1
284	327	1
284	328	1
284	329	1
284	330	1
284	331	-1
284	333	1
284	343	1
284	352	1
284	353	-1
284	355	1
284	356	-1
284	357	-1
284	359	-1
284	360	-1
284	361	-1
284	362	-1
284	363	1
284	365	-1
284	369	1
284	370	1
284	373	-1
284	374	-1
284	377	-1
284	378	-1
284	380	-1
284	382	1
284	384	1
284	385	-1
284	386	-1
284	387	1
284	388	-1
284	389	-1
284	391	-1
284	394	-1
284	397	1
284	398	-1
284	402	1
284	403	-1
284	406	1
284	408	1
284	412	1
284	414	1
284	416	1
284	417	1
284	419	-1
284	423	1
284	424	-1
284	425	-1
284	427	-1
284	429	1
284	431	1
284	432	1
284	433	1
284	438	-1
284	440	-1
284	444	1
284	445	1
284	446	1
284	447	1
284	448	-1
284	452	1
284	455	1
284	456	1
284	457	1
284	461	-1
284	463	1
284	464	1
284	466	-1
284	471	1
284	474	-1
284	481	-1
284	486	1
284	487	1
284	488	-1
284	489	-1
284	492	-1
284	497	1
284	499	-1
285	287	1
285	288	1
285	289	-1
285	292	1
285	293	-1
285	294	-1
285	296	-1
285	297	-1
285	299	-1
285	300	1
285	304	-1
285	305	-1
285	307	-1
285	308	-1
285	309	-1
285	311	1
285	314	1
285	316	-1
285	317	1
285	318	-1
285	321	-1
285	322	1
285	323	-1
285	325	-1
285	330	1
285	332	1
285	334	-1
285	336	-1
285	338	-1
285	339	-1
285	341	-1
285	343	-1
285	345	1
285	347	1
285	348	-1
285	349	-1
285	351	-1
285	352	-1
285	355	-1
285	356	-1
285	357	-1
285	358	-1
285	360	-1
285	361	1
285	362	1
285	369	1
285	370	1
285	371	-1
285	372	-1
285	376	-1
285	379	1
285	383	1
285	385	1
285	387	-1
285	388	-1
285	390	1
285	396	1
285	397	1
285	398	1
285	402	1
285	406	1
285	407	1
285	408	1
285	409	1
285	410	-1
285	411	-1
285	412	1
285	413	1
285	417	-1
285	420	-1
285	421	-1
285	423	-1
285	424	1
285	425	1
285	426	-1
285	428	-1
285	434	1
285	435	1
285	437	-1
285	439	-1
285	440	-1
285	444	1
285	446	1
285	447	1
285	448	1
285	451	-1
285	452	1
285	453	-1
285	454	-1
285	455	1
285	456	1
285	457	1
285	459	1
285	464	-1
285	466	1
285	468	-1
285	469	1
285	471	1
285	473	-1
285	475	-1
285	476	1
285	477	1
285	478	-1
285	479	-1
285	480	1
285	481	1
285	484	-1
285	485	-1
285	486	1
285	488	-1
285	491	1
285	497	1
286	287	1
286	288	-1
286	290	1
286	291	-1
286	293	-1
286	295	-1
286	297	-1
286	299	-1
286	300	1
286	301	1
286	307	1
286	308	-1
286	309	-1
286	310	1
286	312	-1
286	313	-1
286	316	-1
286	317	1
286	318	1
286	319	-1
286	320	-1
286	321	1
286	329	-1
286	330	-1
286	331	-1
286	333	1
286	335	1
286	336	1
286	340	1
286	341	1
286	342	-1
286	343	1
286	346	-1
286	350	-1
286	351	-1
286	354	1
286	360	1
286	361	1
286	369	-1
286	370	-1
286	371	1
286	373	1
286	375	1
286	376	1
286	379	-1
286	380	-1
286	382	1
286	383	-1
286	384	1
286	385	1
286	386	-1
286	387	1
286	388	1
286	391	-1
286	394	-1
286	397	-1
286	398	1
286	401	1
286	402	-1
286	404	-1
286	405	1
286	408	-1
286	410	1
286	412	-1
286	416	1
286	418	-1
286	421	-1
286	422	-1
286	431	-1
286	433	1
286	435	1
286	437	-1
286	438	1
286	440	-1
286	441	-1
286	444	-1
286	446	1
286	447	1
286	448	-1
286	449	1
286	452	-1
286	453	-1
286	458	-1
286	459	1
286	462	1
286	465	-1
286	466	-1
286	469	1
286	470	1
286	471	-1
286	472	1
286	473	-1
286	475	-1
286	478	-1
286	481	1
286	483	1
286	484	-1
286	485	1
286	486	1
286	490	-1
286	492	1
286	493	1
286	494	-1
286	496	-1
286	497	-1
286	499	1
287	288	1
287	289	-1
287	290	-1
287	293	1
287	294	-1
287	297	-1
287	298	1
287	299	1
287	302	1
287	304	-1
287	305	1
287	306	1
287	309	-1
287	310	1
287	312	1
287	313	-1
287	314	-1
287	316	-1
287	320	-1
287	322	-1
287	323	-1
287	325	1
287	327	1
287	329	-1
287	330	1
287	331	1
287	333	1
287	336	-1
287	337	1
287	339	1
287	341	1
287	343	1
287	346	-1
287	347	-1
287	348	-1
287	349	-1
287	350	-1
287	351	-1
287	353	-1
287	356	-1
287	357	1
287	360	-1
287	362	-1
287	364	1
287	366	-1
287	367	-1
287	370	-1
287	372	-1
287	375	-1
287	382	-1
287	387	1
287	388	1
287	389	1
287	390	1
287	392	-1
287	394	-1
287	397	-1
287	398	1
287	403	1
287	404	-1
287	405	-1
287	414	-1
287	416	1
287	418	1
287	419	-1
287	422	-1
287	423	-1
287	424	-1
287	425	1
287	429	1
287	431	1
287	433	-1
287	435	-1
287	440	1
287	441	-1
287	443	-1
287	446	-1
287	447	1
287	448	-1
287	449	-1
287	450	-1
287	451	-1
287	452	1
287	453	1
287	454	1
287	455	1
287	458	1
287	459	-1
287	461	1
287	464	-1
287	466	1
287	469	-1
287	471	1
287	472	1
287	473	-1
287	474	1
287	475	-1
287	477	-1
287	478	-1
287	480	1
287	481	-1
287	483	1
287	484	-1
287	485	1
287	490	-1
287	491	1
287	494	1
287	495	1
287	496	1
287	497	1
287	498	-1
287	499	-1
288	289	-1
288	293	-1
288	294	1
288	295	-1
288	296	-1
288	297	1
288	298	-1
288	300	1
288	301	1
288	302	1
288	304	1
288	305	1
288	306	-1
288	309	1
288	310	1
288	317	1
288	319	1
288	323	1
288	326	-1
288	329	1
288	330	1
288	333	-1
288	334	-1
288	335	1
288	338	-1
288	340	1
288	342	-1
288	344	-1
288	345	1
288	349	-1
288	351	1
288	352	1
288	353	-1
288	356	-1
288	357	-1
288	361	1
288	362	-1
288	366	1
288	367	-1
288	368	-1
288	371	1
288	372	1
288	375	-1
288	378	1
288	382	-1
288	383	-1
288	384	-1
288	385	-1
288	386	1
288	387	-1
288	389	-1
288	390	-1
288	392	-1
288	393	-1
288	396	1
288	397	-1
288	398	1
288	399	1
288	400	1
288	406	1
288	409	1
288	410	-1
288	411	1
288	412	1
288	413	1
288	414	1
288	415	-1
288	420	-1
288	423	-1
288	424	-1
288	427	1
288	429	-1
288	431	-1
288	432	1
288	434	1
288	435	-1
288	436	1
288	438	1
288	439	1
288	440	-1
288	442	-1
288	443	-1
288	444	-1
288	445	-1
288	450	1
288	453	1
288	454	-1
288	458	-1
288	459	1
288	461	-1
288	463	1
288	465	-1
288	468	-1
288	469	-1
288	472	1
288	473	-1
288	475	-1
288	479	-1
288	481	1
288	482	1
288	483	-1
288	485	1
288	487	-1
288	488	-1
288	491	-1
288	492	1
288	493	1
288	494	-1
288	496	-1
288	498	1
288	499	-1
289	290	-1
289	291	1
289	293	1
289	295	-1
289	296	1
289	298	-1
289	305	-1
289	310	1
289	311	-1
289	312	-1
289	313	-1
289	314	-1
289	315	-1
289	318	-1
289	320	1
289	321	-1
289	322	-1
289	324	1
289	325	1
289	331	-1
289	332	1
289	334	1
289	335	-1
289	337	-1
289	340	-1
289	343	-1
289	344	1
289	345	-1
289	347	1
289	348	-1
289	349	-1
289	352	1
289	354	1
289	357	-1
289	358	-1
289	359	-1
289	364	-1
289	365	1
289	366	1
289	368	-1
289	373	1
289	374	1
289	376	-1
289	377	1
289	378	1
289	384	-1
289	386	-1
289	388	1
289	389	-1
289	390	1
289	391	1
289	393	1
289	394	-1
289	395	-1
289	396	1
289	398	1
289	399	-1
289	400	-1
289	403	-1
289	404	-1
289	406	-1
289	408	-1
289	409	-1
289	412	-1
289	413	-1
289	417	1
289	420	1
289	423	-1
289	424	1
289	425	-1
289	426	1
289	428	-1
289	433	1
289	434	-1
289	436	-1
289	437	-1
289	440	1
289	441	1
289	442	1
289	446	-1
289	447	-1
289	453	-1
289	454	-1
289	458	1
289	460	1
289	462	1
289	463	-1
289	465	-1
289	466	-1
289	468	-1
289	471	-1
289	474	-1
289	475	-1
289	478	1
289	483	-1
289	485	-1
289	486	1
289	489	-1
289	490	-1
289	493	-1
289	495	1
290	292	1
290	294	-1
290	296	-1
290	300	-1
290	301	1
290	305	1
290	307	1
290	308	-1
290	309	-1
290	311	1
290	312	1
290	314	-1
290	316	1
290	319	-1
290	320	-1
290	321	-1
290	322	-1
290	323	1
290	324	-1
290	325	1
290	326	1
290	330	1
290	332	-1
290	333	1
290	334	-1
290	335	-1
290	340	-1
290	341	-1
290	342	1
290	344	1
290	345	-1
290	350	1
290	351	1
290	352	1
290	353	-1
290	354	-1
290	355	-1
290	356	1
290	357	1
290	358	1
290	359	1
290	360	-1
290	361	-1
290	363	1
290	364	1
290	367	1
290	368	-1
290	370	1
290	371	1
290	373	-1
290	375	-1
290	378	1
290	379	1
290	382	1
290	387	1
290	388	-1
290	389	-1
290	393	-1
290	394	1
290	395	-1
290	398	1
290	399	-1
290	403	-1
290	405	-1
290	407	-1
290	412	-1
290	415	-1
290	417	-1
290	420	1
290	421	1
290	422	1
290	425	1
290	428	-1
290	431	-1
290	432	1
290	433	1
290	435	-1
290	436	-1
290	439	1
290	440	1
290	441	-1
290	442	-1
290	444	1
290	446	-1
290	447	-1
290	448	1
290	449	1
290	450	1
290	454	1
290	455	1
290	456	-1
290	457	-1
290	460	1
290	464	1
290	465	1
290	467	1
290	469	1
290	470	1
290	473	-1
290	475	1
290	477	1
290	479	-1
290	482	1
290	483	-1
290	487	-1
290	488	1
290	494	-1
290	495	-1
290	496	1
290	497	-1
290	499	1
291	294	-1
291	296	1
291	298	1
291	303	-1
291	308	-1
291	311	1
291	315	1
291	318	1
291	321	-1
291	323	1
291	324	1
291	325	-1
291	327	1
291	331	-1
291	334	-1
291	337	1
291	338	-1
291	339	1
291	340	1
291	341	1
291	343	1
291	344	-1
291	349	-1
291	350	1
291	351	-1
291	354	-1
291	355	1
291	356	1
291	357	1
291	362	1
291	367	-1
291	369	1
291	370	1
291	372	-1
291	373	1
291	374	-1
291	375	1
291	376	-1
291	380	-1
291	382	1
291	383	1
291	385	1
291	389	1
291	391	1
291	392	-1
291	393	1
291	394	1
291	397	1
291	399	1
291	400	-1
291	402	1
291	403	1
291	404	1
291	406	-1
291	408	-1
291	410	-1
291	411	1
291	412	1
291	416	1
291	419	1
291	420	1
291	424	-1
291	426	-1
291	428	1
291	429	1
291	430	1
291	434	1
291	435	-1
291	437	-1
291	438	1
291	440	1
291	443	1
291	445	-1
291	446	-1
291	447	1
291	449	-1
291	451	-1
291	454	1
291	455	1
291	460	-1
291	463	1
291	465	-1
291	467	-1
291	468	1
291	469	-1
291	473	1
291	474	-1
291	476	-1
291	478	-1
291	479	-1
291	481	-1
291	483	1
291	484	1
291	489	1
291	495	-1
291	498	-1
291	499	-1
292	293	-1
292	295	-1
292	297	-1
292	298	-1
292	299	-1
292	300	-1
292	301	-1
292	302	1
292	304	1
292	305	-1
292	307	1
292	308	1
292	310	1
292	311	-1
292	312	-1
292	313	-1
292	314	-1
292	315	1
292	318	1
292	320	-1
292	321	1
292	322	-1
292	323	1
292	329	-1
292	333	-1
292	335	-1
292	337	1
292	338	1
292	339	-1
292	344	-1
292	346	-1
292	347	1
292	348	1
292	351	1
292	352	-1
292	354	1
292	358	1
292	359	-1
292	360	1
292	361	-1
292	362	1
292	363	-1
292	364	1
292	365	-1
292	369	-1
292	370	-1
292	371	-1
292	373	1
292	375	1
292	376	1
292	377	-1
292	378	-1
292	380	1
292	384	-1
292	385	-1
292	388	1
292	390	-1
292	391	-1
292	393	-1
292	395	-1
292	396	1
292	400	-1
292	402	-1
292	403	-1
292	404	-1
292	406	-1
292	408	1
292	409	1
292	410	1
292	412	-1
292	414	1
292	416	-1
292	419	-1
292	420	1
292	421	-1
292	426	1
292	428	1
292	431	1
292	432	-1
292	434	1
292	435	1
292	437	1
292	438	-1
292	440	-1
292	444	1
292	445	1
292	447	1
292	452	-1
292	453	1
292	456	1
292	459	-1
292	466	1
292	468	1
292	470	-1
292	472	1
292	473	-1
292	476	-1
292	477	1
292	480	-1
292	484	-1
292	486	-1
292	487	-1
292	488	-1
292	489	1
292	494	1
292	496	1
292	497	-1
292	498	-1
293	294	1
293	296	-1
293	297	1
293	299	1
293	300	-1
293	301	-1
293	304	1
293	305	-1
293	306	-1
293	307	1
293	313	-1
293	314	1
293	315	1
293	324	1
293	325	-1
293	328	-1
293	329	-1
293	330	1
293	333	-1
293	334	1
293	335	-1
293	336	-1
293	337	1
293	339	-1
293	340	-1
293	341	-1
293	342	-1
293	344	1
293	347	-1
293	349	1
293	353	1
293	355	1
293	357	1
293	361	1
293	362	-1
293	366	1
293	371	1
293	378	-1
293	379	1
293	380	-1
293	381	1
293	383	1
293	384	-1
293	385	-1
293	386	1
293	387	1
293	391	-1
293	394	1
293	395	-1
293	396	-1
293	397	-1
293	399	1
293	400	1
293	403	1
293	407	1
293	408	-1
293	410	-1
293	411	1
293	412	-1
293	414	-1
293	415	-1
293	418	-1
293	419	-1
293	422	-1
293	423	-1
293	425	1
293	426	-1
293	427	-1
293	431	1
293	432	1
293	433	1
293	434	-1
293	435	-1
293	436	1
293	437	-1
293	438	-1
293	439	1
293	440	-1
293	441	1
293	442	-1
293	444	1
293	445	-1
293	446	1
293	448	1
293	449	1
293	450	1
293	452	-1
293	454	-1
293	457	-1
293	460	1
293	463	-1
293	464	-1
293	466	-1
293	467	-1
293	469	1
293	470	-1
293	471	-1
293	472	1
293	477	1
293	479	-1
293	480	-1
293	482	1
293	483	-1
293	485	-1
293	488	1
293	490	1
293	492	-1
293	494	1
293	495	-1
293	498	-1
294	295	1
294	297	1
294	299	1
294	301	-1
294	302	1
294	304	-1
294	309	1
294	310	1
294	312	1
294	313	-1
294	314	1
294	315	1
294	316	1
294	319	1
294	320	1
294	321	1
294	323	-1
294	326	1
294	327	1
294	329	1
294	331	-1
294	333	-1
294	335	1
294	339	-1
294	341	1
294	343	1
294	345	1
294	348	1
294	355	1
294	357	-1
294	358	1
294	360	1
294	362	-1
294	363	-1
294	364	1
294	366	1
294	368	1
294	371	-1
294	374	1
294	375	1
294	381	-1
294	384	-1
294	387	-1
294	388	1
294	390	1
294	391	1
294	396	-1
294	398	1
294	399	1
294	400	1
294	404	-1
294	407	-1
294	409	-1
294	411	-1
294	413	1
294	414	1
294	415	1
294	417	1
294	419	-1
294	420	-1
294	421	-1
294	422	1
294	423	1
294	424	-1
294	425	-1
294	426	-1
294	428	-1
294	430	1
294	431	1
294	432	1
294	433	1
294	434	-1
294	438	1
294	443	1
294	445	1
294	446	1
294	448	1
294	450	-1
294	454	1
294	456	1
294	462	1
294	463	-1
294	464	-1
294	466	-1
294	467	-1
294	469	1
294	473	1
294	478	-1
294	479	-1
294	480	1
294	482	-1
294	484	1
294	485	1
294	487	1
294	488	-1
294	489	-1
294	493	1
294	495	-1
294	498	-1
295	296	-1
295	298	-1
295	301	-1
295	303	-1
295	305	1
295	306	1
295	307	-1
295	308	1
295	310	1
295	312	-1
295	316	-1
295	318	1
295	321	1
295	322	1
295	325	-1
295	326	-1
295	331	-1
295	334	1
295	337	1
295	338	1
295	342	-1
295	343	-1
295	345	1
295	349	1
295	352	-1
295	355	1
295	356	1
295	359	1
295	360	-1
295	361	-1
295	362	-1
295	363	-1
295	366	1
295	371	1
295	373	1
295	379	-1
295	382	-1
295	383	-1
295	385	1
295	386	1
295	390	1
295	392	1
295	395	1
295	398	-1
295	399	-1
295	402	1
295	403	1
295	405	-1
295	406	1
295	409	-1
295	410	1
295	412	-1
295	413	-1
295	414	1
295	418	1
295	419	-1
295	420	-1
295	421	-1
295	423	1
295	424	-1
295	429	-1
295	430	-1
295	434	1
295	437	-1
295	438	1
295	446	-1
295	447	-1
295	448	1
295	449	1
295	453	-1
295	456	-1
295	457	-1
295	458	-1
295	461	1
295	464	1
295	465	1
295	466	1
295	467	-1
295	468	1
295	469	1
295	470	-1
295	473	-1
295	481	1
295	483	-1
295	485	1
295	486	1
295	488	1
295	492	1
295	493	1
295	496	-1
295	498	1
295	499	1
296	297	1
296	299	1
296	300	-1
296	301	1
296	307	1
296	309	1
296	311	-1
296	313	1
296	314	-1
296	315	-1
296	317	1
296	321	-1
296	323	-1
296	324	-1
296	325	1
296	326	1
296	329	1
296	330	1
296	334	-1
296	335	1
296	336	-1
296	338	-1
296	339	1
296	341	-1
296	343	-1
296	344	-1
296	349	-1
296	350	1
296	352	1
296	355	-1
296	356	1
296	359	1
296	360	1
296	365	-1
296	366	-1
296	367	1
296	369	-1
296	372	-1
296	377	-1
296	380	1
296	381	-1
296	382	-1
296	384	1
296	385	1
296	386	-1
296	388	-1
296	389	-1
296	391	1
296	394	-1
296	395	1
296	396	1
296	397	-1
296	398	-1
296	399	1
296	401	1
296	403	1
296	407	-1
296	408	1
296	409	1
296	411	-1
296	412	1
296	413	-1
296	414	-1
296	416	1
296	422	-1
296	424	-1
296	425	-1
296	426	1
296	427	-1
296	428	1
296	429	1
296	431	1
296	433	-1
296	434	1
296	435	-1
296	436	1
296	438	-1
296	439	-1
296	441	-1
296	442	-1
296	444	1
296	445	1
296	446	-1
296	453	-1
296	454	-1
296	455	-1
296	459	1
296	461	-1
296	462	1
296	469	-1
296	470	-1
296	473	1
296	474	-1
296	475	-1
296	476	1
296	477	-1
296	479	1
296	480	-1
296	482	1
296	483	-1
296	484	1
296	486	1
296	488	1
296	489	-1
296	490	1
296	493	-1
296	494	-1
296	497	1
297	301	1
297	304	1
297	305	1
297	306	-1
297	307	1
297	308	-1
297	309	1
297	310	1
297	314	1
297	319	-1
297	322	1
297	325	-1
297	327	1
297	328	1
297	329	-1
297	330	1
297	331	1
297	332	1
297	333	1
297	334	1
297	338	-1
297	339	1
297	340	1
297	342	1
297	344	-1
297	345	1
297	346	1
297	349	-1
297	351	1
297	353	-1
297	354	-1
297	355	1
297	356	1
297	359	1
297	360	-1
297	361	1
297	363	-1
297	364	-1
297	366	1
297	370	1
297	374	1
297	375	-1
297	376	1
297	377	-1
297	379	1
297	380	-1
297	382	1
297	386	1
297	388	-1
297	390	1
297	391	-1
297	392	-1
297	393	1
297	395	1
297	396	1
297	397	-1
297	398	-1
297	399	-1
297	400	-1
297	401	-1
297	403	-1
297	406	-1
297	409	-1
297	412	1
297	413	1
297	414	-1
297	415	1
297	417	-1
297	422	1
297	423	1
297	426	-1
297	427	-1
297	428	1
297	429	1
297	434	1
297	436	-1
297	437	1
297	438	-1
297	441	-1
297	442	1
297	444	-1
297	445	1
297	446	-1
297	448	-1
297	449	-1
297	450	1
297	453	1
297	457	1
297	458	-1
297	459	1
297	460	-1
297	462	1
297	463	1
297	464	-1
297	467	-1
297	469	-1
297	473	-1
297	477	1
297	478	-1
297	481	-1
297	482	-1
297	483	-1
297	484	1
297	486	1
297	487	-1
297	488	-1
297	489	1
297	492	1
297	493	1
297	494	-1
297	495	1
298	300	-1
298	303	-1
298	305	-1
298	309	-1
298	312	1
298	313	1
298	314	1
298	317	1
298	321	-1
298	323	1
298	324	1
298	328	1
298	330	1
298	331	-1
298	332	-1
298	333	-1
298	334	1
298	338	1
298	342	1
298	350	-1
298	351	-1
298	352	1
298	354	1
298	356	1
298	357	1
298	358	-1
298	361	-1
298	363	-1
298	366	1
298	367	-1
298	368	1
298	370	1
298	378	1
298	379	1
298	380	-1
298	381	1
298	382	1
298	383	1
298	384	-1
298	385	1
298	388	-1
298	392	1
298	393	1
298	394	-1
298	395	1
298	396	-1
298	398	-1
298	400	1
298	402	1
298	403	-1
298	404	-1
298	405	-1
298	406	1
298	407	-1
298	408	-1
298	410	-1
298	413	1
298	414	1
298	415	-1
298	416	-1
298	423	1
298	424	-1
298	426	1
298	427	-1
298	429	-1
298	430	-1
298	431	1
298	432	-1
298	433	-1
298	434	1
298	437	1
298	442	1
298	444	1
298	445	1
298	449	-1
298	453	-1
298	457	-1
298	458	-1
298	463	-1
298	464	-1
298	467	1
298	468	1
298	471	1
298	472	1
298	473	1
298	474	1
298	477	-1
298	480	1
298	481	-1
298	482	1
298	487	1
298	488	-1
298	490	-1
298	491	1
298	493	1
298	495	1
298	498	1
299	301	-1
299	302	1
299	303	1
299	305	-1
299	306	-1
299	314	1
299	318	1
299	321	-1
299	322	1
299	323	-1
299	325	1
299	326	1
299	328	1
299	329	-1
299	330	-1
299	331	-1
299	333	1
299	335	1
299	336	-1
299	337	1
299	338	1
299	339	-1
299	342	1
299	344	1
299	346	1
299	347	1
299	348	-1
299	349	-1
299	350	1
299	352	-1
299	353	1
299	355	1
299	357	-1
299	358	-1
299	359	-1
299	360	1
299	364	-1
299	365	1
299	366	1
299	369	1
299	371	1
299	372	-1
299	373	-1
299	374	-1
299	381	-1
299	382	-1
299	385	-1
299	386	-1
299	387	1
299	389	-1
299	390	1
299	392	-1
299	394	1
299	395	-1
299	397	-1
299	398	1
299	400	1
299	401	-1
299	403	-1
299	404	-1
299	405	-1
299	407	1
299	408	-1
299	414	-1
299	415	1
299	417	-1
299	419	1
299	423	1
299	434	-1
299	435	1
299	436	-1
299	437	-1
299	438	1
299	439	1
299	440	-1
299	442	-1
299	443	-1
299	445	-1
299	446	1
299	449	1
299	450	1
299	451	1
299	453	1
299	456	1
299	457	1
299	461	-1
299	464	1
299	465	1
299	469	1
299	471	-1
299	472	-1
299	474	1
299	475	-1
299	477	1
299	478	-1
299	479	-1
299	480	-1
299	484	1
299	485	1
299	487	-1
299	489	-1
299	490	-1
299	491	-1
299	492	-1
299	493	1
299	494	-1
299	495	-1
299	496	-1
299	499	-1
300	301	1
300	302	-1
300	303	1
300	306	-1
300	307	-1
300	310	-1
300	315	1
300	316	-1
300	317	1
300	318	1
300	319	1
300	320	-1
300	321	-1
300	323	-1
300	324	-1
300	327	1
300	328	-1
300	329	1
300	330	1
300	331	-1
300	332	-1
300	334	-1
300	337	-1
300	338	-1
300	339	-1
300	343	-1
300	344	-1
300	346	1
300	348	1
300	349	-1
300	351	1
300	353	1
300	356	-1
300	358	1
300	359	1
300	362	-1
300	364	-1
300	365	-1
300	371	-1
300	372	1
300	373	-1
300	375	-1
300	376	1
300	377	-1
300	378	-1
300	379	-1
300	383	1
300	387	-1
300	388	-1
300	391	-1
300	395	-1
300	398	1
300	399	1
300	400	1
300	401	1
300	402	1
300	403	-1
300	405	-1
300	407	1
300	408	-1
300	411	-1
300	413	1
300	415	1
300	416	-1
300	417	1
300	419	-1
300	420	-1
300	422	-1
300	425	1
300	426	1
300	434	-1
300	436	-1
300	437	1
300	442	1
300	444	1
300	445	-1
300	447	-1
300	449	1
300	450	-1
300	451	-1
300	455	-1
300	456	-1
300	457	-1
300	458	1
300	459	1
300	460	1
300	465	-1
300	468	1
300	472	-1
300	473	-1
300	476	-1
300	477	1
300	479	-1
300	480	-1
300	483	-1
300	485	1
300	488	-1
300	491	1
300	493	1
300	494	-1
300	495	1
300	496	1
300	498	-1
301	302	-1
301	304	1
301	305	1
301	306	-1
301	310	-1
301	314	1
301	316	-1
301	317	1
301	318	1
301	322	1
301	324	1
301	326	1
301	329	1
301	332	-1
301	333	-1
301	334	-1
301	335	1
301	340	1
301	341	-1
301	343	1
301	346	-1
301	347	1
301	349	-1
301	350	-1
301	351	1
301	354	1
301	355	-1
301	358	-1
301	361	-1
301	363	1
301	365	-1
301	368	-1
301	372	1
301	373	-1
301	374	-1
301	376	1
301	377	1
301	379	1
301	380	1
301	382	-1
301	383	-1
301	384	-1
301	385	-1
301	387	-1
301	388	-1
301	389	-1
301	390	-1
301	391	-1
301	392	-1
301	394	-1
301	397	-1
301	398	-1
301	400	-1
301	403	1
301	404	-1
301	405	-1
301	406	1
301	408	-1
301	409	-1
301	411	-1
301	413	1
301	414	-1
301	416	-1
301	420	1
301	421	-1
301	422	-1
301	423	-1
301	424	-1
301	425	-1
301	426	1
301	427	-1
301	428	-1
301	430	-1
301	431	1
301	434	1
301	435	-1
301	436	-1
301	437	1
301	440	1
301	445	-1
301	446	-1
301	447	-1
301	448	-1
301	451	1
301	454	-1
301	456	-1
301	462	1
301	463	1
301	465	-1
301	466	-1
301	468	-1
301	470	-1
301	472	-1
301	473	1
301	476	1
301	477	1
301	478	-1
301	479	-1
301	481	-1
301	482	-1
301	484	-1
301	485	-1
301	486	-1
301	487	-1
301	489	1
301	491	-1
301	492	-1
301	495	1
302	303	-1
302	304	-1
302	307	-1
302	309	1
302	310	-1
302	311	-1
302	313	-1
302	315	-1
302	316	-1
302	318	-1
302	319	-1
302	320	-1
302	322	-1
302	324	-1
302	331	1
302	335	-1
302	336	-1
302	338	-1
302	343	-1
302	344	-1
302	345	1
302	346	-1
302	350	-1
302	351	-1
302	352	-1
302	355	1
302	356	-1
302	357	-1
302	359	1
302	360	1
302	361	-1
302	365	1
302	370	-1
302	371	-1
302	374	1
302	376	-1
302	377	1
302	380	-1
302	382	1
302	384	-1
302	385	-1
302	386	1
302	387	1
302	388	-1
302	389	1
302	390	-1
302	391	-1
302	392	1
302	393	1
302	394	1
302	395	1
302	396	-1
302	399	1
302	401	1
302	404	1
302	406	-1
302	407	1
302	408	1
302	409	1
302	410	-1
302	411	-1
302	412	1
302	418	-1
302	419	1
302	421	-1
302	422	1
302	423	1
302	426	1
302	428	-1
302	432	-1
302	433	1
302	436	-1
302	442	-1
302	443	1
302	444	1
302	445	1
302	448	-1
302	452	1
302	453	-1
302	455	1
302	456	-1
302	457	1
302	458	1
302	459	1
302	462	-1
302	463	-1
302	464	1
302	465	1
302	466	-1
302	467	-1
302	470	1
302	473	1
302	475	1
302	476	1
302	478	-1
302	483	1
302	484	-1
302	486	-1
302	488	-1
302	489	1
302	490	1
302	492	1
302	493	-1
302	496	-1
302	498	1
303	305	1
303	307	1
303	314	1
303	315	1
303	316	1
303	317	-1
303	320	1
303	321	-1
303	323	1
303	325	1
303	326	-1
303	327	1
303	328	1
303	329	1
303	330	-1
303	334	-1
303	336	1
303	338	1
303	342	1
303	343	1
303	345	-1
303	348	1
303	354	-1
303	355	-1
303	357	1
303	358	-1
303	359	-1
303	360	-1
303	361	-1
303	362	-1
303	363	1
303	369	-1
303	370	1
303	371	-1
303	374	1
303	379	1
303	384	1
303	385	-1
303	386	-1
303	389	-1
303	392	-1
303	393	1
303	394	-1
303	397	-1
303	398	1
303	400	-1
303	404	1
303	408	-1
303	411	1
303	422	-1
303	423	-1
303	424	-1
303	425	-1
303	428	-1
303	429	1
303	430	1
303	432	1
303	433	1
303	434	-1
303	439	-1
303	442	1
303	444	1
303	450	-1
303	453	1
303	454	-1
303	456	-1
303	458	-1
303	464	1
303	465	-1
303	467	-1
303	469	-1
303	471	1
303	475	-1
303	476	-1
303	481	1
303	483	1
303	487	1
303	491	1
303	492	1
303	494	-1
303	495	1
303	497	-1
304	305	1
304	307	-1
304	308	1
304	309	-1
304	311	1
304	317	-1
304	318	-1
304	321	-1
304	322	1
304	327	1
304	328	-1
304	331	1
304	333	1
304	334	1
304	337	1
304	340	1
304	342	-1
304	345	1
304	346	1
304	347	-1
304	348	1
304	351	-1
304	353	-1
304	354	1
304	357	1
304	358	1
304	361	-1
304	363	-1
304	367	-1
304	369	-1
304	371	1
304	373	-1
304	376	1
304	377	1
304	378	1
304	380	-1
304	381	-1
304	382	-1
304	383	-1
304	384	-1
304	385	1
304	386	-1
304	389	-1
304	395	1
304	396	1
304	398	1
304	399	-1
304	400	1
304	401	1
304	402	1
304	403	-1
304	407	-1
304	410	-1
304	411	1
304	413	-1
304	414	1
304	416	-1
304	419	1
304	421	-1
304	422	1
304	425	1
304	426	-1
304	430	-1
304	434	-1
304	435	-1
304	437	1
304	438	-1
304	442	-1
304	445	1
304	446	-1
304	449	1
304	450	1
304	453	-1
304	455	-1
304	464	-1
304	465	-1
304	466	1
304	467	-1
304	468	1
304	469	-1
304	470	1
304	471	1
304	472	1
304	474	-1
304	475	-1
304	481	1
304	482	-1
304	483	-1
304	486	-1
304	488	-1
304	490	1
304	493	-1
304	496	1
304	497	1
304	498	1
304	499	-1
305	306	-1
305	307	-1
305	308	-1
305	315	1
305	319	-1
305	322	1
305	326	-1
305	327	1
305	328	-1
305	331	1
305	332	-1
305	338	-1
305	340	-1
305	341	1
305	342	-1
305	347	-1
305	348	1
305	349	1
305	350	-1
305	353	1
305	354	-1
305	357	-1
305	361	1
305	363	-1
305	364	-1
305	365	-1
305	366	-1
305	368	-1
305	370	1
305	373	1
305	374	-1
305	376	1
305	377	1
305	379	-1
305	382	1
305	383	-1
305	386	-1
305	387	1
305	389	1
305	391	1
305	394	-1
305	397	-1
305	398	-1
305	399	-1
305	400	-1
305	403	1
305	410	-1
305	413	-1
305	414	1
305	417	1
305	418	1
305	419	-1
305	420	1
305	422	-1
305	423	1
305	427	1
305	428	-1
305	429	-1
305	430	-1
305	431	-1
305	432	-1
305	433	-1
305	435	1
305	438	-1
305	440	-1
305	443	1
305	444	1
305	445	1
305	446	-1
305	447	-1
305	448	1
305	449	1
305	451	1
305	458	1
305	460	-1
305	463	1
305	466	-1
305	468	-1
305	469	1
305	471	1
305	475	1
305	478	1
305	482	-1
305	483	1
305	484	1
305	486	-1
305	487	-1
305	488	-1
305	489	1
305	490	-1
305	492	1
305	493	1
305	494	-1
305	495	-1
306	309	1
306	310	-1
306	311	-1
306	312	-1
306	318	-1
306	319	-1
306	320	-1
306	322	-1
306	324	1
306	327	-1
306	328	-1
306	329	1
306	331	-1
306	333	1
306	336	-1
306	337	1
306	339	-1
306	341	1
306	344	1
306	345	-1
306	346	-1
306	349	-1
306	350	1
306	351	1
306	352	-1
306	353	1
306	354	-1
306	357	1
306	358	1
306	359	1
306	361	1
306	363	1
306	364	-1
306	368	-1
306	369	-1
306	370	-1
306	371	-1
306	373	1
306	375	-1
306	377	1
306	380	-1
306	381	-1
306	383	-1
306	386	1
306	388	1
306	394	1
306	395	-1
306	397	-1
306	406	1
306	410	1
306	411	-1
306	412	1
306	416	1
306	419	1
306	421	-1
306	423	1
306	424	-1
306	429	1
306	433	-1
306	434	1
306	435	1
306	437	1
306	441	-1
306	444	-1
306	445	-1
306	446	1
306	448	1
306	449	-1
306	452	1
306	453	1
306	455	1
306	457	1
306	458	-1
306	460	-1
306	461	-1
306	462	1
306	463	-1
306	465	1
306	466	-1
306	467	-1
306	468	-1
306	473	1
306	475	1
306	476	1
306	479	-1
306	480	1
306	482	1
306	483	-1
306	485	1
306	487	-1
306	488	1
306	489	-1
306	490	-1
306	491	-1
306	493	-1
306	494	1
306	495	1
306	497	1
306	498	-1
307	310	-1
307	311	-1
307	312	1
307	314	-1
307	315	1
307	316	-1
307	319	-1
307	320	-1
307	328	1
307	329	1
307	332	-1
307	333	1
307	335	1
307	336	1
307	337	-1
307	340	-1
307	341	-1
307	346	-1
307	347	-1
307	348	1
307	350	1
307	352	-1
307	355	-1
307	357	-1
307	361	-1
307	364	1
307	367	-1
307	369	-1
307	370	1
307	373	1
307	377	-1
307	378	-1
307	381	1
307	382	1
307	383	-1
307	385	1
307	386	1
307	388	-1
307	389	1
307	390	-1
307	391	-1
307	394	1
307	397	1
307	398	-1
307	399	1
307	405	1
307	407	-1
307	408	-1
307	410	-1
307	411	-1
307	412	-1
307	413	-1
307	414	1
307	415	1
307	416	1
307	417	-1
307	418	1
307	420	1
307	424	-1
307	427	1
307	429	1
307	436	1
307	437	-1
307	438	-1
307	439	-1
307	440	-1
307	444	-1
307	447	-1
307	449	1
307	450	1
307	451	1
307	452	1
307	456	1
307	459	-1
307	460	-1
307	462	-1
307	466	-1
307	467	-1
307	469	1
307	470	-1
307	475	1
307	478	1
307	480	-1
307	481	1
307	484	-1
307	485	-1
307	487	-1
307	488	1
307	491	1
307	493	-1
307	494	-1
307	495	-1
307	496	1
307	497	-1
307	498	1
307	499	1
308	309	1
308	313	1
308	315	1
308	316	1
308	318	1
308	320	1
308	321	-1
308	323	-1
308	325	1
308	328	1
308	329	1
308	333	1
308	337	-1
308	338	-1
308	340	1
308	342	1
308	347	-1
308	353	1
308	355	-1
308	356	1
308	358	1
308	360	1
308	363	-1
308	365	-1
308	366	-1
308	367	-1
308	368	1
308	369	1
308	370	1
308	372	1
308	373	-1
308	378	-1
308	379	1
308	380	-1
308	382	-1
308	385	-1
308	386	-1
308	387	1
308	391	1
308	394	-1
308	396	1
308	397	-1
308	398	1
308	402	-1
308	404	-1
308	406	1
308	407	1
308	408	-1
308	410	1
308	411	1
308	412	1
308	414	-1
308	415	-1
308	416	-1
308	417	-1
308	418	1
308	422	-1
308	423	-1
308	424	-1
308	426	1
308	429	1
308	433	-1
308	435	1
308	436	-1
308	440	1
308	441	-1
308	444	1
308	449	-1
308	451	-1
308	453	-1
308	454	1
308	455	-1
308	458	-1
308	459	1
308	461	1
308	462	-1
308	463	1
308	465	1
308	467	1
308	469	-1
308	473	-1
308	474	1
308	475	1
308	486	1
308	487	1
308	488	1
308	490	-1
308	491	1
308	493	-1
308	495	-1
308	496	-1
309	311	1
309	312	-1
309	313	1
309	317	-1
309	319	1
309	321	-1
309	324	-1
309	325	1
309	326	-1
309	328	-1
309	329	1
309	330	-1
309	331	1
309	333	-1
309	335	1
309	336	-1
309	337	1
309	338	1
309	339	-1
309	346	-1
309	347	1
309	349	1
309	350	-1
309	351	1
309	352	1
309	353	-1
309	355	1
309	356	1
309	360	-1
309	361	-1
309	363	1
309	365	-1
309	374	1
309	376	-1
309	379	-1
309	381	-1
309	382	1
309	384	1
309	385	1
309	387	1
309	389	-1
309	390	-1
309	393	-1
309	394	1
309	396	1
309	397	-1
309	399	1
309	403	1
309	405	1
309	407	-1
309	408	1
309	409	-1
309	411	1
309	412	1
309	413	-1
309	416	1
309	417	1
309	418	1
309	421	-1
309	423	-1
309	424	-1
309	425	1
309	431	-1
309	437	-1
309	438	-1
309	445	-1
309	447	1
309	451	-1
309	455	-1
309	456	-1
309	457	1
309	459	-1
309	461	1
309	462	-1
309	464	-1
309	466	1
309	467	-1
309	468	1
309	470	-1
309	472	1
309	475	1
309	476	1
309	479	-1
309	482	1
309	484	1
309	485	-1
309	486	-1
309	489	-1
309	491	-1
309	492	1
309	494	-1
309	498	-1
309	499	1
310	311	1
310	312	-1
310	316	-1
310	318	1
310	321	1
310	323	-1
310	325	-1
310	326	1
310	328	1
310	329	1
310	330	-1
310	333	1
310	335	1
310	336	1
310	338	-1
310	340	-1
310	341	-1
310	348	1
310	349	1
310	350	1
310	351	1
310	352	-1
310	353	1
310	355	-1
310	356	1
310	357	1
310	359	-1
310	361	1
310	363	-1
310	366	-1
310	368	1
310	369	-1
310	370	-1
310	372	1
310	373	1
310	375	1
310	377	-1
310	378	1
310	382	1
310	383	-1
310	384	-1
310	385	-1
310	386	1
310	388	-1
310	389	-1
310	392	1
310	396	1
310	398	-1
310	401	1
310	402	1
310	403	1
310	404	-1
310	405	1
310	406	1
310	408	1
310	409	-1
310	411	-1
310	412	-1
310	413	1
310	415	-1
310	418	1
310	420	-1
310	421	1
310	422	1
310	424	1
310	426	1
310	429	-1
310	430	1
310	434	-1
310	436	-1
310	438	1
310	440	1
310	442	1
310	445	-1
310	447	-1
310	449	1
310	450	-1
310	452	1
310	453	1
310	454	1
310	455	-1
310	457	-1
310	459	1
310	460	1
310	462	-1
310	469	-1
310	470	-1
310	471	1
310	475	1
310	476	1
310	478	1
310	479	-1
310	483	-1
310	484	1
310	485	-1
310	486	1
310	489	-1
310	490	1
310	492	-1
310	495	1
310	497	-1
311	313	1
311	314	1
311	315	1
311	317	-1
311	319	-1
311	320	-1
311	321	-1
311	322	-1
311	324	1
311	325	-1
311	327	-1
311	328	-1
311	329	-1
311	331	-1
311	332	-1
311	336	-1
311	337	1
311	338	1
311	342	1
311	343	-1
311	344	1
311	345	-1
311	346	-1
311	347	-1
311	349	1
311	353	1
311	355	-1
311	356	-1
311	360	-1
311	362	1
311	364	-1
311	368	-1
311	370	-1
311	371	1
311	375	1
311	376	1
311	377	-1
311	381	1
311	385	1
311	386	1
311	389	1
311	391	-1
311	393	-1
311	396	-1
311	397	-1
311	398	-1
311	402	1
311	403	1
311	408	-1
311	411	-1
311	412	-1
311	417	1
311	419	-1
311	421	-1
311	423	-1
311	424	1
311	426	1
311	429	1
311	431	1
311	432	-1
311	433	1
311	439	-1
311	442	1
311	446	1
311	450	-1
311	451	1
311	452	-1
311	455	-1
311	456	1
311	458	-1
311	459	-1
311	462	1
311	463	1
311	464	-1
311	466	1
311	468	-1
311	470	1
311	474	-1
311	476	1
311	480	1
311	484	1
311	488	-1
311	489	1
311	490	-1
311	492	1
311	494	-1
311	496	1
311	497	-1
311	498	-1
312	313	1
312	315	1
312	317	-1
312	319	-1
312	320	1
312	321	1
312	322	1
312	323	-1
312	324	1
312	325	-1
312	329	1
312	332	-1
312	334	1
312	335	-1
312	336	-1
312	337	-1
312	340	-1
312	341	1
312	342	-1
312	344	1
312	345	1
312	346	-1
312	347	1
312	348	-1
312	349	-1
312	350	1
312	351	1
312	356	-1
312	357	-1
312	359	1
312	360	1
312	363	-1
312	365	-1
312	371	1
312	373	-1
312	376	-1
312	377	1
312	383	1
312	385	-1
312	386	-1
312	388	1
312	389	1
312	390	1
312	392	1
312	394	1
312	398	-1
312	401	1
312	403	-1
312	407	-1
312	409	-1
312	412	-1
312	413	1
312	416	-1
312	422	-1
312	428	-1
312	432	-1
312	434	-1
312	439	-1
312	441	-1
312	443	1
312	444	1
312	447	1
312	448	1
312	449	1
312	451	1
312	458	-1
312	459	-1
312	460	-1
312	462	1
312	463	1
312	464	-1
312	465	-1
312	471	1
312	475	-1
312	477	-1
312	480	-1
312	484	1
312	485	1
312	487	-1
312	490	-1
312	491	1
312	493	-1
312	494	1
312	495	1
312	498	-1
312	499	1
313	315	1
313	316	1
313	317	1
313	318	1
313	320	-1
313	321	1
313	322	-1
313	323	-1
313	325	1
313	326	-1
313	327	1
313	329	-1
313	331	1
313	332	-1
313	334	1
313	338	1
313	340	-1
313	341	1
313	343	-1
313	344	1
313	345	1
313	347	1
313	348	-1
313	349	-1
313	350	-1
313	354	-1
313	355	-1
313	356	-1
313	358	1
313	359	-1
313	361	-1
313	364	1
313	365	-1
313	367	1
313	368	-1
313	372	1
313	374	1
313	375	-1
313	377	1
313	378	1
313	380	1
313	382	-1
313	385	1
313	386	1
313	388	1
313	391	1
313	393	-1
313	394	-1
313	396	1
313	398	1
313	400	-1
313	402	1
313	406	1
313	408	-1
313	414	1
313	416	1
313	417	1
313	421	-1
313	424	-1
313	425	1
313	426	1
313	427	1
313	428	1
313	430	1
313	432	-1
313	434	-1
313	435	1
313	436	-1
313	438	-1
313	439	1
313	443	-1
313	444	-1
313	445	-1
313	446	-1
313	447	1
313	448	1
313	449	-1
313	452	-1
313	454	1
313	455	-1
313	458	1
313	459	-1
313	462	-1
313	465	-1
313	475	1
313	478	-1
313	481	1
313	482	1
313	486	1
313	489	1
313	491	-1
313	493	1
313	498	1
314	316	-1
314	319	1
314	320	1
314	323	-1
314	324	-1
314	326	1
314	327	1
314	328	-1
314	332	1
314	333	1
314	335	1
314	336	1
314	338	1
314	339	-1
314	341	1
314	345	-1
314	347	1
314	348	1
314	350	-1
314	355	1
314	357	1
314	361	1
314	362	1
314	363	-1
314	364	1
314	365	-1
314	367	1
314	368	1
314	369	1
314	370	1
314	371	1
314	374	1
314	376	-1
314	379	1
314	381	-1
314	382	1
314	383	1
314	385	-1
314	387	-1
314	388	-1
314	389	1
314	391	-1
314	392	1
314	393	1
314	394	-1
314	395	1
314	396	-1
314	401	-1
314	402	1
314	404	-1
314	406	-1
314	408	-1
314	410	1
314	411	-1
314	415	1
314	416	1
314	418	-1
314	419	1
314	420	-1
314	421	1
314	422	-1
314	425	1
314	428	-1
314	429	1
314	431	1
314	432	1
314	433	-1
314	434	1
314	436	-1
314	438	1
314	442	-1
314	443	-1
314	444	-1
314	446	1
314	447	-1
314	449	-1
314	451	1
314	453	1
314	454	-1
314	457	1
314	459	-1
314	460	1
314	461	-1
314	463	-1
314	469	1
314	470	1
314	479	1
314	481	1
314	482	1
314	483	-1
314	486	-1
314	487	-1
314	490	1
314	491	1
314	494	1
314	496	-1
314	497	1
314	498	-1
315	319	-1
315	320	-1
315	322	1
315	323	1
315	324	-1
315	328	-1
315	330	1
315	331	-1
315	332	1
315	333	1
315	334	-1
315	336	-1
315	338	-1
315	344	1
315	345	-1
315	346	-1
315	347	1
315	350	1
315	352	-1
315	353	-1
315	355	1
315	356	-1
315	357	1
315	358	1
315	359	-1
315	360	-1
315	361	1
315	363	1
315	364	1
315	365	1
315	366	-1
315	367	1
315	368	1
315	370	-1
315	376	-1
315	377	1
315	379	-1
315	381	1
315	384	-1
315	387	-1
315	389	-1
315	390	-1
315	393	1
315	394	1
315	395	-1
315	403	1
315	405	-1
315	406	1
315	409	-1
315	410	1
315	413	-1
315	414	1
315	415	-1
315	416	1
315	417	-1
315	418	1
315	421	1
315	422	1
315	424	1
315	427	1
315	430	1
315	431	1
315	432	-1
315	438	-1
315	441	-1
315	445	-1
315	446	1
315	449	-1
315	451	-1
315	452	-1
315	455	1
315	459	-1
315	461	-1
315	463	1
315	464	1
315	465	1
315	466	1
315	467	-1
315	471	1
315	477	1
315	478	-1
315	481	-1
315	482	-1
315	486	-1
315	487	1
315	488	1
315	490	-1
315	491	1
315	494	1
315	497	1
316	318	-1
316	320	-1
316	321	1
316	322	1
316	329	1
316	333	-1
316	334	1
316	337	-1
316	338	-1
316	339	1
316	340	1
316	344	1
316	345	-1
316	347	1
316	348	-1
316	353	-1
316	359	1
316	365	1
316	370	1
316	372	1
316	374	1
316	375	1
316	377	1
316	379	1
316	380	-1
316	382	1
316	383	-1
316	385	-1
316	386	-1
316	388	1
316	389	1
316	390	1
316	391	-1
316	392	1
316	394	1
316	395	1
316	398	1
316	401	-1
316	402	-1
316	408	-1
316	409	1
316	410	1
316	412	-1
316	413	1
316	414	-1
316	417	1
316	418	1
316	419	-1
316	420	1
316	425	-1
316	426	1
316	428	-1
316	429	-1
316	432	-1
316	435	-1
316	439	1
316	440	-1
316	442	1
316	443	-1
316	450	-1
316	451	-1
316	452	1
316	453	1
316	455	-1
316	456	-1
316	459	-1
316	460	-1
316	462	1
316	463	-1
316	466	1
316	467	1
316	468	1
316	469	-1
316	474	-1
316	475	1
316	476	1
316	480	1
316	481	1
316	483	1
316	484	1
316	486	-1
316	488	-1
316	491	-1
316	496	-1
316	497	1
316	498	-1
316	499	-1
317	320	1
317	321	-1
317	323	1
317	326	1
317	328	1
317	336	1
317	337	-1
317	338	-1
317	350	1
317	352	1
317	353	1
317	354	1
317	357	1
317	358	1
317	360	-1
317	362	1
317	364	-1
317	365	1
317	368	1
317	369	1
317	370	1
317	378	1
317	380	-1
317	383	1
317	384	1
317	389	1
317	390	1
317	392	1
317	394	-1
317	398	-1
317	399	-1
317	402	-1
317	406	-1
317	407	-1
317	408	-1
317	409	1
317	411	1
317	414	-1
317	419	1
317	420	1
317	421	1
317	424	1
317	425	1
317	426	1
317	427	-1
317	428	-1
317	429	1
317	430	-1
317	431	-1
317	434	1
317	437	1
317	439	1
317	440	-1
317	441	1
317	443	-1
317	445	1
317	449	-1
317	450	-1
317	451	1
317	452	-1
317	454	-1
317	455	1
317	456	-1
317	458	-1
317	459	-1
317	460	1
317	461	1
317	463	-1
317	464	-1
317	466	1
317	472	1
317	474	1
317	475	1
317	478	-1
317	479	1
317	484	1
317	485	1
317	487	1
317	489	-1
317	491	1
317	492	-1
317	494	-1
317	495	1
318	319	1
318	325	-1
318	326	1
318	327	-1
318	331	1
318	332	-1
318	333	-1
318	334	-1
318	336	-1
318	337	1
318	339	-1
318	341	1
318	343	1
318	344	1
318	345	1
318	347	-1
318	350	1
318	351	1
318	352	1
318	353	1
318	354	-1
318	355	1
318	360	-1
318	361	-1
318	363	-1
318	364	-1
318	365	1
318	366	1
318	369	1
318	370	-1
318	371	1
318	372	1
318	373	-1
318	374	1
318	376	1
318	377	-1
318	378	-1
318	379	-1
318	382	-1
318	383	1
318	386	1
318	387	1
318	388	1
318	389	1
318	390	1
318	391	-1
318	393	1
318	396	1
318	402	1
318	405	-1
318	407	1
318	409	1
318	410	1
318	411	-1
318	412	1
318	414	-1
318	417	1
318	419	-1
318	420	1
318	422	-1
318	426	1
318	427	-1
318	429	1
318	431	1
318	432	1
318	433	-1
318	434	1
318	435	1
318	436	-1
318	439	1
318	441	-1
318	442	-1
318	443	-1
318	445	1
318	448	1
318	450	-1
318	452	-1
318	453	1
318	456	-1
318	459	-1
318	461	1
318	464	-1
318	465	-1
318	467	1
318	469	1
318	471	1
318	474	-1
318	476	1
318	477	1
318	481	-1
318	484	1
318	485	1
318	487	1
318	488	-1
318	489	-1
318	493	-1
318	495	1
318	498	-1
318	499	-1
319	325	1
319	328	-1
319	329	-1
319	331	-1
319	332	1
319	333	-1
319	335	-1
319	336	-1
319	340	-1
319	341	1
319	342	1
319	345	1
319	348	-1
319	350	1
319	353	-1
319	354	-1
319	357	-1
319	359	-1
319	361	-1
319	363	1
319	364	1
319	365	-1
319	366	-1
319	368	-1
319	370	-1
319	371	1
319	373	-1
319	374	1
319	376	-1
319	378	1
319	379	-1
319	382	-1
319	383	1
319	386	-1
319	387	1
319	388	-1
319	389	-1
319	391	1
319	392	-1
319	394	1
319	397	1
319	399	-1
319	400	1
319	401	1
319	403	-1
319	404	1
319	405	1
319	406	1
319	410	-1
319	412	-1
319	419	1
319	422	-1
319	423	1
319	424	1
319	426	1
319	427	1
319	428	-1
319	429	1
319	430	-1
319	432	-1
319	437	1
319	438	-1
319	439	-1
319	440	1
319	443	1
319	446	1
319	448	-1
319	450	-1
319	452	1
319	456	-1
319	457	-1
319	458	-1
319	459	-1
319	460	1
319	463	1
319	464	-1
319	466	1
319	467	1
319	469	-1
319	471	1
319	472	1
319	474	-1
319	475	-1
319	477	-1
319	479	-1
319	482	1
319	483	1
319	487	-1
319	489	-1
319	490	1
319	491	1
319	492	-1
319	493	-1
319	495	-1
320	322	-1
320	323	1
320	324	-1
320	325	-1
320	327	-1
320	332	1
320	335	1
320	338	-1
320	341	-1
320	342	1
320	344	-1
320	346	1
320	348	1
320	349	1
320	350	1
320	357	1
320	359	1
320	363	-1
320	364	-1
320	365	1
320	366	-1
320	367	1
320	368	1
320	370	1
320	372	-1
320	373	1
320	374	1
320	375	1
320	377	-1
320	378	1
320	384	-1
320	385	1
320	386	1
320	388	-1
320	390	-1
320	391	-1
320	392	-1
320	394	-1
320	395	1
320	396	-1
320	397	-1
320	398	-1
320	400	1
320	402	1
320	404	1
320	406	1
320	408	-1
320	410	1
320	414	1
320	417	-1
320	418	1
320	420	-1
320	421	-1
320	422	1
320	423	-1
320	424	1
320	427	1
320	428	-1
320	429	-1
320	430	1
320	431	1
320	432	-1
320	435	1
320	438	-1
320	439	1
320	441	1
320	446	-1
320	448	-1
320	449	-1
320	450	-1
320	451	1
320	452	-1
320	453	-1
320	454	-1
320	459	-1
320	462	1
320	463	1
320	465	-1
320	466	1
320	467	-1
320	469	1
320	472	1
320	473	1
320	474	-1
320	476	1
320	481	1
320	482	-1
320	483	1
320	485	1
320	486	-1
320	488	1
320	490	1
320	491	-1
320	492	-1
320	493	-1
320	497	1
320	499	1
321	322	1
321	323	1
321	324	1
321	326	1
321	328	-1
321	329	-1
321	330	-1
321	331	1
321	332	-1
321	335	1
321	338	-1
321	341	-1
321	342	-1
321	344	-1
321	346	1
321	347	1
321	348	1
321	350	1
321	352	-1
321	354	-1
321	356	1
321	357	-1
321	359	-1
321	360	1
321	365	1
321	367	1
321	369	-1
321	370	-1
321	372	-1
321	374	-1
321	375	-1
321	377	1
321	378	-1
321	379	-1
321	381	-1
321	382	1
321	383	1
321	384	-1
321	387	1
321	389	1
321	391	-1
321	394	-1
321	397	1
321	401	1
321	406	-1
321	407	1
321	408	1
321	410	1
321	412	-1
321	413	1
321	416	-1
321	417	1
321	418	-1
321	419	-1
321	423	-1
321	424	-1
321	428	-1
321	429	-1
321	430	-1
321	431	1
321	433	-1
321	436	-1
321	438	-1
321	440	-1
321	442	1
321	444	1
321	447	1
321	451	1
321	455	-1
321	458	1
321	463	1
321	466	-1
321	470	1
321	471	1
321	472	-1
321	473	1
321	474	-1
321	475	-1
321	482	-1
321	484	1
321	485	1
321	490	-1
321	493	-1
321	494	1
322	323	1
322	325	-1
322	329	-1
322	333	-1
322	335	1
322	337	1
322	340	-1
322	346	1
322	351	1
322	352	1
322	356	1
322	357	1
322	359	1
322	364	-1
322	365	-1
322	369	-1
322	370	-1
322	372	1
322	375	1
322	376	1
322	377	1
322	380	1
322	381	-1
322	383	1
322	385	-1
322	387	-1
322	391	1
322	393	-1
322	395	-1
322	398	-1
322	399	-1
322	401	-1
322	404	1
322	408	1
322	409	-1
322	410	1
322	412	-1
322	415	1
322	417	1
322	418	1
322	419	1
322	423	-1
322	427	-1
322	428	-1
322	429	1
322	430	1
322	432	1
322	433	1
322	436	-1
322	437	1
322	438	1
322	439	1
322	440	-1
322	441	-1
322	442	1
322	443	1
322	444	1
322	449	1
322	450	1
322	453	1
322	454	1
322	457	1
322	459	1
322	460	1
322	461	1
322	462	-1
322	464	1
322	466	-1
322	467	-1
322	468	-1
322	469	-1
322	471	-1
322	473	1
322	475	-1
322	477	-1
322	479	1
322	480	1
322	481	-1
322	482	-1
322	485	1
322	489	-1
322	491	-1
322	492	1
322	493	-1
322	494	1
322	496	-1
322	497	1
322	498	1
323	326	1
323	328	-1
323	329	-1
323	334	1
323	337	-1
323	338	1
323	345	-1
323	346	-1
323	349	-1
323	351	1
323	354	-1
323	355	-1
323	357	-1
323	359	1
323	360	1
323	362	1
323	363	1
323	364	-1
323	365	-1
323	367	1
323	369	1
323	370	-1
323	372	-1
323	374	1
323	377	1
323	379	1
323	383	1
323	384	-1
323	385	1
323	386	-1
323	387	-1
323	390	-1
323	395	1
323	396	1
323	397	-1
323	399	-1
323	400	1
323	401	1
323	402	1
323	404	-1
323	406	1
323	407	1
323	409	1
323	410	-1
323	412	-1
323	413	-1
323	414	1
323	415	-1
323	418	1
323	420	-1
323	422	1
323	423	-1
323	424	1
323	425	-1
323	426	1
323	428	-1
323	429	-1
323	431	-1
323	432	-1
323	436	-1
323	437	-1
323	442	1
323	443	-1
323	444	-1
323	446	-1
323	448	-1
323	449	1
323	450	1
323	452	1
323	456	-1
323	458	-1
323	460	1
323	461	-1
323	463	-1
323	467	1
323	470	-1
323	471	1
323	473	-1
323	478	1
323	479	-1
323	480	-1
323	481	1
323	482	-1
323	484	1
323	486	1
323	487	-1
323	491	-1
323	492	-1
323	495	-1
323	497	-1
323	498	-1
323	499	1
324	325	1
324	326	1
324	327	1
324	329	-1
324	330	-1
324	331	-1
324	337	-1
324	338	-1
324	339	1
324	342	-1
324	344	-1
324	352	1
324	353	-1
324	354	-1
324	355	1
324	356	1
324	357	1
324	359	1
324	360	-1
324	361	-1
324	362	-1
324	363	-1
324	364	1
324	365	-1
324	367	-1
324	371	-1
324	372	1
324	373	-1
324	374	-1
324	375	1
324	376	-1
324	380	-1
324	381	-1
324	382	-1
324	383	-1
324	386	-1
324	394	-1
324	395	1
324	396	1
324	397	-1
324	399	-1
324	400	-1
324	404	1
324	407	-1
324	410	1
324	411	1
324	413	-1
324	418	-1
324	420	-1
324	421	-1
324	422	1
324	423	1
324	424	1
324	425	1
324	426	-1
324	431	1
324	434	1
324	438	-1
324	439	1
324	440	1
324	441	1
324	442	-1
324	443	-1
324	444	1
324	446	-1
324	450	1
324	451	-1
324	452	-1
324	453	-1
324	456	1
324	458	-1
324	459	1
324	461	1
324	462	-1
324	465	1
324	466	-1
324	467	-1
324	468	1
324	469	-1
324	470	1
324	471	1
324	472	-1
324	474	-1
324	475	1
324	480	1
324	482	-1
324	484	-1
324	485	-1
324	487	-1
324	488	-1
324	489	1
324	494	-1
324	496	-1
324	498	1
325	327	1
325	328	-1
325	332	1
325	334	-1
325	335	1
325	336	1
325	340	1
325	343	1
325	344	1
325	348	1
325	350	-1
325	351	-1
325	355	1
325	360	-1
325	367	1
325	368	-1
325	369	-1
325	371	-1
325	373	1
325	374	1
325	375	-1
325	376	-1
325	381	-1
325	382	-1
325	384	-1
325	385	1
325	387	1
325	388	1
325	391	-1
325	392	-1
325	393	1
325	395	-1
325	396	-1
325	397	1
325	399	1
325	401	1
325	402	-1
325	403	-1
325	409	-1
325	410	1
325	413	-1
325	416	1
325	417	1
325	418	1
325	419	-1
325	422	1
325	423	-1
325	424	-1
325	427	-1
325	428	-1
325	430	-1
325	431	-1
325	433	1
325	434	1
325	435	1
325	436	-1
325	437	-1
325	438	1
325	439	-1
325	443	1
325	447	-1
325	449	1
325	450	1
325	455	-1
325	464	1
325	468	-1
325	469	1
325	470	1
325	472	-1
325	476	1
325	479	1
325	480	1
325	482	-1
325	483	-1
325	486	1
325	489	-1
325	490	1
325	492	-1
325	493	-1
325	499	-1
326	327	1
326	332	1
326	333	-1
326	335	1
326	336	-1
326	341	-1
326	342	1
326	343	-1
326	344	-1
326	346	-1
326	349	-1
326	352	1
326	359	1
326	360	1
326	365	-1
326	367	1
326	369	1
326	372	1
326	374	-1
326	375	1
326	378	1
326	379	-1
326	380	1
326	383	-1
326	384	-1
326	385	1
326	386	1
326	388	-1
326	390	-1
326	393	-1
326	394	1
326	395	1
326	396	1
326	399	-1
326	400	-1
326	401	1
326	403	1
326	404	-1
326	405	1
326	408	1
326	409	-1
326	410	1
326	414	-1
326	415	1
326	417	-1
326	421	1
326	422	1
326	423	1
326	427	-1
326	436	-1
326	441	1
326	442	1
326	444	1
326	445	-1
326	449	1
326	451	1
326	455	1
326	456	1
326	457	1
326	458	-1
326	461	1
326	463	-1
326	465	1
326	466	1
326	468	-1
326	469	1
326	472	1
326	473	-1
326	477	-1
326	479	-1
326	482	1
326	483	1
326	485	1
326	488	1
326	489	1
326	492	-1
326	495	-1
326	496	1
327	328	-1
327	330	1
327	335	-1
327	338	-1
327	339	-1
327	340	1
327	342	-1
327	343	1
327	344	-1
327	345	-1
327	346	-1
327	350	-1
327	354	-1
327	356	1
327	358	1
327	361	-1
327	364	-1
327	369	1
327	372	-1
327	373	1
327	375	-1
327	378	-1
327	379	1
327	380	1
327	381	1
327	383	1
327	384	-1
327	385	1
327	386	1
327	387	-1
327	389	-1
327	392	-1
327	396	1
327	398	1
327	400	1
327	406	1
327	407	-1
327	409	1
327	411	-1
327	413	-1
327	415	-1
327	416	1
327	417	-1
327	419	-1
327	420	-1
327	421	-1
327	422	1
327	423	1
327	424	-1
327	425	1
327	426	1
327	427	1
327	430	1
327	431	-1
327	432	-1
327	434	-1
327	435	1
327	437	1
327	440	-1
327	441	1
327	445	1
327	446	1
327	447	1
327	448	1
327	450	1
327	451	1
327	452	1
327	454	1
327	455	1
327	456	1
327	458	-1
327	459	1
327	460	-1
327	461	1
327	462	1
327	463	-1
327	464	1
327	466	1
327	467	-1
327	468	-1
327	470	-1
327	471	1
327	477	-1
327	483	-1
327	484	-1
327	485	1
327	486	-1
327	489	-1
327	490	1
327	492	1
327	495	-1
327	496	1
327	498	1
327	499	-1
328	333	1
328	334	-1
328	335	-1
328	336	1
328	337	1
328	339	-1
328	340	-1
328	345	-1
328	347	1
328	350	-1
328	351	-1
328	352	-1
328	355	1
328	356	-1
328	359	1
328	360	-1
328	361	-1
328	362	-1
328	365	1
328	367	1
328	368	1
328	370	1
328	371	1
328	374	1
328	375	-1
328	383	-1
328	385	1
328	386	-1
328	388	1
328	389	-1
328	390	1
328	392	1
328	395	-1
328	401	1
328	405	1
328	407	1
328	409	1
328	413	-1
328	415	-1
328	416	1
328	422	1
328	423	1
328	424	1
328	426	1
328	429	-1
328	430	1
328	432	1
328	434	-1
328	439	1
328	440	1
328	443	1
328	448	1
328	453	1
328	454	1
328	457	-1
328	460	1
328	464	1
328	465	1
328	478	1
328	479	1
328	481	1
328	482	1
328	484	1
328	488	-1
328	489	1
328	491	1
328	494	-1
328	495	-1
328	496	1
328	497	-1
328	499	1
329	330	1
329	331	-1
329	333	-1
329	334	-1
329	335	1
329	337	-1
329	338	-1
329	345	-1
329	346	-1
329	347	-1
329	348	1
329	352	-1
329	354	1
329	355	1
329	359	-1
329	360	-1
329	364	-1
329	365	-1
329	366	-1
329	367	1
329	368	1
329	370	1
329	373	-1
329	374	1
329	376	1
329	377	-1
329	378	-1
329	380	-1
329	381	-1
329	382	-1
329	385	-1
329	387	1
329	388	1
329	389	-1
329	393	-1
329	394	1
329	395	1
329	400	-1
329	401	-1
329	403	1
329	408	-1
329	410	1
329	414	1
329	415	-1
329	416	1
329	418	-1
329	420	1
329	421	1
329	424	-1
329	425	1
329	427	-1
329	428	-1
329	429	-1
329	430	-1
329	432	1
329	434	1
329	436	-1
329	440	-1
329	441	-1
329	447	-1
329	449	-1
329	452	-1
329	453	1
329	455	1
329	458	-1
329	463	1
329	471	-1
329	472	-1
329	473	-1
329	474	-1
329	476	1
329	477	1
329	478	-1
329	479	1
329	482	-1
329	490	1
329	491	-1
329	492	1
329	493	1
330	331	1
330	332	1
330	334	1
330	336	-1
330	338	1
330	339	1
330	340	-1
330	341	1
330	344	1
330	347	1
330	349	1
330	350	1
330	351	-1
330	352	1
330	354	-1
330	357	-1
330	360	1
330	365	-1
330	369	-1
330	371	1
330	372	-1
330	373	-1
330	377	-1
330	378	-1
330	383	1
330	385	-1
330	386	-1
330	387	1
330	391	-1
330	393	1
330	398	1
330	402	1
330	403	-1
330	404	1
330	406	1
330	413	-1
330	415	-1
330	417	1
330	418	1
330	419	-1
330	420	1
330	421	1
330	423	1
330	424	1
330	425	1
330	426	-1
330	429	-1
330	431	1
330	433	1
330	436	-1
330	438	-1
330	439	-1
330	440	-1
330	441	1
330	443	1
330	448	-1
330	450	1
330	451	-1
330	453	1
330	457	1
330	460	-1
330	462	-1
330	463	-1
330	464	1
330	467	1
330	470	-1
330	471	-1
330	472	1
330	473	-1
330	475	1
330	476	1
330	477	1
330	479	1
330	484	-1
330	487	-1
330	489	-1
330	491	1
330	499	-1
331	334	1
331	335	1
331	339	-1
331	340	-1
331	341	-1
331	343	-1
331	347	1
331	348	-1
331	350	-1
331	353	1
331	355	1
331	357	-1
331	359	-1
331	361	1
331	365	-1
331	366	-1
331	367	-1
331	368	1
331	369	-1
331	373	1
331	374	1
331	375	-1
331	377	1
331	382	1
331	383	-1
331	384	1
331	387	-1
331	388	1
331	391	-1
331	392	-1
331	395	-1
331	397	1
331	398	-1
331	399	1
331	403	1
331	404	-1
331	408	1
331	409	1
331	411	-1
331	415	-1
331	416	1
331	417	1
331	418	1
331	419	-1
331	421	-1
331	423	-1
331	425	-1
331	426	1
331	427	-1
331	428	-1
331	433	1
331	436	1
331	437	1
331	438	1
331	440	-1
331	442	-1
331	443	1
331	444	1
331	446	1
331	449	1
331	454	-1
331	456	-1
331	457	-1
331	460	-1
331	461	1
331	462	-1
331	467	-1
331	469	1
331	477	-1
331	479	1
331	486	1
331	487	-1
331	489	-1
331	493	1
331	494	1
331	495	1
331	496	-1
331	498	1
331	499	-1
332	333	1
332	336	-1
332	337	1
332	343	-1
332	344	1
332	346	1
332	348	1
332	351	1
332	352	1
332	354	-1
332	355	-1
332	358	1
332	360	1
332	361	-1
332	365	1
332	367	1
332	368	1
332	369	-1
332	371	1
332	372	1
332	375	1
332	376	1
332	381	-1
332	382	-1
332	383	1
332	386	-1
332	387	1
332	388	-1
332	390	-1
332	391	1
332	393	1
332	397	1
332	398	1
332	399	1
332	400	1
332	402	1
332	403	1
332	404	1
332	405	1
332	406	-1
332	408	-1
332	409	-1
332	410	1
332	415	1
332	417	1
332	418	-1
332	419	-1
332	420	-1
332	421	1
332	423	1
332	425	1
332	427	-1
332	429	1
332	431	-1
332	432	1
332	434	-1
332	437	1
332	439	-1
332	440	-1
332	442	1
332	444	1
332	445	-1
332	446	-1
332	448	-1
332	451	1
332	452	-1
332	453	1
332	454	-1
332	455	-1
332	457	1
332	458	1
332	459	-1
332	460	-1
332	462	1
332	463	1
332	464	1
332	465	1
332	466	1
332	467	-1
332	469	-1
332	472	-1
332	473	-1
332	474	1
332	477	1
332	479	-1
332	481	1
332	482	-1
332	488	-1
332	490	-1
332	493	-1
332	494	1
332	496	-1
332	497	-1
332	498	-1
332	499	1
333	334	1
333	340	-1
333	341	1
333	344	-1
333	345	1
333	347	-1
333	353	1
333	354	1
333	355	1
333	357	1
333	361	-1
333	362	1
333	363	-1
333	367	-1
333	368	1
333	369	1
333	370	1
333	372	1
333	375	1
333	376	-1
333	379	-1
333	382	1
333	383	1
333	384	-1
333	386	1
333	387	-1
333	390	-1
333	393	1
333	395	1
333	397	-1
333	401	1
333	403	1
333	404	1
333	406	-1
333	407	1
333	408	-1
333	409	-1
333	412	1
333	414	-1
333	415	-1
333	416	-1
333	420	-1
333	422	-1
333	424	-1
333	426	1
333	427	1
333	431	-1
333	433	-1
333	434	-1
333	436	-1
333	437	1
333	439	-1
333	442	-1
333	444	1
333	445	-1
333	447	-1
333	449	1
333	451	-1
333	454	-1
333	458	-1
333	461	-1
333	462	1
333	465	-1
333	466	-1
333	467	1
333	470	1
333	471	1
333	472	-1
333	475	1
333	478	1
333	480	-1
333	481	1
333	482	1
333	492	1
333	493	1
333	495	-1
333	498	-1
334	335	1
334	343	1
334	346	-1
334	347	-1
334	353	-1
334	355	-1
334	360	-1
334	362	1
334	363	-1
334	367	-1
334	369	1
334	372	1
334	373	1
334	375	1
334	378	-1
334	379	-1
334	380	-1
334	382	-1
334	385	1
334	393	-1
334	394	-1
334	395	1
334	396	1
334	397	-1
334	400	-1
334	402	-1
334	404	-1
334	405	-1
334	406	-1
334	409	-1
334	411	1
334	415	-1
334	417	-1
334	418	-1
334	419	-1
334	420	1
334	424	1
334	425	1
334	427	-1
334	433	1
334	436	1
334	439	1
334	443	-1
334	447	-1
334	448	1
334	450	-1
334	451	1
334	454	1
334	455	1
334	458	-1
334	461	1
334	465	1
334	466	1
334	467	1
334	468	1
334	469	1
334	470	-1
334	473	-1
334	476	1
334	477	-1
334	478	-1
334	479	1
334	480	1
334	481	-1
334	484	-1
334	486	1
334	487	-1
334	488	-1
334	489	1
334	490	1
334	494	-1
334	495	-1
334	499	1
335	336	1
335	338	1
335	340	1
335	341	1
335	342	-1
335	343	1
335	345	-1
335	347	1
335	348	1
335	352	-1
335	353	-1
335	354	1
335	357	-1
335	359	-1
335	360	1
335	361	-1
335	362	1
335	363	1
335	366	-1
335	369	1
335	370	-1
335	371	1
335	372	-1
335	377	1
335	378	1
335	379	1
335	385	-1
335	387	-1
335	390	1
335	391	-1
335	392	-1
335	396	1
335	398	1
335	399	1
335	401	1
335	402	-1
335	403	-1
335	404	1
335	406	1
335	412	1
335	414	1
335	415	1
335	417	1
335	418	-1
335	422	-1
335	425	-1
335	426	-1
335	427	1
335	428	1
335	429	1
335	430	1
335	431	-1
335	434	-1
335	437	-1
335	438	-1
335	439	1
335	440	-1
335	442	1
335	446	1
335	447	1
335	448	1
335	451	1
335	454	1
335	455	-1
335	456	1
335	457	-1
335	462	-1
335	463	-1
335	466	-1
335	468	-1
335	469	-1
335	473	1
335	475	1
335	476	-1
335	478	1
335	480	-1
335	481	-1
335	482	1
335	484	1
335	487	-1
335	488	1
335	489	1
335	492	-1
335	494	-1
335	495	1
335	498	-1
335	499	-1
336	337	1
336	339	-1
336	341	-1
336	345	1
336	346	1
336	348	1
336	349	1
336	355	-1
336	358	-1
336	360	1
336	361	1
336	362	1
336	364	-1
336	365	1
336	366	-1
336	368	-1
336	369	1
336	371	-1
336	372	1
336	373	-1
336	374	1
336	378	-1
336	379	1
336	380	1
336	381	1
336	382	1
336	384	1
336	385	-1
336	386	1
336	389	-1
336	391	-1
336	395	-1
336	397	1
336	398	-1
336	400	1
336	405	-1
336	406	1
336	407	1
336	408	-1
336	409	1
336	410	1
336	413	1
336	414	-1
336	415	-1
336	422	-1
336	423	1
336	424	1
336	426	-1
336	428	1
336	429	1
336	430	1
336	432	-1
336	436	1
336	441	-1
336	442	1
336	443	1
336	444	-1
336	445	-1
336	451	-1
336	452	1
336	453	-1
336	455	-1
336	456	1
336	459	-1
336	464	-1
336	466	1
336	470	1
336	473	-1
336	475	1
336	476	-1
336	479	-1
336	480	1
336	481	-1
336	484	-1
336	489	-1
336	491	1
336	493	-1
336	496	1
336	497	-1
336	499	-1
337	339	-1
337	348	1
337	350	-1
337	351	1
337	352	1
337	353	1
337	355	1
337	356	-1
337	358	-1
337	361	1
337	363	-1
337	365	1
337	366	-1
337	367	1
337	369	1
337	374	-1
337	376	-1
337	377	1
337	379	-1
337	380	1
337	381	1
337	383	1
337	384	-1
337	387	1
337	388	1
337	390	1
337	392	-1
337	393	-1
337	398	-1
337	399	-1
337	400	-1
337	401	-1
337	402	-1
337	403	1
337	408	1
337	409	-1
337	410	1
337	411	1
337	414	-1
337	417	-1
337	418	-1
337	419	1
337	420	1
337	421	1
337	423	-1
337	425	1
337	426	1
337	428	1
337	430	1
337	435	-1
337	437	1
337	438	-1
337	439	1
337	440	-1
337	441	-1
337	442	-1
337	443	1
337	444	-1
337	445	-1
337	446	-1
337	447	1
337	452	-1
337	455	-1
337	458	1
337	462	-1
337	464	-1
337	471	-1
337	472	-1
337	473	1
337	474	1
337	475	1
337	478	-1
337	482	1
337	484	-1
337	485	1
337	487	-1
337	488	1
337	489	-1
337	491	1
337	492	1
337	493	1
337	496	-1
337	497	1
338	339	1
338	340	-1
338	342	1
338	343	-1
338	344	1
338	345	1
338	347	1
338	352	1
338	354	1
338	355	1
338	357	1
338	359	1
338	362	-1
338	363	-1
338	364	1
338	365	1
338	366	-1
338	367	1
338	372	1
338	376	1
338	379	-1
338	380	1
338	381	1
338	382	1
338	383	-1
338	387	-1
338	389	-1
338	390	1
338	392	1
338	394	1
338	396	1
338	397	-1
338	400	-1
338	402	1
338	403	1
338	404	1
338	405	-1
338	407	-1
338	408	-1
338	409	-1
338	412	1
338	413	-1
338	414	1
338	417	1
338	418	1
338	419	-1
338	420	-1
338	421	-1
338	425	1
338	427	-1
338	428	1
338	429	1
338	430	1
338	431	-1
338	433	1
338	436	-1
338	437	-1
338	439	1
338	442	1
338	443	1
338	444	-1
338	446	1
338	450	1
338	451	1
338	453	1
338	455	1
338	456	-1
338	462	1
338	466	1
338	469	1
338	471	1
338	472	1
338	473	1
338	474	1
338	475	1
338	476	1
338	479	1
338	480	-1
338	483	1
338	484	-1
338	488	1
338	489	-1
338	490	-1
338	491	1
338	492	1
338	493	-1
338	495	-1
338	497	1
338	498	-1
338	499	-1
339	343	-1
339	345	-1
339	347	-1
339	348	1
339	352	-1
339	353	-1
339	355	1
339	356	-1
339	357	-1
339	362	-1
339	363	1
339	365	1
339	366	-1
339	367	1
339	370	1
339	373	1
339	374	1
339	375	-1
339	376	-1
339	380	-1
339	381	1
339	384	-1
339	385	1
339	386	-1
339	388	-1
339	390	-1
339	396	1
339	400	1
339	401	1
339	402	-1
339	403	1
339	404	1
339	405	1
339	407	-1
339	411	1
339	413	-1
339	414	-1
339	415	-1
339	417	-1
339	419	1
339	420	1
339	423	1
339	425	1
339	427	-1
339	429	-1
339	434	1
339	436	1
339	438	-1
339	440	1
339	441	-1
339	443	-1
339	445	1
339	447	-1
339	448	-1
339	449	-1
339	450	1
339	453	-1
339	454	-1
339	455	-1
339	456	-1
339	457	1
339	459	-1
339	460	-1
339	464	1
339	466	1
339	468	1
339	471	1
339	475	1
339	480	-1
339	481	-1
339	482	-1
339	483	-1
339	485	-1
339	486	1
339	487	1
339	488	-1
339	489	1
339	490	-1
339	491	-1
339	497	1
339	498	1
340	342	1
340	344	1
340	346	1
340	347	-1
340	349	1
340	351	1
340	352	1
340	361	-1
340	365	-1
340	366	1
340	367	-1
340	368	1
340	369	1
340	370	-1
340	371	-1
340	372	-1
340	375	-1
340	376	-1
340	377	1
340	379	-1
340	389	-1
340	390	1
340	391	1
340	392	1
340	394	-1
340	400	1
340	401	-1
340	402	1
340	406	-1
340	408	1
340	409	-1
340	411	-1
340	414	-1
340	416	-1
340	418	-1
340	419	1
340	420	1
340	421	1
340	423	-1
340	424	1
340	429	-1
340	430	-1
340	433	-1
340	434	-1
340	435	-1
340	436	1
340	437	1
340	439	1
340	440	1
340	448	1
340	449	-1
340	452	-1
340	453	-1
340	454	-1
340	455	1
340	456	1
340	457	1
340	458	-1
340	459	-1
340	460	1
340	463	1
340	465	-1
340	469	1
340	470	-1
340	471	-1
340	473	1
340	474	1
340	475	1
340	477	-1
340	480	-1
340	483	1
340	484	1
340	485	1
340	486	1
340	487	-1
340	488	-1
340	490	-1
340	491	1
340	496	-1
340	498	-1
340	499	-1
341	343	-1
341	344	-1
341	345	1
341	348	-1
341	350	-1
341	354	-1
341	360	-1
341	361	1
341	363	-1
341	365	-1
341	369	-1
341	370	1
341	371	-1
341	372	1
341	373	-1
341	374	1
341	375	-1
341	379	1
341	382	1
341	387	-1
341	391	-1
341	392	-1
341	393	-1
341	394	1
341	396	1
341	398	1
341	399	-1
341	400	1
341	401	1
341	402	-1
341	403	-1
341	405	-1
341	408	1
341	409	1
341	415	-1
341	418	1
341	419	-1
341	420	1
341	421	1
341	422	-1
341	424	1
341	426	1
341	428	-1
341	430	1
341	431	-1
341	432	-1
341	433	-1
341	436	1
341	437	-1
341	439	-1
341	440	-1
341	442	-1
341	444	1
341	445	-1
341	448	1
341	451	1
341	455	-1
341	456	1
341	460	1
341	461	-1
341	462	-1
341	465	1
341	470	-1
341	471	-1
341	477	-1
341	478	-1
341	479	1
341	480	1
341	481	1
341	483	1
341	485	1
341	490	-1
341	491	-1
341	494	-1
341	496	-1
341	497	1
341	498	1
341	499	1
342	343	-1
342	346	-1
342	350	1
342	355	-1
342	356	1
342	358	1
342	359	1
342	362	1
342	363	-1
342	366	-1
342	367	-1
342	369	1
342	370	-1
342	371	-1
342	372	1
342	374	-1
342	376	-1
342	377	1
342	378	1
342	379	1
342	380	1
342	382	1
342	383	1
342	385	-1
342	388	-1
342	392	-1
342	393	1
342	394	-1
342	395	1
342	396	1
342	399	-1
342	400	-1
342	401	-1
342	402	1
342	405	-1
342	408	1
342	410	-1
342	411	-1
342	412	1
342	415	1
342	417	-1
342	418	1
342	424	1
342	425	1
342	426	-1
342	427	-1
342	429	-1
342	433	-1
342	434	1
342	435	1
342	437	-1
342	439	1
342	441	1
342	444	1
342	448	1
342	452	1
342	454	-1
342	457	1
342	461	1
342	463	1
342	469	1
342	470	-1
342	472	1
342	473	-1
342	475	1
342	476	-1
342	477	-1
342	479	-1
342	484	-1
342	486	-1
342	487	-1
342	488	1
342	491	-1
342	492	1
342	494	-1
342	496	-1
342	498	-1
343	345	-1
343	346	-1
343	352	-1
343	354	-1
343	359	1
343	360	-1
343	361	-1
343	362	-1
343	363	1
343	366	1
343	367	-1
343	368	1
343	369	-1
343	370	-1
343	371	-1
343	372	1
343	373	-1
343	374	1
343	376	-1
343	377	-1
343	378	-1
343	382	-1
343	383	-1
343	387	-1
343	388	1
343	389	-1
343	391	-1
343	392	1
343	394	-1
343	396	-1
343	398	-1
343	400	1
343	401	-1
343	403	-1
343	409	-1
343	411	1
343	412	1
343	413	-1
343	416	-1
343	417	-1
343	418	-1
343	420	1
343	424	1
343	425	-1
343	426	1
343	430	-1
343	432	-1
343	433	1
343	437	-1
343	441	1
343	445	1
343	454	-1
343	459	1
343	461	1
343	462	1
343	463	1
343	464	1
343	465	-1
343	469	-1
343	470	-1
343	471	-1
343	472	-1
343	478	-1
343	480	1
343	482	-1
343	483	-1
343	484	-1
343	485	1
343	486	-1
343	487	1
343	490	-1
343	491	-1
343	492	1
343	493	-1
343	494	-1
343	498	1
344	346	1
344	347	1
344	349	-1
344	350	1
344	351	1
344	352	1
344	354	-1
344	359	1
344	364	-1
344	365	1
344	366	-1
344	367	-1
344	368	1
344	370	1
344	371	-1
344	375	-1
344	381	-1
344	383	-1
344	385	1
344	386	1
344	387	-1
344	389	-1
344	392	1
344	395	-1
344	396	-1
344	397	1
344	398	1
344	399	-1
344	400	1
344	403	1
344	405	1
344	408	-1
344	409	1
344	410	-1
344	412	-1
344	413	1
344	414	1
344	418	-1
344	419	-1
344	422	1
344	424	-1
344	425	1
344	426	-1
344	427	-1
344	433	1
344	434	1
344	435	-1
344	436	-1
344	437	-1
344	438	-1
344	441	-1
344	447	1
344	448	-1
344	450	1
344	451	-1
344	452	-1
344	454	1
344	460	-1
344	461	1
344	462	1
344	465	1
344	466	1
344	470	1
344	473	1
344	474	-1
344	475	1
344	476	1
344	477	1
344	478	1
344	481	1
344	482	-1
344	484	1
344	486	1
344	487	-1
344	489	-1
344	493	1
344	494	-1
344	495	-1
344	496	1
344	499	1
345	347	-1
345	349	1
345	350	1
345	357	1
345	362	-1
345	363	1
345	364	1
345	365	1
345	366	1
345	369	-1
345	372	-1
345	375	1
345	376	-1
345	377	1
345	379	1
345	383	1
345	386	1
345	387	1
345	389	1
345	390	-1
345	392	-1
345	393	1
345	394	1
345	396	1
345	397	1
345	398	1
345	400	-1
345	401	-1
345	405	1
345	406	1
345	407	-1
345	408	1
345	409	-1
345	410	-1
345	411	1
345	413	1
345	415	1
345	416	1
345	417	-1
345	418	-1
345	420	-1
345	423	1
345	428	1
345	429	1
345	431	-1
345	438	1
345	443	-1
345	444	-1
345	445	-1
345	448	-1
345	450	-1
345	451	1
345	452	-1
345	455	1
345	456	-1
345	457	-1
345	458	-1
345	459	-1
345	460	-1
345	462	-1
345	463	-1
345	466	-1
345	470	1
345	472	-1
345	475	-1
345	478	1
345	479	-1
345	480	-1
345	482	1
345	484	1
345	486	-1
345	488	-1
345	491	-1
345	492	1
345	493	1
345	494	1
345	495	-1
345	496	1
345	497	1
345	498	-1
346	347	1
346	350	-1
346	352	1
346	353	1
346	362	-1
346	363	-1
346	366	1
346	367	1
346	368	1
346	369	-1
346	371	-1
346	373	-1
346	378	1
346	379	1
346	380	-1
346	381	-1
346	383	-1
346	385	1
346	387	1
346	389	1
346	392	1
346	393	1
346	394	1
346	395	-1
346	396	1
346	400	1
346	401	-1
346	402	-1
346	403	-1
346	405	-1
346	406	1
346	407	1
346	409	1
346	415	1
346	417	-1
346	418	-1
346	420	-1
346	422	-1
346	424	1
346	427	1
346	428	1
346	429	1
346	430	1
346	433	-1
346	434	1
346	439	1
346	440	1
346	441	1
346	442	1
346	444	1
346	445	-1
346	446	1
346	448	-1
346	452	1
346	456	1
346	457	1
346	463	1
346	464	-1
346	466	1
346	467	-1
346	468	1
346	469	1
346	471	1
346	475	1
346	476	-1
346	477	1
346	478	-1
346	481	1
346	482	-1
346	483	1
346	485	-1
346	488	1
346	490	-1
346	491	-1
346	492	1
346	495	1
346	496	-1
346	499	1
347	348	-1
347	349	-1
347	350	1
347	351	-1
347	353	1
347	354	-1
347	356	1
347	357	-1
347	360	1
347	366	-1
347	367	-1
347	368	1
347	369	1
347	372	-1
347	377	-1
347	381	-1
347	385	1
347	386	1
347	389	1
347	394	1
347	399	1
347	400	-1
347	401	-1
347	402	1
347	403	1
347	404	1
347	405	-1
347	406	-1
347	407	-1
347	408	-1
347	409	1
347	410	1
347	411	1
347	414	1
347	415	1
347	419	-1
347	420	1
347	425	-1
347	430	-1
347	434	-1
347	436	-1
347	437	1
347	438	-1
347	439	-1
347	441	-1
347	442	1
347	445	-1
347	446	1
347	447	1
347	448	-1
347	450	1
347	451	1
347	456	1
347	457	-1
347	458	-1
347	459	-1
347	460	-1
347	461	1
347	466	-1
347	467	1
347	468	1
347	474	1
347	475	-1
347	477	-1
347	478	1
347	482	-1
347	483	1
347	484	1
347	485	-1
347	486	1
347	489	1
347	490	1
347	492	-1
347	497	-1
348	350	1
348	351	1
348	355	1
348	357	1
348	358	1
348	365	-1
348	367	1
348	368	-1
348	369	1
348	371	-1
348	372	1
348	374	-1
348	375	1
348	380	1
348	384	-1
348	385	-1
348	387	-1
348	389	-1
348	390	1
348	391	1
348	392	1
348	394	1
348	395	1
348	397	1
348	398	1
348	401	-1
348	402	-1
348	404	-1
348	405	1
348	407	1
348	408	-1
348	410	1
348	411	-1
348	413	-1
348	414	-1
348	416	1
348	418	-1
348	419	-1
348	420	-1
348	422	-1
348	426	1
348	427	-1
348	429	1
348	430	1
348	431	1
348	432	-1
348	433	-1
348	434	-1
348	436	-1
348	437	-1
348	438	-1
348	439	1
348	440	1
348	441	-1
348	442	-1
348	443	1
348	446	-1
348	448	-1
348	451	-1
348	452	1
348	454	1
348	458	1
348	460	-1
348	462	1
348	466	-1
348	467	-1
348	471	-1
348	472	1
348	475	1
348	476	-1
348	477	-1
348	479	-1
348	481	1
348	482	1
348	483	-1
348	484	-1
348	487	-1
348	490	1
348	491	-1
348	496	1
348	497	-1
349	352	1
349	354	-1
349	356	-1
349	357	-1
349	362	1
349	363	1
349	365	1
349	366	1
349	369	1
349	370	-1
349	372	-1
349	373	-1
349	374	1
349	376	-1
349	378	-1
349	379	1
349	382	1
349	383	1
349	385	-1
349	387	1
349	388	-1
349	400	1
349	402	-1
349	403	-1
349	407	-1
349	408	-1
349	411	1
349	415	-1
349	416	1
349	425	1
349	427	-1
349	428	1
349	431	-1
349	432	-1
349	433	-1
349	434	1
349	437	-1
349	439	-1
349	440	-1
349	441	1
349	445	1
349	446	-1
349	449	-1
349	454	1
349	456	1
349	457	-1
349	460	-1
349	461	1
349	462	-1
349	463	1
349	464	1
349	466	1
349	467	1
349	468	-1
349	471	-1
349	474	1
349	476	-1
349	478	-1
349	484	1
349	485	1
349	486	-1
349	487	-1
349	488	-1
349	492	1
349	494	-1
349	495	1
349	496	1
349	498	-1
350	352	1
350	354	1
350	355	1
350	356	-1
350	358	1
350	359	-1
350	361	1
350	370	1
350	372	1
350	373	1
350	374	-1
350	375	-1
350	376	-1
350	379	-1
350	380	1
350	381	1
350	386	-1
350	387	1
350	389	-1
350	393	1
350	395	-1
350	397	1
350	399	-1
350	400	1
350	401	-1
350	402	-1
350	403	1
350	404	1
350	405	-1
350	408	-1
350	416	-1
350	419	1
350	426	1
350	427	-1
350	430	1
350	431	-1
350	433	-1
350	438	-1
350	439	1
350	440	1
350	441	1
350	442	-1
350	447	-1
350	448	-1
350	449	-1
350	450	1
350	451	1
350	452	-1
350	454	1
350	455	1
350	456	-1
350	457	1
350	459	1
350	461	-1
350	462	1
350	464	1
350	465	-1
350	466	-1
350	467	-1
350	469	-1
350	473	-1
350	474	1
350	475	1
350	476	-1
350	477	1
350	478	-1
350	481	1
350	482	-1
350	483	1
350	486	1
350	489	-1
350	491	-1
350	495	1
350	498	1
351	356	1
351	360	1
351	364	-1
351	366	-1
351	367	-1
351	370	1
351	372	1
351	374	1
351	375	-1
351	378	1
351	379	-1
351	380	-1
351	384	-1
351	387	-1
351	389	1
351	393	1
351	396	1
351	399	1
351	400	-1
351	401	1
351	404	-1
351	406	-1
351	407	1
351	409	1
351	414	-1
351	417	1
351	418	-1
351	419	1
351	422	-1
351	423	-1
351	425	-1
351	427	-1
351	428	-1
351	429	-1
351	430	-1
351	433	-1
351	436	-1
351	439	-1
351	443	-1
351	444	1
351	445	-1
351	446	-1
351	448	1
351	449	-1
351	450	1
351	452	1
351	453	1
351	454	1
351	455	1
351	456	-1
351	457	1
351	459	-1
351	461	-1
351	465	1
351	468	-1
351	471	1
351	473	-1
351	474	1
351	475	1
351	478	1
351	479	-1
351	484	-1
351	485	1
351	488	-1
351	492	-1
351	495	-1
351	498	1
352	353	1
352	354	1
352	355	-1
352	357	1
352	358	-1
352	362	1
352	363	-1
352	364	1
352	365	-1
352	366	1
352	368	1
352	370	-1
352	371	1
352	372	-1
352	375	-1
352	381	-1
352	383	-1
352	384	-1
352	385	1
352	386	-1
352	388	-1
352	391	1
352	392	1
352	393	-1
352	394	-1
352	395	1
352	396	-1
352	399	-1
352	400	-1
352	401	1
352	402	1
352	404	1
352	406	1
352	408	1
352	411	-1
352	414	1
352	415	1
352	416	1
352	417	-1
352	420	1
352	421	-1
352	427	-1
352	428	-1
352	430	-1
352	431	1
352	433	-1
352	435	-1
352	437	1
352	438	1
352	439	1
352	440	-1
352	441	1
352	443	-1
352	444	1
352	446	1
352	447	-1
352	449	1
352	452	-1
352	457	1
352	458	-1
352	459	-1
352	461	-1
352	462	1
352	463	1
352	464	1
352	466	1
352	468	1
352	469	-1
352	470	1
352	472	-1
352	473	-1
352	474	-1
352	475	1
352	476	-1
352	478	1
352	479	1
352	480	1
352	483	-1
352	484	-1
352	485	1
352	486	1
352	487	-1
352	489	1
352	490	1
352	495	-1
352	497	1
352	498	1
353	361	-1
353	364	-1
353	367	1
353	373	1
353	377	1
353	379	-1
353	380	-1
353	381	-1
353	382	1
353	385	1
353	391	1
353	392	1
353	394	-1
353	395	1
353	397	-1
353	398	-1
353	399	-1
353	401	1
353	402	-1
353	404	1
353	405	-1
353	408	-1
353	409	-1
353	411	1
353	412	-1
353	415	-1
353	418	-1
353	419	1
353	431	1
353	433	-1
353	436	-1
353	437	-1
353	438	-1
353	439	-1
353	440	-1
353	441	1
353	443	1
353	444	1
353	445	1
353	447	1
353	452	-1
353	453	-1
353	454	-1
353	455	-1
353	457	1
353	458	1
353	460	-1
353	462	-1
353	463	1
353	464	1
353	465	1
353	466	1
353	470	1
353	472	1
353	474	-1
353	479	1
353	482	-1
353	483	1
353	484	1
353	486	-1
353	487	1
353	488	-1
353	489	1
353	490	1
353	494	1
353	496	-1
353	498	-1
353	499	1
354	359	-1
354	362	1
354	366	1
354	367	-1
354	368	1
354	371	-1
354	374	1
354	377	-1
354	378	-1
354	379	1
354	380	-1
354	381	1
354	382	-1
354	383	1
354	387	-1
354	388	1
354	390	-1
354	392	1
354	394	1
354	396	-1
354	397	1
354	399	1
354	406	-1
354	407	-1
354	408	1
354	409	-1
354	411	1
354	413	1
354	415	-1
354	416	1
354	417	-1
354	418	1
354	419	1
354	420	1
354	421	1
354	422	-1
354	423	1
354	427	1
354	428	1
354	430	1
354	431	1
354	432	-1
354	433	1
354	436	1
354	437	-1
354	438	-1
354	439	1
354	441	-1
354	442	1
354	443	-1
354	446	1
354	447	1
354	448	1
354	449	-1
354	451	-1
354	452	1
354	453	-1
354	454	-1
354	455	-1
354	457	1
354	460	1
354	463	-1
354	464	-1
354	465	1
354	466	1
354	469	-1
354	470	1
354	472	-1
354	473	1
354	474	-1
354	479	-1
354	480	1
354	482	1
354	487	1
354	489	1
354	490	-1
354	491	-1
354	492	1
354	493	-1
354	499	1
355	356	-1
355	358	-1
355	359	-1
355	360	1
355	361	-1
355	362	-1
355	365	-1
355	367	1
355	368	1
355	370	1
355	375	-1
355	377	1
355	378	-1
355	380	1
355	381	1
355	383	-1
355	385	-1
355	387	-1
355	389	-1
355	391	1
355	392	1
355	393	-1
355	394	-1
355	398	1
355	401	1
355	402	-1
355	405	1
355	406	1
355	407	-1
355	408	-1
355	410	1
355	415	-1
355	417	-1
355	421	1
355	424	1
355	427	-1
355	429	1
355	430	1
355	431	-1
355	432	-1
355	435	-1
355	437	-1
355	438	1
355	439	1
355	440	1
355	443	-1
355	446	-1
355	447	1
355	449	1
355	450	-1
355	451	-1
355	452	-1
355	453	-1
355	455	-1
355	456	1
355	457	1
355	462	-1
355	464	1
355	465	-1
355	468	1
355	471	1
355	473	-1
355	475	-1
355	477	1
355	478	1
355	479	1
355	480	-1
355	481	-1
355	484	-1
355	486	-1
355	489	1
355	492	-1
355	493	-1
355	495	1
355	496	-1
355	497	-1
355	499	-1
356	357	-1
356	359	1
356	360	1
356	364	-1
356	366	1
356	368	1
356	369	1
356	370	1
356	371	1
356	373	-1
356	374	1
356	375	1
356	376	-1
356	377	1
356	378	-1
356	379	-1
356	380	-1
356	381	1
356	384	1
356	385	1
356	387	-1
356	389	-1
356	390	-1
356	391	1
356	392	1
356	393	-1
356	394	-1
356	395	-1
356	396	-1
356	398	1
356	402	1
356	403	1
356	405	1
356	408	-1
356	409	-1
356	410	1
356	411	-1
356	414	1
356	416	1
356	417	1
356	418	-1
356	420	1
356	421	1
356	423	1
356	426	-1
356	427	1
356	429	1
356	431	1
356	433	-1
356	434	-1
356	436	-1
356	441	1
356	443	-1
356	445	1
356	453	1
356	454	-1
356	455	-1
356	456	1
356	458	-1
356	461	1
356	466	1
356	468	1
356	470	1
356	474	1
356	475	-1
356	476	1
356	482	1
356	483	-1
356	485	1
356	489	1
356	490	1
356	491	-1
356	494	-1
356	496	-1
356	497	1
357	359	1
357	364	1
357	365	-1
357	366	1
357	367	1
357	368	-1
357	372	1
357	380	-1
357	384	1
357	385	-1
357	386	1
357	388	1
357	390	1
357	391	-1
357	394	1
357	396	1
357	397	1
357	399	1
357	400	1
357	402	-1
357	403	-1
357	404	-1
357	406	-1
357	408	1
357	410	-1
357	411	1
357	412	1
357	418	1
357	419	-1
357	424	1
357	426	-1
357	428	-1
357	432	1
357	433	1
357	436	-1
357	437	-1
357	439	-1
357	442	-1
357	444	-1
357	445	1
357	447	1
357	449	-1
357	450	-1
357	451	1
357	452	-1
357	453	-1
357	456	1
357	457	1
357	458	1
357	465	1
357	470	-1
357	471	-1
357	473	-1
357	475	-1
357	477	1
357	478	1
357	480	-1
357	481	1
357	482	-1
357	483	1
357	485	1
357	488	1
357	489	-1
357	491	1
357	493	-1
357	495	1
357	496	1
357	497	1
357	499	-1
358	359	-1
358	364	1
358	365	1
358	367	-1
358	368	-1
358	369	-1
358	370	1
358	372	-1
358	373	1
358	374	1
358	376	-1
358	377	1
358	382	-1
358	385	-1
358	386	-1
358	388	1
358	391	-1
358	392	-1
358	393	-1
358	396	-1
358	397	1
358	400	1
358	401	-1
358	403	1
358	405	-1
358	411	-1
358	414	1
358	415	1
358	418	-1
358	419	-1
358	420	1
358	423	1
358	425	-1
358	426	-1
358	428	-1
358	429	-1
358	435	-1
358	438	-1
358	443	1
358	445	1
358	454	-1
358	455	-1
358	458	1
358	461	1
358	463	1
358	471	-1
358	472	1
358	474	1
358	476	1
358	477	1
358	478	1
358	480	1
358	485	1
358	487	1
358	489	1
358	490	-1
358	492	-1
358	493	-1
358	496	-1
358	497	1
359	362	-1
359	366	1
359	367	-1
359	368	1
359	369	-1
359	371	-1
359	373	1
359	375	1
359	376	1
359	377	1
359	378	-1
359	379	1
359	381	1
359	383	1
359	385	1
359	387	-1
359	388	1
359	390	1
359	391	1
359	398	1
359	401	1
359	403	-1
359	404	-1
359	405	-1
359	407	1
359	409	1
359	410	1
359	411	-1
359	412	1
359	414	-1
359	415	-1
359	416	-1
359	417	-1
359	419	-1
359	420	1
359	423	-1
359	427	1
359	428	-1
359	429	-1
359	430	-1
359	431	-1
359	433	1
359	435	-1
359	437	-1
359	438	1
359	439	-1
359	440	1
359	441	1
359	443	-1
359	444	1
359	445	-1
359	450	-1
359	451	-1
359	452	-1
359	454	1
359	455	-1
359	456	1
359	459	1
359	462	1
359	463	1
359	465	-1
359	466	-1
359	467	1
359	468	1
359	470	-1
359	471	1
359	472	-1
359	474	-1
359	477	-1
359	478	-1
359	481	-1
359	482	-1
359	483	-1
359	484	-1
359	486	-1
359	487	1
359	492	1
359	498	-1
359	499	-1
360	363	-1
360	366	1
360	367	1
360	368	-1
360	369	-1
360	371	1
360	373	-1
360	379	1
360	380	-1
360	382	-1
360	383	1
360	384	-1
360	386	-1
360	388	1
360	389	-1
360	390	1
360	393	1
360	394	-1
360	395	-1
360	398	1
360	399	-1
360	400	-1
360	401	-1
360	404	1
360	405	-1
360	408	-1
360	410	1
360	412	-1
360	415	-1
360	417	1
360	418	-1
360	421	1
360	422	-1
360	423	1
360	426	1
360	428	1
360	430	-1
360	431	-1
360	437	1
360	439	1
360	442	-1
360	444	1
360	445	1
360	446	-1
360	449	1
360	451	1
360	452	1
360	454	1
360	455	-1
360	458	-1
360	461	-1
360	463	-1
360	464	1
360	468	-1
360	470	-1
360	473	-1
360	476	1
360	477	1
360	479	1
360	480	1
360	481	1
360	482	1
360	483	1
360	486	1
360	488	-1
360	489	-1
360	491	-1
360	492	-1
360	495	-1
360	496	-1
360	497	-1
360	498	-1
360	499	-1
361	363	1
361	364	-1
361	365	1
361	366	1
361	367	1
361	368	1
361	372	1
361	374	-1
361	375	1
361	377	-1
361	378	-1
361	379	1
361	380	-1
361	387	1
361	391	1
361	394	1
361	395	-1
361	396	-1
361	398	1
361	400	-1
361	402	1
361	403	1
361	406	1
361	409	1
361	411	-1
361	413	-1
361	414	-1
361	415	1
361	418	-1
361	419	-1
361	420	1
361	421	1
361	422	-1
361	424	-1
361	427	1
361	428	-1
361	430	1
361	435	1
361	436	-1
361	437	-1
361	439	-1
361	440	1
361	441	-1
361	443	-1
361	444	-1
361	445	-1
361	446	-1
361	448	1
361	450	-1
361	452	-1
361	454	1
361	456	1
361	457	1
361	458	1
361	461	-1
361	464	1
361	465	1
361	466	1
361	467	1
361	468	-1
361	469	1
361	471	1
361	475	1
361	477	1
361	479	1
361	481	1
361	484	1
361	486	1
361	487	1
361	488	-1
361	492	1
361	493	-1
361	494	-1
361	495	-1
361	496	-1
361	497	-1
362	364	1
362	365	1
362	366	1
362	370	1
362	371	1
362	374	1
362	376	-1
362	378	1
362	381	1
362	382	1
362	383	1
362	387	-1
362	390	1
362	391	1
362	392	-1
362	396	-1
362	397	-1
362	398	1
362	402	1
362	404	1
362	405	-1
362	410	-1
362	411	-1
362	414	-1
362	417	1
362	420	-1
362	422	1
362	424	1
362	428	-1
362	429	-1
362	430	1
362	431	-1
362	433	-1
362	436	-1
362	437	-1
362	438	-1
362	439	-1
362	442	-1
362	444	1
362	445	-1
362	446	-1
362	449	-1
362	450	1
362	451	-1
362	455	-1
362	458	1
362	460	-1
362	461	1
362	462	-1
362	464	1
362	465	-1
362	467	-1
362	469	1
362	474	-1
362	475	1
362	481	1
362	482	1
362	484	1
362	485	1
362	486	-1
362	487	1
362	491	1
362	492	-1
362	493	-1
362	496	-1
362	497	-1
362	499	-1
363	364	1
363	366	1
363	367	1
363	369	-1
363	371	1
363	374	1
363	375	1
363	378	-1
363	380	-1
363	383	-1
363	386	1
363	388	1
363	389	1
363	391	-1
363	398	-1
363	403	1
363	405	1
363	406	1
363	408	-1
363	409	1
363	410	-1
363	412	-1
363	413	-1
363	414	1
363	417	-1
363	419	1
363	420	-1
363	421	1
363	422	-1
363	425	1
363	426	1
363	427	-1
363	429	1
363	436	1
363	438	-1
363	439	1
363	440	-1
363	441	1
363	442	1
363	444	1
363	445	1
363	450	1
363	452	1
363	455	1
363	457	-1
363	464	1
363	466	-1
363	471	-1
363	473	-1
363	474	1
363	476	-1
363	477	-1
363	478	1
363	480	1
363	481	-1
363	482	-1
363	485	-1
363	486	-1
363	487	-1
363	492	-1
363	495	1
363	496	1
363	497	1
364	367	1
364	369	-1
364	370	-1
364	371	-1
364	372	1
364	379	-1
364	380	-1
364	382	1
364	383	-1
364	386	-1
364	389	1
364	391	-1
364	392	1
364	393	1
364	396	-1
364	398	-1
364	401	1
364	402	1
364	404	1
364	405	1
364	407	1
364	409	1
364	410	1
364	411	-1
364	414	1
364	415	-1
364	420	-1
364	422	-1
364	423	1
364	429	-1
364	431	1
364	433	1
364	434	1
364	436	1
364	439	1
364	440	1
364	442	1
364	443	-1
364	444	1
364	445	1
364	446	-1
364	448	-1
364	451	-1
364	452	-1
364	453	1
364	454	1
364	468	-1
364	469	1
364	470	1
364	471	1
364	472	1
364	473	-1
364	477	-1
364	478	1
364	480	1
364	481	-1
364	482	-1
364	484	1
364	495	-1
364	496	-1
364	498	1
364	499	-1
365	366	1
365	367	-1
365	371	-1
365	372	-1
365	373	-1
365	378	1
365	380	1
365	383	1
365	387	-1
365	389	-1
365	390	1
365	391	1
365	392	1
365	394	-1
365	395	1
365	396	1
365	397	-1
365	398	1
365	402	1
365	410	1
365	411	1
365	413	-1
365	414	-1
365	418	-1
365	420	-1
365	423	-1
365	425	-1
365	427	-1
365	433	-1
365	434	1
365	436	1
365	438	1
365	439	1
365	441	-1
365	444	-1
365	445	1
365	446	1
365	449	-1
365	450	1
365	451	1
365	452	1
365	453	1
365	455	1
365	456	-1
365	457	1
365	460	-1
365	462	-1
365	466	-1
365	469	1
365	470	-1
365	471	1
365	472	1
365	473	1
365	474	-1
365	477	1
365	478	-1
365	479	-1
365	481	-1
365	482	-1
365	483	-1
365	484	1
365	485	-1
365	486	1
365	488	1
365	495	1
365	497	1
365	498	1
366	369	1
366	370	1
366	371	-1
366	372	-1
366	373	-1
366	374	1
366	379	-1
366	382	-1
366	383	1
366	392	1
366	393	-1
366	395	-1
366	396	-1
366	397	1
366	401	1
366	402	1
366	403	-1
366	405	1
366	406	1
366	407	-1
366	408	-1
366	411	1
366	412	-1
366	413	1
366	415	-1
366	416	1
366	417	-1
366	418	-1
366	420	-1
366	422	1
366	424	-1
366	425	1
366	426	-1
366	427	-1
366	430	-1
366	431	-1
366	432	-1
366	435	1
366	436	1
366	438	1
366	439	1
366	443	1
366	448	1
366	449	1
366	450	-1
366	451	-1
366	454	-1
366	456	1
366	458	-1
366	460	-1
366	466	1
366	467	1
366	470	1
366	471	1
366	472	1
366	474	-1
366	475	-1
366	477	1
366	478	-1
366	483	1
366	487	1
366	493	-1
366	495	1
366	496	-1
366	498	-1
367	370	-1
367	371	-1
367	372	-1
367	374	-1
367	375	1
367	376	1
367	378	-1
367	380	1
367	381	1
367	383	1
367	388	-1
367	390	-1
367	392	1
367	394	1
367	396	1
367	400	1
367	401	1
367	402	-1
367	403	1
367	406	1
367	407	1
367	408	1
367	411	-1
367	412	-1
367	414	1
367	415	-1
367	416	1
367	417	1
367	419	1
367	421	-1
367	423	-1
367	424	1
367	427	1
367	430	-1
367	432	1
367	433	1
367	434	-1
367	438	-1
367	439	1
367	441	1
367	442	-1
367	443	-1
367	444	1
367	449	-1
367	452	1
367	455	-1
367	456	-1
367	459	-1
367	461	1
367	462	-1
367	464	-1
367	466	1
367	468	1
367	469	1
367	470	-1
367	471	-1
367	472	-1
367	473	1
367	475	-1
367	481	-1
367	485	-1
367	487	1
367	488	1
367	489	-1
367	491	-1
367	492	1
367	493	1
367	494	1
367	495	1
367	496	-1
368	372	-1
368	375	-1
368	377	1
368	378	-1
368	382	-1
368	383	1
368	385	-1
368	390	-1
368	391	-1
368	392	-1
368	395	-1
368	396	1
368	397	-1
368	402	-1
368	404	1
368	407	1
368	408	1
368	409	1
368	412	1
368	413	-1
368	416	1
368	417	-1
368	419	1
368	420	1
368	422	-1
368	424	1
368	426	1
368	427	1
368	429	1
368	431	1
368	432	-1
368	433	-1
368	434	-1
368	435	-1
368	438	1
368	439	1
368	440	-1
368	443	-1
368	445	-1
368	447	1
368	448	1
368	454	-1
368	458	1
368	460	1
368	462	-1
368	465	1
368	467	1
368	468	-1
368	469	-1
368	470	-1
368	473	1
368	475	-1
368	476	1
368	479	-1
368	481	-1
368	482	-1
368	483	1
368	485	1
368	489	1
368	491	1
368	492	-1
368	494	1
368	495	-1
368	497	-1
369	371	1
369	372	-1
369	373	-1
369	374	-1
369	375	1
369	376	-1
369	378	1
369	381	1
369	383	-1
369	389	-1
369	392	-1
369	393	1
369	395	1
369	397	1
369	398	1
369	400	-1
369	401	1
369	407	1
369	408	1
369	409	1
369	410	-1
369	411	-1
369	412	1
369	414	-1
369	417	-1
369	418	1
369	420	1
369	421	1
369	425	1
369	427	-1
369	428	1
369	430	-1
369	434	1
369	435	1
369	439	-1
369	440	-1
369	441	1
369	443	-1
369	445	1
369	446	1
369	447	-1
369	448	-1
369	449	-1
369	450	-1
369	451	1
369	452	-1
369	455	1
369	456	1
369	457	-1
369	458	-1
369	459	1
369	460	1
369	462	1
369	463	-1
369	465	1
369	466	1
369	467	1
369	469	-1
369	470	-1
369	474	1
369	479	1
369	487	-1
369	488	1
369	491	-1
369	492	1
369	495	1
369	497	-1
370	371	-1
370	373	-1
370	379	-1
370	383	-1
370	385	1
370	387	-1
370	388	1
370	390	-1
370	392	1
370	393	-1
370	395	1
370	396	-1
370	399	1
370	400	-1
370	401	-1
370	403	1
370	404	-1
370	409	-1
370	411	-1
370	412	-1
370	413	-1
370	414	-1
370	416	1
370	418	-1
370	419	1
370	420	-1
370	421	-1
370	423	1
370	424	1
370	427	-1
370	430	-1
370	432	-1
370	433	-1
370	434	1
370	438	-1
370	443	1
370	444	-1
370	446	1
370	447	1
370	448	1
370	451	1
370	452	-1
370	453	-1
370	457	1
370	460	-1
370	463	1
370	465	1
370	466	-1
370	468	-1
370	469	-1
370	470	1
370	472	1
370	474	1
370	475	1
370	479	1
370	480	-1
370	481	1
370	484	1
370	485	1
370	492	1
370	494	-1
370	497	-1
370	499	-1
371	372	-1
371	376	1
371	378	1
371	380	1
371	381	1
371	382	-1
371	383	1
371	384	1
371	386	1
371	387	1
371	389	-1
371	390	-1
371	392	-1
371	396	-1
371	403	-1
371	404	1
371	407	-1
371	408	-1
371	411	-1
371	412	-1
371	413	1
371	414	1
371	416	1
371	418	1
371	419	-1
371	420	-1
371	423	1
371	427	-1
371	428	1
371	430	-1
371	432	-1
371	435	-1
371	436	-1
371	439	1
371	440	-1
371	442	-1
371	443	-1
371	444	1
371	445	-1
371	446	1
371	449	-1
371	451	-1
371	452	-1
371	453	1
371	456	-1
371	460	-1
371	462	1
371	463	-1
371	464	-1
371	465	1
371	466	-1
371	469	1
371	470	1
371	473	-1
371	477	1
371	480	1
371	481	1
371	482	-1
371	483	1
371	484	1
371	489	-1
371	490	1
371	491	1
371	494	-1
371	497	1
371	498	1
372	376	-1
372	381	-1
372	383	-1
372	384	1
372	386	-1
372	388	1
372	389	-1
372	391	-1
372	393	-1
372	394	-1
372	395	1
372	398	1
372	403	1
372	404	1
372	407	-1
372	411	1
372	413	-1
372	416	1
372	417	1
372	419	-1
372	420	1
372	422	1
372	424	-1
372	425	1
372	428	-1
372	430	1
372	433	1
372	435	-1
372	436	1
372	440	-1
372	441	-1
372	444	-1
372	445	1
372	447	1
372	449	1
372	450	-1
372	451	-1
372	452	-1
372	454	-1
372	457	-1
372	463	-1
372	464	-1
372	465	1
372	467	1
372	468	1
372	472	1
372	474	-1
372	479	1
372	480	1
372	481	1
372	485	1
372	489	-1
372	490	1
372	492	1
372	494	1
372	496	-1
372	497	1
373	374	-1
373	375	1
373	380	-1
373	382	-1
373	389	1
373	391	-1
373	393	1
373	395	1
373	397	-1
373	398	1
373	399	-1
373	401	-1
373	402	-1
373	403	1
373	404	1
373	406	1
373	409	-1
373	412	-1
373	413	1
373	414	-1
373	417	-1
373	418	1
373	419	-1
373	422	1
373	424	1
373	425	-1
373	427	-1
373	428	1
373	429	-1
373	431	1
373	433	1
373	435	1
373	438	1
373	439	-1
373	440	1
373	441	-1
373	448	-1
373	449	-1
373	455	-1
373	456	1
373	458	-1
373	459	1
373	460	1
373	461	-1
373	463	-1
373	465	1
373	466	1
373	468	1
373	469	1
373	471	1
373	472	1
373	473	-1
373	474	-1
373	478	-1
373	480	1
373	482	-1
373	485	-1
373	489	-1
373	491	-1
373	492	-1
373	494	1
373	495	-1
373	497	-1
374	375	1
374	380	-1
374	381	1
374	382	-1
374	383	1
374	389	-1
374	390	1
374	391	1
374	393	-1
374	395	-1
374	397	-1
374	398	-1
374	401	1
374	402	1
374	403	1
374	404	-1
374	405	-1
374	407	1
374	412	-1
374	413	-1
374	414	1
374	415	1
374	417	1
374	418	1
374	419	1
374	421	-1
374	423	1
374	424	1
374	430	1
374	431	-1
374	433	-1
374	437	1
374	438	1
374	439	1
374	442	-1
374	443	-1
374	444	-1
374	446	1
374	447	1
374	449	1
374	451	-1
374	453	1
374	454	-1
374	456	-1
374	457	-1
374	458	1
374	461	-1
374	463	1
374	465	1
374	466	1
374	467	1
374	470	-1
374	471	-1
374	477	1
374	478	1
374	479	1
374	481	1
374	483	1
374	484	-1
374	486	-1
374	490	-1
374	491	-1
374	492	-1
374	493	-1
374	494	-1
374	496	-1
374	499	1
375	376	-1
375	377	-1
375	378	-1
375	381	-1
375	383	1
375	384	-1
375	396	1
375	397	-1
375	402	1
375	403	1
375	405	-1
375	407	-1
375	408	-1
375	413	-1
375	415	1
375	416	1
375	417	1
375	421	-1
375	422	1
375	423	1
375	424	1
375	426	-1
375	427	1
375	429	1
375	430	1
375	431	1
375	433	-1
375	435	-1
375	437	-1
375	438	1
375	439	-1
375	442	-1
375	449	1
375	452	-1
375	456	-1
375	458	-1
375	460	1
375	461	-1
375	464	-1
375	465	-1
375	467	1
375	468	1
375	471	-1
375	473	1
375	474	-1
375	475	1
375	477	-1
375	479	-1
375	480	-1
375	481	1
375	482	1
375	488	-1
375	490	1
375	493	-1
375	495	1
375	496	-1
375	498	1
375	499	-1
376	378	1
376	379	1
376	384	1
376	386	-1
376	388	-1
376	391	-1
376	392	1
376	393	-1
376	394	-1
376	397	1
376	398	1
376	400	-1
376	403	1
376	404	-1
376	405	1
376	406	-1
376	407	-1
376	408	-1
376	410	1
376	411	-1
376	412	-1
376	413	1
376	419	-1
376	420	1
376	421	1
376	423	-1
376	424	-1
376	426	-1
376	427	1
376	431	-1
376	434	1
376	438	-1
376	440	-1
376	441	-1
376	444	-1
376	448	-1
376	451	-1
376	453	1
376	454	1
376	456	-1
376	459	1
376	460	-1
376	461	1
376	463	-1
376	464	-1
376	466	1
376	467	-1
376	468	-1
376	469	-1
376	470	1
376	472	1
376	475	-1
376	476	-1
376	478	-1
376	485	-1
376	486	-1
376	487	-1
376	490	1
376	493	-1
376	494	1
376	495	-1
376	496	-1
376	497	1
376	498	1
377	378	-1
377	379	-1
377	380	1
377	381	-1
377	383	-1
377	384	-1
377	385	1
377	386	-1
377	388	-1
377	389	1
377	393	1
377	394	1
377	400	1
377	401	-1
377	404	-1
377	406	-1
377	409	1
377	410	1
377	416	-1
377	417	1
377	418	-1
377	419	1
377	421	1
377	422	1
377	425	1
377	427	-1
377	430	1
377	431	1
377	433	1
377	434	-1
377	436	-1
377	438	-1
377	439	-1
377	440	-1
377	441	1
377	442	-1
377	443	1
377	446	1
377	454	1
377	455	-1
377	459	-1
377	460	-1
377	461	-1
377	467	-1
377	470	1
377	472	1
377	473	1
377	474	-1
377	477	1
377	479	1
377	480	1
377	484	-1
377	485	-1
377	486	1
377	487	1
377	491	1
377	493	1
377	494	-1
377	497	1
378	379	-1
378	380	-1
378	381	1
378	385	-1
378	386	-1
378	387	1
378	389	-1
378	394	-1
378	395	1
378	397	1
378	398	1
378	399	-1
378	401	-1
378	403	-1
378	405	1
378	407	-1
378	409	-1
378	413	1
378	415	1
378	416	-1
378	417	1
378	418	-1
378	419	-1
378	425	1
378	426	1
378	428	-1
378	429	-1
378	430	1
378	431	1
378	433	-1
378	434	1
378	436	-1
378	437	-1
378	439	1
378	444	-1
378	446	-1
378	447	-1
378	448	1
378	450	1
378	452	1
378	455	1
378	459	-1
378	461	-1
378	462	1
378	463	-1
378	464	-1
378	467	1
378	471	-1
378	474	-1
378	475	1
378	476	-1
378	481	-1
378	485	-1
378	486	1
378	487	-1
378	488	-1
378	490	1
378	491	-1
378	492	1
378	493	1
378	494	-1
378	497	-1
379	381	1
379	382	-1
379	384	1
379	387	-1
379	388	1
379	389	-1
379	392	1
379	393	1
379	397	1
379	400	-1
379	404	1
379	407	-1
379	413	-1
379	416	1
379	417	1
379	418	-1
379	420	1
379	421	-1
379	422	-1
379	425	1
379	427	-1
379	428	1
379	431	1
379	432	-1
379	433	-1
379	434	1
379	439	1
379	442	1
379	444	-1
379	446	-1
379	449	1
379	451	1
379	452	-1
379	454	-1
379	456	1
379	459	-1
379	461	-1
379	463	-1
379	464	1
379	466	1
379	469	1
379	472	1
379	474	-1
379	476	1
379	477	-1
379	478	1
379	479	-1
379	480	1
379	483	1
379	484	1
379	486	-1
379	488	1
379	490	-1
379	492	1
379	494	-1
379	496	1
379	498	-1
380	383	-1
380	387	-1
380	388	1
380	390	-1
380	393	-1
380	394	-1
380	398	-1
380	399	1
380	400	-1
380	402	-1
380	404	-1
380	406	-1
380	407	-1
380	408	1
380	410	-1
380	412	1
380	414	1
380	416	1
380	418	-1
380	419	1
380	420	-1
380	422	-1
380	423	-1
380	425	-1
380	426	1
380	427	-1
380	429	-1
380	434	1
380	435	-1
380	436	1
380	438	-1
380	439	-1
380	440	1
380	441	1
380	442	-1
380	444	-1
380	445	1
380	447	-1
380	448	-1
380	454	-1
380	456	-1
380	459	1
380	460	1
380	461	1
380	462	1
380	467	1
380	468	-1
380	471	1
380	475	-1
380	476	1
380	477	-1
380	478	1
380	479	1
380	480	1
380	481	-1
380	483	1
380	486	-1
380	488	-1
380	490	-1
380	492	-1
380	494	-1
380	495	1
380	496	-1
380	498	1
380	499	1
381	382	1
381	384	1
381	388	-1
381	390	1
381	391	-1
381	393	-1
381	394	-1
381	402	1
381	403	1
381	405	1
381	407	1
381	408	1
381	413	1
381	415	1
381	416	-1
381	417	-1
381	419	-1
381	420	-1
381	423	1
381	424	-1
381	427	-1
381	428	1
381	430	1
381	431	1
381	432	1
381	433	-1
381	437	-1
381	438	1
381	440	-1
381	443	-1
381	444	1
381	447	1
381	448	-1
381	449	1
381	450	-1
381	451	1
381	455	-1
381	458	1
381	460	-1
381	462	1
381	463	1
381	466	1
381	474	1
381	477	-1
381	478	1
381	480	-1
381	481	1
381	482	1
381	487	-1
381	488	1
381	498	-1
382	384	-1
382	385	-1
382	388	-1
382	390	-1
382	391	1
382	392	1
382	393	1
382	401	-1
382	404	1
382	405	-1
382	409	-1
382	410	1
382	413	-1
382	414	1
382	416	1
382	419	1
382	423	1
382	424	-1
382	428	1
382	435	1
382	436	1
382	437	-1
382	439	1
382	442	-1
382	443	1
382	444	-1
382	445	-1
382	448	-1
382	449	1
382	450	-1
382	452	-1
382	453	-1
382	454	-1
382	455	1
382	458	1
382	459	1
382	460	-1
382	462	1
382	463	-1
382	465	1
382	466	-1
382	468	1
382	473	1
382	475	1
382	476	-1
382	477	-1
382	479	1
382	481	-1
382	482	1
382	484	-1
382	486	1
382	487	-1
382	488	-1
382	490	-1
382	491	-1
382	492	1
382	493	1
382	494	-1
382	495	1
382	496	-1
382	498	-1
382	499	-1
383	384	-1
383	385	1
383	387	1
383	390	1
383	391	1
383	395	1
383	396	-1
383	397	1
383	399	-1
383	400	-1
383	403	-1
383	404	1
383	406	1
383	408	-1
383	410	-1
383	411	-1
383	414	1
383	417	-1
383	419	-1
383	422	1
383	424	1
383	426	-1
383	429	-1
383	430	1
383	435	1
383	436	1
383	437	-1
383	438	1
383	439	1
383	443	-1
383	450	-1
383	451	1
383	453	1
383	454	-1
383	455	1
383	457	-1
383	458	1
383	459	-1
383	460	1
383	461	-1
383	463	1
383	466	-1
383	469	1
383	472	1
383	474	-1
383	476	1
383	477	-1
383	482	1
383	484	-1
383	487	-1
383	493	-1
383	495	1
383	496	-1
383	498	1
384	386	1
384	389	-1
384	397	-1
384	399	-1
384	400	1
384	401	1
384	402	1
384	403	1
384	404	-1
384	405	-1
384	406	1
384	409	-1
384	410	1
384	413	1
384	415	-1
384	416	-1
384	417	1
384	421	1
384	423	-1
384	424	-1
384	425	-1
384	429	-1
384	431	1
384	432	-1
384	436	-1
384	438	-1
384	440	-1
384	441	1
384	442	1
384	443	1
384	447	1
384	453	1
384	455	-1
384	456	-1
384	457	-1
384	459	-1
384	461	-1
384	462	-1
384	464	-1
384	468	-1
384	469	1
384	473	1
384	475	1
384	476	-1
384	477	-1
384	485	1
384	486	-1
384	488	1
384	489	1
384	491	-1
384	492	1
384	496	1
384	497	-1
385	389	-1
385	390	1
385	396	1
385	397	1
385	398	1
385	405	1
385	412	-1
385	413	1
385	415	-1
385	416	-1
385	417	-1
385	419	-1
385	422	1
385	424	-1
385	426	-1
385	427	-1
385	428	1
385	429	1
385	430	-1
385	431	1
385	434	-1
385	435	1
385	438	1
385	440	-1
385	441	-1
385	442	1
385	443	-1
385	445	1
385	446	-1
385	448	-1
385	449	-1
385	452	1
385	454	1
385	455	1
385	463	-1
385	466	-1
385	467	-1
385	468	-1
385	470	-1
385	471	1
385	472	1
385	473	1
385	476	1
385	477	-1
385	481	-1
385	483	1
385	484	1
385	485	1
385	488	1
385	489	-1
385	493	-1
385	498	1
385	499	-1
386	387	-1
386	389	1
386	390	-1
386	391	1
386	392	-1
386	395	1
386	398	-1
386	400	-1
386	401	-1
386	402	1
386	403	1
386	405	-1
386	409	-1
386	410	-1
386	411	1
386	412	-1
386	414	-1
386	422	-1
386	423	-1
386	424	-1
386	425	-1
386	429	1
386	430	-1
386	431	-1
386	432	1
386	433	-1
386	434	1
386	435	-1
386	438	1
386	439	1
386	440	-1
386	441	1
386	442	1
386	446	1
386	448	1
386	449	1
386	461	-1
386	463	-1
386	464	1
386	467	-1
386	469	1
386	471	1
386	472	-1
386	474	1
386	475	1
386	476	1
386	478	-1
386	483	1
386	486	1
386	488	-1
386	489	-1
386	491	-1
386	492	-1
386	493	-1
386	494	-1
386	495	1
386	497	1
387	388	-1
387	389	-1
387	395	1
387	401	-1
387	402	1
387	403	-1
387	404	-1
387	405	1
387	413	-1
387	417	1
387	420	-1
387	422	-1
387	424	1
387	425	-1
387	426	1
387	427	1
387	428	-1
387	431	1
387	433	-1
387	437	-1
387	438	-1
387	444	-1
387	447	-1
387	450	-1
387	451	-1
387	454	1
387	456	-1
387	457	1
387	458	-1
387	459	-1
387	460	1
387	461	1
387	462	1
387	464	1
387	466	-1
387	468	-1
387	469	-1
387	470	1
387	471	-1
387	472	1
387	473	-1
387	474	-1
387	475	1
387	476	-1
387	480	-1
387	481	1
387	483	-1
387	485	-1
387	486	-1
387	487	-1
387	488	-1
387	489	-1
387	496	1
387	497	-1
387	498	1
387	499	-1
388	390	1
388	393	-1
388	394	-1
388	395	1
388	398	-1
388	403	-1
388	405	1
388	411	-1
388	412	-1
388	413	-1
388	414	-1
388	416	1
388	417	1
388	421	1
388	424	-1
388	425	-1
388	427	-1
388	432	1
388	433	1
388	435	1
388	437	1
388	441	1
388	442	1
388	444	-1
388	448	1
388	452	-1
388	453	-1
388	454	-1
388	455	1
388	456	-1
388	457	-1
388	460	-1
388	465	1
388	466	1
388	467	-1
388	470	1
388	473	1
388	476	1
388	480	1
388	483	1
388	484	1
388	485	1
388	487	-1
388	489	-1
388	492	-1
388	493	1
388	497	1
388	498	-1
388	499	1
389	392	1
389	394	-1
389	395	1
389	396	-1
389	399	1
389	402	1
389	405	1
389	406	-1
389	407	1
389	408	-1
389	409	1
389	410	1
389	412	-1
389	414	-1
389	416	-1
389	421	-1
389	422	1
389	423	1
389	424	-1
389	425	1
389	426	1
389	427	-1
389	428	1
389	431	1
389	432	-1
389	433	1
389	434	1
389	438	1
389	439	1
389	440	1
389	443	1
389	444	1
389	446	-1
389	450	1
389	451	1
389	452	-1
389	453	1
389	455	-1
389	460	1
389	463	-1
389	464	1
389	466	1
389	468	-1
389	471	-1
389	472	-1
389	474	1
389	476	-1
389	477	1
389	479	-1
389	481	-1
389	482	-1
389	483	1
389	486	-1
389	488	-1
389	489	1
389	490	-1
389	491	-1
389	496	1
389	497	-1
389	499	-1
390	391	1
390	392	-1
390	393	1
390	396	1
390	397	-1
390	398	1
390	399	1
390	400	1
390	403	1
390	406	1
390	409	1
390	411	-1
390	412	-1
390	415	1
390	421	1
390	422	-1
390	424	1
390	425	-1
390	428	-1
390	429	1
390	431	1
390	439	1
390	443	-1
390	444	1
390	446	1
390	447	1
390	448	-1
390	449	1
390	454	1
390	455	1
390	457	1
390	459	-1
390	461	1
390	462	1
390	465	-1
390	468	1
390	471	-1
390	473	1
390	474	1
390	477	-1
390	480	1
390	482	1
390	483	-1
390	485	-1
390	486	-1
390	487	-1
390	489	-1
390	490	1
390	491	1
390	492	1
390	493	-1
390	494	1
390	496	1
390	497	1
391	392	-1
391	395	-1
391	397	1
391	401	-1
391	403	1
391	404	-1
391	406	1
391	407	-1
391	408	-1
391	409	1
391	411	-1
391	414	-1
391	415	1
391	416	-1
391	420	1
391	422	1
391	424	1
391	428	1
391	429	1
391	430	1
391	431	1
391	433	-1
391	437	-1
391	438	-1
391	442	-1
391	443	-1
391	445	1
391	446	-1
391	447	1
391	452	-1
391	453	1
391	455	1
391	456	1
391	457	1
391	459	1
391	461	1
391	462	-1
391	464	1
391	467	-1
391	471	1
391	474	1
391	475	-1
391	478	1
391	479	1
391	481	1
391	483	1
391	485	-1
391	489	1
391	491	-1
391	492	1
391	493	-1
391	498	1
392	393	-1
392	394	-1
392	395	1
392	396	1
392	400	-1
392	403	-1
392	404	-1
392	407	-1
392	408	1
392	413	-1
392	414	1
392	418	-1
392	419	-1
392	420	1
392	423	1
392	424	-1
392	425	-1
392	426	-1
392	427	1
392	428	-1
392	431	-1
392	438	1
392	440	1
392	441	-1
392	442	1
392	448	1
392	452	-1
392	455	1
392	456	-1
392	459	-1
392	461	-1
392	462	1
392	463	-1
392	464	-1
392	468	-1
392	469	-1
392	472	-1
392	474	-1
392	478	-1
392	479	1
392	483	-1
392	484	-1
392	487	-1
392	488	1
392	490	1
392	491	1
392	492	1
392	494	-1
392	495	-1
392	496	1
392	497	-1
392	498	-1
393	396	-1
393	397	1
393	398	1
393	402	-1
393	404	1
393	406	1
393	407	1
393	408	-1
393	410	-1
393	412	1
393	413	1
393	415	1
393	416	1
393	417	-1
393	418	1
393	419	-1
393	421	-1
393	423	1
393	426	1
393	428	-1
393	431	1
393	433	1
393	436	1
393	438	-1
393	443	1
393	446	1
393	448	1
393	449	1
393	452	-1
393	456	1
393	459	-1
393	460	1
393	462	1
393	463	-1
393	464	1
393	466	1
393	469	1
393	470	-1
393	471	1
393	478	1
393	484	-1
393	485	-1
393	487	1
393	489	1
393	491	-1
393	492	1
393	494	-1
393	496	1
393	498	1
394	395	1
394	396	1
394	400	1
394	404	-1
394	405	-1
394	406	-1
394	409	-1
394	412	1
394	413	1
394	415	1
394	420	1
394	421	-1
394	422	1
394	423	1
394	430	-1
394	434	1
394	435	-1
394	438	-1
394	440	1
394	441	-1
394	442	-1
394	443	1
394	445	-1
394	448	-1
394	450	-1
394	451	1
394	454	-1
394	455	1
394	459	-1
394	460	-1
394	461	1
394	467	-1
394	469	-1
394	470	-1
394	471	1
394	472	1
394	474	-1
394	475	-1
394	476	-1
394	478	-1
394	480	-1
394	481	-1
394	483	-1
394	484	-1
394	485	-1
394	488	1
394	489	-1
394	492	-1
394	495	-1
394	499	1
395	396	1
395	397	-1
395	399	1
395	401	-1
395	402	1
395	405	-1
395	409	-1
395	410	1
395	412	-1
395	413	1
395	414	1
395	417	-1
395	421	1
395	422	1
395	424	1
395	425	-1
395	428	-1
395	431	1
395	434	-1
395	435	-1
395	436	-1
395	439	-1
395	442	1
395	443	-1
395	444	-1
395	445	1
395	448	1
395	450	1
395	451	1
395	453	1
395	454	1
395	455	-1
395	456	-1
395	457	-1
395	459	1
395	461	-1
395	462	1
395	467	1
395	468	-1
395	470	-1
395	471	-1
395	472	-1
395	474	-1
395	475	-1
395	478	-1
395	482	-1
395	486	1
395	488	-1
395	489	1
395	490	-1
395	495	1
395	499	1
396	397	-1
396	398	-1
396	406	1
396	409	-1
396	411	-1
396	412	1
396	414	1
396	417	-1
396	418	1
396	419	1
396	424	-1
396	425	-1
396	428	-1
396	429	-1
396	432	-1
396	434	1
396	435	-1
396	436	1
396	437	1
396	438	1
396	441	1
396	442	1
396	443	1
396	447	-1
396	451	1
396	452	1
396	453	1
396	454	-1
396	455	1
396	458	1
396	461	-1
396	465	-1
396	466	-1
396	467	1
396	469	-1
396	470	1
396	472	-1
396	473	1
396	474	-1
396	475	1
396	476	-1
396	477	-1
396	479	-1
396	482	-1
396	484	-1
396	486	-1
396	490	1
396	491	-1
396	492	1
396	493	-1
396	496	1
396	498	-1
397	398	1
397	401	1
397	402	-1
397	403	1
397	404	-1
397	405	1
397	406	1
397	408	1
397	409	1
397	411	-1
397	414	1
397	415	-1
397	421	-1
397	422	1
397	423	-1
397	424	1
397	425	-1
397	426	-1
397	429	1
397	432	-1
397	434	1
397	442	-1
397	443	1
397	448	1
397	453	1
397	460	-1
397	462	-1
397	464	-1
397	468	-1
397	472	1
397	473	1
397	474	1
397	476	-1
397	479	1
397	482	1
397	484	-1
397	485	-1
397	488	1
397	491	-1
397	492	-1
397	495	1
397	496	1
397	499	-1
398	399	-1
398	405	1
398	406	-1
398	410	-1
398	411	1
398	412	-1
398	417	1
398	418	1
398	419	1
398	422	-1
398	428	1
398	429	-1
398	430	1
398	431	-1
398	433	1
398	435	-1
398	436	-1
398	438	-1
398	440	1
398	441	-1
398	444	1
398	447	-1
398	455	-1
398	457	1
398	460	-1
398	463	1
398	466	1
398	468	1
398	471	1
398	472	1
398	474	1
398	476	-1
398	479	1
398	481	-1
398	489	-1
398	490	-1
398	491	1
398	492	1
398	495	-1
398	498	1
398	499	-1
399	402	1
399	403	-1
399	404	-1
399	405	-1
399	406	1
399	407	1
399	414	1
399	416	1
399	417	-1
399	419	1
399	420	-1
399	422	-1
399	424	-1
399	425	1
399	427	-1
399	428	-1
399	429	-1
399	431	-1
399	432	-1
399	435	1
399	437	1
399	438	-1
399	439	1
399	442	1
399	443	-1
399	445	1
399	447	1
399	448	-1
399	450	1
399	453	1
399	454	-1
399	458	-1
399	460	-1
399	464	1
399	468	-1
399	471	-1
399	472	-1
399	473	1
399	474	-1
399	478	-1
399	480	-1
399	482	-1
399	483	-1
399	484	-1
399	489	-1
399	490	-1
399	491	-1
399	492	1
399	496	1
399	498	-1
399	499	-1
400	401	1
400	402	1
400	403	-1
400	404	1
400	405	1
400	407	1
400	408	1
400	409	1
400	410	1
400	412	-1
400	413	1
400	414	-1
400	417	-1
400	422	-1
400	423	1
400	425	1
400	426	-1
400	427	1
400	428	1
400	430	-1
400	431	-1
400	432	-1
400	433	-1
400	439	-1
400	440	-1
400	444	1
400	447	-1
400	448	-1
400	449	-1
400	450	1
400	454	1
400	456	-1
400	457	-1
400	465	-1
400	466	-1
400	468	-1
400	470	-1
400	475	-1
400	478	-1
400	480	1
400	481	1
400	482	1
400	483	-1
400	485	1
400	488	-1
400	489	-1
400	491	1
400	494	-1
400	498	-1
401	409	-1
401	410	-1
401	411	-1
401	414	1
401	415	-1
401	416	-1
401	418	-1
401	419	1
401	421	-1
401	423	1
401	425	1
401	427	1
401	428	1
401	434	-1
401	435	-1
401	439	1
401	440	1
401	441	1
401	442	1
401	444	1
401	445	1
401	447	1
401	448	-1
401	449	1
401	451	1
401	453	-1
401	456	-1
401	458	1
401	459	-1
401	460	1
401	465	1
401	466	1
401	467	-1
401	470	-1
401	471	-1
401	473	1
401	474	1
401	475	-1
401	479	1
401	480	1
401	483	-1
401	484	1
401	485	-1
401	486	1
401	487	-1
401	488	1
401	489	1
401	492	-1
401	495	1
401	496	1
401	497	1
402	403	1
402	405	1
402	407	1
402	408	1
402	409	1
402	412	1
402	417	1
402	420	-1
402	421	1
402	425	-1
402	428	-1
402	430	-1
402	433	-1
402	435	1
402	437	-1
402	441	1
402	443	-1
402	447	-1
402	449	1
402	451	1
402	452	1
402	453	1
402	457	1
402	459	1
402	460	-1
402	463	1
402	466	1
402	467	1
402	470	1
402	471	-1
402	474	-1
402	475	-1
402	478	1
402	479	-1
402	481	1
402	483	-1
402	484	1
402	485	-1
402	486	1
402	489	-1
402	490	1
402	491	-1
402	492	-1
402	494	-1
402	495	1
402	497	-1
402	499	-1
403	404	-1
403	406	1
403	407	1
403	409	-1
403	411	1
403	412	1
403	413	1
403	415	-1
403	417	-1
403	421	1
403	423	-1
403	425	-1
403	427	1
403	429	-1
403	432	-1
403	434	1
403	436	1
403	437	-1
403	440	1
403	441	1
403	442	1
403	443	-1
403	446	1
403	448	1
403	452	-1
403	453	-1
403	454	1
403	457	1
403	458	1
403	459	-1
403	460	-1
403	461	-1
403	462	1
403	463	1
403	464	1
403	466	1
403	468	1
403	469	1
403	470	1
403	473	-1
403	475	1
403	476	-1
403	477	1
403	479	1
403	481	1
403	482	-1
403	484	1
403	488	1
403	489	-1
403	490	-1
403	493	-1
403	494	-1
403	495	-1
403	497	-1
403	499	-1
404	405	-1
404	408	-1
404	409	1
404	410	1
404	411	-1
404	413	1
404	414	-1
404	415	-1
404	416	-1
404	417	1
404	418	1
404	420	-1
404	427	1
404	432	1
404	433	1
404	441	-1
404	442	-1
404	445	-1
404	446	1
404	448	1
404	450	1
404	451	1
404	452	1
404	455	-1
404	456	1
404	458	-1
404	460	-1
404	463	1
404	464	1
404	465	-1
404	467	1
404	469	1
404	471	1
404	472	-1
404	473	1
404	474	1
404	478	1
404	479	1
404	480	1
404	481	-1
404	486	1
404	487	-1
404	488	1
404	494	-1
404	495	-1
404	498	1
404	499	1
405	407	-1
405	408	-1
405	410	1
405	411	-1
405	412	-1
405	414	1
405	416	1
405	419	1
405	420	1
405	421	1
405	422	-1
405	423	-1
405	428	1
405	429	1
405	430	1
405	432	-1
405	438	1
405	444	-1
405	450	1
405	451	1
405	452	-1
405	454	-1
405	457	-1
405	461	-1
405	462	-1
405	463	1
405	464	-1
405	469	1
405	474	1
405	475	1
405	477	-1
405	479	1
405	481	1
405	483	1
405	484	1
405	486	1
405	487	1
405	489	1
405	490	1
405	491	1
405	497	1
406	408	-1
406	409	1
406	411	-1
406	412	1
406	413	1
406	414	1
406	415	1
406	416	1
406	418	1
406	419	1
406	420	-1
406	429	-1
406	430	-1
406	432	1
406	433	1
406	434	1
406	438	-1
406	441	-1
406	445	1
406	447	-1
406	449	-1
406	450	1
406	454	-1
406	455	-1
406	458	-1
406	459	1
406	463	1
406	464	-1
406	465	1
406	466	1
406	467	-1
406	468	-1
406	469	-1
406	471	-1
406	473	1
406	474	1
406	475	1
406	476	1
406	478	-1
406	480	1
406	483	1
406	487	1
406	489	1
406	494	-1
406	495	1
406	497	-1
406	498	-1
407	408	-1
407	409	-1
407	415	-1
407	421	1
407	423	1
407	424	-1
407	425	1
407	426	1
407	427	1
407	428	1
407	431	1
407	432	1
407	436	-1
407	443	1
407	445	-1
407	446	1
407	447	-1
407	448	-1
407	449	-1
407	450	1
407	453	1
407	456	-1
407	457	1
407	458	1
407	460	1
407	461	-1
407	462	-1
407	463	1
407	465	1
407	467	-1
407	469	1
407	472	-1
407	474	1
407	475	-1
407	476	1
407	480	1
407	482	-1
407	483	1
407	484	1
407	486	1
407	487	-1
407	488	1
407	490	-1
407	492	-1
407	494	1
407	496	1
407	498	-1
407	499	1
408	410	-1
408	411	-1
408	412	-1
408	416	1
408	418	1
408	419	1
408	420	-1
408	421	1
408	424	-1
408	425	-1
408	426	1
408	427	-1
408	429	-1
408	430	-1
408	431	1
408	434	1
408	436	1
408	438	1
408	441	-1
408	443	-1
408	444	-1
408	446	1
408	449	-1
408	450	-1
408	453	1
408	455	-1
408	456	1
408	457	1
408	459	-1
408	465	1
408	469	-1
408	472	-1
408	473	-1
408	475	-1
408	478	1
408	480	1
408	481	1
408	482	1
408	483	-1
408	486	-1
408	491	-1
408	492	1
408	493	1
408	494	-1
408	495	1
409	410	1
409	411	1
409	413	-1
409	414	-1
409	419	1
409	420	-1
409	421	-1
409	422	1
409	424	-1
409	426	1
409	427	1
409	429	1
409	431	1
409	433	-1
409	434	1
409	437	-1
409	440	1
409	441	-1
409	442	-1
409	444	-1
409	446	-1
409	447	1
409	449	1
409	455	1
409	458	1
409	460	-1
409	462	1
409	463	1
409	464	-1
409	467	-1
409	468	-1
409	469	1
409	471	1
409	472	-1
409	474	1
409	481	-1
409	483	1
409	484	-1
409	485	-1
409	487	1
409	488	-1
409	492	-1
409	493	1
409	494	-1
409	497	-1
409	498	1
409	499	1
410	411	1
410	413	1
410	415	1
410	416	-1
410	417	-1
410	418	1
410	424	-1
410	426	-1
410	427	1
410	428	-1
410	431	-1
410	433	1
410	434	-1
410	436	1
410	437	1
410	438	-1
410	442	-1
410	443	-1
410	445	1
410	446	1
410	448	1
410	449	1
410	451	-1
410	452	1
410	453	1
410	455	1
410	456	-1
410	458	1
410	464	-1
410	469	1
410	470	-1
410	474	-1
410	476	-1
410	478	-1
410	479	1
410	483	1
410	486	1
410	487	1
410	489	-1
410	491	1
410	493	1
410	494	1
410	498	-1
410	499	-1
411	413	-1
411	414	1
411	416	-1
411	417	1
411	418	-1
411	420	1
411	422	1
411	429	-1
411	434	-1
411	435	1
411	439	-1
411	440	-1
411	441	-1
411	442	1
411	444	1
411	445	-1
411	447	1
411	449	1
411	450	-1
411	451	1
411	452	-1
411	459	1
411	461	-1
411	462	1
411	463	1
411	467	-1
411	468	1
411	471	-1
411	472	1
411	473	1
411	475	1
411	478	-1
411	479	1
411	483	-1
411	484	-1
411	485	-1
411	487	-1
411	492	-1
411	493	1
411	499	-1
412	413	-1
412	414	-1
412	416	-1
412	421	-1
412	425	-1
412	426	-1
412	430	-1
412	433	1
412	434	1
412	436	-1
412	438	-1
412	439	-1
412	441	-1
412	447	1
412	448	1
412	451	1
412	453	-1
412	456	1
412	458	-1
412	460	-1
412	463	-1
412	465	-1
412	466	1
412	467	1
412	468	1
412	470	-1
412	473	1
412	478	1
412	479	-1
412	480	-1
412	481	1
412	482	-1
412	483	-1
412	486	1
412	488	-1
412	489	1
412	490	1
412	493	-1
412	494	-1
412	495	-1
412	498	1
412	499	1
413	417	-1
413	418	1
413	419	-1
413	422	-1
413	423	-1
413	425	-1
413	427	-1
413	428	1
413	430	-1
413	432	-1
413	434	-1
413	435	-1
413	436	-1
413	437	-1
413	438	-1
413	442	1
413	443	1
413	444	1
413	445	1
413	447	1
413	448	1
413	450	1
413	452	-1
413	453	1
413	454	-1
413	455	1
413	457	-1
413	458	-1
413	461	-1
413	464	1
413	467	1
413	472	1
413	475	-1
413	476	1
413	477	-1
413	482	-1
413	483	1
413	484	1
413	485	-1
413	486	-1
413	490	1
413	491	1
413	493	-1
413	497	-1
413	498	-1
413	499	1
414	416	-1
414	418	1
414	420	-1
414	424	1
414	425	-1
414	429	-1
414	430	1
414	431	1
414	432	1
414	435	1
414	438	-1
414	447	-1
414	448	-1
414	453	-1
414	456	-1
414	457	1
414	458	-1
414	459	-1
414	461	-1
414	462	1
414	463	-1
414	465	1
414	466	-1
414	468	1
414	469	1
414	472	-1
414	473	1
414	475	1
414	476	1
414	477	1
414	480	-1
414	482	-1
414	484	1
414	485	-1
414	487	1
414	488	1
414	489	1
414	490	-1
414	491	-1
414	494	-1
414	496	1
414	498	-1
414	499	-1
415	419	-1
415	420	-1
415	421	1
415	426	1
415	429	1
415	431	-1
415	432	-1
415	433	-1
415	434	-1
415	436	1
415	438	1
415	439	-1
415	441	1
415	444	1
415	449	1
415	450	-1
415	453	1
415	455	1
415	456	1
415	460	1
415	461	-1
415	463	-1
415	470	1
415	471	-1
415	473	1
415	476	1
415	477	-1
415	480	1
415	486	1
415	487	-1
415	491	1
415	492	1
415	496	1
415	497	1
415	499	1
416	418	1
416	420	1
416	422	-1
416	423	-1
416	425	-1
416	426	1
416	427	1
416	429	1
416	431	-1
416	432	1
416	434	1
416	435	-1
416	440	-1
416	442	-1
416	443	-1
416	445	-1
416	446	1
416	447	1
416	448	-1
416	451	-1
416	452	1
416	454	1
416	455	-1
416	458	-1
416	459	-1
416	460	1
416	462	-1
416	463	1
416	466	-1
416	468	-1
416	473	1
416	474	1
416	476	1
416	480	1
416	483	-1
416	484	-1
416	487	-1
416	488	1
416	489	1
416	491	1
416	492	1
416	495	-1
416	498	-1
417	419	1
417	420	-1
417	421	1
417	424	-1
417	425	1
417	427	1
417	429	-1
417	431	-1
417	432	1
417	436	-1
417	437	-1
417	440	1
417	441	-1
417	443	-1
417	445	-1
417	446	-1
417	447	-1
417	448	1
417	450	1
417	451	-1
417	456	-1
417	458	-1
417	460	1
417	463	1
417	464	-1
417	466	-1
417	467	1
417	470	1
417	472	-1
417	475	1
417	477	-1
417	478	-1
417	481	1
417	482	-1
417	483	1
417	487	-1
417	488	-1
417	489	1
417	490	-1
417	491	1
417	492	1
417	499	-1
418	419	1
418	420	-1
418	421	-1
418	426	-1
418	427	1
418	428	1
418	429	1
418	434	1
418	437	1
418	440	-1
418	442	-1
418	444	1
418	445	1
418	447	1
418	448	-1
418	450	-1
418	452	-1
418	454	1
418	456	-1
418	464	-1
418	466	-1
418	468	-1
418	469	-1
418	475	1
418	477	-1
418	482	-1
418	484	1
418	486	-1
418	488	-1
418	493	1
418	495	1
418	499	-1
419	421	1
419	423	-1
419	424	1
419	427	-1
419	428	-1
419	429	-1
419	431	-1
419	433	-1
419	435	-1
419	438	1
419	439	-1
419	440	-1
419	442	1
419	444	-1
419	445	1
419	449	-1
419	450	1
419	451	1
419	452	-1
419	456	-1
419	457	-1
419	458	-1
419	459	1
419	460	-1
419	461	1
419	463	1
419	466	1
419	467	-1
419	469	-1
419	470	1
419	473	-1
419	474	-1
419	475	1
419	477	-1
419	480	1
419	481	-1
419	483	-1
419	484	-1
419	485	1
419	490	-1
419	499	1
420	421	-1
420	424	1
420	425	-1
420	427	-1
420	428	1
420	431	1
420	433	1
420	434	1
420	440	-1
420	442	-1
420	444	-1
420	445	1
420	449	-1
420	452	1
420	453	1
420	455	1
420	456	-1
420	458	1
420	463	-1
420	464	1
420	465	1
420	466	-1
420	468	1
420	469	1
420	471	1
420	476	1
420	478	-1
420	481	-1
420	483	1
420	484	1
420	487	1
420	489	1
420	493	-1
420	497	-1
420	498	1
421	422	1
421	423	1
421	426	-1
421	427	-1
421	431	-1
421	432	1
421	433	-1
421	435	-1
421	436	-1
421	437	1
421	439	1
421	441	1
421	442	1
421	445	1
421	447	1
421	449	1
421	450	-1
421	451	-1
421	453	1
421	455	1
421	457	1
421	459	1
421	460	-1
421	463	1
421	464	1
421	465	1
421	466	1
421	471	-1
421	473	-1
421	475	-1
421	476	1
421	478	1
421	479	1
421	481	-1
421	483	1
421	484	-1
421	485	1
421	486	-1
421	487	1
421	490	1
421	491	1
421	494	1
421	497	-1
422	427	1
422	428	1
422	431	-1
422	432	1
422	433	1
422	435	-1
422	436	-1
422	437	-1
422	438	1
422	439	1
422	441	-1
422	443	1
422	444	1
422	448	-1
422	450	-1
422	453	1
422	455	1
422	458	-1
422	460	1
422	461	1
422	462	1
422	463	1
422	465	-1
422	467	1
422	468	-1
422	470	1
422	473	1
422	474	1
422	477	-1
422	478	-1
422	479	1
422	480	1
422	481	-1
422	483	1
422	484	-1
422	486	1
422	489	1
422	490	-1
422	493	1
422	495	1
422	496	1
422	497	-1
422	498	1
423	426	-1
423	428	1
423	429	-1
423	430	1
423	431	1
423	433	-1
423	434	-1
423	435	-1
423	436	-1
423	438	1
423	439	1
423	442	1
423	444	1
423	447	1
423	448	1
423	449	1
423	451	-1
423	452	-1
423	454	-1
423	455	-1
423	457	1
423	459	-1
423	462	1
423	464	-1
423	467	1
423	472	1
423	473	-1
423	477	-1
423	478	1
423	481	1
423	488	-1
423	489	-1
423	490	-1
423	491	-1
423	494	-1
423	497	-1
423	498	-1
423	499	1
424	426	-1
424	428	1
424	431	-1
424	432	1
424	434	-1
424	436	-1
424	438	1
424	440	1
424	444	1
424	446	-1
424	449	-1
424	450	-1
424	453	-1
424	454	-1
424	456	1
424	457	1
424	460	1
424	461	-1
424	463	-1
424	465	-1
424	467	-1
424	468	1
424	469	1
424	471	-1
424	473	1
424	474	-1
424	477	1
424	478	-1
424	479	-1
424	480	-1
424	482	-1
424	484	-1
424	485	1
424	486	-1
424	488	1
424	490	-1
424	491	1
424	494	-1
424	498	-1
425	426	1
425	428	-1
425	430	-1
425	431	1
425	432	1
425	433	-1
425	436	1
425	437	-1
425	438	-1
425	439	1
425	441	-1
425	444	1
425	445	-1
425	446	-1
425	447	1
425	450	1
425	452	1
425	453	1
425	455	1
425	458	-1
425	459	-1
425	462	-1
425	464	-1
425	471	-1
425	473	1
425	475	-1
425	481	1
425	485	1
425	487	1
425	488	-1
425	489	-1
425	490	1
425	494	1
425	495	1
425	496	1
425	497	1
425	499	-1
426	427	1
426	431	1
426	432	-1
426	434	-1
426	435	-1
426	437	-1
426	444	-1
426	447	-1
426	448	-1
426	450	-1
426	451	1
426	453	-1
426	457	1
426	458	1
426	463	1
426	464	-1
426	467	1
426	468	-1
426	472	-1
426	474	-1
426	475	1
426	476	-1
426	478	-1
426	481	-1
426	485	-1
426	486	1
426	488	-1
426	490	-1
426	491	-1
426	492	1
426	493	-1
426	494	1
426	497	-1
427	433	1
427	435	1
427	437	-1
427	441	1
427	443	1
427	446	1
427	447	-1
427	449	1
427	453	1
427	454	-1
427	455	1
427	456	-1
427	457	-1
427	458	1
427	459	1
427	463	1
427	464	-1
427	466	1
427	468	-1
427	469	-1
427	470	-1
427	471	1
427	472	-1
427	477	1
427	480	1
427	483	-1
427	484	1
427	485	1
427	487	-1
427	489	-1
427	490	-1
427	491	1
427	492	1
427	496	1
427	499	-1
428	429	-1
428	430	-1
428	432	-1
428	434	1
428	437	1
428	439	1
428	440	-1
428	441	1
428	445	-1
428	447	-1
428	448	1
428	450	1
428	453	-1
428	454	-1
428	458	1
428	461	1
428	462	-1
428	464	-1
428	467	1
428	468	1
428	469	-1
428	473	1
428	475	-1
428	478	1
428	482	-1
428	483	-1
428	488	-1
428	490	1
428	491	-1
428	493	-1
428	494	-1
428	495	-1
428	497	1
428	499	-1
429	430	-1
429	431	1
429	435	1
429	437	1
429	446	1
429	447	1
429	449	1
429	450	-1
429	455	-1
429	461	-1
429	462	1
429	463	1
429	464	-1
429	467	-1
429	468	1
429	469	1
429	471	1
429	472	1
429	475	1
429	476	-1
429	477	-1
429	478	1
429	479	-1
429	480	1
429	482	1
429	483	1
429	484	1
429	485	1
429	486	-1
429	492	-1
429	495	1
429	496	1
429	498	-1
429	499	1
430	433	-1
430	434	1
430	436	1
430	437	1
430	438	-1
430	441	1
430	442	-1
430	448	-1
430	449	-1
430	450	1
430	453	-1
430	457	1
430	459	1
430	464	1
430	465	-1
430	466	-1
430	467	1
430	468	-1
430	470	1
430	471	-1
430	472	1
430	475	1
430	476	-1
430	477	-1
430	481	1
430	482	-1
430	483	1
430	488	-1
430	489	1
430	490	-1
430	492	-1
430	494	1
430	495	1
430	496	-1
431	432	-1
431	433	-1
431	434	1
431	437	1
431	438	1
431	439	-1
431	441	1
431	443	1
431	444	1
431	446	1
431	449	1
431	450	1
431	451	1
431	452	1
431	454	1
431	456	-1
431	457	-1
431	459	-1
431	460	-1
431	466	1
431	469	-1
431	470	1
431	471	-1
431	472	1
431	473	1
431	475	1
431	476	-1
431	478	-1
431	479	1
431	480	-1
431	481	-1
431	485	1
431	486	-1
431	487	-1
431	488	1
431	490	1
431	493	1
431	494	1
431	499	1
432	434	-1
432	436	-1
432	440	1
432	443	1
432	444	1
432	445	1
432	448	-1
432	449	1
432	450	-1
432	451	1
432	452	-1
432	453	-1
432	454	-1
432	455	-1
432	459	-1
432	460	1
432	462	1
432	463	1
432	464	-1
432	465	1
432	466	1
432	468	-1
432	469	-1
432	470	-1
432	472	-1
432	474	1
432	475	1
432	476	1
432	477	1
432	478	1
432	479	1
432	480	1
432	481	1
432	482	-1
432	489	1
432	492	-1
432	493	1
432	495	-1
432	496	1
432	497	1
432	498	-1
432	499	-1
433	436	-1
433	437	1
433	438	-1
433	439	-1
433	442	1
433	443	1
433	444	1
433	445	1
433	446	-1
433	449	1
433	450	1
433	453	-1
433	454	1
433	455	-1
433	456	1
433	458	-1
433	459	-1
433	460	-1
433	461	-1
433	463	-1
433	465	-1
433	467	1
433	468	-1
433	469	-1
433	470	-1
433	471	-1
433	472	-1
433	473	1
433	474	1
433	476	1
433	478	-1
433	479	-1
433	480	-1
433	481	1
433	483	-1
433	486	-1
433	487	-1
433	491	-1
433	497	-1
433	499	1
434	436	-1
434	438	1
434	440	1
434	445	1
434	449	1
434	450	-1
434	453	-1
434	454	1
434	456	1
434	457	-1
434	458	-1
434	459	1
434	461	1
434	464	1
434	465	1
434	471	-1
434	472	1
434	477	-1
434	479	1
434	482	-1
434	485	-1
434	488	-1
434	489	-1
434	490	-1
434	491	1
434	495	-1
434	496	-1
434	499	-1
435	437	-1
435	438	-1
435	439	-1
435	445	1
435	448	1
435	454	1
435	458	1
435	460	-1
435	463	1
435	464	1
435	470	-1
435	471	1
435	472	1
435	474	1
435	476	1
435	477	1
435	478	1
435	479	-1
435	482	-1
435	484	1
435	490	-1
435	493	1
435	494	1
435	495	1
435	497	1
436	437	1
436	438	-1
436	439	-1
436	442	1
436	444	1
436	445	1
436	449	-1
436	450	-1
436	451	1
436	452	-1
436	453	-1
436	456	1
436	458	-1
436	459	1
436	460	-1
436	461	1
436	464	1
436	465	1
436	469	-1
436	471	-1
436	475	-1
436	477	-1
436	478	1
436	479	1
436	481	1
436	483	-1
436	484	1
436	487	-1
436	488	-1
436	489	-1
436	490	1
436	492	1
436	493	1
437	438	1
437	439	-1
437	441	1
437	442	1
437	443	1
437	444	-1
437	448	-1
437	450	-1
437	451	1
437	453	1
437	456	-1
437	458	1
437	459	1
437	463	1
437	464	1
437	465	1
437	466	1
437	467	1
437	468	-1
437	470	-1
437	472	-1
437	475	1
437	476	1
437	477	-1
437	481	-1
437	482	1
437	483	-1
437	484	-1
437	486	1
437	490	1
437	492	1
437	495	-1
437	496	1
437	497	-1
437	498	1
437	499	1
438	441	1
438	442	1
438	444	-1
438	449	1
438	450	1
438	451	-1
438	453	-1
438	454	1
438	457	1
438	459	-1
438	461	-1
438	462	-1
438	463	-1
438	467	1
438	470	-1
438	471	1
438	472	1
438	474	1
438	476	-1
438	481	1
438	482	-1
438	483	1
438	484	1
438	485	-1
438	486	-1
438	487	1
438	493	1
438	494	-1
438	495	1
438	496	-1
438	497	1
438	499	1
439	440	1
439	442	1
439	445	-1
439	450	1
439	452	-1
439	454	-1
439	456	-1
439	457	-1
439	459	1
439	460	1
439	461	1
439	462	1
439	463	1
439	464	1
439	466	1
439	468	-1
439	471	-1
439	473	1
439	474	-1
439	476	1
439	478	-1
439	482	1
439	483	-1
439	488	1
439	493	1
439	494	1
439	495	-1
439	496	-1
439	497	1
439	498	-1
440	442	1
440	445	1
440	447	1
440	452	-1
440	455	1
440	458	-1
440	461	-1
440	462	1
440	463	1
440	465	1
440	469	1
440	470	1
440	471	1
440	472	1
440	474	1
440	475	-1
440	477	1
440	478	1
440	479	-1
440	482	1
440	486	1
440	487	-1
440	492	1
440	498	1
441	442	1
441	443	1
441	444	-1
441	445	-1
441	449	1
441	450	-1
441	452	1
441	453	1
441	457	1
441	458	1
441	460	1
441	463	1
441	465	1
441	466	-1
441	467	-1
441	469	-1
441	470	-1
441	473	1
441	475	1
441	476	-1
441	481	1
441	486	-1
441	489	-1
441	491	1
441	493	-1
441	495	1
441	498	1
441	499	1
442	446	1
442	449	1
442	452	1
442	453	-1
442	457	1
442	459	-1
442	460	-1
442	462	-1
442	466	1
442	467	1
442	468	1
442	469	-1
442	470	-1
442	473	-1
442	474	-1
442	475	1
442	476	-1
442	477	-1
442	482	-1
442	483	-1
442	484	1
442	486	1
442	490	1
442	493	-1
442	494	-1
442	496	1
442	499	1
443	449	1
443	451	1
443	453	1
443	456	1
443	458	1
443	459	-1
443	462	1
443	466	1
443	468	-1
443	469	1
443	470	1
443	472	1
443	474	-1
443	477	1
443	478	1
443	479	-1
443	481	-1
443	482	1
443	485	1
443	491	1
443	493	1
443	497	1
444	448	1
444	449	1
444	450	1
444	453	-1
444	455	-1
444	459	-1
444	460	-1
444	462	-1
444	464	-1
444	468	1
444	469	1
444	474	1
444	478	1
444	479	1
444	481	-1
444	482	1
444	483	1
444	484	-1
444	486	-1
444	488	-1
444	489	-1
444	491	1
444	495	1
444	496	1
444	497	-1
444	498	-1
444	499	1
445	447	1
445	448	-1
445	449	-1
445	450	-1
445	453	-1
445	455	-1
445	458	-1
445	459	1
445	463	-1
445	467	1
445	470	1
445	472	1
445	474	1
445	476	-1
445	477	-1
445	485	-1
445	486	1
445	488	1
445	495	-1
445	497	-1
445	499	1
446	448	1
446	449	1
446	457	-1
446	459	-1
446	461	1
446	462	1
446	470	-1
446	472	1
446	473	-1
446	476	1
446	478	-1
446	481	-1
446	482	1
446	484	-1
446	486	1
446	490	-1
446	491	-1
446	492	1
446	494	1
446	497	1
446	498	1
447	448	1
447	451	-1
447	452	1
447	453	1
447	456	1
447	458	1
447	461	1
447	463	1
447	464	1
447	465	1
447	467	1
447	469	-1
447	471	1
447	473	1
447	475	1
447	483	1
447	485	-1
447	489	1
447	493	1
447	495	1
447	497	-1
447	498	-1
448	450	-1
448	452	1
448	456	-1
448	457	-1
448	461	-1
448	465	1
448	466	-1
448	467	-1
448	468	1
448	469	-1
448	472	-1
448	473	-1
448	475	1
448	476	-1
448	478	1
448	480	1
448	483	1
448	484	1
448	485	-1
448	486	1
448	489	1
448	490	-1
448	491	-1
448	492	1
448	493	1
448	497	1
448	498	-1
448	499	-1
449	453	1
449	454	1
449	456	-1
449	458	-1
449	459	1
449	465	1
449	466	1
449	467	-1
449	469	-1
449	470	1
449	475	-1
449	479	1
449	481	-1
449	484	-1
449	485	-1
449	487	-1
449	491	1
449	493	1
449	494	-1
449	497	-1
450	452	-1
450	453	-1
450	454	-1
450	461	1
450	462	-1
450	463	1
450	464	-1
450	465	-1
450	468	1
450	471	1
450	473	1
450	475	-1
450	477	-1
450	480	1
450	481	-1
450	482	1
450	484	-1
450	485	-1
450	486	1
450	487	-1
450	489	1
450	491	1
450	493	-1
451	452	1
451	454	-1
451	458	1
451	462	-1
451	464	-1
451	466	-1
451	468	1
451	469	-1
451	470	-1
451	471	-1
451	472	-1
451	475	-1
451	476	1
451	478	1
451	479	1
451	485	1
451	486	-1
451	487	-1
451	488	1
451	490	-1
451	492	-1
451	494	1
451	498	1
452	453	1
452	454	1
452	455	1
452	457	-1
452	459	-1
452	466	-1
452	467	1
452	468	1
452	474	-1
452	476	-1
452	477	1
452	479	1
452	480	1
452	481	1
452	482	1
452	483	-1
452	487	1
452	488	1
452	490	-1
452	491	-1
452	493	-1
452	494	1
452	495	1
453	457	1
453	458	-1
453	461	-1
453	463	-1
453	467	-1
453	468	1
453	470	1
453	471	-1
453	473	-1
453	474	-1
453	476	-1
453	478	1
453	479	-1
453	483	-1
453	484	-1
453	485	-1
453	486	-1
453	487	1
453	488	1
453	489	1
453	492	-1
453	493	-1
453	495	1
453	496	-1
454	459	1
454	460	1
454	461	1
454	467	1
454	468	-1
454	470	-1
454	473	-1
454	474	1
454	475	-1
454	476	1
454	479	-1
454	482	-1
454	488	1
454	489	-1
454	491	-1
454	493	-1
454	495	-1
454	498	-1
454	499	-1
455	456	1
455	458	-1
455	461	-1
455	462	-1
455	463	1
455	468	-1
455	471	1
455	472	1
455	474	1
455	476	-1
455	477	1
455	478	-1
455	482	-1
455	483	-1
455	484	1
455	485	-1
455	487	-1
455	490	1
455	491	1
455	494	1
455	498	-1
455	499	1
456	458	-1
456	459	1
456	462	1
456	463	-1
456	464	1
456	466	1
456	467	-1
456	471	1
456	472	1
456	473	1
456	477	1
456	481	1
456	484	-1
456	486	-1
456	487	1
456	489	1
456	491	1
456	498	1
457	459	1
457	460	-1
457	463	-1
457	466	1
457	469	-1
457	471	-1
457	472	-1
457	473	1
457	476	1
457	477	-1
457	478	-1
457	479	-1
457	480	-1
457	482	1
457	484	-1
457	486	1
457	489	1
457	491	-1
457	493	-1
457	494	1
457	497	1
457	498	-1
458	461	1
458	464	1
458	465	1
458	466	-1
458	467	-1
458	468	-1
458	472	-1
458	473	-1
458	475	-1
458	477	-1
458	478	1
458	481	1
458	482	-1
458	484	-1
458	487	-1
458	488	-1
458	489	1
458	490	-1
458	491	1
458	493	1
458	494	1
458	496	1
458	497	-1
459	461	-1
459	464	1
459	466	-1
459	467	-1
459	468	1
459	469	1
459	471	1
459	473	1
459	475	1
459	476	1
459	477	-1
459	478	1
459	479	-1
459	481	-1
459	482	-1
459	484	-1
459	485	-1
459	486	1
459	489	-1
459	490	-1
459	491	-1
459	492	-1
459	493	-1
459	494	1
459	496	-1
459	499	1
460	462	1
460	463	-1
460	465	1
460	467	-1
460	468	-1
460	469	1
460	471	1
460	474	-1
460	476	1
460	477	-1
460	480	1
460	482	-1
460	485	1
460	489	1
460	490	-1
460	492	-1
460	494	1
460	495	-1
460	496	1
460	497	1
461	462	1
461	463	1
461	464	-1
461	465	1
461	466	-1
461	469	1
461	470	1
461	471	1
461	472	-1
461	473	1
461	474	1
461	475	1
461	477	-1
461	479	1
461	481	1
461	483	-1
461	484	-1
461	485	1
461	487	-1
461	488	1
461	489	1
461	490	-1
461	491	1
461	494	1
461	497	1
461	499	-1
462	465	-1
462	466	-1
462	470	-1
462	472	1
462	473	-1
462	474	-1
462	477	-1
462	480	-1
462	481	1
462	482	1
462	483	-1
462	484	1
462	485	-1
462	491	-1
462	492	1
462	493	1
462	494	-1
462	495	1
462	497	-1
462	498	1
463	464	-1
463	465	1
463	466	1
463	467	1
463	468	1
463	470	-1
463	472	-1
463	474	-1
463	476	-1
463	477	-1
463	479	-1
463	480	-1
463	481	1
463	485	-1
463	491	-1
463	496	-1
463	498	-1
463	499	1
464	465	1
464	466	-1
464	467	-1
464	468	1
464	469	-1
464	470	1
464	472	1
464	474	1
464	476	1
464	477	-1
464	483	1
464	485	1
464	487	-1
464	489	1
464	491	1
464	494	-1
464	496	1
465	466	-1
465	467	1
465	468	1
465	469	-1
465	470	-1
465	471	-1
465	472	-1
465	473	-1
465	474	1
465	478	-1
465	480	1
465	481	-1
465	482	-1
465	485	1
465	486	1
465	488	1
465	490	1
465	491	-1
465	493	-1
465	494	-1
465	496	1
465	499	1
466	469	-1
466	472	-1
466	477	-1
466	478	1
466	480	1
466	482	1
466	483	-1
466	484	-1
466	486	-1
466	487	1
466	488	-1
466	489	-1
466	490	1
466	491	1
466	493	1
466	494	-1
466	495	-1
466	497	1
466	499	1
467	468	-1
467	469	-1
467	472	-1
467	473	-1
467	474	-1
467	475	-1
467	477	1
467	479	-1
467	480	-1
467	482	1
467	485	-1
467	487	1
467	489	-1
467	491	-1
467	492	1
467	493	-1
467	494	-1
467	497	-1
468	470	1
468	473	1
468	474	-1
468	480	-1
468	482	-1
468	483	1
468	485	-1
468	487	-1
468	489	-1
468	490	-1
468	495	1
468	498	-1
469	470	1
469	471	-1
469	473	1
469	475	1
469	477	1
469	479	-1
469	482	1
469	483	1
469	486	-1
469	487	1
469	488	1
469	493	1
469	497	-1
469	498	-1
469	499	-1
470	472	-1
470	474	1
470	475	-1
470	478	1
470	479	-1
470	480	1
470	484	1
470	486	1
470	488	-1
470	489	-1
470	493	-1
470	494	1
470	495	1
470	497	-1
470	498	1
470	499	1
471	472	1
471	473	-1
471	476	1
471	478	1
471	479	1
471	480	1
471	483	1
471	485	1
471	487	1
471	490	-1
471	491	1
471	494	-1
471	497	1
471	498	1
471	499	1
472	474	-1
472	475	-1
472	476	-1
472	482	-1
472	483	-1
472	485	1
472	486	1
472	488	-1
472	493	-1
472	496	1
472	497	-1
472	498	-1
473	477	-1
473	478	-1
473	482	-1
473	484	1
473	489	-1
473	491	1
473	492	-1
473	494	1
473	495	1
473	496	1
473	497	1
473	498	-1
473	499	1
474	477	1
474	480	1
474	481	-1
474	482	-1
474	483	-1
474	487	-1
474	488	1
474	490	-1
474	491	-1
474	492	1
474	494	1
474	496	1
474	497	-1
475	476	-1
475	477	-1
475	480	-1
475	481	-1
475	482	-1
475	488	1
475	490	1
475	496	-1
475	498	-1
476	477	1
476	479	-1
476	482	1
476	484	-1
476	486	1
476	487	-1
476	488	-1
476	489	-1
476	491	-1
476	493	-1
476	495	1
476	496	-1
476	497	1
476	498	-1
476	499	1
477	478	-1
477	479	1
477	480	1
477	481	-1
477	483	1
477	484	-1
477	486	1
477	489	1
477	490	1
477	492	1
477	498	1
478	480	-1
478	481	-1
478	483	-1
478	484	-1
478	485	-1
478	487	-1
478	489	-1
478	491	-1
478	492	1
478	493	-1
478	495	1
478	499	1
479	480	1
479	482	-1
479	483	1
479	485	1
479	489	-1
479	490	-1
479	491	-1
479	492	-1
479	494	-1
479	496	-1
479	497	1
479	498	-1
480	481	-1
480	484	1
480	486	-1
480	489	-1
480	495	1
480	496	-1
480	497	-1
480	498	-1
481	482	1
481	483	1
481	485	1
481	489	-1
481	490	1
481	494	-1
482	484	-1
482	485	1
482	486	1
482	487	1
482	489	1
482	492	1
482	495	1
482	496	1
482	497	-1
482	498	-1
483	484	1
483	485	-1
483	490	1
483	493	1
483	495	1
483	496	1
483	497	-1
484	486	1
484	488	1
484	490	-1
484	491	1
484	492	-1
484	493	-1
484	495	1
484	499	1
485	486	1
485	490	-1
485	491	1
485	493	1
485	494	1
485	495	1
485	496	-1
485	497	-1
486	487	1
486	489	1
486	490	1
486	491	-1
486	493	1
486	494	1
486	495	-1
486	498	-1
486	499	-1
487	489	-1
487	490	1
487	491	-1
487	492	1
487	493	-1
487	496	-1
487	497	-1
487	498	-1
488	490	-1
488	492	1
488	499	1
489	491	1
489	492	1
489	493	-1
489	496	-1
489	497	1
490	493	1
490	494	-1
491	492	-1
491	494	-1
491	495	-1
491	496	-1
491	498	1
492	493	1
492	498	1
492	499	-1
493	495	1
493	496	1
493	497	1
494	495	-1
494	498	-1
494	499	1
495	496	1
495	499	-1
496	497	1
496	498	1
496	499	-1
497	499	-1
