# 250
0	1	-1
0	2	-1
0	3	1
0	5	1
0	6	-1
0	8	-1
0	9	1
0	10	1
0	11	1
0	13	1
0	14	1
0	15	1
0	16	1
0	18	-1
0	20	1
0	21	-1
0	22	-1
0	23	1
0	24	1
0	26	-1
0	28	-1
0	29	-1
0	31	1
0	32	-1
0	33	1
0	34	-1
0	35	1
0	36	-1
0	37	-1
0	38	-1
0	40	-1
0	41	1
0	43	-1
0	46	-1
0	47	-1
0	48	-1
0	49	1
0	53	-1
0	54	-1
0	57	-1
0	60	-1
0	61	1
0	65	1
0	66	-1
0	72	1
0	73	-1
0	74	-1
0	77	1
0	79	-1
0	80	1
0	83	-1
0	84	-1
0	85	1
0	88	1
0	89	1
0	90	-1
0	92	1
0	93	-1
0	94	1
0	95	-1
0	96	-1
0	97	1
0	100	1
0	101	1
0	102	-1
0	103	-1
0	104	-1
0	106	1
0	107	1
0	109	1
0	110	1
0	111	1
0	112	-1
0	119	1
0	120	-1
0	122	1
0	123	-1
0	124	-1
0	126	1
0	127	1
0	128	-1
0	129	-1
0	130	-1
0	132	-1
0	133	1
0	134	1
0	136	1
0	143	-1
0	146	1
0	147	1
0	148	1
0	152	-1
0	155	-1
0	156	-1
0	158	1
0	159	-1
0	160	1
0	163	1
0	169	1
0	172	1
0	173	-1
0	174	1
0	175	1
0	176	1
0	179	1
0	182	1
0	183	-1
0	184	1
0	187	1
0	188	1
0	191	1
0	192	1
0	193	-1
0	194	-1
0	195	-1
0	198	1
0	199	1
0	200	1
0	203	-1
0	208	1
0	210	1
0	214	1
0	215	-1
0	218	-1
0	221	1
0	222	1
0	223	1
0	224	1
0	225	1
0	226	-1
0	230	-1
0	231	1
0	232	1
0	235	1
0	239	-1
0	240	1
0	241	-1
0	242	-1
0	245	-1
0	246	1
0	247	-1
1	3	-1
1	4	1
1	5	-1
1	6	1
1	7	1
1	8	1
1	9	1
1	11	-1
1	12	1
1	13	1
1	14	1
1	15	-1
1	16	-1
1	17	1
1	18	-1
1	19	-1
1	20	1
1	21	-1
1	22	1
1	23	1
1	24	1
1	25	-1
1	26	-1
1	28	-1
1	29	-1
1	30	-1
1	31	-1
1	32	-1
1	33	1
1	34	1
1	35	-1
1	36	-1
1	37	-1
1	38	1
1	39	-1
1	41	-1
1	42	1
1	45	1
1	46	-1
1	47	1
1	48	1
1	49	-1
1	56	-1
1	57	-1
1	58	-1
1	59	-1
1	68	-1
1	70	-1
1	71	-1
1	72	1
1	73	1
1	74	1
1	76	1
1	77	-1
1	78	-1
1	81	-1
1	82	1
1	83	1
1	86	1
1	87	-1
1	89	1
1	90	-1
1	91	1
1	95	1
1	100	-1
1	103	1
1	104	1
1	107	1
1	108	1
1	110	1
1	111	-1
1	117	-1
1	121	-1
1	123	1
1	124	-1
1	127	1
1	129	1
1	131	1
1	132	1
1	133	1
1	136	1
1	137	1
1	140	1
1	143	1
1	144	1
1	145	1
1	151	1
1	152	-1
1	155	1
1	156	1
1	158	1
1	159	-1
1	160	-1
1	161	1
1	163	-1
1	165	1
1	166	1
1	167	1
1	169	1
1	172	1
1	174	1
1	176	-1
1	177	1
1	182	-1
1	183	-1
1	184	1
1	186	1
1	187	-1
1	188	-1
1	189	-1
1	191	1
1	194	-1
1	196	1
1	197	-1
1	198	1
1	200	-1
1	201	-1
1	202	-1
1	204	1
1	207	-1
1	208	1
1	209	1
1	210	1
1	211	-1
1	213	-1
1	215	1
1	216	1
1	217	-1
1	218	1
1	219	1
1	221	1
1	224	-1
1	229	1
1	231	-1
1	234	-1
1	238	-1
1	239	-1
1	242	1
1	249	-1
2	3	1
2	4	-1
2	6	-1
2	10	-1
2	11	1
2	12	-1
2	13	1
2	14	-1
2	16	1
2	18	1
2	19	-1
2	20	1
2	21	-1
2	22	1
2	23	-1
2	25	-1
2	27	-1
2	29	-1
2	30	1
2	31	1
2	32	-1
2	34	-1
2	35	-1
2	36	-1
2	40	1
2	41	1
2	42	-1
2	44	-1
2	45	-1
2	47	-1
2	48	-1
2	49	-1
2	53	1
2	54	1
2	57	-1
2	58	-1
2	60	-1
2	61	-1
2	63	-1
2	64	-1
2	65	-1
2	66	1
2	67	-1
2	68	-1
2	69	-1
2	70	1
2	71	-1
2	73	-1
2	74	-1
2	76	-1
2	78	1
2	79	1
2	85	1
2	86	1
2	87	1
2	89	1
2	92	1
2	94	-1
2	96	1
2	101	1
2	107	-1
2	109	1
2	114	1
2	115	-1
2	119	-1
2	120	1
2	121	-1
2	123	-1
2	126	-1
2	127	-1
2	128	-1
2	129	1
2	130	1
2	131	-1
2	134	1
2	135	-1
2	139	-1
2	142	1
2	146	1
2	147	1
2	150	-1
2	152	1
2	153	-1
2	154	-1
2	155	-1
2	158	-1
2	161	-1
2	162	1
2	165	1
2	170	1
2	171	-1
2	172	-1
2	174	-1
2	175	1
2	177	-1
2	179	-1
2	180	-1
2	184	-1
2	185	-1
2	187	-1
2	189	-1
2	192	1
2	193	1
2	198	1
2	199	-1
2	200	-1
2	202	1
2	203	1
2	207	-1
2	209	1
2	210	-1
2	211	-1
2	212	1
2	214	-1
2	215	-1
2	217	1
2	220	-1
2	221	1
2	222	1
2	224	1
2	225	-1
2	230	1
2	232	1
2	234	1
2	236	-1
2	237	1
2	239	-1
2	240	1
2	241	1
2	242	-1
2	244	1
2	246	1
2	247	1
3	4	1
3	5	1
3	7	-1
3	8	1
3	9	1
3	10	1
3	11	1
3	12	1
3	13	1
3	14	1
3	15	1
3	17	1
3	18	-1
3	19	1
3	21	1
3	24	-1
3	25	1
3	26	1
3	27	1
3	29	-1
3	30	1
3	32	1
3	34	-1
3	35	-1
3	36	1
3	37	1
3	38	-1
3	41	-1
3	42	-1
3	43	1
3	44	-1
3	45	-1
3	46	-1
3	47	-1
3	48	1
3	49	-1
3	51	-1
3	54	-1
3	56	1
3	58	1
3	59	1
3	60	-1
3	64	1
3	66	1
3	68	-1
3	71	1
3	72	1
3	77	1
3	78	-1
3	81	1
3	82	-1
3	83	1
3	84	1
3	86	-1
3	87	-1
3	89	1
3	91	1
3	93	-1
3	95	1
3	96	1
3	97	1
3	98	1
3	100	1
3	101	1
3	102	1
3	105	1
3	107	1
3	109	-1
3	111	1
3	112	1
3	113	-1
3	115	-1
3	116	-1
3	117	1
3	118	-1
3	119	-1
3	120	-1
3	121	-1
3	123	-1
3	124	1
3	127	1
3	129	1
3	131	-1
3	132	1
3	133	-1
3	134	1
3	136	-1
3	137	-1
3	139	1
3	141	1
3	142	-1
3	143	-1
3	144	1
3	145	-1
3	146	1
3	148	1
3	150	-1
3	151	-1
3	152	-1
3	158	1
3	160	1
3	161	1
3	162	1
3	164	1
3	165	1
3	167	-1
3	168	-1
3	169	1
3	174	1
3	175	1
3	177	1
3	178	1
3	180	-1
3	181	1
3	182	-1
3	183	1
3	186	1
3	188	1
3	190	-1
3	191	1
3	192	1
3	196	1
3	198	-1
3	200	1
3	201	1
3	207	-1
3	209	-1
3	210	1
3	211	1
3	213	-1
3	214	1
3	219	-1
3	221	-1
3	223	1
3	225	-1
3	226	1
3	229	1
3	230	1
3	234	-1
3	236	1
3	237	1
3	238	-1
3	239	1
3	241	1
3	242	-1
3	243	-1
3	245	-1
3	248	-1
3	249	-1
4	5	-1
4	6	1
4	10	1
4	13	1
4	14	-1
4	16	-1
4	17	-1
4	18	-1
4	20	-1
4	21	1
4	23	1
4	24	-1
4	25	-1
4	26	-1
4	27	1
4	29	1
4	30	-1
4	31	-1
4	32	1
4	34	-1
4	35	1
4	36	-1
4	37	1
4	38	-1
4	39	1
4	41	-1
4	42	-1
4	43	-1
4	46	1
4	48	-1
4	50	1
4	52	1
4	56	-1
4	64	-1
4	66	1
4	69	-1
4	71	-1
4	74	1
4	78	1
4	79	-1
4	80	-1
4	81	1
4	84	1
4	86	-1
4	91	-1
4	93	-1
4	95	-1
4	97	1
4	99	1
4	100	-1
4	102	1
4	103	1
4	104	-1
4	105	1
4	108	1
4	110	1
4	113	1
4	117	1
4	118	-1
4	120	-1
4	121	-1
4	123	1
4	125	-1
4	126	1
4	128	1
4	129	1
4	131	1
4	132	-1
4	134	1
4	135	1
4	137	-1
4	138	1
4	139	1
4	140	-1
4	144	-1
4	145	1
4	146	1
4	147	-1
4	150	-1
4	152	1
4	155	1
4	159	1
4	162	-1
4	164	1
4	166	1
4	168	1
4	172	1
4	173	1
4	175	1
4	179	1
4	180	-1
4	182	-1
4	186	-1
4	187	-1
4	189	-1
4	192	1
4	193	-1
4	194	1
4	195	1
4	196	1
4	197	1
4	199	1
4	200	1
4	202	1
4	204	-1
4	205	1
4	206	1
4	207	-1
4	208	-1
4	209	1
4	211	1
4	217	1
4	219	-1
4	220	-1
4	221	1
4	224	-1
4	225	1
4	226	1
4	228	-1
4	230	1
4	231	-1
4	236	-1
4	238	-1
4	239	-1
4	240	-1
4	242	-1
4	245	1
4	246	1
4	249	-1
5	6	1
5	8	-1
5	9	1
5	12	1
5	13	1
5	14	-1
5	16	-1
5	19	1
5	20	1
5	21	1
5	22	-1
5	23	-1
5	24	1
5	27	1
5	29	-1
5	30	-1
5	31	-1
5	33	-1
5	34	1
5	36	-1
5	37	-1
5	39	-1
5	40	1
5	41	-1
5	42	-1
5	43	1
5	45	1
5	46	-1
5	47	-1
5	48	-1
5	49	1
5	50	1
5	53	1
5	56	-1
5	58	1
5	59	-1
5	61	1
5	62	1
5	63	-1
5	66	-1
5	68	-1
5	75	1
5	76	1
5	78	-1
5	80	1
5	82	1
5	84	1
5	85	1
5	87	1
5	89	-1
5	91	1
5	92	-1
5	93	-1
5	94	-1
5	95	-1
5	96	-1
5	97	1
5	100	1
5	103	1
5	105	1
5	106	1
5	110	-1
5	111	-1
5	113	1
5	114	1
5	116	1
5	118	-1
5	119	1
5	125	-1
5	128	-1
5	134	1
5	135	-1
5	136	-1
5	141	-1
5	144	-1
5	145	-1
5	146	1
5	150	-1
5	153	-1
5	154	1
5	155	1
5	157	-1
5	159	-1
5	162	1
5	166	-1
5	168	-1
5	171	-1
5	172	-1
5	173	-1
5	176	-1
5	180	1
5	184	1
5	185	1
5	189	-1
5	190	-1
5	191	-1
5	195	1
5	197	-1
5	198	1
5	201	1
5	202	1
5	203	-1
5	208	1
5	213	1
5	217	-1
5	218	-1
5	219	1
5	224	1
5	230	-1
5	231	1
5	232	1
5	233	-1
5	235	-1
5	239	1
5	242	1
5	243	1
5	244	-1
6	9	1
6	10	-1
6	11	1
6	12	-1
6	13	-1
6	14	-1
6	15	1
6	16	1
6	17	-1
6	18	1
6	19	1
6	20	1
6	22	-1
6	23	1
6	24	1
6	25	1
6	26	-1
6	27	-1
6	28	1
6	29	-1
6	31	-1
6	32	1
6	33	-1
6	34	-1
6	36	-1
6	37	-1
6	38	-1
6	40	1
6	41	1
6	43	-1
6	44	-1
6	45	-1
6	47	1
6	49	-1
6	50	1
6	51	-1
6	54	1
6	55	-1
6	57	-1
6	59	-1
6	60	1
6	62	1
6	63	1
6	64	1
6	67	-1
6	71	1
6	72	-1
6	74	1
6	76	1
6	77	1
6	78	-1
6	81	-1
6	83	-1
6	84	1
6	85	1
6	86	-1
6	87	1
6	89	-1
6	92	-1
6	93	1
6	94	1
6	96	-1
6	100	1
6	101	-1
6	102	1
6	104	1
6	108	-1
6	114	-1
6	116	-1
6	117	-1
6	118	-1
6	119	-1
6	122	1
6	125	-1
6	128	1
6	129	-1
6	130	-1
6	132	1
6	135	1
6	136	-1
6	137	1
6	138	-1
6	140	1
6	141	-1
6	142	-1
6	144	1
6	145	1
6	148	1
6	150	-1
6	152	1
6	157	1
6	164	-1
6	165	-1
6	166	1
6	168	1
6	171	1
6	172	-1
6	174	-1
6	177	-1
6	179	1
6	180	-1
6	182	1
6	184	1
6	185	1
6	188	1
6	189	1
6	191	1
6	192	-1
6	193	-1
6	194	-1
6	197	1
6	199	-1
6	200	-1
6	201	1
6	206	-1
6	207	-1
6	212	1
6	213	-1
6	214	-1
6	216	1
6	219	-1
6	223	-1
6	227	1
6	232	-1
6	235	-1
6	236	1
6	238	1
6	240	-1
6	241	1
6	242	-1
6	244	1
6	246	1
6	247	1
6	248	-1
6	249	-1
7	8	1
7	9	1
7	10	1
7	11	1
7	12	-1
7	13	-1
7	15	-1
7	16	1
7	17	1
7	20	1
7	21	1
7	22	1
7	23	1
7	24	1
7	26	-1
7	27	-1
7	28	-1
7	29	-1
7	30	1
7	33	-1
7	34	-1
7	35	-1
7	37	-1
7	38	-1
7	40	-1
7	42	-1
7	43	-1
7	47	-1
7	48	-1
7	49	1
7	50	1
7	52	-1
7	56	1
7	58	-1
7	59	1
7	61	1
7	62	-1
7	64	-1
7	65	1
7	69	1
7	71	1
7	72	1
7	74	-1
7	79	-1
7	81	-1
7	83	-1
7	84	-1
7	88	-1
7	90	1
7	91	-1
7	94	1
7	95	-1
7	97	1
7	98	1
7	100	1
7	101	-1
7	103	-1
7	109	1
7	110	-1
7	112	1
7	114	-1
7	117	-1
7	119	1
7	121	-1
7	130	1
7	131	-1
7	133	-1
7	135	1
7	140	-1
7	142	1
7	144	-1
7	146	1
7	150	-1
7	153	-1
7	155	-1
7	157	1
7	161	-1
7	162	-1
7	165	-1
7	170	-1
7	172	1
7	177	1
7	180	1
7	181	1
7	185	1
7	186	-1
7	190	1
7	191	1
7	192	1
7	193	-1
7	194	-1
7	196	1
7	197	-1
7	199	1
7	201	1
7	203	-1
7	204	1
7	205	-1
7	206	-1
7	207	1
7	208	-1
7	209	-1
7	212	-1
7	213	1
7	214	-1
7	217	-1
7	218	1
7	219	-1
7	220	1
7	222	1
7	228	-1
7	229	1
7	230	-1
7	233	1
7	237	1
7	239	-1
7	240	1
7	245	-1
7	246	-1
7	247	-1
7	248	1
8	9	1
8	10	-1
8	11	1
8	12	1
8	13	1
8	14	-1
8	15	-1
8	16	-1
8	17	1
8	18	-1
8	19	-1
8	23	1
8	25	1
8	27	-1
8	28	-1
8	32	-1
8	33	-1
8	34	-1
8	35	1
8	38	-1
8	39	-1
8	40	-1
8	41	-1
8	42	1
8	43	-1
8	44	-1
8	45	-1
8	46	1
8	48	-1
8	51	-1
8	52	-1
8	53	1
8	54	1
8	55	1
8	57	-1
8	59	-1
8	60	-1
8	61	1
8	63	1
8	65	1
8	68	-1
8	69	1
8	72	-1
8	74	1
8	75	-1
8	76	-1
8	77	1
8	78	-1
8	79	-1
8	80	-1
8	82	1
8	83	1
8	84	1
8	85	-1
8	86	-1
8	87	1
8	89	1
8	90	-1
8	92	1
8	95	-1
8	98	1
8	99	-1
8	104	-1
8	105	1
8	106	-1
8	108	1
8	111	1
8	114	-1
8	116	-1
8	118	-1
8	120	1
8	124	-1
8	130	-1
8	131	-1
8	137	-1
8	140	1
8	142	-1
8	146	-1
8	149	-1
8	151	-1
8	153	1
8	154	1
8	155	-1
8	156	1
8	160	1
8	162	-1
8	163	1
8	164	1
8	165	1
8	168	1
8	169	-1
8	170	1
8	174	-1
8	176	1
8	177	1
8	179	-1
8	180	1
8	181	-1
8	183	1
8	184	-1
8	186	-1
8	187	-1
8	189	-1
8	193	-1
8	197	-1
8	201	-1
8	202	1
8	203	1
8	206	1
8	209	1
8	216	1
8	222	1
8	225	-1
8	230	-1
8	231	1
8	232	1
8	233	-1
8	234	1
8	235	1
8	237	1
8	238	1
8	239	1
8	242	-1
8	245	1
8	247	1
9	10	1
9	11	1
9	12	1
9	13	-1
9	15	1
9	16	1
9	17	-1
9	18	-1
9	19	1
9	20	1
9	21	1
9	22	1
9	23	-1
9	24	1
9	25	-1
9	26	-1
9	27	1
9	28	-1
9	30	1
9	31	-1
9	32	-1
9	33	-1
9	34	-1
9	35	-1
9	36	1
9	37	-1
9	38	-1
9	40	-1
9	42	-1
9	43	1
9	44	-1
9	45	1
9	46	-1
9	47	1
9	48	-1
9	49	1
9	51	1
9	53	-1
9	54	-1
9	55	1
9	56	1
9	57	-1
9	61	1
9	62	1
9	63	1
9	65	-1
9	66	-1
9	71	-1
9	74	-1
9	75	1
9	77	1
9	79	1
9	80	-1
9	81	1
9	82	-1
9	85	-1
9	90	-1
9	91	1
9	98	1
9	99	1
9	101	-1
9	102	-1
9	103	1
9	110	-1
9	111	1
9	113	1
9	118	1
9	119	1
9	122	-1
9	123	1
9	126	-1
9	129	1
9	130	1
9	131	1
9	133	1
9	134	1
9	137	-1
9	138	-1
9	139	-1
9	142	-1
9	143	-1
9	144	1
9	145	-1
9	147	1
9	148	1
9	150	1
9	151	1
9	152	-1
9	154	1
9	157	1
9	160	-1
9	162	-1
9	163	-1
9	164	1
9	165	1
9	166	-1
9	167	-1
9	168	-1
9	171	1
9	175	1
9	176	-1
9	177	1
9	178	-1
9	181	1
9	182	1
9	184	1
9	185	-1
9	188	-1
9	190	1
9	191	-1
9	192	1
9	194	-1
9	195	1
9	197	-1
9	198	1
9	199	1
9	201	-1
9	203	1
9	209	-1
9	211	1
9	212	1
9	213	1
9	215	-1
9	216	1
9	217	1
9	218	1
9	220	1
9	221	1
9	222	1
9	223	-1
9	224	1
9	225	1
9	227	1
9	228	1
9	231	1
9	232	1
9	234	1
9	236	-1
9	238	-1
9	240	-1
9	241	1
9	243	1
9	247	-1
9	248	-1
10	11	1
10	13	1
10	14	1
10	18	1
10	19	-1
10	20	1
10	21	1
10	22	1
10	23	1
10	24	1
10	25	-1
10	26	1
10	29	-1
10	30	1
10	31	-1
10	33	-1
10	34	-1
10	35	1
10	36	-1
10	37	1
10	38	-1
10	39	1
10	40	-1
10	42	-1
10	43	-1
10	45	-1
10	48	-1
10	49	-1
10	50	1
10	51	-1
10	52	-1
10	53	-1
10	62	1
10	63	-1
10	64	-1
10	65	1
10	67	-1
10	74	-1
10	75	1
10	76	-1
10	81	-1
10	82	-1
10	83	-1
10	85	1
10	91	-1
10	92	-1
10	93	-1
10	94	-1
10	95	1
10	96	1
10	98	1
10	99	-1
10	100	1
10	102	1
10	105	-1
10	107	1
10	108	-1
10	109	-1
10	110	1
10	112	1
10	113	-1
10	114	-1
10	115	-1
10	121	-1
10	123	1
10	124	1
10	125	1
10	128	-1
10	129	-1
10	131	1
10	132	1
10	134	1
10	135	1
10	136	-1
10	138	-1
10	139	1
10	140	1
10	142	-1
10	143	-1
10	148	-1
10	152	-1
10	153	1
10	156	1
10	157	1
10	158	1
10	161	-1
10	162	-1
10	163	1
10	167	-1
10	169	-1
10	173	1
10	174	-1
10	177	1
10	179	1
10	183	-1
10	190	-1
10	192	-1
10	193	-1
10	194	-1
10	197	1
10	198	1
10	199	1
10	200	1
10	203	-1
10	205	-1
10	206	-1
10	207	1
10	209	-1
10	213	-1
10	219	1
10	224	-1
10	228	1
10	229	-1
10	233	-1
10	234	-1
10	236	1
10	238	1
10	240	-1
10	242	1
10	243	-1
10	244	1
11	12	1
11	14	1
11	15	-1
11	16	1
11	17	-1
11	18	1
11	19	1
11	20	-1
11	21	-1
11	22	1
11	23	1
11	24	1
11	27	-1
11	28	-1
11	29	1
11	30	1
11	31	1
11	33	-1
11	35	-1
11	36	-1
11	37	-1
11	38	1
11	39	-1
11	41	-1
11	43	1
11	44	-1
11	45	1
11	46	1
11	47	1
11	48	1
11	49	-1
11	52	1
11	54	-1
11	55	-1
11	56	1
11	57	-1
11	58	1
11	59	-1
11	60	-1
11	62	-1
11	63	1
11	65	1
11	66	1
11	68	1
11	69	-1
11	73	1
11	75	-1
11	78	1
11	80	-1
11	81	1
11	82	1
11	84	1
11	85	1
11	86	1
11	88	1
11	91	-1
11	93	-1
11	96	1
11	97	-1
11	104	1
11	105	-1
11	107	-1
11	111	-1
11	112	-1
11	114	1
11	119	-1
11	121	1
11	122	1
11	123	1
11	125	-1
11	128	1
11	130	1
11	132	1
11	135	1
11	138	-1
11	140	1
11	143	1
11	146	1
11	147	1
11	148	-1
11	149	-1
11	154	-1
11	156	-1
11	157	1
11	159	1
11	160	-1
11	166	1
11	168	-1
11	169	-1
11	172	1
11	175	-1
11	176	1
11	177	-1
11	178	1
11	179	-1
11	180	-1
11	181	-1
11	182	1
11	183	-1
11	185	1
11	187	1
11	188	1
11	189	1
11	190	1
11	194	1
11	195	-1
11	197	-1
11	202	-1
11	203	1
11	204	1
11	206	-1
11	207	1
11	209	-1
11	210	1
11	211	1
11	212	-1
11	213	-1
11	216	-1
11	218	1
11	220	1
11	221	-1
11	223	1
11	224	1
11	226	1
11	227	-1
11	228	-1
11	229	1
11	230	-1
11	231	-1
11	232	1
11	233	1
11	234	1
11	235	-1
11	238	1
11	239	1
11	241	-1
11	244	1
11	245	1
11	246	-1
11	247	-1
11	249	-1
12	13	-1
12	14	-1
12	15	1
12	16	1
12	17	1
12	18	1
12	19	1
12	21	-1
12	22	1
12	23	-1
12	24	-1
12	25	1
12	28	-1
12	29	-1
12	30	-1
12	31	-1
12	33	1
12	34	-1
12	35	-1
12	36	1
12	37	-1
12	38	-1
12	39	-1
12	40	-1
12	43	-1
12	44	-1
12	45	1
12	46	-1
12	47	-1
12	48	-1
12	49	-1
12	50	-1
12	51	-1
12	52	-1
12	53	1
12	54	-1
12	55	-1
12	57	1
12	59	-1
12	63	1
12	66	-1
12	73	-1
12	76	-1
12	78	1
12	80	-1
12	81	-1
12	86	-1
12	87	-1
12	89	1
12	90	-1
12	93	-1
12	94	-1
12	95	-1
12	97	1
12	101	1
12	102	1
12	103	1
12	106	1
12	108	-1
12	109	1
12	113	1
12	114	-1
12	115	1
12	117	1
12	118	-1
12	119	-1
12	123	-1
12	124	1
12	130	-1
12	131	-1
12	135	1
12	137	1
12	143	-1
12	145	-1
12	146	-1
12	148	-1
12	149	1
12	150	-1
12	151	1
12	155	1
12	157	1
12	158	1
12	159	1
12	163	-1
12	164	1
12	166	-1
12	170	-1
12	172	-1
12	175	1
12	176	-1
12	177	1
12	178	-1
12	181	-1
12	183	1
12	184	1
12	185	1
12	186	-1
12	192	1
12	194	-1
12	195	1
12	198	1
12	199	1
12	200	-1
12	201	1
12	202	1
12	205	-1
12	207	1
12	208	1
12	209	-1
12	210	1
12	211	-1
12	214	1
12	216	1
12	219	1
12	223	1
12	225	1
12	226	-1
12	233	-1
12	234	1
12	236	-1
12	237	-1
12	239	1
12	241	1
12	242	-1
12	243	-1
12	244	1
12	245	1
12	246	1
13	15	1
13	16	1
13	17	-1
13	18	-1
13	19	1
13	20	1
13	21	-1
13	22	1
13	23	1
13	24	-1
13	25	1
13	26	-1
13	27	1
13	28	-1
13	29	1
13	30	1
13	32	-1
13	33	-1
13	34	1
13	37	-1
13	39	-1
13	40	-1
13	41	1
13	42	-1
13	43	-1
13	44	-1
13	45	1
13	48	-1
13	49	-1
13	50	-1
13	52	1
13	53	1
13	54	1
13	56	1
13	57	1
13	59	-1
13	62	-1
13	64	1
13	65	-1
13	66	1
13	67	-1
13	70	1
13	71	1
13	73	1
13	75	-1
13	83	-1
13	84	1
13	85	-1
13	86	1
13	91	-1
13	93	-1
13	95	-1
13	96	-1
13	98	1
13	101	-1
13	103	-1
13	108	-1
13	109	1
13	110	1
13	111	1
13	112	1
13	113	-1
13	116	1
13	119	1
13	121	1
13	123	-1
13	125	1
13	128	-1
13	129	-1
13	134	1
13	135	1
13	139	-1
13	141	1
13	142	-1
13	145	-1
13	146	1
13	147	1
13	149	1
13	151	-1
13	153	1
13	154	-1
13	155	1
13	156	-1
13	158	-1
13	160	1
13	162	-1
13	163	-1
13	165	-1
13	166	1
13	167	1
13	170	1
13	171	1
13	172	-1
13	173	-1
13	174	-1
13	176	-1
13	180	1
13	184	-1
13	189	-1
13	191	1
13	193	-1
13	194	-1
13	195	-1
13	196	-1
13	202	1
13	203	1
13	205	1
13	207	1
13	212	-1
13	213	1
13	214	-1
13	216	-1
13	217	1
13	218	-1
13	220	1
13	221	1
13	222	-1
13	225	1
13	229	-1
13	230	1
13	231	-1
13	235	-1
13	237	1
13	238	-1
13	240	-1
13	241	1
13	242	1
13	243	1
13	244	-1
14	17	1
14	18	-1
14	19	-1
14	20	1
14	21	1
14	23	1
14	24	1
14	26	-1
14	28	-1
14	29	1
14	30	1
14	31	-1
14	33	1
14	34	-1
14	35	-1
14	36	1
14	39	-1
14	40	1
14	41	-1
14	42	-1
14	44	1
14	45	1
14	47	-1
14	48	1
14	49	1
14	52	1
14	54	-1
14	55	-1
14	58	-1
14	60	1
14	61	-1
14	63	-1
14	64	-1
14	66	-1
14	67	-1
14	68	-1
14	69	-1
14	70	1
14	72	-1
14	73	-1
14	74	1
14	78	1
14	79	1
14	81	-1
14	82	1
14	83	-1
14	84	1
14	89	-1
14	92	1
14	93	1
14	94	1
14	97	-1
14	98	1
14	103	1
14	104	-1
14	107	-1
14	109	-1
14	110	1
14	113	1
14	116	1
14	118	-1
14	119	1
14	121	1
14	122	1
14	125	1
14	129	1
14	130	1
14	133	-1
14	135	-1
14	136	-1
14	137	1
14	140	-1
14	141	-1
14	142	1
14	146	1
14	148	1
14	149	-1
14	150	1
14	151	-1
14	152	1
14	153	1
14	154	-1
14	155	-1
14	156	-1
14	158	1
14	159	1
14	160	-1
14	163	-1
14	164	1
14	165	1
14	168	-1
14	171	-1
14	172	-1
14	173	1
14	176	1
14	178	-1
14	179	-1
14	181	1
14	183	-1
14	184	1
14	185	1
14	187	1
14	188	-1
14	190	-1
14	193	-1
14	195	1
14	196	-1
14	198	1
14	199	1
14	200	1
14	201	-1
14	202	1
14	205	1
14	207	-1
14	209	-1
14	210	-1
14	211	1
14	214	-1
14	219	-1
14	220	-1
14	223	-1
14	225	-1
14	227	-1
14	230	1
14	231	1
14	232	-1
14	233	-1
14	234	-1
14	235	1
14	236	-1
14	240	-1
14	242	-1
14	244	-1
14	245	1
14	247	-1
15	16	1
15	18	1
15	19	-1
15	21	-1
15	22	-1
15	23	-1
15	24	1
15	25	1
15	26	-1
15	28	1
15	29	-1
15	30	-1
15	31	-1
15	32	-1
15	35	-1
15	36	-1
15	37	1
15	39	-1
15	40	1
15	42	1
15	43	1
15	44	-1
15	45	-1
15	46	-1
15	48	-1
15	51	-1
15	52	1
15	53	-1
15	54	1
15	55	1
15	57	-1
15	58	1
15	59	1
15	62	1
15	63	1
15	64	1
15	67	1
15	69	-1
15	70	-1
15	71	-1
15	74	1
15	75	1
15	79	-1
15	80	1
15	82	1
15	83	1
15	85	1
15	86	1
15	89	1
15	93	-1
15	95	-1
15	100	1
15	102	-1
15	103	1
15	104	1
15	105	-1
15	106	1
15	116	-1
15	117	1
15	122	1
15	125	1
15	127	1
15	131	1
15	132	1
15	134	-1
15	135	-1
15	136	1
15	137	-1
15	139	-1
15	140	1
15	141	-1
15	143	1
15	144	1
15	149	-1
15	152	-1
15	157	1
15	159	1
15	160	-1
15	161	1
15	163	1
15	166	-1
15	167	-1
15	169	1
15	171	1
15	174	-1
15	175	-1
15	177	-1
15	178	1
15	180	1
15	184	-1
15	187	-1
15	188	-1
15	191	-1
15	192	-1
15	194	-1
15	195	-1
15	199	1
15	200	1
15	202	-1
15	204	-1
15	206	-1
15	209	-1
15	210	-1
15	211	-1
15	213	-1
15	219	1
15	220	-1
15	221	-1
15	222	1
15	225	1
15	226	1
15	227	-1
15	228	1
15	229	-1
15	230	-1
15	231	1
15	232	1
15	235	-1
15	236	1
15	241	1
15	244	1
15	245	1
15	246	-1
15	247	-1
15	248	-1
15	249	-1
16	17	1
16	18	-1
16	19	1
16	21	1
16	22	1
16	23	-1
16	24	-1
16	25	-1
16	27	-1
16	29	1
16	30	-1
16	31	-1
16	32	-1
16	33	1
16	34	1
16	35	1
16	36	1
16	37	1
16	38	-1
16	39	1
16	40	-1
16	41	-1
16	43	1
16	44	-1
16	45	1
16	46	-1
16	47	-1
16	50	-1
16	51	-1
16	53	1
16	54	-1
16	55	-1
16	56	1
16	58	1
16	59	1
16	60	-1
16	63	-1
16	64	1
16	66	-1
16	73	-1
16	78	-1
16	79	1
16	81	-1
16	83	-1
16	85	-1
16	87	1
16	88	1
16	89	1
16	91	-1
16	93	-1
16	94	-1
16	96	-1
16	97	1
16	98	1
16	99	1
16	101	1
16	102	-1
16	103	-1
16	105	1
16	107	1
16	108	-1
16	109	1
16	110	-1
16	111	1
16	112	1
16	115	-1
16	116	1
16	121	1
16	122	-1
16	124	1
16	126	1
16	127	-1
16	131	-1
16	133	-1
16	137	-1
16	138	1
16	139	-1
16	140	1
16	141	-1
16	143	-1
16	145	1
16	146	-1
16	147	-1
16	155	-1
16	156	-1
16	157	-1
16	158	1
16	159	-1
16	164	1
16	167	1
16	168	-1
16	169	-1
16	172	-1
16	173	-1
16	174	1
16	176	-1
16	177	-1
16	179	1
16	185	-1
16	186	-1
16	188	1
16	196	-1
16	200	1
16	204	1
16	205	-1
16	206	-1
16	207	1
16	208	1
16	209	-1
16	211	1
16	212	-1
16	213	1
16	216	1
16	217	1
16	219	1
16	220	1
16	221	-1
16	223	1
16	225	-1
16	226	1
16	233	1
16	234	1
16	236	1
16	238	-1
16	239	-1
16	240	-1
16	242	1
16	245	-1
16	248	-1
16	249	-1
17	18	1
17	19	1
17	22	1
17	24	1
17	26	1
17	27	-1
17	28	1
17	29	1
17	30	-1
17	31	1
17	32	-1
17	33	1
17	34	-1
17	35	1
17	36	-1
17	37	-1
17	38	-1
17	39	1
17	41	-1
17	42	-1
17	43	-1
17	44	1
17	45	-1
17	46	-1
17	48	-1
17	49	-1
17	50	-1
17	51	-1
17	55	-1
17	58	1
17	59	-1
17	60	1
17	62	1
17	64	-1
17	68	-1
17	69	1
17	70	-1
17	73	1
17	81	1
17	82	-1
17	86	1
17	87	1
17	91	1
17	94	1
17	98	1
17	99	-1
17	101	1
17	102	-1
17	106	-1
17	107	-1
17	108	-1
17	111	1
17	115	1
17	116	-1
17	118	-1
17	120	-1
17	122	1
17	124	1
17	126	1
17	129	1
17	130	1
17	131	1
17	132	1
17	133	-1
17	134	-1
17	136	-1
17	137	1
17	138	-1
17	142	-1
17	144	1
17	145	1
17	146	-1
17	147	-1
17	148	1
17	149	1
17	150	1
17	152	-1
17	153	-1
17	156	-1
17	157	1
17	158	-1
17	160	-1
17	161	-1
17	162	1
17	165	1
17	166	-1
17	167	1
17	168	1
17	169	1
17	171	-1
17	173	-1
17	176	-1
17	178	1
17	179	-1
17	180	-1
17	181	1
17	182	1
17	185	1
17	188	-1
17	189	-1
17	190	-1
17	191	-1
17	192	1
17	201	-1
17	202	1
17	205	-1
17	209	-1
17	211	-1
17	212	-1
17	215	-1
17	219	-1
17	222	1
17	223	1
17	224	-1
17	229	1
17	230	-1
17	233	-1
17	234	-1
17	236	1
17	238	-1
17	240	1
17	242	-1
17	244	-1
17	248	-1
17	249	1
18	20	-1
18	21	-1
18	22	1
18	23	1
18	24	-1
18	25	-1
18	26	-1
18	28	-1
18	29	-1
18	30	-1
18	31	-1
18	32	1
18	33	-1
18	34	1
18	35	-1
18	36	-1
18	38	1
18	39	1
18	42	-1
18	43	-1
18	46	1
18	47	-1
18	48	1
18	49	-1
18	50	-1
18	51	1
18	52	-1
18	56	-1
18	58	1
18	60	-1
18	62	1
18	63	-1
18	65	-1
18	71	1
18	72	-1
18	74	1
18	75	1
18	78	1
18	79	1
18	80	-1
18	81	-1
18	82	1
18	87	-1
18	88	-1
18	89	1
18	92	-1
18	94	-1
18	99	-1
18	100	1
18	101	-1
18	102	1
18	103	-1
18	104	-1
18	105	-1
18	106	-1
18	107	1
18	108	-1
18	109	-1
18	114	1
18	115	1
18	120	-1
18	121	1
18	124	1
18	125	1
18	129	1
18	131	1
18	133	1
18	134	-1
18	136	1
18	140	1
18	141	-1
18	142	1
18	144	-1
18	145	1
18	149	1
18	150	1
18	151	1
18	152	1
18	156	-1
18	160	1
18	161	1
18	164	1
18	168	-1
18	171	-1
18	172	-1
18	174	-1
18	176	1
18	178	1
18	179	1
18	182	-1
18	183	1
18	184	1
18	188	1
18	192	1
18	193	1
18	194	-1
18	195	-1
18	196	1
18	197	-1
18	198	1
18	201	-1
18	203	1
18	204	-1
18	207	-1
18	208	1
18	214	-1
18	218	1
18	219	-1
18	221	1
18	225	-1
18	227	1
18	229	-1
18	231	1
18	234	-1
18	235	-1
18	237	1
18	239	1
18	240	-1
18	241	-1
18	244	1
18	246	-1
18	247	1
18	249	1
19	20	1
19	21	-1
19	22	-1
19	23	1
19	24	1
19	25	1
19	26	-1
19	27	1
19	28	1
19	29	-1
19	31	-1
19	32	1
19	36	-1
19	37	-1
19	38	-1
19	43	-1
19	45	-1
19	46	1
19	47	1
19	49	-1
19	53	1
19	55	-1
19	56	1
19	58	-1
19	60	1
19	62	1
19	63	1
19	65	-1
19	69	-1
19	70	-1
19	72	1
19	73	1
19	74	-1
19	78	1
19	80	-1
19	81	1
19	82	1
19	83	-1
19	84	1
19	88	-1
19	90	-1
19	93	1
19	94	1
19	96	-1
19	98	1
19	99	1
19	100	-1
19	101	1
19	103	1
19	106	-1
19	110	1
19	111	-1
19	112	-1
19	113	-1
19	114	-1
19	115	-1
19	117	-1
19	120	1
19	123	-1
19	126	1
19	129	-1
19	131	1
19	132	-1
19	134	-1
19	135	1
19	137	-1
19	138	1
19	143	-1
19	146	-1
19	147	-1
19	150	-1
19	151	-1
19	152	-1
19	155	-1
19	156	-1
19	158	-1
19	161	1
19	163	-1
19	165	-1
19	166	-1
19	167	-1
19	168	1
19	170	-1
19	171	1
19	172	1
19	174	1
19	175	1
19	176	-1
19	178	1
19	181	1
19	185	-1
19	186	1
19	188	-1
19	192	1
19	194	-1
19	195	-1
19	196	1
19	198	1
19	199	1
19	200	1
19	202	1
19	207	1
19	211	-1
19	212	1
19	213	1
19	215	-1
19	216	-1
19	217	-1
19	221	1
19	222	1
19	223	1
19	226	1
19	229	1
19	235	-1
19	236	-1
19	238	1
19	240	-1
19	244	-1
19	245	-1
19	246	-1
19	247	1
19	249	1
20	23	1
20	25	-1
20	26	-1
20	28	1
20	29	-1
20	30	-1
20	31	-1
20	32	-1
20	34	-1
20	37	-1
20	38	-1
20	39	-1
20	41	1
20	42	1
20	44	1
20	46	1
20	47	1
20	49	-1
20	53	-1
20	54	-1
20	55	1
20	56	1
20	57	-1
20	58	-1
20	61	1
20	63	-1
20	64	1
20	65	-1
20	67	-1
20	68	-1
20	72	-1
20	74	-1
20	76	1
20	78	1
20	79	-1
20	80	-1
20	81	-1
20	86	1
20	89	1
20	93	-1
20	94	1
20	97	1
20	102	1
20	104	-1
20	105	1
20	106	-1
20	108	-1
20	109	1
20	112	-1
20	113	1
20	115	1
20	117	1
20	121	1
20	125	1
20	126	1
20	127	1
20	130	-1
20	133	-1
20	135	1
20	139	1
20	140	1
20	143	1
20	145	-1
20	146	1
20	147	1
20	148	1
20	149	1
20	151	1
20	152	-1
20	153	-1
20	154	1
20	155	1
20	158	1
20	159	1
20	163	1
20	164	1
20	165	-1
20	167	-1
20	168	-1
20	169	1
20	171	-1
20	172	-1
20	175	-1
20	178	-1
20	179	1
20	181	-1
20	185	1
20	186	-1
20	189	-1
20	190	-1
20	191	1
20	193	1
20	194	1
20	197	-1
20	198	-1
20	199	-1
20	200	1
20	201	-1
20	202	-1
20	203	1
20	207	-1
20	208	-1
20	210	-1
20	212	1
20	213	-1
20	214	-1
20	215	-1
20	217	-1
20	218	1
20	220	-1
20	221	1
20	222	1
20	224	1
20	225	1
20	227	-1
20	233	1
20	234	1
20	235	1
20	236	1
20	237	-1
20	239	1
20	240	1
20	241	-1
20	242	-1
20	243	-1
20	245	1
20	246	-1
21	22	1
21	23	1
21	24	1
21	25	1
21	26	-1
21	27	-1
21	29	-1
21	30	-1
21	31	1
21	32	-1
21	34	-1
21	35	1
21	38	-1
21	39	-1
21	41	-1
21	42	-1
21	45	-1
21	46	-1
21	47	1
21	51	-1
21	55	1
21	58	-1
21	59	1
21	61	-1
21	62	1
21	64	1
21	65	1
21	66	-1
21	69	-1
21	70	-1
21	71	-1
21	72	-1
21	73	-1
21	74	1
21	77	-1
21	79	1
21	80	1
21	82	-1
21	86	1
21	87	-1
21	88	1
21	89	-1
21	90	-1
21	92	1
21	93	-1
21	94	-1
21	97	-1
21	104	-1
21	105	-1
21	107	1
21	108	1
21	110	1
21	111	-1
21	116	1
21	117	1
21	119	-1
21	122	1
21	125	1
21	126	1
21	132	1
21	134	-1
21	136	1
21	137	-1
21	138	1
21	140	-1
21	147	-1
21	148	1
21	149	-1
21	151	-1
21	153	1
21	154	1
21	155	-1
21	157	-1
21	160	-1
21	161	-1
21	163	-1
21	164	-1
21	171	-1
21	174	-1
21	177	1
21	178	-1
21	179	1
21	180	-1
21	181	1
21	183	1
21	191	-1
21	192	1
21	196	1
21	197	1
21	199	-1
21	200	-1
21	201	-1
21	207	1
21	210	-1
21	213	-1
21	215	1
21	217	-1
21	218	1
21	219	1
21	220	-1
21	222	1
21	225	-1
21	231	1
21	232	1
21	237	1
21	238	-1
21	239	1
21	241	-1
21	242	1
21	244	-1
21	246	1
21	247	-1
21	249	-1
22	23	1
22	25	-1
22	26	-1
22	27	1
22	29	1
22	30	-1
22	31	1
22	32	-1
22	33	-1
22	34	-1
22	35	1
22	36	-1
22	38	-1
22	39	-1
22	40	-1
22	41	1
22	42	-1
22	43	-1
22	44	1
22	45	-1
22	47	1
22	48	-1
22	49	1
22	50	1
22	54	1
22	56	1
22	61	1
22	64	1
22	67	-1
22	69	1
22	70	1
22	71	1
22	72	1
22	74	-1
22	75	-1
22	76	-1
22	77	1
22	78	1
22	79	-1
22	82	-1
22	83	-1
22	87	1
22	90	-1
22	92	-1
22	94	1
22	95	1
22	96	-1
22	99	1
22	100	1
22	102	1
22	104	-1
22	107	1
22	111	1
22	114	-1
22	115	1
22	117	-1
22	118	1
22	122	1
22	123	-1
22	124	-1
22	126	-1
22	130	1
22	132	-1
22	133	-1
22	135	1
22	136	-1
22	137	-1
22	138	-1
22	141	-1
22	142	1
22	144	1
22	146	1
22	147	1
22	150	-1
22	151	1
22	152	1
22	156	-1
22	160	1
22	164	1
22	169	-1
22	170	-1
22	171	-1
22	172	1
22	173	-1
22	174	-1
22	175	1
22	176	1
22	178	1
22	179	-1
22	180	-1
22	181	1
22	182	1
22	183	-1
22	185	1
22	186	1
22	188	-1
22	189	1
22	190	1
22	191	-1
22	192	-1
22	193	1
22	194	-1
22	196	1
22	197	-1
22	199	1
22	201	1
22	203	-1
22	204	-1
22	205	1
22	206	-1
22	208	-1
22	210	1
22	212	1
22	213	-1
22	215	1
22	216	-1
22	217	-1
22	218	1
22	220	1
22	221	1
22	224	-1
22	225	1
22	226	1
22	228	-1
22	230	1
22	231	1
22	233	1
22	237	1
22	239	-1
22	240	-1
22	242	1
22	243	-1
22	244	1
22	247	1
22	248	-1
23	24	-1
23	25	-1
23	28	-1
23	29	-1
23	33	-1
23	34	-1
23	35	-1
23	36	1
23	37	-1
23	38	-1
23	39	-1
23	42	-1
23	43	1
23	45	-1
23	48	-1
23	49	-1
23	50	1
23	51	1
23	56	-1
23	57	-1
23	58	-1
23	59	1
23	62	1
23	64	1
23	66	-1
23	67	1
23	72	1
23	76	1
23	83	1
23	84	-1
23	85	-1
23	89	1
23	93	-1
23	94	-1
23	96	1
23	98	-1
23	99	-1
23	100	1
23	106	1
23	107	1
23	108	-1
23	110	1
23	111	1
23	112	-1
23	115	-1
23	116	-1
23	118	-1
23	119	1
23	120	1
23	121	-1
23	122	1
23	123	-1
23	125	1
23	131	1
23	133	1
23	135	1
23	136	-1
23	138	-1
23	140	-1
23	141	-1
23	142	-1
23	145	1
23	146	1
23	147	-1
23	148	-1
23	149	-1
23	154	1
23	156	1
23	158	1
23	165	-1
23	166	1
23	167	1
23	168	1
23	169	1
23	171	-1
23	172	-1
23	174	-1
23	178	1
23	181	1
23	184	-1
23	186	-1
23	188	-1
23	190	-1
23	191	1
23	192	-1
23	194	-1
23	196	1
23	197	1
23	199	-1
23	201	1
23	205	1
23	209	-1
23	211	-1
23	215	-1
23	216	-1
23	217	1
23	218	1
23	219	-1
23	220	1
23	222	-1
23	223	-1
23	224	-1
23	225	-1
23	226	-1
23	230	1
23	234	1
23	237	1
23	238	-1
23	241	1
23	242	1
23	246	1
23	248	-1
23	249	1
24	25	1
24	26	-1
24	27	-1
24	28	1
24	29	-1
24	30	-1
24	32	-1
24	34	-1
24	35	1
24	37	-1
24	38	1
24	39	-1
24	40	-1
24	41	-1
24	42	1
24	43	1
24	45	-1
24	47	1
24	48	1
24	49	-1
24	50	1
24	52	1
24	53	1
24	54	1
24	55	1
24	59	-1
24	60	-1
24	61	-1
24	62	1
24	63	1
24	64	1
24	66	-1
24	67	-1
24	70	-1
24	73	1
24	76	-1
24	81	1
24	82	-1
24	84	-1
24	86	-1
24	87	1
24	90	1
24	92	-1
24	107	1
24	109	1
24	113	1
24	116	1
24	119	1
24	120	1
24	123	-1
24	124	-1
24	130	1
24	132	-1
24	134	1
24	135	-1
24	139	1
24	141	-1
24	142	1
24	144	1
24	147	-1
24	148	1
24	149	1
24	152	1
24	157	-1
24	158	-1
24	160	1
24	163	-1
24	164	1
24	173	-1
24	174	-1
24	177	1
24	180	1
24	181	-1
24	182	-1
24	186	-1
24	189	1
24	190	-1
24	191	-1
24	193	-1
24	194	1
24	195	1
24	196	1
24	203	1
24	204	-1
24	207	-1
24	209	-1
24	210	1
24	213	-1
24	215	1
24	216	-1
24	217	1
24	219	-1
24	222	1
24	224	-1
24	226	1
24	227	1
24	228	-1
24	229	1
24	231	-1
24	232	1
24	233	1
24	234	-1
24	235	-1
24	240	-1
24	241	1
24	242	1
24	244	1
25	26	1
25	27	1
25	28	-1
25	29	1
25	31	1
25	32	1
25	33	1
25	34	1
25	35	1
25	36	-1
25	37	-1
25	38	1
25	40	1
25	41	1
25	43	-1
25	44	1
25	45	-1
25	47	-1
25	48	1
25	49	-1
25	53	-1
25	54	-1
25	57	1
25	58	-1
25	60	1
25	61	1
25	62	1
25	63	1
25	64	-1
25	66	-1
25	69	1
25	72	1
25	74	1
25	76	1
25	78	1
25	80	-1
25	81	1
25	83	-1
25	88	-1
25	90	-1
25	92	1
25	97	1
25	99	-1
25	101	1
25	103	1
25	106	-1
25	107	1
25	108	1
25	109	1
25	110	1
25	111	1
25	113	1
25	120	-1
25	126	1
25	127	-1
25	128	1
25	130	-1
25	132	1
25	133	-1
25	136	-1
25	139	1
25	141	-1
25	144	1
25	147	-1
25	148	-1
25	150	-1
25	152	1
25	153	-1
25	154	-1
25	156	1
25	157	-1
25	159	1
25	165	1
25	169	-1
25	170	1
25	171	-1
25	173	1
25	174	-1
25	175	1
25	177	-1
25	179	1
25	181	-1
25	182	-1
25	193	-1
25	197	-1
25	198	-1
25	200	-1
25	202	1
25	206	1
25	208	1
25	212	-1
25	213	1
25	215	-1
25	216	1
25	218	1
25	220	-1
25	221	-1
25	222	-1
25	223	-1
25	224	-1
25	226	-1
25	227	-1
25	232	1
25	233	-1
25	234	-1
25	235	1
25	237	1
25	241	-1
25	242	-1
25	245	1
25	247	-1
25	249	-1
26	28	1
26	30	-1
26	31	-1
26	34	1
26	35	1
26	36	-1
26	37	-1
26	38	1
26	39	1
26	40	1
26	41	-1
26	42	-1
26	43	1
26	44	-1
26	46	1
26	47	1
26	48	1
26	49	1
26	51	1
26	53	-1
26	58	1
26	59	1
26	61	-1
26	63	1
26	65	-1
26	66	1
26	67	-1
26	69	1
26	78	-1
26	82	1
26	85	1
26	91	1
26	92	-1
26	94	1
26	96	-1
26	97	1
26	99	-1
26	100	1
26	103	1
26	104	-1
26	108	-1
26	110	-1
26	112	-1
26	114	1
26	115	1
26	118	-1
26	120	1
26	121	-1
26	122	1
26	123	-1
26	124	1
26	125	1
26	128	-1
26	129	-1
26	131	-1
26	132	1
26	133	-1
26	135	-1
26	136	1
26	139	1
26	140	-1
26	141	1
26	145	1
26	146	-1
26	148	-1
26	149	1
26	150	-1
26	152	-1
26	155	-1
26	156	-1
26	160	1
26	161	-1
26	162	1
26	165	-1
26	166	-1
26	167	1
26	168	1
26	170	-1
26	171	-1
26	174	-1
26	180	-1
26	181	1
26	183	1
26	184	-1
26	189	1
26	190	1
26	191	-1
26	192	1
26	193	-1
26	194	-1
26	196	1
26	197	-1
26	198	1
26	199	1
26	200	-1
26	201	1
26	202	-1
26	206	1
26	207	1
26	209	1
26	212	1
26	213	1
26	214	-1
26	218	1
26	223	1
26	224	1
26	225	1
26	226	1
26	227	-1
26	230	1
26	231	1
26	234	1
26	237	1
26	238	-1
26	240	-1
26	241	1
26	242	-1
26	244	1
26	246	-1
26	248	-1
26	249	-1
27	30	1
27	31	-1
27	33	-1
27	34	1
27	35	1
27	36	1
27	38	-1
27	40	1
27	41	-1
27	42	1
27	44	-1
27	46	-1
27	47	1
27	48	1
27	49	1
27	50	1
27	52	-1
27	53	-1
27	54	-1
27	56	1
27	57	-1
27	58	1
27	59	-1
27	60	-1
27	62	1
27	67	-1
27	69	-1
27	70	1
27	72	1
27	74	1
27	76	-1
27	77	-1
27	79	1
27	80	1
27	82	1
27	84	1
27	85	1
27	88	-1
27	91	-1
27	94	-1
27	96	1
27	98	1
27	99	1
27	102	-1
27	104	1
27	106	1
27	107	1
27	108	-1
27	109	1
27	110	-1
27	115	-1
27	117	-1
27	125	-1
27	129	-1
27	131	1
27	132	1
27	134	-1
27	136	1
27	140	-1
27	142	1
27	144	-1
27	145	-1
27	148	-1
27	153	-1
27	154	1
27	155	1
27	156	1
27	157	-1
27	159	1
27	161	1
27	162	-1
27	163	-1
27	164	-1
27	174	1
27	176	1
27	183	1
27	185	-1
27	187	-1
27	188	-1
27	189	-1
27	190	1
27	193	1
27	196	1
27	199	-1
27	201	-1
27	202	1
27	207	1
27	209	1
27	214	-1
27	215	1
27	225	1
27	229	1
27	230	-1
27	233	1
27	235	1
27	236	1
27	238	-1
27	240	-1
27	245	-1
27	246	-1
28	32	-1
28	33	1
28	35	1
28	36	-1
28	37	1
28	39	1
28	40	1
28	43	1
28	45	1
28	46	-1
28	47	1
28	48	1
28	50	-1
28	51	-1
28	52	1
28	53	1
28	54	-1
28	57	1
28	58	-1
28	59	-1
28	60	-1
28	64	-1
28	66	-1
28	67	1
28	69	-1
28	70	1
28	72	-1
28	73	1
28	76	-1
28	77	1
28	78	-1
28	81	-1
28	82	1
28	83	1
28	85	-1
28	86	1
28	88	1
28	91	1
28	93	-1
28	95	1
28	97	1
28	98	1
28	100	-1
28	101	-1
28	103	-1
28	104	1
28	105	1
28	108	-1
28	111	-1
28	112	1
28	114	1
28	115	-1
28	117	-1
28	118	1
28	119	-1
28	122	-1
28	123	-1
28	125	1
28	126	-1
28	127	1
28	131	-1
28	133	-1
28	134	-1
28	135	1
28	136	1
28	138	-1
28	140	1
28	142	1
28	143	-1
28	144	1
28	145	-1
28	149	-1
28	151	-1
28	153	-1
28	154	1
28	158	-1
28	162	-1
28	163	1
28	164	1
28	165	-1
28	166	-1
28	167	1
28	171	-1
28	173	1
28	174	-1
28	175	1
28	176	-1
28	179	-1
28	181	-1
28	182	1
28	183	1
28	184	-1
28	188	1
28	189	1
28	196	1
28	198	1
28	202	1
28	204	-1
28	205	-1
28	206	-1
28	207	1
28	209	1
28	210	-1
28	211	1
28	218	-1
28	219	-1
28	221	-1
28	222	-1
28	223	1
28	226	1
28	228	1
28	232	-1
28	234	1
28	235	-1
28	237	1
28	239	-1
28	243	1
28	244	-1
28	245	-1
28	246	-1
28	247	1
28	248	1
28	249	1
29	30	-1
29	31	1
29	32	1
29	34	1
29	35	1
29	36	1
29	37	1
29	38	1
29	40	1
29	41	-1
29	42	1
29	43	1
29	44	1
29	46	-1
29	48	1
29	51	-1
29	52	1
29	54	-1
29	55	1
29	57	1
29	58	-1
29	62	1
29	63	-1
29	66	-1
29	70	1
29	71	1
29	72	1
29	75	1
29	78	-1
29	81	1
29	82	1
29	83	1
29	84	1
29	86	-1
29	87	-1
29	88	1
29	92	-1
29	93	1
29	94	1
29	95	-1
29	96	1
29	97	-1
29	98	-1
29	99	-1
29	100	1
29	104	1
29	107	-1
29	109	1
29	110	-1
29	115	1
29	117	1
29	119	1
29	121	1
29	122	1
29	125	1
29	126	-1
29	129	-1
29	131	1
29	132	-1
29	134	1
29	137	1
29	138	-1
29	141	-1
29	147	-1
29	149	-1
29	151	-1
29	154	1
29	155	1
29	157	1
29	159	-1
29	160	1
29	162	-1
29	163	-1
29	165	-1
29	169	1
29	171	-1
29	172	1
29	174	-1
29	175	1
29	176	1
29	178	1
29	180	1
29	181	-1
29	183	-1
29	184	1
29	187	-1
29	188	1
29	190	-1
29	191	1
29	192	1
29	194	1
29	196	-1
29	197	-1
29	198	-1
29	201	1
29	202	-1
29	203	-1
29	206	-1
29	213	1
29	214	-1
29	216	1
29	217	-1
29	218	-1
29	220	1
29	222	-1
29	224	-1
29	228	1
29	229	1
29	230	1
29	231	1
29	232	-1
29	234	1
29	235	-1
29	236	1
29	237	1
29	241	1
29	242	1
29	246	1
29	248	-1
30	31	1
30	32	-1
30	33	1
30	35	-1
30	36	-1
30	37	1
30	38	1
30	39	1
30	40	-1
30	42	1
30	43	-1
30	44	-1
30	45	1
30	46	1
30	47	1
30	49	-1
30	51	-1
30	52	1
30	53	1
30	54	1
30	57	1
30	59	-1
30	61	-1
30	64	-1
30	65	1
30	66	1
30	67	1
30	68	-1
30	69	-1
30	74	-1
30	75	-1
30	79	1
30	80	-1
30	83	1
30	85	-1
30	86	1
30	89	1
30	90	1
30	91	1
30	93	1
30	96	-1
30	97	1
30	98	1
30	100	-1
30	101	1
30	102	-1
30	105	-1
30	107	-1
30	109	1
30	110	-1
30	111	-1
30	112	-1
30	113	-1
30	114	-1
30	116	-1
30	117	1
30	118	1
30	119	-1
30	120	-1
30	121	1
30	122	1
30	128	1
30	129	-1
30	130	-1
30	131	-1
30	136	1
30	137	-1
30	138	-1
30	139	-1
30	140	-1
30	142	1
30	145	-1
30	150	1
30	155	1
30	158	-1
30	160	1
30	162	-1
30	164	-1
30	165	-1
30	169	-1
30	170	1
30	171	1
30	174	-1
30	175	1
30	177	-1
30	178	-1
30	179	-1
30	180	1
30	181	1
30	188	-1
30	189	-1
30	190	-1
30	191	-1
30	195	1
30	196	-1
30	197	1
30	200	-1
30	202	1
30	203	1
30	205	-1
30	206	1
30	207	-1
30	209	-1
30	211	-1
30	213	-1
30	218	-1
30	219	-1
30	228	1
30	229	1
30	230	-1
30	232	-1
30	234	-1
30	236	-1
30	237	-1
30	241	-1
30	243	-1
30	244	1
30	245	1
30	246	-1
30	247	-1
31	33	1
31	34	1
31	35	-1
31	36	1
31	37	1
31	38	-1
31	39	-1
31	41	1
31	42	-1
31	43	-1
31	45	1
31	46	1
31	48	-1
31	50	1
31	51	-1
31	53	-1
31	54	-1
31	57	1
31	58	-1
31	60	-1
31	61	1
31	63	1
31	64	-1
31	65	-1
31	67	1
31	69	1
31	70	-1
31	71	-1
31	72	1
31	73	1
31	74	1
31	75	1
31	76	1
31	79	1
31	80	-1
31	82	1
31	83	1
31	87	-1
31	90	1
31	93	-1
31	96	1
31	101	-1
31	105	-1
31	107	-1
31	109	-1
31	112	1
31	113	1
31	114	1
31	117	-1
31	119	1
31	120	1
31	124	-1
31	125	-1
31	126	-1
31	128	-1
31	132	1
31	137	-1
31	140	-1
31	141	1
31	143	-1
31	147	1
31	148	-1
31	149	-1
31	150	-1
31	155	1
31	157	-1
31	159	-1
31	161	1
31	163	1
31	164	-1
31	165	1
31	167	-1
31	171	1
31	175	1
31	178	-1
31	180	-1
31	183	-1
31	185	1
31	186	1
31	187	1
31	188	1
31	190	-1
31	193	1
31	195	-1
31	197	-1
31	198	-1
31	199	1
31	202	-1
31	204	1
31	206	-1
31	209	1
31	210	-1
31	212	1
31	216	-1
31	217	-1
31	218	-1
31	221	-1
31	223	1
31	224	-1
31	225	-1
31	226	-1
31	227	1
31	233	-1
31	235	-1
31	236	1
31	239	-1
31	240	1
31	245	-1
31	246	1
32	33	-1
32	34	-1
32	35	-1
32	37	1
32	38	1
32	39	-1
32	40	1
32	41	-1
32	42	1
32	43	-1
32	44	1
32	45	1
32	46	1
32	47	1
32	48	1
32	53	1
32	54	1
32	57	-1
32	59	-1
32	60	-1
32	61	1
32	63	-1
32	65	1
32	67	1
32	70	1
32	71	1
32	79	-1
32	80	1
32	81	-1
32	83	-1
32	85	-1
32	87	-1
32	88	-1
32	90	-1
32	91	1
32	92	1
32	93	-1
32	96	-1
32	97	1
32	99	-1
32	100	-1
32	103	1
32	105	-1
32	106	1
32	107	-1
32	108	-1
32	109	1
32	110	1
32	112	1
32	114	-1
32	115	-1
32	117	-1
32	119	-1
32	120	-1
32	123	-1
32	125	-1
32	128	1
32	129	1
32	131	1
32	132	1
32	134	1
32	135	1
32	137	-1
32	138	-1
32	140	-1
32	142	-1
32	146	1
32	150	1
32	152	-1
32	154	-1
32	155	1
32	158	-1
32	159	-1
32	160	-1
32	161	-1
32	163	1
32	165	-1
32	169	-1
32	171	-1
32	172	1
32	173	1
32	174	1
32	175	-1
32	177	1
32	179	1
32	182	-1
32	184	1
32	185	-1
32	187	1
32	188	-1
32	190	-1
32	191	-1
32	192	-1
32	195	-1
32	196	-1
32	197	1
32	198	-1
32	200	-1
32	201	1
32	202	1
32	203	-1
32	206	-1
32	209	1
32	212	-1
32	216	-1
32	217	-1
32	219	-1
32	220	1
32	221	1
32	223	1
32	225	1
32	226	-1
32	228	1
32	229	-1
32	230	1
32	232	1
32	235	-1
32	237	-1
32	238	1
32	239	1
32	240	-1
32	241	-1
32	242	1
32	246	-1
33	34	-1
33	35	1
33	37	1
33	38	1
33	39	1
33	40	1
33	42	1
33	43	-1
33	44	-1
33	45	-1
33	46	1
33	47	1
33	54	-1
33	55	1
33	56	1
33	58	-1
33	60	1
33	62	-1
33	63	-1
33	64	1
33	65	1
33	66	-1
33	67	1
33	70	1
33	71	1
33	72	-1
33	74	1
33	77	1
33	78	-1
33	80	1
33	82	1
33	83	1
33	85	1
33	87	-1
33	89	-1
33	92	-1
33	101	-1
33	102	1
33	104	-1
33	105	-1
33	106	-1
33	107	-1
33	108	1
33	109	-1
33	112	-1
33	115	1
33	116	-1
33	118	1
33	120	-1
33	121	1
33	122	1
33	123	-1
33	124	1
33	127	1
33	128	1
33	131	1
33	132	-1
33	134	1
33	135	-1
33	136	1
33	139	-1
33	140	1
33	141	-1
33	143	1
33	144	1
33	146	-1
33	148	1
33	149	-1
33	150	1
33	151	1
33	153	1
33	155	-1
33	157	-1
33	160	1
33	161	1
33	163	-1
33	166	-1
33	167	-1
33	172	1
33	174	-1
33	176	1
33	178	1
33	180	-1
33	182	1
33	194	-1
33	195	-1
33	198	1
33	200	1
33	202	-1
33	203	-1
33	204	1
33	206	-1
33	207	-1
33	208	-1
33	209	-1
33	210	1
33	215	1
33	219	-1
33	220	-1
33	222	1
33	223	1
33	228	1
33	233	1
33	237	-1
33	239	-1
33	240	1
33	241	-1
33	242	1
33	243	-1
33	244	1
33	245	1
33	249	1
34	35	1
34	36	1
34	37	-1
34	39	1
34	40	1
34	41	-1
34	42	1
34	43	1
34	45	-1
34	47	1
34	48	1
34	49	1
34	50	-1
34	52	-1
34	53	-1
34	56	1
34	58	1
34	59	-1
34	60	1
34	61	-1
34	62	1
34	63	1
34	65	-1
34	67	-1
34	69	-1
34	71	1
34	72	1
34	73	-1
34	74	1
34	76	1
34	79	1
34	82	1
34	83	-1
34	85	1
34	86	-1
34	87	1
34	90	-1
34	91	-1
34	93	-1
34	94	-1
34	97	-1
34	98	1
34	99	1
34	101	1
34	102	1
34	107	1
34	109	-1
34	112	1
34	115	1
34	116	1
34	117	1
34	119	1
34	121	-1
34	123	1
34	124	1
34	125	-1
34	126	1
34	129	1
34	130	-1
34	131	1
34	133	-1
34	136	1
34	137	1
34	140	1
34	144	1
34	146	-1
34	148	-1
34	149	1
34	153	1
34	157	-1
34	158	1
34	159	-1
34	161	1
34	162	-1
34	163	-1
34	165	-1
34	166	-1
34	167	1
34	176	1
34	177	1
34	178	1
34	180	1
34	181	1
34	189	1
34	191	-1
34	192	1
34	194	1
34	195	-1
34	196	1
34	197	1
34	198	1
34	199	-1
34	200	1
34	201	1
34	205	-1
34	208	1
34	212	-1
34	215	1
34	217	1
34	221	1
34	222	1
34	223	-1
34	224	1
34	225	-1
34	226	-1
34	234	1
34	237	1
34	238	-1
34	240	-1
34	243	-1
34	246	-1
34	248	1
34	249	1
35	36	1
35	37	1
35	38	1
35	39	1
35	41	1
35	42	1
35	43	-1
35	44	-1
35	45	1
35	46	1
35	49	-1
35	50	-1
35	51	1
35	52	1
35	54	1
35	58	-1
35	59	-1
35	63	1
35	65	-1
35	66	1
35	68	-1
35	69	-1
35	72	1
35	73	-1
35	75	1
35	77	-1
35	78	1
35	79	1
35	80	-1
35	82	1
35	88	-1
35	91	-1
35	92	1
35	93	-1
35	96	-1
35	97	-1
35	100	1
35	101	-1
35	102	1
35	103	-1
35	106	1
35	108	1
35	109	1
35	111	-1
35	113	1
35	114	1
35	115	1
35	120	1
35	125	1
35	127	-1
35	130	1
35	131	-1
35	133	-1
35	134	1
35	136	1
35	138	-1
35	139	1
35	140	1
35	142	-1
35	143	-1
35	144	1
35	146	-1
35	147	1
35	148	-1
35	149	-1
35	159	1
35	160	1
35	161	1
35	164	-1
35	165	1
35	167	1
35	170	1
35	171	1
35	172	-1
35	178	-1
35	179	1
35	180	-1
35	181	1
35	185	-1
35	186	-1
35	192	-1
35	193	1
35	195	-1
35	196	-1
35	201	1
35	202	-1
35	203	-1
35	204	-1
35	206	1
35	208	-1
35	209	1
35	212	1
35	213	1
35	214	1
35	216	1
35	217	1
35	218	-1
35	219	-1
35	221	-1
35	223	1
35	226	-1
35	228	1
35	230	1
35	231	1
35	232	-1
35	233	-1
35	234	-1
35	235	-1
35	238	1
35	240	1
35	241	1
35	242	-1
35	243	1
35	244	-1
35	245	-1
35	247	1
35	248	1
36	37	1
36	38	-1
36	41	1
36	42	-1
36	47	1
36	48	1
36	49	1
36	51	1
36	53	1
36	56	-1
36	60	1
36	61	1
36	63	1
36	65	1
36	69	-1
36	72	1
36	73	-1
36	75	1
36	76	1
36	80	1
36	81	-1
36	89	-1
36	90	-1
36	93	1
36	96	1
36	97	-1
36	98	-1
36	103	1
36	104	-1
36	105	1
36	106	1
36	109	-1
36	113	1
36	114	1
36	115	1
36	117	1
36	119	-1
36	121	1
36	122	-1
36	124	1
36	126	1
36	127	-1
36	128	1
36	129	-1
36	132	-1
36	135	-1
36	141	1
36	142	-1
36	144	-1
36	146	1
36	148	-1
36	149	1
36	151	-1
36	154	-1
36	155	1
36	159	-1
36	160	-1
36	163	1
36	164	1
36	165	1
36	170	-1
36	172	1
36	176	-1
36	179	-1
36	180	1
36	181	-1
36	182	-1
36	183	-1
36	184	1
36	186	-1
36	188	1
36	190	1
36	194	-1
36	196	1
36	197	-1
36	202	-1
36	203	1
36	208	1
36	209	1
36	210	1
36	211	-1
36	213	-1
36	218	-1
36	220	-1
36	223	1
36	224	1
36	225	1
36	226	1
36	227	1
36	228	1
36	230	-1
36	231	1
36	232	-1
36	233	-1
36	236	1
36	237	-1
36	239	-1
36	240	-1
36	243	1
36	245	1
36	247	-1
36	248	1
37	40	-1
37	41	1
37	44	1
37	45	-1
37	46	1
37	48	1
37	49	1
37	50	-1
37	53	-1
37	55	-1
37	57	-1
37	58	1
37	59	-1
37	63	-1
37	64	1
37	66	1
37	68	-1
37	69	-1
37	71	-1
37	75	1
37	76	-1
37	78	1
37	79	-1
37	81	-1
37	82	1
37	84	-1
37	85	1
37	87	-1
37	88	-1
37	92	-1
37	93	1
37	94	1
37	95	1
37	96	-1
37	98	1
37	100	1
37	101	-1
37	102	-1
37	103	1
37	104	-1
37	105	-1
37	108	1
37	109	-1
37	110	-1
37	111	-1
37	114	-1
37	117	-1
37	118	1
37	119	1
37	120	1
37	123	-1
37	124	1
37	125	1
37	126	1
37	127	-1
37	128	1
37	129	1
37	132	-1
37	135	1
37	136	-1
37	139	-1
37	141	-1
37	142	-1
37	143	-1
37	147	1
37	155	-1
37	156	-1
37	157	-1
37	158	1
37	160	1
37	161	1
37	162	-1
37	165	-1
37	168	-1
37	169	1
37	171	1
37	175	1
37	177	-1
37	178	-1
37	180	-1
37	181	-1
37	184	1
37	186	-1
37	187	1
37	190	1
37	192	1
37	193	1
37	194	-1
37	196	1
37	198	1
37	199	1
37	200	1
37	203	1
37	204	-1
37	207	-1
37	208	1
37	214	1
37	216	-1
37	219	1
37	222	-1
37	223	-1
37	224	-1
37	225	-1
37	231	1
37	238	-1
37	239	-1
37	240	-1
37	241	-1
37	242	1
37	243	1
37	245	-1
37	246	1
37	248	1
38	39	1
38	41	1
38	42	1
38	43	1
38	44	-1
38	45	1
38	46	1
38	47	1
38	51	-1
38	52	1
38	53	-1
38	54	-1
38	57	1
38	58	-1
38	62	1
38	63	-1
38	64	1
38	65	-1
38	69	1
38	72	-1
38	79	1
38	83	1
38	86	-1
38	88	-1
38	89	1
38	90	-1
38	95	1
38	97	1
38	100	-1
38	101	-1
38	102	-1
38	103	1
38	106	-1
38	107	1
38	108	1
38	110	-1
38	111	-1
38	117	1
38	118	1
38	119	-1
38	128	1
38	131	1
38	134	1
38	135	1
38	137	-1
38	139	1
38	140	1
38	141	-1
38	142	-1
38	144	-1
38	145	1
38	146	1
38	147	-1
38	148	-1
38	149	1
38	151	-1
38	152	1
38	155	-1
38	156	1
38	161	1
38	162	1
38	163	1
38	166	-1
38	167	-1
38	168	1
38	170	1
38	172	1
38	174	1
38	177	1
38	178	-1
38	179	1
38	180	1
38	181	-1
38	182	-1
38	183	1
38	184	1
38	185	-1
38	186	-1
38	187	1
38	188	-1
38	189	1
38	192	1
38	194	1
38	196	1
38	197	1
38	200	-1
38	201	-1
38	204	1
38	205	1
38	206	-1
38	207	-1
38	208	-1
38	212	-1
38	214	-1
38	215	1
38	216	-1
38	217	-1
38	218	1
38	222	-1
38	224	-1
38	225	1
38	226	-1
38	227	1
38	230	-1
38	231	1
38	233	1
38	236	-1
38	238	1
38	243	1
38	245	-1
38	246	-1
39	40	1
39	42	1
39	44	1
39	45	1
39	46	1
39	48	1
39	49	-1
39	50	1
39	52	-1
39	53	1
39	54	1
39	56	1
39	63	-1
39	64	-1
39	66	-1
39	68	-1
39	69	1
39	70	1
39	71	-1
39	74	-1
39	76	1
39	77	1
39	80	1
39	82	1
39	83	1
39	88	1
39	90	1
39	93	-1
39	94	1
39	95	1
39	96	-1
39	98	1
39	99	1
39	102	-1
39	104	1
39	106	-1
39	107	1
39	109	1
39	112	-1
39	116	1
39	117	1
39	119	1
39	120	1
39	121	1
39	122	-1
39	124	1
39	129	-1
39	130	1
39	133	1
39	134	1
39	135	1
39	145	1
39	146	-1
39	148	1
39	149	1
39	151	1
39	152	1
39	153	1
39	154	1
39	156	-1
39	157	-1
39	158	1
39	159	1
39	160	1
39	161	1
39	162	-1
39	165	1
39	166	-1
39	174	1
39	175	1
39	177	-1
39	179	1
39	181	-1
39	187	1
39	188	-1
39	189	-1
39	191	1
39	193	-1
39	197	-1
39	199	1
39	203	-1
39	206	-1
39	207	1
39	211	-1
39	212	1
39	213	-1
39	214	-1
39	216	-1
39	218	1
39	219	1
39	220	1
39	222	-1
39	223	1
39	224	-1
39	225	-1
39	229	-1
39	231	1
39	233	1
39	236	-1
39	237	1
39	239	-1
39	240	1
39	241	1
39	244	1
39	245	1
39	246	1
40	41	1
40	43	1
40	44	-1
40	45	-1
40	46	1
40	47	-1
40	48	-1
40	49	1
40	50	1
40	52	1
40	53	1
40	54	-1
40	55	-1
40	56	-1
40	58	-1
40	59	-1
40	61	1
40	62	1
40	63	-1
40	65	-1
40	68	1
40	69	-1
40	70	1
40	71	1
40	73	-1
40	75	1
40	76	-1
40	77	-1
40	80	-1
40	82	1
40	83	1
40	86	1
40	87	-1
40	88	-1
40	91	1
40	93	-1
40	94	1
40	99	-1
40	101	1
40	102	1
40	105	1
40	106	1
40	107	1
40	108	1
40	109	1
40	112	1
40	113	-1
40	119	1
40	120	1
40	125	1
40	127	1
40	131	1
40	132	-1
40	133	1
40	135	-1
40	136	1
40	141	1
40	144	1
40	149	-1
40	151	1
40	152	1
40	153	1
40	155	-1
40	157	1
40	158	-1
40	159	-1
40	160	1
40	166	1
40	167	-1
40	168	1
40	169	1
40	172	1
40	173	-1
40	175	-1
40	176	1
40	177	1
40	178	-1
40	179	1
40	182	1
40	183	-1
40	184	1
40	185	-1
40	188	1
40	189	1
40	190	-1
40	197	1
40	199	-1
40	200	1
40	201	-1
40	202	1
40	205	-1
40	207	-1
40	208	-1
40	212	-1
40	213	1
40	214	-1
40	218	-1
40	220	1
40	221	1
40	222	-1
40	223	1
40	224	1
40	225	1
40	227	-1
40	228	-1
40	230	1
40	231	-1
40	239	-1
40	240	-1
40	243	1
40	245	-1
40	248	1
41	42	1
41	43	1
41	44	1
41	45	1
41	46	1
41	47	1
41	48	-1
41	49	1
41	50	1
41	53	1
41	54	1
41	56	1
41	59	1
41	62	1
41	63	1
41	65	1
41	66	1
41	68	-1
41	69	1
41	70	1
41	71	1
41	73	-1
41	75	-1
41	78	-1
41	83	1
41	90	1
41	93	1
41	94	1
41	95	-1
41	98	1
41	100	1
41	101	-1
41	102	-1
41	104	1
41	106	1
41	109	1
41	110	1
41	112	-1
41	114	-1
41	115	-1
41	116	-1
41	121	1
41	122	1
41	125	1
41	126	-1
41	128	-1
41	129	-1
41	130	1
41	138	-1
41	139	-1
41	144	1
41	147	-1
41	148	-1
41	149	1
41	153	1
41	155	-1
41	156	-1
41	159	-1
41	162	1
41	163	-1
41	165	-1
41	166	1
41	167	-1
41	168	1
41	172	-1
41	176	-1
41	177	1
41	178	-1
41	179	1
41	180	1
41	181	-1
41	182	1
41	184	-1
41	185	1
41	186	1
41	188	1
41	190	1
41	192	1
41	194	1
41	195	1
41	199	-1
41	200	1
41	202	1
41	203	-1
41	204	-1
41	205	1
41	206	-1
41	208	1
41	209	1
41	215	-1
41	217	1
41	219	-1
41	220	-1
41	221	1
41	223	-1
41	224	-1
41	225	-1
41	226	-1
41	229	-1
41	230	-1
41	231	-1
41	232	1
41	238	1
41	239	1
41	241	-1
41	243	1
41	245	-1
41	246	1
41	249	1
42	44	1
42	45	1
42	46	1
42	47	1
42	48	1
42	49	-1
42	54	1
42	55	1
42	57	-1
42	61	-1
42	66	-1
42	67	1
42	70	1
42	71	1
42	72	-1
42	74	-1
42	75	-1
42	76	1
42	78	1
42	81	-1
42	87	1
42	90	-1
42	95	1
42	96	1
42	97	1
42	99	-1
42	102	1
42	104	1
42	107	-1
42	108	1
42	109	-1
42	110	-1
42	111	1
42	112	-1
42	114	-1
42	120	-1
42	121	1
42	122	-1
42	123	1
42	124	1
42	125	-1
42	126	1
42	129	1
42	136	-1
42	138	-1
42	141	-1
42	148	1
42	151	-1
42	152	-1
42	153	1
42	160	1
42	161	-1
42	163	-1
42	165	-1
42	167	-1
42	168	-1
42	169	1
42	172	1
42	174	1
42	175	1
42	178	-1
42	179	1
42	180	1
42	182	1
42	188	1
42	190	1
42	192	1
42	193	-1
42	194	-1
42	196	1
42	199	1
42	200	1
42	201	-1
42	202	-1
42	204	-1
42	206	1
42	207	1
42	218	1
42	220	1
42	224	1
42	236	1
42	237	1
42	238	-1
42	240	1
42	241	1
42	243	-1
42	249	1
43	44	-1
43	45	-1
43	46	1
43	48	1
43	52	1
43	53	-1
43	58	1
43	59	1
43	62	-1
43	64	1
43	65	-1
43	68	-1
43	69	-1
43	72	1
43	74	1
43	76	-1
43	77	-1
43	78	1
43	79	1
43	80	1
43	81	-1
43	83	-1
43	84	1
43	85	1
43	86	-1
43	87	1
43	89	-1
43	90	-1
43	91	-1
43	94	1
43	95	1
43	97	-1
43	100	-1
43	101	1
43	104	1
43	105	-1
43	107	-1
43	108	1
43	110	-1
43	113	-1
43	114	-1
43	115	-1
43	116	-1
43	117	-1
43	121	-1
43	123	1
43	126	1
43	130	-1
43	137	1
43	143	-1
43	144	1
43	148	-1
43	150	-1
43	151	-1
43	153	-1
43	154	1
43	155	1
43	157	-1
43	160	1
43	163	1
43	164	1
43	165	-1
43	166	-1
43	167	1
43	168	1
43	170	-1
43	171	1
43	172	1
43	173	1
43	177	1
43	178	1
43	179	1
43	180	1
43	181	-1
43	182	-1
43	184	1
43	185	-1
43	191	-1
43	192	1
43	193	1
43	194	-1
43	198	-1
43	199	1
43	202	-1
43	203	-1
43	204	-1
43	207	1
43	209	1
43	210	1
43	211	1
43	212	1
43	216	-1
43	220	1
43	222	1
43	223	-1
43	224	1
43	225	1
43	227	-1
43	229	-1
43	233	-1
43	237	1
43	239	-1
43	240	1
44	45	1
44	47	1
44	48	1
44	49	1
44	51	-1
44	52	-1
44	53	1
44	54	1
44	59	-1
44	60	-1
44	61	1
44	65	-1
44	69	-1
44	74	1
44	76	-1
44	77	-1
44	79	1
44	80	-1
44	85	1
44	87	1
44	88	1
44	89	1
44	93	1
44	94	1
44	96	1
44	97	-1
44	99	-1
44	100	1
44	102	1
44	103	-1
44	106	-1
44	107	-1
44	109	1
44	110	1
44	111	1
44	112	1
44	113	-1
44	115	1
44	116	1
44	117	1
44	118	1
44	119	-1
44	120	-1
44	121	1
44	122	-1
44	124	1
44	125	1
44	127	1
44	129	-1
44	130	-1
44	132	-1
44	133	-1
44	136	1
44	139	-1
44	143	1
44	144	-1
44	146	1
44	147	-1
44	148	1
44	150	-1
44	151	1
44	152	-1
44	154	1
44	155	-1
44	158	1
44	162	-1
44	163	1
44	164	1
44	165	-1
44	166	-1
44	168	-1
44	170	1
44	171	-1
44	172	1
44	173	1
44	177	1
44	179	-1
44	180	1
44	182	1
44	183	1
44	185	1
44	187	-1
44	188	-1
44	189	1
44	190	1
44	192	-1
44	194	1
44	195	-1
44	198	-1
44	199	-1
44	201	-1
44	204	-1
44	205	1
44	206	1
44	208	1
44	209	1
44	211	1
44	212	-1
44	213	1
44	214	-1
44	215	-1
44	216	1
44	219	1
44	220	1
44	225	1
44	228	-1
44	233	1
44	235	-1
44	236	-1
44	237	1
44	239	1
44	240	-1
44	241	-1
44	242	-1
44	245	1
44	247	-1
44	248	-1
44	249	-1
45	47	1
45	48	1
45	51	1
45	55	1
45	57	-1
45	58	1
45	59	1
45	60	1
45	67	-1
45	71	1
45	74	-1
45	75	1
45	76	1
45	77	1
45	78	1
45	79	1
45	80	1
45	81	-1
45	82	1
45	83	-1
45	86	1
45	87	-1
45	88	-1
45	90	-1
45	92	1
45	94	-1
45	98	-1
45	99	-1
45	102	-1
45	105	-1
45	106	-1
45	107	1
45	109	-1
45	110	-1
45	112	-1
45	113	-1
45	114	-1
45	115	-1
45	117	1
45	118	1
45	120	-1
45	121	-1
45	122	1
45	123	1
45	124	-1
45	128	1
45	131	-1
45	133	-1
45	135	-1
45	136	-1
45	139	1
45	140	1
45	141	-1
45	143	1
45	146	-1
45	147	-1
45	149	-1
45	150	1
45	153	1
45	154	1
45	155	1
45	158	-1
45	160	-1
45	161	-1
45	162	-1
45	163	-1
45	164	1
45	166	-1
45	169	1
45	173	1
45	175	1
45	176	-1
45	177	-1
45	179	1
45	182	1
45	185	-1
45	187	1
45	188	-1
45	189	-1
45	190	1
45	193	1
45	194	1
45	196	-1
45	200	-1
45	202	-1
45	203	1
45	204	1
45	205	1
45	206	-1
45	208	-1
45	209	-1
45	210	1
45	211	1
45	218	1
45	223	1
45	224	-1
45	226	1
45	227	-1
45	233	1
45	235	-1
45	238	1
45	241	1
45	243	1
45	245	-1
45	247	1
45	248	-1
45	249	1
46	47	1
46	48	1
46	49	1
46	54	1
46	55	-1
46	56	1
46	57	1
46	59	1
46	62	-1
46	63	1
46	64	-1
46	65	-1
46	66	-1
46	68	1
46	69	1
46	70	-1
46	72	1
46	74	1
46	75	-1
46	79	-1
46	82	1
46	84	1
46	86	-1
46	89	1
46	90	1
46	94	-1
46	97	-1
46	100	1
46	101	1
46	105	-1
46	107	-1
46	108	-1
46	110	-1
46	113	1
46	115	1
46	116	-1
46	117	1
46	119	-1
46	120	-1
46	123	-1
46	124	-1
46	128	1
46	130	1
46	132	1
46	134	1
46	135	1
46	138	1
46	139	1
46	142	-1
46	143	-1
46	144	-1
46	145	1
46	146	-1
46	147	-1
46	150	-1
46	151	-1
46	152	-1
46	154	1
46	157	1
46	158	-1
46	160	1
46	162	-1
46	165	-1
46	166	1
46	167	1
46	170	1
46	174	1
46	178	-1
46	179	1
46	180	1
46	181	-1
46	182	1
46	186	1
46	190	1
46	192	-1
46	194	1
46	195	1
46	196	-1
46	198	-1
46	199	1
46	200	-1
46	204	1
46	205	-1
46	207	1
46	208	1
46	209	1
46	211	1
46	212	-1
46	214	1
46	216	-1
46	217	-1
46	223	-1
46	225	1
46	227	1
46	230	1
46	231	-1
46	232	1
46	234	-1
46	235	1
46	236	1
46	237	1
46	238	-1
46	239	1
46	241	-1
46	242	-1
46	244	-1
46	245	-1
46	248	-1
47	49	-1
47	51	-1
47	55	1
47	60	1
47	62	-1
47	63	1
47	64	-1
47	65	-1
47	70	1
47	71	-1
47	75	1
47	77	1
47	78	-1
47	79	1
47	80	1
47	82	-1
47	83	-1
47	84	-1
47	86	1
47	87	-1
47	88	1
47	91	1
47	92	1
47	93	1
47	94	1
47	97	-1
47	98	-1
47	105	-1
47	106	-1
47	108	1
47	109	1
47	113	1
47	115	-1
47	117	-1
47	121	-1
47	123	-1
47	124	1
47	125	-1
47	126	-1
47	127	-1
47	128	-1
47	129	1
47	132	-1
47	134	1
47	135	1
47	136	-1
47	138	-1
47	140	1
47	142	-1
47	143	-1
47	144	1
47	147	1
47	152	1
47	154	-1
47	159	1
47	160	1
47	164	-1
47	165	1
47	166	1
47	168	-1
47	169	-1
47	170	-1
47	171	-1
47	177	-1
47	179	1
47	180	1
47	184	1
47	185	1
47	187	-1
47	189	-1
47	190	-1
47	193	1
47	194	-1
47	196	1
47	197	-1
47	201	-1
47	204	-1
47	206	1
47	211	-1
47	213	1
47	215	1
47	219	1
47	221	1
47	222	1
47	224	-1
47	226	-1
47	227	-1
47	229	1
47	231	1
47	235	1
47	236	-1
47	239	1
47	241	-1
47	244	-1
47	249	1
48	49	-1
48	50	-1
48	52	-1
48	55	1
48	56	-1
48	57	-1
48	58	1
48	66	-1
48	67	-1
48	70	1
48	71	-1
48	72	-1
48	73	-1
48	74	1
48	77	1
48	78	1
48	79	1
48	82	-1
48	83	-1
48	84	-1
48	91	-1
48	93	-1
48	94	-1
48	95	-1
48	97	-1
48	98	-1
48	99	-1
48	100	1
48	104	-1
48	106	1
48	107	-1
48	113	1
48	114	-1
48	116	-1
48	118	-1
48	119	-1
48	121	-1
48	122	-1
48	124	1
48	134	-1
48	137	1
48	140	-1
48	141	1
48	142	1
48	146	1
48	148	-1
48	151	-1
48	154	-1
48	155	-1
48	157	-1
48	159	1
48	161	-1
48	167	-1
48	168	1
48	172	-1
48	174	-1
48	175	-1
48	178	1
48	182	1
48	184	-1
48	188	1
48	190	-1
48	191	1
48	192	1
48	195	-1
48	196	1
48	198	-1
48	204	-1
48	205	-1
48	208	1
48	211	-1
48	215	1
48	220	-1
48	221	-1
48	222	1
48	223	-1
48	224	1
48	228	1
48	229	1
48	235	-1
48	236	1
48	238	1
48	239	-1
48	240	-1
48	242	1
48	243	-1
48	245	-1
48	246	1
48	247	-1
48	248	1
48	249	1
49	50	-1
49	52	1
49	56	1
49	58	1
49	59	1
49	62	-1
49	66	1
49	70	-1
49	71	-1
49	72	1
49	74	-1
49	75	1
49	76	1
49	77	1
49	85	1
49	86	1
49	87	1
49	88	1
49	91	-1
49	94	-1
49	95	1
49	97	-1
49	98	1
49	99	-1
49	102	1
49	106	-1
49	107	-1
49	108	1
49	109	1
49	110	1
49	111	1
49	116	1
49	118	-1
49	122	1
49	125	-1
49	126	-1
49	128	1
49	132	1
49	133	1
49	134	1
49	139	-1
49	140	1
49	142	1
49	144	-1
49	145	-1
49	146	1
49	147	1
49	148	1
49	149	1
49	150	1
49	151	-1
49	153	-1
49	154	1
49	156	1
49	157	1
49	160	1
49	161	1
49	162	1
49	163	-1
49	164	1
49	165	1
49	169	-1
49	172	-1
49	174	-1
49	177	1
49	178	-1
49	179	-1
49	182	-1
49	183	-1
49	187	-1
49	188	1
49	189	-1
49	190	-1
49	192	1
49	195	-1
49	196	1
49	197	1
49	200	1
49	207	1
49	208	1
49	209	1
49	212	1
49	214	1
49	215	-1
49	216	-1
49	217	1
49	219	1
49	221	-1
49	222	1
49	225	1
49	227	1
49	229	-1
49	232	-1
49	233	-1
49	234	1
49	235	-1
49	238	-1
49	241	-1
49	243	-1
49	244	-1
49	245	-1
49	247	1
50	51	-1
50	52	-1
50	54	1
50	55	-1
50	56	1
50	58	1
50	59	1
50	60	-1
50	61	1
50	62	1
50	67	1
50	69	-1
50	73	-1
50	74	-1
50	75	-1
50	80	-1
50	81	1
50	82	1
50	83	1
50	84	1
50	85	-1
50	87	1
50	88	1
50	89	-1
50	92	1
50	93	1
50	95	-1
50	96	-1
50	97	-1
50	98	1
50	102	-1
50	104	-1
50	105	1
50	106	1
50	108	1
50	111	1
50	115	1
50	116	-1
50	117	-1
50	118	-1
50	119	1
50	120	1
50	121	1
50	122	-1
50	125	-1
50	127	1
50	128	-1
50	129	-1
50	132	1
50	133	-1
50	136	1
50	137	1
50	139	-1
50	141	1
50	142	1
50	143	-1
50	144	-1
50	145	-1
50	146	1
50	147	1
50	149	1
50	154	1
50	156	1
50	157	-1
50	158	-1
50	162	-1
50	164	-1
50	165	-1
50	166	1
50	174	1
50	175	1
50	181	1
50	182	1
50	184	-1
50	186	-1
50	190	1
50	192	1
50	193	1
50	195	-1
50	198	-1
50	199	-1
50	203	1
50	204	1
50	205	1
50	206	-1
50	207	-1
50	208	-1
50	210	1
50	211	1
50	212	-1
50	214	1
50	216	-1
50	218	1
50	220	-1
50	224	-1
50	226	-1
50	227	1
50	228	1
50	229	1
50	230	-1
50	231	-1
50	236	-1
50	237	-1
50	238	-1
50	239	1
50	241	1
50	242	1
50	243	-1
50	246	1
50	247	1
50	248	-1
50	249	-1
51	54	1
51	56	1
51	57	1
51	61	1
51	67	1
51	68	-1
51	69	-1
51	70	-1
51	72	-1
51	74	-1
51	75	-1
51	78	-1
51	82	-1
51	83	1
51	85	-1
51	88	1
51	89	1
51	90	-1
51	91	-1
51	92	1
51	96	1
51	97	1
51	98	1
51	100	-1
51	101	1
51	103	1
51	111	1
51	116	1
51	118	-1
51	119	-1
51	121	-1
51	122	-1
51	123	-1
51	124	1
51	126	-1
51	127	-1
51	128	1
51	129	1
51	130	-1
51	131	1
51	132	-1
51	133	-1
51	134	1
51	137	-1
51	141	-1
51	142	-1
51	143	1
51	144	-1
51	151	-1
51	153	-1
51	154	1
51	156	-1
51	159	1
51	161	1
51	162	-1
51	165	-1
51	168	1
51	169	-1
51	170	-1
51	173	1
51	174	-1
51	175	-1
51	181	1
51	185	1
51	188	1
51	192	-1
51	193	-1
51	194	1
51	195	-1
51	198	-1
51	201	-1
51	202	1
51	203	1
51	208	1
51	209	1
51	210	1
51	211	1
51	216	-1
51	220	1
51	221	1
51	222	-1
51	223	1
51	224	1
51	228	1
51	229	1
51	231	-1
51	234	-1
51	235	-1
51	240	1
51	241	1
51	243	-1
51	244	1
51	245	1
51	246	-1
51	247	1
51	248	1
51	249	1
52	53	1
52	56	-1
52	57	-1
52	58	1
52	59	1
52	60	-1
52	62	1
52	66	-1
52	67	1
52	70	-1
52	71	-1
52	72	1
52	73	1
52	74	-1
52	75	1
52	76	-1
52	78	1
52	80	-1
52	85	-1
52	87	1
52	89	-1
52	90	1
52	91	-1
52	94	-1
52	96	1
52	97	1
52	99	-1
52	100	-1
52	103	-1
52	107	-1
52	108	-1
52	110	-1
52	112	-1
52	114	1
52	115	-1
52	117	-1
52	118	-1
52	119	-1
52	122	-1
52	127	-1
52	132	1
52	133	-1
52	135	1
52	136	1
52	138	1
52	139	-1
52	140	1
52	142	-1
52	143	-1
52	145	-1
52	146	-1
52	147	1
52	154	-1
52	158	1
52	159	-1
52	160	1
52	161	-1
52	162	-1
52	163	-1
52	164	1
52	168	-1
52	169	1
52	170	-1
52	171	1
52	173	1
52	174	-1
52	175	1
52	176	-1
52	177	1
52	181	-1
52	182	1
52	185	-1
52	188	1
52	189	-1
52	197	-1
52	198	-1
52	200	1
52	201	1
52	203	1
52	205	1
52	206	-1
52	207	-1
52	208	1
52	212	1
52	213	-1
52	215	1
52	218	1
52	219	-1
52	220	1
52	223	-1
52	226	-1
52	228	1
52	229	-1
52	231	-1
52	233	1
52	234	1
52	235	-1
52	236	1
52	238	1
52	239	-1
52	241	1
52	244	1
52	245	1
52	246	-1
52	249	1
53	54	-1
53	57	1
53	59	1
53	60	1
53	61	-1
53	64	-1
53	67	1
53	69	-1
53	70	-1
53	71	1
53	76	-1
53	78	-1
53	79	-1
53	81	-1
53	83	1
53	86	-1
53	87	-1
53	88	1
53	90	-1
53	92	1
53	93	-1
53	95	1
53	100	1
53	101	-1
53	102	-1
53	103	-1
53	105	-1
53	110	-1
53	111	-1
53	112	-1
53	113	-1
53	115	1
53	117	-1
53	118	-1
53	121	1
53	123	-1
53	124	-1
53	125	-1
53	126	-1
53	128	1
53	129	1
53	131	-1
53	132	-1
53	135	1
53	136	-1
53	137	1
53	140	1
53	141	1
53	143	-1
53	144	1
53	145	1
53	148	-1
53	151	1
53	153	1
53	155	-1
53	156	-1
53	157	1
53	161	1
53	166	-1
53	169	1
53	171	1
53	172	1
53	175	1
53	176	1
53	177	1
53	178	-1
53	179	-1
53	185	-1
53	186	1
53	187	-1
53	191	-1
53	192	-1
53	194	-1
53	197	1
53	198	1
53	201	-1
53	205	-1
53	207	-1
53	209	-1
53	211	-1
53	212	1
53	213	-1
53	214	-1
53	215	1
53	216	1
53	218	1
53	219	1
53	222	1
53	223	1
53	225	1
53	230	1
53	232	1
53	234	1
53	235	-1
53	237	1
53	240	1
53	242	1
53	243	-1
53	244	-1
53	247	1
53	248	1
53	249	1
54	55	1
54	64	1
54	66	1
54	70	-1
54	71	1
54	73	-1
54	74	-1
54	75	-1
54	76	1
54	77	1
54	78	-1
54	79	-1
54	81	-1
54	84	1
54	87	1
54	89	-1
54	90	1
54	92	1
54	93	1
54	97	-1
54	99	1
54	100	-1
54	101	1
54	102	1
54	103	-1
54	105	-1
54	108	-1
54	109	-1
54	111	1
54	113	-1
54	114	1
54	115	-1
54	117	1
54	119	-1
54	121	-1
54	122	1
54	124	-1
54	125	1
54	126	-1
54	128	1
54	129	1
54	130	-1
54	131	-1
54	132	1
54	137	-1
54	138	-1
54	140	-1
54	141	-1
54	142	1
54	143	1
54	144	-1
54	145	-1
54	150	1
54	156	-1
54	158	1
54	161	1
54	164	1
54	166	-1
54	169	-1
54	170	-1
54	171	1
54	174	-1
54	177	1
54	178	-1
54	179	-1
54	180	-1
54	181	1
54	182	1
54	183	1
54	184	1
54	185	-1
54	186	1
54	187	-1
54	190	-1
54	192	-1
54	193	1
54	194	1
54	195	1
54	196	-1
54	197	-1
54	202	-1
54	204	1
54	208	1
54	209	-1
54	210	-1
54	213	-1
54	214	-1
54	215	-1
54	219	1
54	220	-1
54	221	1
54	224	-1
54	227	-1
54	228	1
54	230	1
54	231	-1
54	232	-1
54	233	-1
54	237	1
54	238	-1
54	243	1
54	244	1
54	247	-1
54	249	-1
55	58	1
55	63	-1
55	65	1
55	66	-1
55	68	-1
55	69	-1
55	77	-1
55	79	1
55	83	1
55	84	-1
55	85	1
55	87	-1
55	88	-1
55	90	1
55	91	-1
55	92	1
55	95	-1
55	96	-1
55	97	1
55	98	1
55	100	-1
55	103	1
55	105	1
55	112	1
55	113	1
55	114	1
55	115	-1
55	119	1
55	120	-1
55	121	-1
55	122	1
55	123	-1
55	125	1
55	128	1
55	129	-1
55	130	-1
55	131	1
55	133	1
55	135	-1
55	138	1
55	141	-1
55	142	1
55	143	-1
55	148	-1
55	149	1
55	150	-1
55	152	-1
55	153	1
55	155	1
55	156	-1
55	158	1
55	161	1
55	162	1
55	166	-1
55	167	1
55	168	-1
55	170	1
55	171	1
55	172	1
55	173	-1
55	175	-1
55	178	1
55	183	1
55	184	1
55	185	1
55	186	-1
55	187	-1
55	188	-1
55	189	-1
55	191	-1
55	193	-1
55	194	1
55	195	1
55	196	1
55	197	-1
55	198	1
55	200	1
55	203	-1
55	208	-1
55	209	-1
55	210	-1
55	212	1
55	216	-1
55	217	-1
55	218	1
55	219	-1
55	223	1
55	224	1
55	226	1
55	228	-1
55	229	1
55	230	-1
55	232	1
55	233	1
55	234	-1
55	238	1
55	240	1
55	241	1
55	242	-1
55	245	1
55	247	1
55	248	1
56	58	1
56	59	-1
56	61	-1
56	62	1
56	63	1
56	65	1
56	66	-1
56	67	-1
56	69	-1
56	72	-1
56	73	1
56	74	-1
56	75	-1
56	76	1
56	77	1
56	85	1
56	87	-1
56	90	1
56	91	-1
56	92	1
56	94	1
56	97	-1
56	99	1
56	102	1
56	104	-1
56	105	1
56	106	1
56	107	1
56	108	1
56	109	-1
56	111	-1
56	112	-1
56	113	-1
56	115	1
56	116	-1
56	118	-1
56	121	-1
56	124	1
56	125	1
56	128	1
56	130	1
56	132	-1
56	135	1
56	136	1
56	138	1
56	140	-1
56	141	-1
56	144	1
56	145	-1
56	146	-1
56	148	1
56	152	-1
56	154	1
56	156	-1
56	157	-1
56	158	-1
56	161	-1
56	162	-1
56	163	-1
56	164	-1
56	167	1
56	168	-1
56	169	1
56	171	-1
56	172	1
56	175	1
56	176	1
56	177	1
56	180	-1
56	181	1
56	182	-1
56	183	-1
56	185	1
56	189	-1
56	190	-1
56	194	1
56	195	-1
56	196	1
56	198	1
56	199	-1
56	200	1
56	201	-1
56	202	-1
56	204	1
56	206	-1
56	208	-1
56	209	1
56	210	-1
56	212	1
56	213	-1
56	219	1
56	224	1
56	226	-1
56	227	-1
56	228	1
56	229	-1
56	230	-1
56	232	1
56	236	1
56	237	1
56	238	-1
56	242	1
56	244	1
56	247	1
57	61	-1
57	62	1
57	65	1
57	66	-1
57	67	-1
57	68	-1
57	69	1
57	71	-1
57	72	1
57	77	-1
57	83	1
57	84	1
57	85	-1
57	88	-1
57	92	-1
57	93	1
57	95	-1
57	96	1
57	97	1
57	99	-1
57	101	-1
57	103	-1
57	104	-1
57	105	-1
57	112	-1
57	115	1
57	117	1
57	118	-1
57	119	-1
57	120	1
57	123	1
57	125	-1
57	126	1
57	131	-1
57	133	1
57	134	1
57	138	-1
57	141	-1
57	142	1
57	144	1
57	145	1
57	146	1
57	147	-1
57	148	-1
57	151	-1
57	152	-1
57	156	-1
57	159	1
57	160	1
57	162	-1
57	163	-1
57	164	1
57	168	-1
57	172	1
57	173	-1
57	175	-1
57	179	1
57	181	-1
57	183	-1
57	184	-1
57	186	1
57	187	1
57	188	1
57	189	1
57	190	-1
57	191	-1
57	192	-1
57	194	-1
57	196	-1
57	197	-1
57	198	-1
57	200	1
57	201	-1
57	202	-1
57	204	1
57	205	-1
57	206	1
57	208	-1
57	215	-1
57	216	1
57	217	1
57	219	-1
57	220	-1
57	222	-1
57	225	-1
57	226	-1
57	227	-1
57	230	1
57	231	1
57	233	-1
57	237	1
57	238	-1
57	239	1
57	240	-1
57	243	1
57	244	-1
57	246	1
57	247	1
58	62	-1
58	64	-1
58	65	1
58	66	1
58	67	1
58	68	-1
58	69	1
58	71	1
58	72	-1
58	73	-1
58	75	-1
58	76	-1
58	77	-1
58	78	-1
58	80	1
58	82	-1
58	83	1
58	84	1
58	85	1
58	86	-1
58	87	1
58	89	-1
58	90	1
58	95	1
58	96	-1
58	98	1
58	100	-1
58	101	1
58	103	1
58	105	1
58	106	1
58	110	-1
58	112	-1
58	116	1
58	117	1
58	118	1
58	120	-1
58	121	-1
58	123	-1
58	125	-1
58	126	1
58	127	-1
58	130	-1
58	133	-1
58	134	1
58	136	-1
58	137	1
58	139	-1
58	141	-1
58	144	1
58	145	-1
58	147	1
58	148	-1
58	151	-1
58	152	-1
58	153	-1
58	156	-1
58	158	1
58	161	1
58	162	-1
58	164	1
58	167	-1
58	168	1
58	170	-1
58	171	1
58	173	1
58	174	1
58	179	-1
58	180	-1
58	182	-1
58	184	1
58	187	-1
58	188	1
58	189	-1
58	194	-1
58	195	1
58	196	1
58	197	-1
58	201	-1
58	204	1
58	207	-1
58	209	1
58	213	1
58	214	1
58	215	-1
58	216	-1
58	217	-1
58	218	-1
58	221	-1
58	224	-1
58	228	1
58	229	1
58	230	1
58	231	-1
58	232	-1
58	233	-1
58	234	-1
58	235	1
58	240	1
58	241	-1
58	244	1
58	246	1
58	247	-1
58	249	1
59	60	1
59	63	1
59	64	-1
59	65	-1
59	66	-1
59	67	-1
59	68	1
59	70	-1
59	72	1
59	73	-1
59	75	1
59	77	1
59	80	-1
59	82	-1
59	85	-1
59	87	1
59	90	1
59	91	-1
59	99	-1
59	102	1
59	106	-1
59	109	1
59	113	1
59	115	1
59	116	1
59	118	1
59	120	-1
59	123	-1
59	125	-1
59	127	1
59	128	-1
59	129	-1
59	130	-1
59	134	1
59	137	-1
59	138	1
59	139	1
59	140	-1
59	142	1
59	144	-1
59	145	-1
59	146	-1
59	147	1
59	148	1
59	151	-1
59	152	1
59	154	1
59	156	1
59	158	1
59	159	1
59	160	1
59	161	-1
59	163	-1
59	165	-1
59	168	1
59	169	1
59	171	-1
59	172	1
59	174	-1
59	175	-1
59	176	1
59	177	-1
59	178	1
59	180	1
59	181	-1
59	182	1
59	184	-1
59	185	1
59	186	1
59	191	-1
59	194	-1
59	197	-1
59	199	-1
59	202	1
59	203	1
59	204	1
59	205	1
59	209	-1
59	211	1
59	212	1
59	213	-1
59	216	-1
59	217	-1
59	218	-1
59	220	1
59	221	-1
59	222	-1
59	223	-1
59	224	-1
59	227	1
59	229	-1
59	231	-1
59	233	1
59	235	-1
59	238	1
59	242	1
59	244	-1
59	247	1
60	62	1
60	64	-1
60	66	1
60	67	-1
60	70	-1
60	72	1
60	73	-1
60	74	1
60	76	1
60	80	1
60	81	1
60	82	1
60	83	-1
60	91	-1
60	92	-1
60	94	1
60	95	-1
60	96	1
60	97	1
60	98	1
60	99	1
60	102	1
60	103	-1
60	104	-1
60	108	-1
60	113	-1
60	115	-1
60	116	-1
60	119	-1
60	120	-1
60	121	1
60	122	1
60	123	1
60	124	1
60	125	1
60	130	-1
60	131	-1
60	132	1
60	133	-1
60	134	-1
60	136	-1
60	137	1
60	140	-1
60	142	1
60	144	1
60	145	1
60	146	-1
60	147	-1
60	148	-1
60	149	1
60	153	-1
60	155	-1
60	156	-1
60	158	1
60	159	1
60	160	-1
60	162	1
60	164	-1
60	166	1
60	167	1
60	171	-1
60	173	-1
60	175	1
60	176	-1
60	178	1
60	180	-1
60	181	1
60	182	1
60	183	1
60	184	-1
60	185	1
60	186	1
60	187	-1
60	191	-1
60	193	-1
60	197	1
60	200	-1
60	201	1
60	203	-1
60	205	-1
60	206	-1
60	208	1
60	209	1
60	210	1
60	214	-1
60	215	1
60	216	1
60	220	-1
60	222	-1
60	223	1
60	224	1
60	227	1
60	230	1
60	232	1
60	233	-1
60	238	-1
60	240	-1
60	241	1
60	245	-1
60	247	1
60	248	1
60	249	-1
61	63	1
61	64	-1
61	67	-1
61	73	-1
61	74	-1
61	76	1
61	77	1
61	79	1
61	80	1
61	84	1
61	86	1
61	88	-1
61	89	-1
61	90	1
61	91	-1
61	92	-1
61	93	-1
61	95	1
61	96	-1
61	99	-1
61	100	-1
61	102	-1
61	103	1
61	104	1
61	105	1
61	108	-1
61	109	-1
61	110	1
61	111	-1
61	113	-1
61	114	-1
61	116	1
61	118	1
61	120	1
61	122	1
61	124	1
61	127	1
61	128	-1
61	129	-1
61	130	-1
61	132	1
61	133	1
61	135	-1
61	136	1
61	137	1
61	138	1
61	141	1
61	143	-1
61	145	-1
61	146	1
61	147	-1
61	148	1
61	150	-1
61	151	-1
61	152	-1
61	156	-1
61	158	-1
61	160	1
61	161	1
61	162	1
61	166	-1
61	167	1
61	169	1
61	171	1
61	173	1
61	178	1
61	179	-1
61	180	-1
61	181	1
61	186	-1
61	189	-1
61	190	-1
61	192	1
61	194	-1
61	196	-1
61	198	-1
61	199	1
61	203	-1
61	205	-1
61	206	-1
61	207	-1
61	209	1
61	210	-1
61	213	-1
61	214	-1
61	218	-1
61	219	1
61	223	-1
61	228	1
61	230	1
61	232	-1
61	233	-1
61	234	1
61	235	1
61	236	1
61	238	1
61	239	-1
61	241	-1
61	242	-1
61	243	-1
61	245	-1
61	246	-1
61	249	1
62	63	1
62	65	-1
62	66	1
62	67	-1
62	70	1
62	71	-1
62	73	-1
62	74	-1
62	77	-1
62	80	1
62	81	1
62	82	1
62	87	-1
62	91	1
62	92	-1
62	96	1
62	101	-1
62	102	1
62	103	-1
62	106	1
62	108	-1
62	109	-1
62	111	-1
62	113	1
62	119	-1
62	120	-1
62	121	1
62	122	1
62	128	1
62	129	-1
62	133	1
62	134	-1
62	139	-1
62	141	-1
62	142	1
62	143	-1
62	150	-1
62	152	-1
62	154	1
62	156	-1
62	157	1
62	162	1
62	163	1
62	165	-1
62	166	1
62	167	1
62	168	-1
62	169	-1
62	172	-1
62	175	-1
62	178	-1
62	181	1
62	183	-1
62	185	1
62	188	-1
62	189	-1
62	191	-1
62	192	-1
62	195	1
62	203	1
62	206	1
62	207	-1
62	208	1
62	209	1
62	212	-1
62	213	1
62	215	1
62	220	1
62	222	1
62	224	-1
62	225	1
62	228	-1
62	231	-1
62	233	1
62	234	-1
62	235	1
62	236	-1
62	239	-1
62	240	1
62	243	1
62	244	1
62	246	1
63	64	1
63	68	1
63	69	1
63	72	1
63	73	-1
63	74	-1
63	77	-1
63	79	-1
63	80	1
63	84	-1
63	85	1
63	90	-1
63	93	1
63	94	1
63	97	-1
63	101	1
63	103	1
63	105	1
63	106	1
63	107	-1
63	108	-1
63	109	-1
63	114	-1
63	117	1
63	119	1
63	121	1
63	122	-1
63	124	-1
63	125	-1
63	127	1
63	128	1
63	129	1
63	134	-1
63	135	1
63	136	1
63	138	1
63	139	-1
63	141	-1
63	143	1
63	144	1
63	145	1
63	150	1
63	152	-1
63	153	1
63	154	-1
63	155	-1
63	157	-1
63	158	-1
63	161	1
63	162	1
63	166	1
63	168	1
63	169	-1
63	170	1
63	171	-1
63	172	1
63	173	-1
63	174	-1
63	175	1
63	176	-1
63	179	-1
63	180	1
63	181	1
63	183	1
63	186	1
63	187	1
63	194	-1
63	196	1
63	198	-1
63	202	1
63	205	1
63	206	1
63	207	1
63	208	1
63	211	1
63	214	1
63	216	1
63	217	-1
63	222	-1
63	224	-1
63	227	1
63	228	-1
63	230	1
63	231	-1
63	233	-1
63	234	-1
63	235	1
63	236	1
63	237	-1
63	238	-1
63	239	1
63	241	1
63	242	1
63	243	1
63	244	1
63	246	-1
63	247	-1
64	65	1
64	66	1
64	67	1
64	69	1
64	72	-1
64	73	1
64	76	1
64	77	-1
64	78	1
64	79	1
64	83	-1
64	84	-1
64	86	-1
64	87	-1
64	89	1
64	92	-1
64	93	-1
64	94	-1
64	95	-1
64	96	-1
64	97	1
64	99	1
64	100	1
64	102	1
64	103	-1
64	104	-1
64	107	-1
64	111	1
64	113	1
64	114	1
64	116	-1
64	117	-1
64	119	-1
64	124	1
64	125	-1
64	126	1
64	128	1
64	131	-1
64	134	-1
64	135	-1
64	136	1
64	140	-1
64	142	-1
64	143	1
64	145	1
64	146	1
64	148	-1
64	149	1
64	152	-1
64	153	1
64	154	1
64	156	1
64	158	-1
64	159	1
64	160	1
64	161	1
64	164	-1
64	167	1
64	168	-1
64	169	-1
64	171	1
64	176	-1
64	178	1
64	181	1
64	182	1
64	184	-1
64	185	-1
64	193	-1
64	197	1
64	199	1
64	200	1
64	202	-1
64	204	1
64	206	1
64	210	-1
64	214	-1
64	216	1
64	223	-1
64	224	1
64	228	1
64	229	-1
64	236	1
64	238	-1
64	239	-1
64	240	-1
64	241	-1
64	245	-1
64	246	-1
64	249	1
65	69	1
65	70	-1
65	72	-1
65	73	1
65	75	1
65	76	-1
65	77	-1
65	80	1
65	81	1
65	88	1
65	93	1
65	96	1
65	97	1
65	98	-1
65	100	-1
65	105	1
65	107	-1
65	110	-1
65	111	-1
65	112	-1
65	113	-1
65	114	-1
65	116	-1
65	118	-1
65	120	1
65	123	1
65	124	-1
65	126	1
65	127	1
65	133	-1
65	135	1
65	136	-1
65	138	1
65	140	-1
65	142	-1
65	143	1
65	144	-1
65	147	1
65	148	1
65	151	1
65	152	1
65	153	-1
65	156	1
65	158	-1
65	159	-1
65	160	1
65	161	1
65	162	1
65	163	-1
65	164	1
65	167	1
65	168	1
65	169	-1
65	170	1
65	171	1
65	172	-1
65	173	-1
65	175	1
65	178	1
65	181	-1
65	182	-1
65	183	1
65	184	-1
65	185	-1
65	189	-1
65	190	-1
65	191	1
65	192	1
65	195	1
65	196	1
65	198	-1
65	200	1
65	202	-1
65	205	1
65	206	1
65	207	-1
65	208	-1
65	209	1
65	210	1
65	211	1
65	212	1
65	213	1
65	214	1
65	216	1
65	217	-1
65	218	-1
65	219	1
65	220	-1
65	224	-1
65	225	1
65	226	1
65	230	-1
65	232	1
65	233	-1
65	235	-1
65	237	1
65	238	-1
65	239	1
65	241	1
65	242	-1
65	243	-1
65	246	1
66	67	-1
66	72	1
66	73	1
66	74	1
66	78	-1
66	79	-1
66	80	-1
66	81	-1
66	82	-1
66	88	1
66	89	1
66	92	-1
66	95	1
66	97	1
66	98	-1
66	99	1
66	102	1
66	103	-1
66	105	1
66	108	1
66	109	1
66	115	-1
66	117	1
66	118	1
66	119	1
66	125	-1
66	127	-1
66	128	1
66	129	1
66	132	1
66	135	-1
66	136	-1
66	141	-1
66	142	1
66	143	1
66	144	1
66	146	1
66	149	1
66	151	1
66	153	-1
66	155	-1
66	156	1
66	158	-1
66	165	1
66	169	1
66	171	1
66	173	-1
66	175	1
66	177	-1
66	182	-1
66	183	1
66	184	-1
66	185	1
66	186	-1
66	188	1
66	191	1
66	192	1
66	195	1
66	196	-1
66	198	-1
66	199	1
66	200	1
66	201	1
66	202	1
66	205	-1
66	207	1
66	209	-1
66	210	-1
66	213	1
66	214	1
66	215	1
66	218	1
66	219	1
66	220	1
66	222	1
66	225	-1
66	227	-1
66	228	-1
66	229	1
66	230	-1
66	232	-1
66	234	-1
66	237	-1
66	238	1
66	239	1
66	242	1
66	243	-1
66	244	1
66	245	-1
66	248	-1
66	249	-1
67	69	-1
67	70	-1
67	71	1
67	73	-1
67	75	1
67	77	-1
67	78	1
67	79	-1
67	80	1
67	87	1
67	89	-1
67	91	-1
67	92	-1
67	93	-1
67	94	-1
67	97	-1
67	99	-1
67	100	-1
67	103	1
67	105	1
67	106	1
67	107	-1
67	108	-1
67	109	-1
67	110	1
67	111	1
67	113	-1
67	116	-1
67	119	1
67	120	1
67	122	-1
67	123	-1
67	127	-1
67	130	1
67	131	1
67	135	1
67	136	-1
67	138	-1
67	141	1
67	143	-1
67	144	-1
67	147	-1
67	148	-1
67	150	-1
67	151	1
67	153	1
67	154	-1
67	156	-1
67	158	1
67	160	-1
67	162	1
67	163	1
67	165	-1
67	167	1
67	170	1
67	171	-1
67	178	1
67	182	-1
67	183	1
67	184	1
67	185	1
67	189	1
67	190	1
67	191	-1
67	193	1
67	194	-1
67	197	-1
67	198	1
67	199	-1
67	200	1
67	202	-1
67	203	-1
67	207	-1
67	211	-1
67	212	-1
67	213	-1
67	214	1
67	215	-1
67	216	1
67	219	1
67	223	1
67	226	-1
67	228	1
67	232	1
67	233	1
67	237	1
67	238	-1
67	243	-1
67	247	1
68	69	-1
68	70	-1
68	72	-1
68	73	1
68	76	1
68	77	-1
68	79	1
68	80	-1
68	82	-1
68	88	-1
68	89	1
68	91	1
68	93	-1
68	95	-1
68	96	1
68	99	1
68	104	1
68	105	1
68	107	1
68	109	1
68	110	-1
68	113	-1
68	115	1
68	116	1
68	118	-1
68	119	-1
68	120	1
68	122	1
68	123	-1
68	127	-1
68	128	1
68	130	1
68	134	-1
68	135	-1
68	139	1
68	141	-1
68	144	-1
68	145	-1
68	146	1
68	150	1
68	151	1
68	155	-1
68	160	1
68	164	1
68	167	1
68	170	-1
68	172	-1
68	174	-1
68	175	-1
68	179	1
68	180	-1
68	183	1
68	184	1
68	185	-1
68	186	1
68	187	1
68	189	1
68	190	1
68	191	1
68	192	-1
68	193	1
68	195	-1
68	196	-1
68	197	-1
68	201	1
68	203	-1
68	205	1
68	207	-1
68	208	1
68	209	-1
68	211	-1
68	214	1
68	216	1
68	217	-1
68	221	1
68	224	1
68	225	-1
68	226	-1
68	227	-1
68	230	1
68	231	-1
68	237	-1
68	238	1
68	239	1
68	242	-1
68	244	-1
68	246	1
68	248	-1
69	72	1
69	75	-1
69	76	1
69	77	-1
69	78	-1
69	81	-1
69	84	1
69	86	1
69	91	1
69	92	-1
69	94	1
69	96	-1
69	97	-1
69	100	-1
69	101	-1
69	102	-1
69	104	1
69	107	-1
69	109	-1
69	112	-1
69	113	1
69	114	-1
69	117	1
69	118	-1
69	120	1
69	121	1
69	122	-1
69	126	-1
69	128	-1
69	129	-1
69	130	1
69	131	-1
69	132	-1
69	136	1
69	138	1
69	139	-1
69	140	-1
69	142	-1
69	143	-1
69	144	1
69	145	1
69	146	1
69	150	-1
69	155	1
69	157	1
69	158	-1
69	162	-1
69	164	-1
69	166	-1
69	167	-1
69	169	-1
69	170	1
69	179	1
69	181	-1
69	182	1
69	183	-1
69	184	1
69	185	-1
69	186	1
69	187	1
69	189	1
69	193	-1
69	196	-1
69	197	1
69	198	-1
69	199	-1
69	201	1
69	202	1
69	203	-1
69	204	-1
69	205	1
69	206	1
69	207	-1
69	208	-1
69	210	-1
69	215	-1
69	219	1
69	220	-1
69	221	1
69	222	1
69	225	-1
69	230	-1
69	233	1
69	234	1
69	235	-1
69	236	1
69	237	-1
69	239	-1
69	242	-1
69	245	-1
69	248	-1
70	77	-1
70	80	1
70	82	-1
70	85	-1
70	87	1
70	88	1
70	89	1
70	91	1
70	93	1
70	95	-1
70	98	-1
70	99	1
70	101	-1
70	103	-1
70	104	-1
70	109	-1
70	110	-1
70	111	1
70	114	-1
70	116	1
70	120	-1
70	123	1
70	124	-1
70	125	1
70	126	1
70	129	1
70	130	1
70	131	1
70	132	1
70	134	-1
70	140	-1
70	141	-1
70	142	1
70	143	1
70	144	-1
70	145	1
70	147	1
70	148	-1
70	149	1
70	150	-1
70	153	-1
70	155	-1
70	156	-1
70	157	1
70	161	1
70	162	-1
70	167	1
70	168	1
70	171	-1
70	173	1
70	178	1
70	179	1
70	180	1
70	182	-1
70	183	-1
70	185	-1
70	188	-1
70	192	-1
70	195	-1
70	198	1
70	199	-1
70	203	-1
70	204	1
70	206	-1
70	207	-1
70	208	-1
70	210	-1
70	211	-1
70	213	1
70	216	-1
70	217	1
70	218	-1
70	219	1
70	222	-1
70	239	1
70	243	-1
70	245	-1
70	246	1
70	247	1
71	72	-1
71	75	1
71	77	1
71	78	-1
71	80	-1
71	82	-1
71	84	-1
71	85	-1
71	86	1
71	87	-1
71	88	1
71	90	-1
71	93	-1
71	94	1
71	95	-1
71	96	1
71	99	-1
71	100	1
71	102	1
71	103	1
71	105	-1
71	109	1
71	110	-1
71	111	-1
71	112	1
71	118	1
71	120	1
71	121	1
71	123	-1
71	125	1
71	127	-1
71	128	1
71	129	1
71	131	-1
71	132	1
71	133	1
71	136	1
71	138	-1
71	139	-1
71	141	-1
71	142	-1
71	144	1
71	146	-1
71	147	-1
71	148	1
71	153	1
71	154	1
71	156	1
71	159	1
71	160	1
71	164	1
71	165	1
71	166	1
71	170	-1
71	171	-1
71	176	-1
71	177	-1
71	178	-1
71	179	-1
71	180	1
71	181	-1
71	184	-1
71	186	1
71	189	-1
71	192	-1
71	193	1
71	195	-1
71	196	-1
71	198	1
71	200	1
71	202	-1
71	204	-1
71	205	1
71	207	1
71	208	1
71	209	-1
71	210	1
71	212	1
71	213	1
71	214	-1
71	217	1
71	218	-1
71	219	1
71	222	1
71	224	1
71	225	1
71	226	-1
71	229	-1
71	231	1
71	232	-1
71	235	1
71	237	-1
71	239	1
71	243	1
71	244	1
72	74	1
72	75	1
72	77	-1
72	78	-1
72	79	-1
72	82	1
72	84	1
72	89	-1
72	90	-1
72	91	1
72	92	1
72	94	1
72	95	1
72	97	-1
72	98	1
72	99	1
72	101	-1
72	103	-1
72	105	-1
72	107	1
72	110	1
72	112	1
72	116	-1
72	117	-1
72	123	1
72	124	1
72	125	-1
72	126	-1
72	127	1
72	132	1
72	133	1
72	134	1
72	135	-1
72	136	1
72	148	-1
72	149	1
72	158	1
72	163	-1
72	164	1
72	167	-1
72	168	1
72	169	1
72	172	1
72	174	1
72	175	-1
72	178	-1
72	179	-1
72	180	-1
72	181	1
72	182	1
72	183	-1
72	185	-1
72	188	-1
72	190	1
72	191	1
72	193	1
72	196	-1
72	197	-1
72	198	-1
72	199	-1
72	201	-1
72	204	1
72	209	-1
72	211	1
72	212	1
72	214	1
72	217	-1
72	218	1
72	220	-1
72	222	1
72	223	-1
72	225	-1
72	226	-1
72	231	1
72	233	-1
72	234	1
72	235	-1
72	241	1
72	247	1
72	248	1
73	76	1
73	77	-1
73	79	-1
73	80	1
73	81	-1
73	87	1
73	90	1
73	94	1
73	99	1
73	100	1
73	102	-1
73	103	-1
73	104	1
73	105	-1
73	109	1
73	114	-1
73	116	1
73	118	1
73	120	1
73	121	-1
73	125	1
73	127	1
73	130	-1
73	133	-1
73	135	-1
73	136	1
73	137	-1
73	138	1
73	139	-1
73	141	-1
73	143	1
73	154	-1
73	159	1
73	162	1
73	169	1
73	175	-1
73	179	-1
73	180	1
73	181	1
73	185	1
73	190	-1
73	192	-1
73	193	1
73	199	1
73	201	1
73	202	1
73	203	1
73	204	-1
73	205	1
73	208	1
73	209	1
73	210	-1
73	211	-1
73	213	-1
73	214	-1
73	215	1
73	217	1
73	220	1
73	221	-1
73	223	1
73	224	-1
73	227	-1
73	229	-1
73	231	-1
73	232	-1
73	233	-1
73	234	-1
73	235	-1
73	236	1
73	237	-1
73	239	1
73	241	1
73	242	-1
73	243	1
73	247	1
74	78	-1
74	79	1
74	80	-1
74	83	-1
74	87	1
74	89	-1
74	91	1
74	93	-1
74	94	-1
74	95	-1
74	97	1
74	98	1
74	99	-1
74	100	-1
74	102	1
74	103	-1
74	104	1
74	107	-1
74	108	1
74	111	1
74	112	1
74	117	1
74	118	-1
74	120	-1
74	121	1
74	122	-1
74	123	-1
74	127	-1
74	128	-1
74	129	1
74	131	-1
74	132	1
74	137	-1
74	139	1
74	146	-1
74	149	-1
74	154	1
74	156	-1
74	157	-1
74	161	-1
74	164	1
74	166	-1
74	167	1
74	168	1
74	170	1
74	171	-1
74	172	1
74	173	1
74	178	1
74	179	1
74	180	1
74	183	-1
74	186	1
74	187	1
74	192	1
74	195	1
74	199	-1
74	203	1
74	204	-1
74	205	-1
74	206	1
74	210	-1
74	211	1
74	212	-1
74	213	1
74	214	-1
74	215	1
74	216	1
74	218	1
74	219	1
74	220	1
74	222	1
74	223	1
74	225	-1
74	226	1
74	228	-1
74	229	-1
74	230	-1
74	231	1
74	232	-1
74	234	1
74	236	1
74	237	1
74	239	-1
74	241	-1
74	244	1
74	246	-1
75	76	-1
75	77	1
75	78	-1
75	80	1
75	82	1
75	88	1
75	90	1
75	91	1
75	93	1
75	94	-1
75	97	1
75	101	1
75	102	1
75	104	-1
75	106	-1
75	107	1
75	108	-1
75	109	-1
75	113	1
75	115	1
75	117	1
75	118	1
75	119	1
75	121	-1
75	123	1
75	124	1
75	129	-1
75	130	-1
75	131	-1
75	132	-1
75	133	1
75	137	1
75	138	1
75	141	1
75	142	-1
75	143	-1
75	145	1
75	146	-1
75	148	1
75	150	-1
75	152	-1
75	155	1
75	157	1
75	158	1
75	159	1
75	160	1
75	161	-1
75	162	1
75	163	-1
75	168	-1
75	169	1
75	171	-1
75	172	-1
75	174	-1
75	176	-1
75	178	-1
75	180	-1
75	181	1
75	182	-1
75	185	1
75	187	1
75	188	1
75	189	1
75	190	-1
75	191	-1
75	192	1
75	199	1
75	202	1
75	204	-1
75	205	-1
75	208	-1
75	213	1
75	214	1
75	215	1
75	220	1
75	221	-1
75	222	-1
75	225	1
75	226	-1
75	227	1
75	228	1
75	232	1
75	235	-1
75	236	1
75	240	1
75	241	-1
75	242	-1
75	246	-1
75	247	-1
75	249	1
76	77	-1
76	78	1
76	79	1
76	80	1
76	84	-1
76	85	1
76	87	-1
76	89	-1
76	94	1
76	96	-1
76	100	1
76	101	-1
76	103	-1
76	104	1
76	107	1
76	108	1
76	111	1
76	113	-1
76	118	-1
76	119	1
76	122	-1
76	123	-1
76	126	-1
76	133	1
76	134	1
76	136	-1
76	138	-1
76	139	1
76	148	-1
76	151	1
76	153	1
76	155	-1
76	159	-1
76	163	-1
76	165	1
76	167	-1
76	168	1
76	169	-1
76	170	-1
76	172	1
76	174	1
76	175	-1
76	176	1
76	182	1
76	185	-1
76	186	-1
76	187	-1
76	188	-1
76	192	1
76	193	1
76	194	1
76	195	1
76	201	1
76	203	1
76	206	-1
76	207	1
76	208	1
76	209	1
76	210	-1
76	212	1
76	213	1
76	214	1
76	216	1
76	217	-1
76	218	-1
76	219	1
76	221	-1
76	222	-1
76	223	1
76	232	1
76	234	1
76	236	1
76	237	-1
76	240	-1
76	241	1
76	243	-1
76	244	-1
76	245	1
76	249	1
77	78	1
77	82	-1
77	83	-1
77	85	1
77	90	-1
77	91	-1
77	95	1
77	96	1
77	98	-1
77	99	-1
77	101	1
77	103	-1
77	104	-1
77	105	-1
77	110	-1
77	112	-1
77	113	1
77	115	1
77	119	1
77	121	1
77	122	-1
77	123	-1
77	124	-1
77	125	1
77	129	1
77	130	-1
77	131	1
77	136	-1
77	138	-1
77	139	-1
77	142	1
77	143	1
77	147	1
77	150	1
77	155	1
77	156	1
77	157	1
77	159	1
77	162	-1
77	163	-1
77	165	1
77	166	1
77	167	1
77	168	1
77	170	-1
77	171	1
77	172	-1
77	173	-1
77	175	1
77	178	-1
77	182	1
77	184	1
77	186	-1
77	188	1
77	189	1
77	190	-1
77	191	1
77	192	1
77	196	1
77	198	1
77	202	-1
77	203	1
77	204	-1
77	206	-1
77	210	1
77	212	-1
77	213	1
77	214	1
77	215	-1
77	217	1
77	222	1
77	223	-1
77	226	1
77	227	1
77	230	1
77	233	-1
77	238	-1
77	240	1
77	241	-1
77	242	-1
77	247	1
77	248	1
77	249	1
78	79	1
78	80	1
78	81	1
78	84	-1
78	85	-1
78	87	1
78	90	1
78	94	1
78	95	-1
78	96	1
78	97	-1
78	98	1
78	99	-1
78	100	1
78	101	1
78	104	-1
78	105	-1
78	106	1
78	109	-1
78	113	1
78	117	-1
78	120	-1
78	121	-1
78	122	-1
78	123	-1
78	124	-1
78	125	-1
78	126	-1
78	127	-1
78	128	1
78	132	-1
78	134	-1
78	135	1
78	137	1
78	140	-1
78	141	-1
78	142	-1
78	143	-1
78	144	1
78	147	1
78	148	1
78	149	1
78	150	1
78	154	-1
78	155	1
78	157	-1
78	159	-1
78	162	1
78	163	1
78	164	1
78	167	1
78	173	-1
78	174	1
78	176	-1
78	178	-1
78	185	1
78	186	1
78	187	-1
78	188	-1
78	190	-1
78	193	1
78	194	-1
78	195	1
78	199	-1
78	200	1
78	201	1
78	203	1
78	204	1
78	211	1
78	212	-1
78	217	1
78	220	1
78	222	-1
78	225	1
78	226	1
78	227	-1
78	229	1
78	232	-1
78	233	1
78	236	1
78	237	1
78	238	-1
78	239	1
78	241	1
78	242	-1
78	244	-1
78	246	-1
78	248	1
79	80	-1
79	81	-1
79	84	-1
79	86	1
79	88	1
79	89	1
79	93	1
79	96	1
79	97	-1
79	100	1
79	101	1
79	102	1
79	104	-1
79	105	1
79	107	1
79	108	-1
79	110	1
79	112	-1
79	113	1
79	114	-1
79	117	1
79	118	-1
79	120	-1
79	121	-1
79	123	1
79	124	-1
79	127	1
79	129	-1
79	131	-1
79	132	-1
79	133	-1
79	135	-1
79	136	-1
79	140	1
79	142	-1
79	145	-1
79	148	1
79	149	1
79	153	1
79	156	-1
79	157	-1
79	165	-1
79	168	-1
79	170	1
79	171	-1
79	174	-1
79	176	-1
79	179	1
79	181	1
79	182	-1
79	185	1
79	186	-1
79	187	1
79	189	1
79	191	-1
79	194	1
79	196	1
79	197	-1
79	200	-1
79	202	1
79	203	1
79	204	-1
79	205	1
79	206	-1
79	208	1
79	212	-1
79	216	1
79	217	1
79	218	1
79	219	-1
79	221	1
79	222	-1
79	225	1
79	227	1
79	229	-1
79	232	1
79	239	-1
79	240	-1
79	242	-1
79	244	-1
79	245	1
79	246	-1
79	249	1
80	82	1
80	83	-1
80	86	1
80	91	1
80	95	-1
80	96	-1
80	97	-1
80	99	1
80	100	-1
80	103	-1
80	104	1
80	106	1
80	109	1
80	110	1
80	113	-1
80	114	-1
80	115	-1
80	117	-1
80	118	-1
80	119	-1
80	121	-1
80	122	-1
80	129	1
80	132	-1
80	133	1
80	134	1
80	135	-1
80	143	-1
80	144	1
80	146	-1
80	150	1
80	151	-1
80	152	1
80	154	1
80	156	1
80	157	-1
80	158	-1
80	163	1
80	164	1
80	166	-1
80	168	1
80	170	1
80	171	1
80	178	1
80	179	1
80	180	-1
80	182	1
80	184	-1
80	185	1
80	187	1
80	188	1
80	190	-1
80	195	-1
80	196	1
80	199	1
80	200	-1
80	202	-1
80	204	1
80	205	1
80	206	1
80	209	1
80	210	1
80	212	-1
80	213	-1
80	214	1
80	215	-1
80	216	-1
80	218	1
80	219	1
80	220	1
80	222	1
80	223	-1
80	224	1
80	229	1
80	231	-1
80	232	1
80	233	1
80	235	-1
80	237	1
80	238	-1
80	239	1
80	241	-1
80	242	1
80	244	1
80	248	-1
80	249	-1
81	83	-1
81	85	1
81	88	1
81	92	1
81	93	-1
81	94	1
81	95	1
81	97	-1
81	99	1
81	100	1
81	101	-1
81	104	-1
81	105	1
81	106	-1
81	107	1
81	111	1
81	114	-1
81	115	-1
81	116	1
81	117	-1
81	124	1
81	126	1
81	127	1
81	129	-1
81	131	1
81	134	1
81	136	1
81	138	-1
81	139	-1
81	140	-1
81	141	-1
81	143	-1
81	147	-1
81	148	1
81	149	1
81	150	-1
81	151	-1
81	153	-1
81	156	1
81	161	-1
81	162	-1
81	164	1
81	165	-1
81	166	-1
81	167	-1
81	169	-1
81	173	1
81	174	-1
81	177	1
81	183	-1
81	187	-1
81	190	-1
81	191	-1
81	192	1
81	193	-1
81	199	1
81	200	1
81	201	-1
81	204	1
81	205	-1
81	206	-1
81	207	1
81	208	1
81	211	-1
81	213	1
81	214	1
81	215	1
81	216	1
81	219	-1
81	220	1
81	221	-1
81	222	-1
81	224	1
81	226	-1
81	230	1
81	231	1
81	235	-1
81	236	-1
81	238	-1
81	240	1
81	241	1
81	244	1
81	247	1
82	83	1
82	85	1
82	87	-1
82	89	-1
82	90	1
82	91	1
82	92	1
82	93	1
82	95	1
82	98	1
82	99	-1
82	100	1
82	102	1
82	103	-1
82	107	-1
82	109	-1
82	111	1
82	114	1
82	115	-1
82	118	1
82	123	-1
82	126	1
82	134	1
82	135	-1
82	136	-1
82	137	-1
82	138	-1
82	141	1
82	142	-1
82	150	-1
82	154	-1
82	156	-1
82	157	1
82	158	1
82	160	-1
82	161	1
82	169	-1
82	170	-1
82	171	1
82	173	1
82	174	-1
82	175	1
82	179	1
82	180	1
82	181	-1
82	183	-1
82	184	1
82	187	-1
82	189	-1
82	191	1
82	192	-1
82	194	1
82	197	-1
82	199	-1
82	200	1
82	202	1
82	205	1
82	206	1
82	207	1
82	208	-1
82	209	1
82	210	-1
82	211	-1
82	213	-1
82	216	-1
82	218	1
82	219	-1
82	220	1
82	222	1
82	223	-1
82	226	-1
82	227	1
82	228	-1
82	233	1
82	237	-1
82	239	1
82	240	1
82	241	1
82	242	-1
82	243	-1
82	244	1
82	248	-1
83	84	-1
83	85	1
83	87	1
83	88	1
83	89	1
83	90	1
83	95	-1
83	96	1
83	98	-1
83	102	1
83	103	-1
83	108	1
83	113	1
83	115	-1
83	116	-1
83	117	-1
83	122	1
83	123	1
83	125	-1
83	126	-1
83	128	-1
83	129	-1
83	134	1
83	136	-1
83	137	1
83	138	1
83	139	-1
83	143	1
83	146	-1
83	147	-1
83	154	-1
83	155	1
83	156	-1
83	157	1
83	158	1
83	160	1
83	162	1
83	165	1
83	166	-1
83	168	-1
83	169	-1
83	171	1
83	173	1
83	176	1
83	177	1
83	178	-1
83	180	-1
83	181	-1
83	182	-1
83	183	1
83	185	-1
83	186	1
83	187	-1
83	188	-1
83	189	-1
83	191	1
83	193	1
83	194	1
83	195	-1
83	196	1
83	203	1
83	204	-1
83	207	1
83	216	1
83	217	1
83	218	1
83	220	1
83	221	1
83	222	1
83	223	1
83	224	-1
83	227	-1
83	228	-1
83	229	1
83	230	1
83	231	1
83	233	1
83	234	1
83	238	1
83	239	1
83	240	1
83	242	1
83	245	-1
83	246	1
83	247	1
84	85	-1
84	86	1
84	87	1
84	89	1
84	90	1
84	92	-1
84	94	1
84	98	1
84	99	-1
84	100	-1
84	101	-1
84	102	1
84	104	1
84	108	-1
84	110	1
84	112	1
84	115	-1
84	116	1
84	117	-1
84	119	-1
84	120	-1
84	121	-1
84	122	1
84	123	1
84	124	-1
84	125	-1
84	131	-1
84	133	1
84	134	1
84	136	-1
84	137	-1
84	139	1
84	141	1
84	145	-1
84	147	1
84	149	1
84	150	-1
84	151	-1
84	152	1
84	154	1
84	155	-1
84	156	-1
84	158	-1
84	159	-1
84	161	-1
84	164	1
84	167	-1
84	170	-1
84	171	-1
84	172	-1
84	176	1
84	177	-1
84	179	-1
84	183	1
84	185	-1
84	186	-1
84	188	1
84	190	-1
84	191	1
84	192	1
84	194	-1
84	195	-1
84	199	-1
84	201	-1
84	202	-1
84	205	-1
84	207	1
84	208	-1
84	211	1
84	212	1
84	214	1
84	218	-1
84	221	1
84	224	1
84	225	-1
84	226	-1
84	231	1
84	232	-1
84	234	-1
84	235	1
84	237	-1
84	240	1
84	244	1
84	245	-1
84	246	-1
84	249	1
85	86	1
85	87	1
85	89	1
85	91	1
85	92	-1
85	93	-1
85	98	1
85	99	1
85	103	1
85	104	-1
85	105	1
85	106	1
85	107	-1
85	116	-1
85	121	-1
85	122	-1
85	125	-1
85	127	1
85	128	1
85	131	-1
85	136	-1
85	138	1
85	142	-1
85	146	1
85	148	1
85	150	-1
85	151	-1
85	152	1
85	153	-1
85	154	1
85	156	1
85	158	1
85	161	-1
85	163	-1
85	165	1
85	167	-1
85	171	-1
85	172	1
85	178	1
85	180	1
85	182	1
85	185	-1
85	186	1
85	189	-1
85	191	-1
85	195	-1
85	196	-1
85	202	-1
85	204	-1
85	205	1
85	206	1
85	208	1
85	210	1
85	211	1
85	212	-1
85	213	1
85	216	-1
85	218	-1
85	220	1
85	222	1
85	227	-1
85	229	1
85	234	-1
85	235	-1
85	237	-1
85	239	1
85	240	1
85	241	1
85	244	-1
85	247	-1
86	87	-1
86	88	-1
86	90	1
86	94	1
86	95	1
86	96	1
86	97	1
86	98	1
86	99	-1
86	101	1
86	102	1
86	104	-1
86	106	-1
86	107	1
86	109	1
86	110	1
86	115	1
86	119	1
86	122	1
86	123	-1
86	124	-1
86	128	-1
86	134	-1
86	136	1
86	137	-1
86	138	1
86	141	1
86	145	-1
86	148	1
86	149	-1
86	150	-1
86	155	1
86	159	-1
86	160	-1
86	161	1
86	162	-1
86	163	-1
86	164	-1
86	165	-1
86	166	-1
86	168	-1
86	169	-1
86	172	1
86	175	1
86	176	1
86	179	-1
86	181	1
86	182	1
86	183	-1
86	188	-1
86	189	1
86	191	-1
86	193	-1
86	194	-1
86	196	1
86	199	1
86	202	1
86	203	-1
86	205	1
86	207	-1
86	209	-1
86	211	1
86	212	1
86	217	-1
86	220	1
86	221	-1
86	222	-1
86	224	1
86	227	1
86	228	-1
86	229	1
86	232	-1
86	235	1
86	236	-1
86	240	-1
86	241	-1
86	243	-1
86	244	1
86	245	1
86	246	-1
87	88	1
87	89	-1
87	90	-1
87	91	-1
87	92	1
87	95	-1
87	97	1
87	98	-1
87	100	-1
87	101	1
87	102	-1
87	103	1
87	105	-1
87	108	-1
87	111	1
87	112	1
87	113	1
87	115	-1
87	116	1
87	118	1
87	121	-1
87	122	-1
87	124	-1
87	128	-1
87	129	1
87	130	-1
87	135	-1
87	136	-1
87	137	1
87	140	-1
87	143	1
87	146	1
87	147	1
87	150	1
87	156	-1
87	159	1
87	162	-1
87	165	-1
87	168	1
87	171	-1
87	173	1
87	174	1
87	175	-1
87	178	-1
87	182	1
87	183	-1
87	184	-1
87	186	1
87	189	-1
87	190	1
87	194	-1
87	195	-1
87	197	1
87	199	-1
87	200	1
87	202	-1
87	203	-1
87	205	-1
87	207	1
87	208	1
87	209	1
87	212	1
87	216	-1
87	217	1
87	219	-1
87	220	-1
87	221	-1
87	223	1
87	224	-1
87	227	1
87	228	1
87	231	-1
87	232	-1
87	235	1
87	239	-1
87	243	-1
87	244	-1
87	246	-1
87	247	-1
87	248	-1
87	249	1
88	89	-1
88	90	1
88	92	1
88	93	-1
88	94	-1
88	96	1
88	97	-1
88	98	-1
88	101	1
88	102	-1
88	104	1
88	107	1
88	108	1
88	109	1
88	111	1
88	112	1
88	114	-1
88	116	-1
88	117	1
88	120	1
88	122	1
88	124	-1
88	125	-1
88	126	1
88	129	1
88	130	-1
88	134	1
88	135	1
88	136	-1
88	137	-1
88	141	-1
88	142	1
88	144	1
88	155	-1
88	158	-1
88	159	-1
88	162	1
88	164	1
88	167	1
88	168	-1
88	171	-1
88	173	1
88	175	1
88	176	1
88	177	-1
88	180	-1
88	181	1
88	182	-1
88	183	1
88	184	1
88	188	1
88	189	-1
88	190	1
88	191	1
88	194	1
88	202	1
88	203	-1
88	204	-1
88	205	-1
88	209	1
88	211	-1
88	213	1
88	214	-1
88	215	1
88	218	1
88	219	-1
88	222	-1
88	223	-1
88	225	1
88	226	-1
88	227	1
88	228	-1
88	233	1
88	234	1
88	236	1
88	237	-1
88	241	-1
88	242	-1
88	243	1
88	244	-1
88	245	-1
88	246	1
88	248	1
89	90	-1
89	91	1
89	92	1
89	93	1
89	94	1
89	96	-1
89	97	-1
89	98	-1
89	99	1
89	102	1
89	104	1
89	106	1
89	107	1
89	109	-1
89	111	-1
89	112	1
89	114	1
89	116	-1
89	119	1
89	125	1
89	126	-1
89	127	-1
89	131	1
89	139	1
89	141	1
89	143	-1
89	144	-1
89	145	1
89	147	1
89	148	-1
89	150	1
89	157	-1
89	159	1
89	160	-1
89	164	-1
89	166	1
89	169	-1
89	173	-1
89	175	1
89	178	-1
89	179	1
89	181	1
89	182	1
89	186	-1
89	187	1
89	188	-1
89	189	1
89	192	1
89	193	-1
89	195	1
89	196	1
89	197	1
89	198	1
89	200	-1
89	201	-1
89	202	1
89	205	1
89	206	-1
89	207	-1
89	208	1
89	211	1
89	212	-1
89	213	1
89	218	1
89	219	-1
89	222	1
89	223	1
89	224	1
89	225	-1
89	226	-1
89	228	-1
89	229	1
89	231	-1
89	232	-1
89	238	-1
89	240	1
89	241	1
89	242	-1
89	243	-1
89	244	1
89	245	1
90	91	-1
90	94	1
90	95	1
90	97	1
90	98	1
90	100	1
90	101	1
90	105	-1
90	106	1
90	108	-1
90	109	-1
90	110	1
90	111	1
90	114	1
90	117	-1
90	118	1
90	119	1
90	121	1
90	123	-1
90	124	1
90	125	-1
90	128	1
90	130	1
90	132	-1
90	133	1
90	134	-1
90	135	1
90	137	1
90	138	-1
90	142	1
90	143	1
90	144	-1
90	145	-1
90	146	1
90	149	-1
90	150	-1
90	153	-1
90	154	1
90	156	1
90	157	-1
90	160	-1
90	161	1
90	162	1
90	165	-1
90	167	-1
90	169	-1
90	170	1
90	171	-1
90	173	1
90	174	-1
90	175	1
90	176	1
90	177	-1
90	180	1
90	183	-1
90	186	-1
90	187	1
90	188	-1
90	190	-1
90	192	1
90	193	-1
90	194	-1
90	195	-1
90	197	-1
90	198	-1
90	199	-1
90	203	1
90	205	1
90	208	-1
90	210	-1
90	211	1
90	212	1
90	213	1
90	214	1
90	216	-1
90	221	-1
90	222	-1
90	224	-1
90	225	-1
90	226	-1
90	231	1
90	232	1
90	234	-1
90	236	1
90	237	1
90	238	1
90	239	1
90	241	1
90	243	-1
90	244	1
90	247	1
90	249	1
91	92	1
91	93	1
91	96	-1
91	98	-1
91	99	1
91	100	-1
91	101	-1
91	104	-1
91	105	-1
91	111	1
91	112	-1
91	114	-1
91	115	-1
91	116	1
91	117	1
91	118	1
91	119	-1
91	120	-1
91	122	1
91	125	1
91	127	1
91	128	1
91	129	-1
91	132	1
91	133	-1
91	134	-1
91	135	-1
91	138	1
91	142	1
91	145	-1
91	147	1
91	150	1
91	153	-1
91	154	1
91	155	-1
91	157	1
91	161	1
91	164	1
91	165	1
91	166	-1
91	167	-1
91	170	1
91	175	1
91	176	1
91	180	1
91	182	-1
91	187	1
91	188	1
91	189	1
91	190	1
91	191	1
91	192	1
91	197	-1
91	201	1
91	203	1
91	205	-1
91	206	1
91	207	1
91	208	1
91	209	1
91	210	1
91	212	-1
91	213	1
91	214	1
91	215	-1
91	217	1
91	218	1
91	219	-1
91	220	-1
91	221	-1
91	222	-1
91	224	-1
91	225	1
91	226	1
91	227	-1
91	228	-1
91	231	-1
91	235	1
91	237	-1
91	240	1
91	241	1
91	242	1
91	243	-1
91	245	1
91	246	1
91	247	1
92	95	-1
92	97	-1
92	98	1
92	99	-1
92	100	-1
92	101	1
92	102	1
92	103	-1
92	104	1
92	108	1
92	109	1
92	111	1
92	116	1
92	121	-1
92	123	1
92	130	1
92	131	1
92	132	1
92	134	1
92	135	-1
92	136	1
92	142	1
92	145	1
92	149	-1
92	151	-1
92	154	-1
92	155	1
92	157	1
92	158	1
92	159	-1
92	160	1
92	162	-1
92	163	-1
92	164	-1
92	166	-1
92	167	1
92	169	1
92	171	-1
92	172	-1
92	177	1
92	178	-1
92	179	1
92	180	-1
92	182	1
92	183	1
92	188	1
92	191	-1
92	193	-1
92	194	1
92	197	-1
92	198	-1
92	200	-1
92	203	1
92	204	-1
92	207	-1
92	209	-1
92	211	-1
92	212	1
92	213	1
92	217	1
92	218	1
92	219	1
92	220	-1
92	222	-1
92	224	-1
92	226	-1
92	231	1
92	233	-1
92	234	1
92	235	1
92	238	1
92	239	-1
92	240	1
92	242	-1
92	243	-1
92	244	1
92	245	-1
92	246	-1
92	247	-1
92	249	-1
93	96	1
93	99	1
93	100	-1
93	102	-1
93	103	1
93	104	1
93	105	1
93	106	-1
93	107	1
93	109	-1
93	113	1
93	114	1
93	116	-1
93	118	1
93	126	-1
93	128	1
93	129	-1
93	130	-1
93	132	-1
93	134	1
93	139	1
93	140	1
93	142	-1
93	143	-1
93	146	-1
93	148	-1
93	151	-1
93	153	1
93	157	-1
93	160	1
93	161	1
93	162	1
93	164	1
93	170	1
93	172	-1
93	174	-1
93	175	-1
93	177	1
93	178	1
93	181	1
93	183	1
93	185	-1
93	186	-1
93	187	-1
93	188	-1
93	189	-1
93	191	1
93	192	-1
93	193	1
93	194	-1
93	195	-1
93	199	-1
93	200	-1
93	202	-1
93	205	-1
93	208	-1
93	213	1
93	214	1
93	215	-1
93	216	-1
93	217	1
93	218	-1
93	220	1
93	222	-1
93	224	-1
93	225	1
93	228	1
93	231	-1
93	232	1
93	234	-1
93	236	-1
93	238	1
93	243	-1
93	246	-1
93	247	1
93	249	-1
94	95	1
94	96	-1
94	97	-1
94	101	1
94	105	-1
94	106	-1
94	108	1
94	111	-1
94	113	1
94	115	1
94	116	1
94	117	1
94	119	1
94	120	-1
94	123	1
94	124	-1
94	125	-1
94	127	-1
94	128	1
94	130	-1
94	131	1
94	134	1
94	135	1
94	139	-1
94	141	1
94	144	1
94	145	-1
94	147	1
94	148	1
94	149	1
94	153	-1
94	156	-1
94	158	-1
94	160	1
94	165	-1
94	171	1
94	173	1
94	174	-1
94	175	-1
94	178	1
94	183	-1
94	185	-1
94	186	-1
94	188	-1
94	189	-1
94	190	1
94	191	-1
94	194	1
94	195	-1
94	196	-1
94	202	-1
94	204	1
94	205	-1
94	208	-1
94	210	1
94	212	1
94	213	-1
94	214	1
94	215	1
94	216	-1
94	218	-1
94	219	1
94	222	1
94	225	-1
94	229	-1
94	231	1
94	234	-1
94	235	-1
94	238	1
94	240	1
94	241	-1
94	245	1
94	246	-1
94	247	-1
94	248	-1
95	96	1
95	97	1
95	98	1
95	99	-1
95	100	1
95	101	1
95	102	-1
95	103	1
95	104	1
95	105	1
95	106	-1
95	108	1
95	111	-1
95	113	1
95	116	-1
95	120	-1
95	122	-1
95	124	1
95	126	-1
95	127	-1
95	128	1
95	129	-1
95	130	-1
95	131	-1
95	132	1
95	133	1
95	135	-1
95	139	-1
95	141	1
95	142	-1
95	143	-1
95	144	-1
95	145	1
95	146	-1
95	149	1
95	159	1
95	160	1
95	161	1
95	165	1
95	166	1
95	167	1
95	171	-1
95	172	-1
95	173	-1
95	174	-1
95	176	-1
95	183	1
95	184	1
95	185	1
95	189	-1
95	192	1
95	194	1
95	195	-1
95	199	1
95	200	1
95	202	1
95	203	-1
95	204	1
95	206	1
95	207	-1
95	209	1
95	210	1
95	211	-1
95	216	-1
95	219	1
95	220	1
95	221	1
95	225	-1
95	226	-1
95	229	1
95	230	-1
95	231	1
95	233	-1
95	239	1
95	240	-1
95	241	-1
95	242	1
95	243	1
95	245	1
95	247	1
95	249	-1
96	99	1
96	100	-1
96	102	1
96	103	1
96	105	-1
96	108	1
96	109	-1
96	110	1
96	111	-1
96	112	-1
96	113	1
96	114	-1
96	118	-1
96	119	1
96	122	-1
96	125	1
96	126	1
96	128	1
96	130	-1
96	131	1
96	132	1
96	133	1
96	134	1
96	136	1
96	139	1
96	140	1
96	142	1
96	144	1
96	147	-1
96	148	-1
96	149	1
96	153	1
96	154	-1
96	155	-1
96	158	-1
96	163	1
96	170	1
96	172	1
96	173	-1
96	177	-1
96	178	1
96	179	1
96	184	-1
96	186	1
96	191	-1
96	192	1
96	193	-1
96	194	-1
96	195	1
96	197	-1
96	201	-1
96	203	1
96	205	1
96	206	1
96	209	1
96	211	-1
96	214	-1
96	215	-1
96	216	1
96	217	1
96	219	-1
96	220	-1
96	221	-1
96	224	1
96	225	1
96	226	1
96	227	1
96	230	-1
96	231	-1
96	233	-1
96	235	1
96	236	-1
96	239	-1
96	240	1
96	242	-1
96	245	-1
96	246	1
96	248	1
96	249	-1
97	98	-1
97	99	-1
97	100	1
97	104	1
97	106	-1
97	108	1
97	110	1
97	111	-1
97	112	-1
97	115	-1
97	118	1
97	120	-1
97	125	1
97	129	1
97	132	-1
97	136	-1
97	140	1
97	142	-1
97	143	-1
97	145	1
97	146	-1
97	154	1
97	155	-1
97	156	-1
97	157	1
97	158	-1
97	159	1
97	160	-1
97	165	1
97	167	1
97	168	-1
97	169	-1
97	171	1
97	172	1
97	173	1
97	175	-1
97	178	-1
97	180	1
97	183	1
97	184	1
97	188	1
97	190	-1
97	194	1
97	196	-1
97	197	-1
97	199	1
97	201	-1
97	205	-1
97	206	1
97	207	-1
97	208	1
97	210	-1
97	211	-1
97	213	-1
97	214	-1
97	218	-1
97	219	-1
97	222	1
97	223	1
97	224	-1
97	225	1
97	226	-1
97	228	-1
97	232	1
97	236	-1
97	237	1
97	238	-1
97	239	-1
97	240	-1
97	241	-1
97	243	-1
97	244	1
97	245	1
97	246	-1
97	247	1
97	249	-1
98	99	-1
98	100	1
98	101	-1
98	102	1
98	104	-1
98	106	-1
98	109	-1
98	111	-1
98	112	-1
98	113	1
98	114	1
98	116	1
98	117	-1
98	118	-1
98	119	-1
98	123	1
98	124	1
98	127	1
98	130	1
98	131	-1
98	137	-1
98	139	1
98	140	1
98	141	1
98	142	1
98	143	-1
98	144	-1
98	146	-1
98	147	-1
98	148	-1
98	154	-1
98	155	-1
98	156	-1
98	158	-1
98	159	1
98	162	-1
98	163	1
98	166	1
98	168	-1
98	169	-1
98	173	-1
98	174	1
98	177	-1
98	179	1
98	180	1
98	181	1
98	182	-1
98	183	-1
98	185	-1
98	187	1
98	188	1
98	189	-1
98	193	1
98	194	-1
98	200	-1
98	203	1
98	205	1
98	207	1
98	208	1
98	209	1
98	211	1
98	213	-1
98	215	1
98	216	-1
98	217	-1
98	218	1
98	220	-1
98	221	1
98	222	1
98	229	-1
98	230	-1
98	231	1
98	233	-1
98	235	1
98	243	1
98	245	1
98	246	-1
98	248	1
98	249	1
99	103	-1
99	104	-1
99	105	1
99	106	1
99	108	-1
99	110	-1
99	111	1
99	112	1
99	113	-1
99	115	1
99	117	1
99	118	-1
99	120	-1
99	121	1
99	124	1
99	128	1
99	130	1
99	133	-1
99	134	-1
99	135	1
99	137	1
99	138	1
99	140	1
99	142	-1
99	143	1
99	144	1
99	149	1
99	150	1
99	151	-1
99	152	1
99	154	1
99	155	1
99	156	-1
99	157	-1
99	159	1
99	160	1
99	168	1
99	169	1
99	171	1
99	173	-1
99	175	1
99	180	-1
99	181	1
99	182	-1
99	184	-1
99	185	-1
99	188	1
99	189	1
99	191	-1
99	192	-1
99	194	-1
99	195	-1
99	197	-1
99	199	1
99	201	-1
99	202	1
99	203	1
99	206	-1
99	210	1
99	211	1
99	212	1
99	213	1
99	216	1
99	218	1
99	223	1
99	226	1
99	228	-1
99	230	-1
99	231	1
99	235	-1
99	238	1
99	244	-1
99	248	1
100	102	-1
100	103	-1
100	104	1
100	108	1
100	109	1
100	110	1
100	112	1
100	113	-1
100	114	-1
100	115	-1
100	116	1
100	117	-1
100	122	1
100	125	1
100	126	-1
100	128	-1
100	129	1
100	132	-1
100	135	-1
100	140	-1
100	142	1
100	143	1
100	144	-1
100	145	-1
100	146	-1
100	150	1
100	153	-1
100	154	-1
100	156	-1
100	157	1
100	158	1
100	161	-1
100	164	-1
100	165	-1
100	167	1
100	168	1
100	169	1
100	171	-1
100	172	1
100	173	-1
100	174	1
100	175	1
100	176	-1
100	180	-1
100	183	1
100	184	1
100	185	-1
100	188	1
100	192	-1
100	194	-1
100	197	1
100	200	-1
100	203	-1
100	204	1
100	205	-1
100	206	-1
100	207	1
100	208	1
100	209	1
100	212	-1
100	213	1
100	219	1
100	220	1
100	221	1
100	222	-1
100	226	-1
100	229	1
100	231	-1
100	233	-1
100	235	-1
100	236	-1
100	238	-1
100	239	-1
100	240	-1
100	242	1
100	243	1
100	247	1
101	104	1
101	107	1
101	110	1
101	115	1
101	117	1
101	124	-1
101	125	-1
101	126	-1
101	127	1
101	130	1
101	132	1
101	133	-1
101	137	1
101	141	1
101	142	-1
101	147	1
101	151	-1
101	155	1
101	156	1
101	157	-1
101	158	1
101	159	1
101	160	-1
101	166	1
101	167	1
101	170	1
101	173	-1
101	174	1
101	176	1
101	180	-1
101	182	1
101	185	-1
101	187	1
101	188	1
101	189	1
101	190	1
101	191	-1
101	193	1
101	195	-1
101	196	1
101	197	-1
101	199	-1
101	201	1
101	202	-1
101	203	-1
101	205	-1
101	206	-1
101	208	1
101	209	-1
101	211	-1
101	212	-1
101	214	-1
101	217	-1
101	218	1
101	219	1
101	220	-1
101	223	-1
101	224	-1
101	229	1
101	232	-1
101	233	1
101	234	-1
101	235	-1
101	236	1
101	237	1
101	239	-1
101	242	-1
101	243	1
101	244	1
101	246	1
101	247	1
101	248	-1
101	249	-1
102	104	-1
102	106	1
102	107	-1
102	108	1
102	109	1
102	111	-1
102	113	-1
102	115	1
102	116	1
102	118	-1
102	121	-1
102	122	1
102	130	1
102	132	1
102	134	1
102	135	1
102	137	-1
102	139	1
102	140	-1
102	141	1
102	143	-1
102	144	-1
102	147	1
102	148	-1
102	152	-1
102	153	-1
102	156	1
102	158	-1
102	161	1
102	162	-1
102	164	-1
102	166	1
102	170	1
102	171	-1
102	174	1
102	177	-1
102	179	-1
102	184	1
102	185	-1
102	187	-1
102	189	-1
102	191	1
102	192	-1
102	195	1
102	197	-1
102	204	1
102	205	-1
102	206	-1
102	207	-1
102	209	1
102	212	1
102	213	1
102	216	-1
102	218	1
102	219	-1
102	220	1
102	222	1
102	223	1
102	226	1
102	230	-1
102	231	-1
102	237	-1
102	238	-1
102	239	1
102	240	-1
102	243	-1
102	247	-1
102	249	-1
103	106	-1
103	107	-1
103	108	-1
103	109	-1
103	114	1
103	116	-1
103	117	1
103	121	1
103	122	1
103	123	1
103	124	1
103	125	1
103	126	-1
103	128	1
103	129	1
103	130	1
103	131	-1
103	132	-1
103	133	1
103	136	-1
103	141	1
103	143	1
103	144	1
103	145	1
103	146	1
103	147	1
103	149	1
103	150	-1
103	151	-1
103	153	1
103	154	1
103	155	-1
103	159	1
103	161	1
103	162	1
103	163	1
103	164	-1
103	165	-1
103	166	-1
103	169	1
103	172	-1
103	173	-1
103	177	1
103	178	1
103	180	-1
103	181	1
103	182	-1
103	185	-1
103	186	-1
103	188	1
103	190	-1
103	192	-1
103	193	-1
103	194	1
103	195	-1
103	196	-1
103	197	1
103	198	-1
103	199	1
103	203	-1
103	205	1
103	207	1
103	208	-1
103	209	-1
103	211	1
103	212	1
103	214	-1
103	215	1
103	216	1
103	219	-1
103	220	-1
103	222	1
103	223	-1
103	224	-1
103	227	1
103	229	1
103	232	-1
103	235	-1
103	236	1
103	237	1
103	240	-1
103	241	-1
103	242	1
103	244	1
103	245	-1
103	246	-1
103	249	-1
104	107	1
104	108	-1
104	110	1
104	111	-1
104	113	-1
104	117	1
104	118	1
104	119	-1
104	121	-1
104	122	1
104	125	-1
104	129	1
104	133	-1
104	138	-1
104	139	-1
104	140	-1
104	141	-1
104	142	-1
104	143	1
104	144	-1
104	149	1
104	150	-1
104	151	-1
104	152	-1
104	153	1
104	154	1
104	158	-1
104	159	1
104	161	-1
104	162	1
104	166	1
104	168	1
104	171	-1
104	172	1
104	174	-1
104	175	1
104	176	-1
104	177	-1
104	181	1
104	182	-1
104	183	-1
104	185	-1
104	187	1
104	188	1
104	189	1
104	194	-1
104	195	1
104	196	-1
104	198	1
104	199	1
104	200	-1
104	203	-1
104	204	-1
104	205	-1
104	206	1
104	208	-1
104	209	-1
104	210	1
104	214	-1
104	215	-1
104	218	1
104	219	1
104	220	-1
104	221	-1
104	222	1
104	225	1
104	226	-1
104	227	-1
104	228	-1
104	229	1
104	233	1
104	235	-1
104	236	-1
104	237	-1
104	238	1
104	240	-1
104	241	-1
104	243	1
104	245	1
104	246	1
105	109	-1
105	111	1
105	112	-1
105	115	1
105	116	1
105	117	1
105	120	-1
105	123	-1
105	124	-1
105	125	1
105	127	1
105	129	1
105	130	-1
105	131	1
105	132	-1
105	133	1
105	135	1
105	136	-1
105	137	-1
105	139	1
105	142	1
105	143	1
105	145	1
105	146	-1
105	147	1
105	150	-1
105	152	-1
105	154	1
105	160	1
105	161	-1
105	164	-1
105	165	-1
105	166	1
105	172	-1
105	173	1
105	175	1
105	176	-1
105	178	1
105	183	1
105	185	1
105	189	1
105	190	-1
105	192	-1
105	194	1
105	199	1
105	200	1
105	201	1
105	202	1
105	203	-1
105	204	-1
105	205	-1
105	208	-1
105	209	1
105	210	-1
105	211	1
105	213	-1
105	217	-1
105	224	-1
105	225	-1
105	227	1
105	229	-1
105	231	1
105	233	1
105	234	1
105	235	-1
105	236	-1
105	238	-1
105	239	1
105	240	-1
105	241	-1
105	243	1
105	247	1
106	107	-1
106	108	1
106	109	-1
106	110	1
106	111	1
106	115	1
106	117	1
106	118	-1
106	119	-1
106	121	-1
106	123	1
106	124	-1
106	127	-1
106	128	1
106	129	-1
106	132	1
106	133	1
106	135	-1
106	136	-1
106	137	-1
106	141	-1
106	142	-1
106	143	-1
106	144	1
106	147	-1
106	148	1
106	150	1
106	151	1
106	152	-1
106	156	-1
106	158	1
106	159	1
106	162	-1
106	164	1
106	168	1
106	169	1
106	171	-1
106	172	1
106	173	-1
106	175	-1
106	177	1
106	180	-1
106	181	1
106	184	1
106	186	1
106	187	-1
106	188	1
106	190	1
106	194	1
106	195	1
106	198	-1
106	203	-1
106	204	-1
106	207	1
106	208	1
106	211	1
106	212	1
106	216	1
106	217	1
106	219	1
106	220	1
106	221	1
106	225	1
106	226	-1
106	227	-1
106	229	-1
106	230	1
106	231	-1
106	234	-1
106	236	-1
106	238	-1
106	239	1
106	241	1
106	242	1
106	243	-1
106	244	1
106	245	-1
106	248	-1
106	249	-1
107	108	1
107	111	-1
107	115	1
107	117	-1
107	119	-1
107	126	1
107	128	1
107	134	-1
107	135	1
107	137	-1
107	138	1
107	141	-1
107	143	1
107	144	-1
107	148	1
107	151	-1
107	152	-1
107	153	-1
107	155	-1
107	158	-1
107	159	-1
107	160	1
107	163	1
107	164	1
107	171	1
107	172	-1
107	174	-1
107	175	-1
107	177	1
107	178	-1
107	179	1
107	180	1
107	181	-1
107	185	-1
107	186	-1
107	190	-1
107	191	-1
107	194	1
107	195	1
107	197	1
107	198	1
107	200	1
107	201	1
107	207	-1
107	208	1
107	211	1
107	213	-1
107	217	-1
107	219	1
107	220	1
107	222	1
107	223	1
107	226	1
107	227	1
107	230	-1
107	231	-1
107	232	-1
107	234	1
107	237	-1
107	238	1
107	239	1
107	240	1
107	241	1
107	242	1
107	244	1
107	246	-1
107	247	1
107	249	1
108	110	1
108	111	1
108	112	1
108	114	-1
108	117	-1
108	118	1
108	119	1
108	120	1
108	121	1
108	123	1
108	125	1
108	127	1
108	128	1
108	129	-1
108	130	-1
108	131	1
108	133	1
108	134	1
108	138	-1
108	140	1
108	144	-1
108	145	-1
108	146	1
108	148	-1
108	149	-1
108	150	1
108	151	1
108	152	1
108	153	-1
108	155	-1
108	156	1
108	159	1
108	161	-1
108	162	1
108	164	1
108	165	1
108	167	-1
108	174	-1
108	175	1
108	177	-1
108	178	-1
108	187	1
108	188	1
108	190	-1
108	192	1
108	195	-1
108	196	1
108	198	-1
108	199	1
108	200	-1
108	203	1
108	204	-1
108	205	-1
108	207	-1
108	210	1
108	214	1
108	216	1
108	217	1
108	218	1
108	221	1
108	222	-1
108	223	1
108	225	-1
108	227	1
108	229	-1
108	230	-1
108	233	1
108	235	1
108	236	1
108	239	1
108	241	1
108	243	-1
108	244	-1
108	248	-1
108	249	1
109	110	-1
109	111	-1
109	112	1
109	113	1
109	115	1
109	116	-1
109	118	1
109	124	-1
109	125	1
109	126	-1
109	127	1
109	128	1
109	130	1
109	131	-1
109	133	-1
109	134	1
109	135	1
109	136	1
109	138	-1
109	139	-1
109	140	1
109	143	1
109	144	1
109	146	-1
109	148	-1
109	149	1
109	151	1
109	153	-1
109	154	-1
109	155	1
109	156	1
109	159	-1
109	160	-1
109	161	-1
109	163	-1
109	164	1
109	165	1
109	166	1
109	167	-1
109	168	-1
109	169	1
109	170	-1
109	171	-1
109	172	1
109	175	1
109	176	-1
109	177	-1
109	180	1
109	182	1
109	184	-1
109	185	1
109	192	-1
109	197	1
109	199	1
109	202	-1
109	203	1
109	204	-1
109	205	1
109	209	-1
109	211	-1
109	212	-1
109	214	1
109	216	1
109	217	1
109	221	-1
109	222	-1
109	223	1
109	225	-1
109	229	1
109	230	1
109	231	-1
109	239	1
109	242	-1
109	243	-1
109	245	1
109	248	-1
110	112	-1
110	114	1
110	117	-1
110	118	-1
110	121	-1
110	122	1
110	124	1
110	126	-1
110	127	1
110	130	1
110	131	1
110	132	-1
110	133	1
110	135	-1
110	138	-1
110	139	-1
110	140	1
110	142	-1
110	143	-1
110	144	1
110	146	1
110	149	1
110	154	1
110	155	-1
110	157	1
110	158	1
110	159	-1
110	161	-1
110	162	-1
110	166	-1
110	167	-1
110	169	1
110	170	-1
110	172	1
110	174	-1
110	177	1
110	178	1
110	181	-1
110	182	-1
110	183	-1
110	184	-1
110	186	-1
110	187	1
110	188	-1
110	189	1
110	190	1
110	193	-1
110	197	1
110	198	-1
110	201	-1
110	202	1
110	203	1
110	204	-1
110	205	-1
110	206	-1
110	208	1
110	209	1
110	210	-1
110	211	1
110	212	-1
110	217	1
110	218	1
110	221	-1
110	223	-1
110	226	1
110	227	1
110	228	1
110	230	-1
110	235	-1
110	236	-1
110	240	-1
110	241	1
110	242	1
110	243	1
110	244	1
110	246	-1
110	247	-1
110	248	1
110	249	-1
111	113	1
111	114	1
111	116	1
111	118	-1
111	119	-1
111	122	1
111	123	1
111	124	-1
111	127	1
111	128	-1
111	129	1
111	130	1
111	131	-1
111	132	1
111	134	1
111	137	1
111	138	-1
111	139	-1
111	141	-1
111	142	-1
111	144	1
111	150	-1
111	153	-1
111	157	1
111	158	1
111	159	-1
111	161	1
111	162	-1
111	163	-1
111	164	1
111	166	1
111	169	1
111	170	1
111	177	1
111	178	1
111	179	1
111	180	1
111	183	1
111	188	-1
111	189	-1
111	190	1
111	191	1
111	192	1
111	193	1
111	194	1
111	197	-1
111	198	-1
111	199	-1
111	202	-1
111	204	1
111	207	1
111	208	-1
111	210	-1
111	212	-1
111	213	-1
111	214	-1
111	215	-1
111	217	1
111	218	-1
111	219	-1
111	220	-1
111	222	1
111	223	-1
111	226	1
111	229	1
111	231	-1
111	232	1
111	233	-1
111	234	-1
111	235	1
111	236	1
111	237	1
111	238	1
111	242	-1
111	243	-1
111	244	1
111	245	1
111	246	1
111	248	-1
112	113	1
112	114	1
112	116	1
112	117	1
112	118	-1
112	119	-1
112	120	-1
112	121	1
112	123	1
112	125	1
112	127	-1
112	128	1
112	129	-1
112	132	-1
112	133	1
112	134	1
112	136	-1
112	139	-1
112	140	-1
112	143	1
112	145	1
112	147	-1
112	148	1
112	149	-1
112	151	-1
112	153	1
112	155	-1
112	162	-1
112	165	-1
112	170	-1
112	171	1
112	173	1
112	174	1
112	179	-1
112	182	-1
112	187	1
112	188	-1
112	189	1
112	191	-1
112	193	-1
112	197	1
112	200	1
112	201	1
112	203	1
112	204	-1
112	208	-1
112	210	1
112	211	-1
112	213	-1
112	214	-1
112	216	1
112	217	-1
112	219	-1
112	220	1
112	221	-1
112	222	-1
112	224	-1
112	225	-1
112	226	-1
112	231	-1
112	234	1
112	238	-1
112	241	1
112	243	-1
112	245	1
112	247	-1
112	248	1
112	249	1
113	115	-1
113	118	1
113	120	-1
113	122	1
113	125	-1
113	127	1
113	128	1
113	129	-1
113	130	-1
113	133	1
113	134	-1
113	135	1
113	139	-1
113	140	-1
113	142	1
113	143	-1
113	145	1
113	146	1
113	149	-1
113	151	-1
113	155	1
113	157	1
113	158	-1
113	160	1
113	162	1
113	163	1
113	165	1
113	167	-1
113	170	1
113	172	-1
113	173	1
113	175	-1
113	176	-1
113	183	-1
113	185	-1
113	186	-1
113	189	-1
113	190	1
113	191	-1
113	194	1
113	196	1
113	197	-1
113	200	-1
113	201	-1
113	204	-1
113	208	-1
113	209	1
113	210	-1
113	211	-1
113	215	-1
113	216	-1
113	217	-1
113	219	-1
113	221	-1
113	223	1
113	224	-1
113	227	-1
113	230	-1
113	231	1
113	232	-1
113	234	1
113	235	1
113	237	-1
113	240	1
113	241	-1
113	242	1
113	243	1
113	244	-1
113	245	1
113	248	-1
113	249	1
114	118	-1
114	120	1
114	121	-1
114	127	1
114	128	1
114	129	1
114	132	1
114	133	1
114	135	-1
114	136	1
114	138	1
114	139	1
114	144	-1
114	148	-1
114	149	1
114	152	1
114	155	-1
114	158	1
114	159	1
114	162	1
114	164	-1
114	165	-1
114	166	1
114	167	-1
114	170	-1
114	174	1
114	176	1
114	177	1
114	178	-1
114	180	1
114	188	1
114	189	-1
114	190	-1
114	191	-1
114	192	-1
114	196	1
114	197	1
114	201	-1
114	202	1
114	203	-1
114	204	-1
114	205	1
114	207	-1
114	209	1
114	210	-1
114	212	1
114	213	-1
114	214	1
114	217	1
114	218	-1
114	219	1
114	221	-1
114	222	1
114	223	-1
114	226	1
114	227	-1
114	228	-1
114	229	-1
114	235	-1
114	237	-1
114	238	1
114	239	-1
114	240	1
114	241	1
114	243	1
114	245	1
114	246	1
114	248	1
114	249	1
115	117	1
115	118	1
115	121	-1
115	122	-1
115	125	1
115	127	1
115	128	1
115	129	1
115	130	1
115	131	1
115	132	1
115	134	-1
115	136	1
115	143	-1
115	146	1
115	148	-1
115	149	-1
115	152	1
115	153	1
115	155	-1
115	161	-1
115	162	1
115	163	1
115	165	1
115	166	-1
115	167	1
115	169	-1
115	171	1
115	172	-1
115	173	-1
115	174	1
115	175	-1
115	177	-1
115	179	1
115	181	-1
115	182	-1
115	183	1
115	184	-1
115	185	1
115	186	1
115	187	-1
115	189	1
115	192	-1
115	194	-1
115	199	1
115	200	1
115	203	-1
115	205	-1
115	206	1
115	207	1
115	208	1
115	209	1
115	210	1
115	213	1
115	215	-1
115	216	-1
115	217	-1
115	219	-1
115	220	1
115	223	1
115	224	-1
115	227	1
115	230	-1
115	232	-1
115	235	-1
115	236	1
115	239	-1
115	240	1
115	241	-1
115	242	-1
115	243	-1
115	244	-1
115	245	-1
115	247	-1
115	249	1
116	117	-1
116	118	1
116	120	1
116	122	-1
116	123	1
116	124	1
116	125	1
116	126	1
116	127	1
116	128	1
116	132	-1
116	133	1
116	134	1
116	143	1
116	145	1
116	146	-1
116	148	1
116	149	1
116	150	-1
116	151	-1
116	153	1
116	154	1
116	158	-1
116	159	-1
116	161	-1
116	164	-1
116	167	-1
116	168	-1
116	171	-1
116	172	1
116	173	-1
116	174	-1
116	175	-1
116	176	-1
116	177	-1
116	178	-1
116	179	1
116	180	-1
116	184	-1
116	186	-1
116	190	1
116	192	-1
116	193	1
116	194	-1
116	199	1
116	205	1
116	207	-1
116	213	-1
116	216	1
116	217	1
116	219	1
116	220	-1
116	221	1
116	222	-1
116	223	-1
116	225	-1
116	226	1
116	227	1
116	230	-1
116	231	-1
116	232	1
116	233	-1
116	234	1
116	235	1
116	236	1
116	243	-1
116	246	1
116	247	-1
116	249	-1
117	118	1
117	130	-1
117	131	-1
117	132	-1
117	133	-1
117	134	-1
117	138	1
117	140	-1
117	142	1
117	144	-1
117	146	-1
117	148	-1
117	150	1
117	157	-1
117	158	1
117	159	1
117	160	-1
117	162	1
117	164	1
117	165	1
117	166	-1
117	169	-1
117	171	-1
117	172	1
117	173	-1
117	174	-1
117	176	1
117	177	-1
117	178	1
117	179	-1
117	181	-1
117	182	-1
117	185	1
117	187	-1
117	190	-1
117	196	1
117	197	1
117	202	-1
117	204	1
117	206	-1
117	208	1
117	209	1
117	210	1
117	211	-1
117	215	-1
117	216	1
117	219	1
117	221	-1
117	222	-1
117	225	1
117	226	-1
117	228	1
117	230	1
117	231	-1
117	233	-1
117	235	-1
117	236	1
117	237	1
117	239	1
117	243	-1
117	244	1
117	246	1
117	247	-1
117	248	-1
118	121	-1
118	122	1
118	123	1
118	124	-1
118	125	-1
118	129	-1
118	133	-1
118	134	-1
118	135	1
118	136	-1
118	137	1
118	140	-1
118	141	-1
118	142	1
118	143	-1
118	144	1
118	148	-1
118	154	-1
118	155	1
118	157	-1
118	160	1
118	161	1
118	163	1
118	165	1
118	166	1
118	167	-1
118	171	1
118	172	1
118	173	-1
118	175	1
118	176	-1
118	180	-1
118	182	1
118	185	-1
118	186	1
118	188	1
118	189	1
118	190	1
118	192	-1
118	194	-1
118	195	-1
118	196	-1
118	199	-1
118	200	-1
118	201	1
118	203	1
118	204	1
118	208	-1
118	210	1
118	211	1
118	216	-1
118	217	1
118	221	1
118	222	-1
118	223	-1
118	225	-1
118	228	1
118	231	1
118	232	-1
118	233	-1
118	234	-1
118	235	1
118	237	-1
118	239	-1
118	245	1
118	246	1
118	247	1
118	249	-1
119	121	1
119	122	1
119	126	1
119	127	-1
119	133	1
119	134	-1
119	135	-1
119	136	1
119	137	1
119	140	-1
119	143	-1
119	145	1
119	146	1
119	150	1
119	151	-1
119	152	1
119	153	1
119	154	1
119	156	1
119	160	1
119	162	-1
119	163	-1
119	166	-1
119	167	-1
119	169	-1
119	171	1
119	173	-1
119	176	1
119	182	1
119	183	-1
119	185	1
119	186	1
119	187	-1
119	188	-1
119	192	1
119	194	1
119	195	1
119	198	-1
119	200	-1
119	201	-1
119	205	-1
119	207	-1
119	211	1
119	212	1
119	213	1
119	215	-1
119	216	-1
119	217	1
119	219	-1
119	221	-1
119	222	1
119	224	1
119	225	-1
119	226	-1
119	228	-1
119	236	-1
119	237	1
119	238	1
119	241	1
119	243	1
119	244	-1
119	246	1
119	247	-1
119	248	1
120	121	1
120	122	1
120	125	-1
120	126	1
120	130	1
120	132	-1
120	133	1
120	134	-1
120	136	1
120	139	1
120	140	-1
120	142	1
120	144	-1
120	146	1
120	149	-1
120	151	-1
120	153	-1
120	159	1
120	160	-1
120	162	1
120	164	1
120	165	1
120	167	-1
120	170	1
120	172	1
120	177	-1
120	178	1
120	179	1
120	181	-1
120	183	-1
120	184	-1
120	186	1
120	187	1
120	193	1
120	194	-1
120	195	1
120	196	-1
120	198	-1
120	200	-1
120	201	-1
120	202	-1
120	205	1
120	208	1
120	209	1
120	210	-1
120	213	-1
120	214	1
120	217	1
120	219	1
120	222	1
120	224	-1
120	225	1
120	230	-1
120	231	-1
120	232	-1
120	235	-1
120	236	-1
120	241	1
120	243	1
120	245	1
120	246	-1
120	247	-1
121	122	1
121	123	1
121	125	-1
121	127	1
121	132	-1
121	133	-1
121	135	-1
121	136	-1
121	138	-1
121	139	1
121	140	1
121	141	1
121	144	1
121	146	1
121	148	1
121	150	1
121	152	1
121	153	1
121	154	1
121	156	1
121	157	-1
121	158	1
121	160	-1
121	161	1
121	162	1
121	167	-1
121	168	-1
121	171	1
121	172	1
121	175	1
121	177	-1
121	179	-1
121	182	1
121	183	1
121	185	-1
121	187	-1
121	193	1
121	194	-1
121	195	1
121	196	1
121	197	-1
121	199	1
121	202	-1
121	203	-1
121	208	1
121	210	-1
121	211	1
121	212	-1
121	219	1
121	221	-1
121	222	1
121	223	1
121	224	-1
121	226	-1
121	229	1
121	230	-1
121	232	-1
121	234	1
121	235	1
121	236	1
121	239	1
121	241	-1
121	245	1
121	247	1
121	249	1
122	124	-1
122	127	-1
122	130	-1
122	131	-1
122	133	1
122	134	1
122	135	1
122	138	1
122	139	-1
122	140	1
122	142	1
122	143	-1
122	145	1
122	148	-1
122	149	-1
122	150	-1
122	156	1
122	158	-1
122	162	1
122	163	1
122	164	-1
122	165	1
122	166	-1
122	170	1
122	171	1
122	172	-1
122	175	-1
122	184	1
122	185	-1
122	187	1
122	188	1
122	190	-1
122	194	1
122	196	-1
122	198	1
122	201	-1
122	202	-1
122	203	1
122	204	1
122	207	1
122	208	-1
122	209	-1
122	212	1
122	213	1
122	219	1
122	220	1
122	225	1
122	226	-1
122	227	-1
122	229	1
122	231	1
122	232	-1
122	233	1
122	234	-1
122	235	1
122	236	1
122	239	-1
122	241	-1
122	245	1
122	246	-1
122	247	1
122	248	-1
122	249	-1
123	124	1
123	125	-1
123	127	-1
123	128	-1
123	129	-1
123	130	-1
123	131	-1
123	132	-1
123	133	-1
123	135	-1
123	137	-1
123	140	-1
123	142	-1
123	143	1
123	144	-1
123	147	-1
123	148	1
123	150	1
123	151	-1
123	154	-1
123	155	-1
123	157	1
123	158	-1
123	160	-1
123	161	-1
123	166	-1
123	167	-1
123	169	1
123	170	-1
123	173	1
123	175	1
123	176	-1
123	178	1
123	179	-1
123	181	-1
123	182	-1
123	183	1
123	185	-1
123	188	-1
123	195	-1
123	196	-1
123	197	1
123	198	1
123	200	-1
123	204	-1
123	207	-1
123	209	-1
123	213	-1
123	214	1
123	215	-1
123	219	1
123	221	-1
123	223	-1
123	226	-1
123	227	-1
123	230	-1
123	232	-1
123	233	-1
123	234	-1
123	236	1
123	237	1
123	241	-1
123	242	-1
123	244	1
123	247	-1
123	248	-1
124	127	-1
124	128	1
124	130	-1
124	132	-1
124	134	-1
124	136	-1
124	138	1
124	140	-1
124	141	1
124	144	-1
124	146	1
124	148	1
124	152	1
124	153	-1
124	156	-1
124	160	-1
124	161	1
124	163	-1
124	164	-1
124	166	-1
124	167	1
124	169	-1
124	171	1
124	172	1
124	175	1
124	177	1
124	179	1
124	180	-1
124	182	-1
124	183	-1
124	185	-1
124	188	-1
124	189	-1
124	192	-1
124	196	1
124	202	1
124	203	-1
124	207	1
124	209	1
124	210	1
124	211	-1
124	212	-1
124	214	-1
124	218	-1
124	223	1
124	225	1
124	226	1
124	227	-1
124	229	-1
124	230	1
124	231	-1
124	232	-1
124	233	-1
124	234	1
124	236	1
124	239	1
124	240	-1
124	241	1
124	242	-1
124	243	1
124	244	-1
124	245	1
124	248	1
124	249	1
125	127	1
125	129	1
125	131	-1
125	132	-1
125	133	-1
125	137	-1
125	138	1
125	139	1
125	140	1
125	141	1
125	142	-1
125	143	-1
125	144	-1
125	145	-1
125	149	1
125	150	-1
125	151	1
125	155	-1
125	156	-1
125	157	-1
125	161	-1
125	162	1
125	164	-1
125	165	1
125	169	1
125	172	1
125	173	-1
125	174	-1
125	175	1
125	176	1
125	177	-1
125	178	-1
125	179	-1
125	181	-1
125	186	1
125	187	-1
125	188	-1
125	191	-1
125	192	-1
125	194	-1
125	196	1
125	198	1
125	199	-1
125	203	-1
125	206	1
125	207	1
125	208	-1
125	209	-1
125	212	-1
125	216	-1
125	218	-1
125	219	1
125	222	-1
125	223	-1
125	226	-1
125	227	-1
125	228	-1
125	229	1
125	231	1
125	233	1
125	235	1
125	239	-1
125	241	1
125	243	1
125	244	1
125	245	-1
125	247	-1
126	127	-1
126	130	-1
126	131	-1
126	133	1
126	134	1
126	137	1
126	138	-1
126	140	1
126	142	1
126	143	-1
126	145	1
126	146	1
126	147	1
126	148	1
126	149	1
126	150	1
126	151	-1
126	154	-1
126	156	-1
126	157	-1
126	165	-1
126	167	-1
126	168	1
126	169	1
126	170	1
126	175	-1
126	177	1
126	180	1
126	181	1
126	182	1
126	183	-1
126	184	-1
126	185	-1
126	186	1
126	188	-1
126	189	-1
126	193	1
126	195	1
126	198	-1
126	200	1
126	202	1
126	203	1
126	204	-1
126	205	1
126	206	1
126	208	-1
126	209	1
126	211	1
126	213	1
126	216	1
126	217	1
126	218	-1
126	219	1
126	220	1
126	221	1
126	225	-1
126	226	1
126	229	-1
126	234	1
126	239	1
126	243	1
126	244	-1
126	245	1
126	247	-1
126	248	1
126	249	1
127	129	-1
127	131	-1
127	134	-1
127	135	1
127	137	1
127	138	1
127	139	-1
127	144	1
127	147	1
127	148	-1
127	151	-1
127	152	1
127	156	-1
127	158	1
127	160	1
127	161	1
127	164	1
127	166	1
127	168	-1
127	170	-1
127	172	-1
127	173	-1
127	174	1
127	177	-1
127	178	-1
127	179	1
127	181	-1
127	182	1
127	183	1
127	184	1
127	186	-1
127	187	1
127	188	1
127	189	-1
127	190	-1
127	191	-1
127	192	-1
127	194	1
127	195	-1
127	198	1
127	200	-1
127	201	1
127	207	1
127	209	-1
127	210	-1
127	211	-1
127	215	-1
127	217	1
127	218	-1
127	219	1
127	221	-1
127	222	-1
127	225	1
127	226	-1
127	228	1
127	231	1
127	234	1
127	235	-1
127	236	1
127	237	1
127	238	-1
127	246	-1
127	249	1
128	129	1
128	130	1
128	131	1
128	132	1
128	135	-1
128	139	-1
128	140	1
128	141	1
128	145	1
128	147	1
128	149	1
128	151	-1
128	156	1
128	157	-1
128	158	1
128	161	1
128	162	1
128	164	1
128	165	1
128	166	1
128	167	1
128	168	-1
128	169	1
128	175	1
128	177	-1
128	178	-1
128	179	1
128	180	1
128	188	-1
128	189	-1
128	191	1
128	192	-1
128	196	1
128	197	1
128	201	-1
128	202	-1
128	203	-1
128	206	1
128	210	1
128	212	-1
128	214	-1
128	215	1
128	216	-1
128	223	-1
128	225	-1
128	226	-1
128	228	-1
128	229	1
128	230	1
128	231	-1
128	233	1
128	235	1
128	236	1
128	237	-1
128	239	-1
128	240	-1
128	242	1
128	243	1
128	245	-1
128	247	1
128	248	-1
129	130	-1
129	131	1
129	132	1
129	133	-1
129	134	1
129	135	-1
129	136	1
129	137	1
129	142	-1
129	147	1
129	148	-1
129	150	-1
129	156	1
129	159	1
129	160	1
129	162	-1
129	168	-1
129	169	1
129	170	-1
129	174	1
129	175	-1
129	177	-1
129	179	-1
129	181	-1
129	183	1
129	184	1
129	187	1
129	189	-1
129	192	-1
129	193	1
129	195	-1
129	197	1
129	199	1
129	200	1
129	201	-1
129	204	-1
129	205	1
129	206	-1
129	207	-1
129	210	1
129	212	-1
129	219	1
129	220	-1
129	221	-1
129	222	-1
129	226	1
129	229	1
129	230	-1
129	231	-1
129	232	1
129	235	1
129	236	-1
129	238	-1
129	240	1
129	241	-1
129	242	1
129	244	-1
129	245	1
129	247	-1
130	131	1
130	134	-1
130	135	1
130	138	-1
130	142	1
130	144	1
130	145	-1
130	146	1
130	151	-1
130	153	1
130	155	-1
130	156	-1
130	157	1
130	159	-1
130	163	-1
130	164	1
130	166	1
130	170	1
130	174	-1
130	176	1
130	177	-1
130	179	1
130	180	1
130	184	-1
130	186	-1
130	187	-1
130	189	1
130	190	-1
130	192	1
130	194	1
130	196	-1
130	197	-1
130	198	-1
130	199	-1
130	201	-1
130	203	-1
130	204	-1
130	205	1
130	206	1
130	207	1
130	210	-1
130	212	1
130	214	-1
130	216	-1
130	217	1
130	220	1
130	221	-1
130	222	1
130	226	-1
130	232	-1
130	237	1
130	238	1
130	239	-1
130	246	1
130	247	1
130	248	-1
130	249	1
131	133	1
131	135	-1
131	138	1
131	139	1
131	140	-1
131	141	-1
131	142	-1
131	151	1
131	153	1
131	154	-1
131	155	1
131	156	-1
131	159	1
131	160	-1
131	161	-1
131	163	1
131	164	1
131	165	1
131	166	1
131	170	-1
131	171	-1
131	172	-1
131	173	1
131	175	1
131	176	-1
131	177	1
131	178	-1
131	183	-1
131	186	-1
131	190	1
131	191	1
131	192	1
131	198	1
131	204	1
131	206	1
131	211	1
131	212	-1
131	216	1
131	217	1
131	218	1
131	219	1
131	220	-1
131	221	1
131	226	1
131	227	-1
131	228	-1
131	229	1
131	230	1
131	231	-1
131	232	-1
131	234	1
131	235	-1
131	237	1
131	239	-1
131	240	1
131	242	1
131	243	-1
131	244	-1
131	246	1
132	133	-1
132	135	1
132	137	1
132	138	-1
132	140	-1
132	144	1
132	145	1
132	146	-1
132	147	-1
132	148	1
132	149	-1
132	150	-1
132	151	-1
132	155	1
132	157	-1
132	159	1
132	160	1
132	163	1
132	164	-1
132	165	1
132	166	-1
132	168	-1
132	169	1
132	172	1
132	175	-1
132	176	1
132	177	1
132	178	-1
132	179	-1
132	180	-1
132	181	-1
132	186	1
132	187	-1
132	188	-1
132	189	-1
132	191	-1
132	193	1
132	194	-1
132	195	1
132	196	1
132	197	1
132	199	-1
132	200	-1
132	203	1
132	205	1
132	206	1
132	207	-1
132	209	-1
132	210	-1
132	214	-1
132	218	1
132	220	-1
132	221	1
132	222	1
132	223	-1
132	225	-1
132	226	-1
132	227	-1
132	229	1
132	233	-1
132	234	1
132	237	-1
132	241	-1
132	242	-1
132	244	-1
132	248	1
132	249	1
133	137	-1
133	138	-1
133	139	-1
133	140	-1
133	141	1
133	143	1
133	144	-1
133	145	1
133	146	1
133	148	-1
133	149	-1
133	150	-1
133	152	-1
133	153	-1
133	154	1
133	161	1
133	163	-1
133	165	-1
133	166	-1
133	167	-1
133	169	-1
133	170	-1
133	171	-1
133	173	-1
133	174	-1
133	178	1
133	180	1
133	184	1
133	187	-1
133	188	-1
133	189	1
133	191	-1
133	193	1
133	196	1
133	197	-1
133	199	1
133	200	-1
133	202	-1
133	203	-1
133	205	-1
133	206	-1
133	207	-1
133	208	1
133	210	1
133	215	-1
133	217	-1
133	219	1
133	222	-1
133	226	-1
133	227	-1
133	233	-1
133	235	1
133	236	1
133	237	1
133	238	-1
133	240	1
133	245	1
133	248	1
134	138	-1
134	139	-1
134	147	1
134	150	1
134	151	-1
134	152	1
134	153	-1
134	155	1
134	157	1
134	163	-1
134	164	-1
134	165	1
134	166	-1
134	167	1
134	168	1
134	170	1
134	171	-1
134	172	-1
134	174	1
134	175	-1
134	177	1
134	182	-1
134	186	1
134	190	1
134	191	1
134	192	1
134	194	1
134	196	1
134	197	-1
134	198	-1
134	199	-1
134	201	-1
134	205	-1
134	206	1
134	210	1
134	211	1
134	212	1
134	215	1
134	216	-1
134	217	-1
134	218	1
134	222	-1
134	226	-1
134	227	1
134	228	-1
134	231	-1
134	232	-1
134	233	1
134	236	-1
134	238	-1
134	239	-1
134	240	1
134	242	1
134	244	-1
134	246	1
134	248	-1
135	138	-1
135	139	1
135	141	-1
135	143	1
135	144	1
135	146	1
135	149	-1
135	151	1
135	156	1
135	160	1
135	161	1
135	162	1
135	164	-1
135	165	1
135	167	-1
135	168	-1
135	171	-1
135	172	-1
135	173	-1
135	174	1
135	176	-1
135	180	1
135	182	1
135	183	1
135	184	1
135	185	1
135	186	1
135	190	1
135	193	-1
135	199	1
135	200	-1
135	202	-1
135	203	-1
135	204	1
135	206	-1
135	208	1
135	209	-1
135	211	1
135	212	-1
135	213	1
135	215	-1
135	216	-1
135	222	1
135	223	-1
135	224	-1
135	226	-1
135	227	-1
135	228	-1
135	231	1
135	233	1
135	234	1
135	236	1
135	244	1
135	245	-1
135	247	1
135	248	1
136	137	1
136	139	1
136	140	1
136	147	1
136	148	1
136	150	-1
136	154	-1
136	155	-1
136	157	1
136	158	-1
136	160	1
136	164	1
136	165	-1
136	166	1
136	167	-1
136	168	1
136	170	-1
136	173	-1
136	175	1
136	177	1
136	178	-1
136	179	-1
136	180	1
136	181	-1
136	183	1
136	185	-1
136	186	-1
136	188	-1
136	189	-1
136	190	-1
136	193	1
136	194	-1
136	196	-1
136	198	-1
136	202	1
136	204	1
136	211	-1
136	212	1
136	213	-1
136	214	-1
136	215	1
136	218	-1
136	219	1
136	220	1
136	222	1
136	223	-1
136	224	1
136	225	1
136	226	-1
136	228	1
136	229	1
136	231	-1
136	232	-1
136	233	1
136	234	1
136	235	1
136	236	-1
136	240	-1
136	242	1
136	243	-1
136	245	-1
136	246	-1
136	248	-1
137	140	-1
137	141	1
137	142	1
137	144	1
137	145	-1
137	146	-1
137	148	1
137	149	-1
137	151	-1
137	154	-1
137	155	1
137	159	1
137	161	-1
137	163	1
137	164	1
137	171	-1
137	172	-1
137	173	-1
137	176	-1
137	177	1
137	178	-1
137	182	-1
137	188	-1
137	191	-1
137	192	-1
137	195	-1
137	198	-1
137	200	1
137	201	-1
137	204	-1
137	206	1
137	207	1
137	208	-1
137	209	-1
137	210	1
137	211	-1
137	212	-1
137	213	1
137	217	-1
137	218	-1
137	221	-1
137	222	-1
137	226	-1
137	229	-1
137	230	1
137	232	1
137	233	1
137	237	1
137	239	-1
137	240	-1
137	242	-1
137	243	1
137	246	-1
137	247	-1
137	248	-1
138	139	1
138	145	-1
138	147	1
138	148	-1
138	149	1
138	154	1
138	156	1
138	158	-1
138	159	-1
138	160	1
138	162	1
138	164	1
138	166	-1
138	167	-1
138	169	1
138	170	1
138	171	1
138	172	-1
138	174	1
138	175	-1
138	176	-1
138	180	-1
138	183	1
138	188	-1
138	189	-1
138	190	-1
138	191	-1
138	192	1
138	196	1
138	199	1
138	203	-1
138	205	-1
138	206	1
138	209	-1
138	211	-1
138	212	1
138	214	-1
138	215	1
138	217	-1
138	221	1
138	223	-1
138	224	1
138	225	-1
138	226	-1
138	227	-1
138	229	-1
138	231	-1
138	232	-1
138	233	1
138	236	-1
138	237	-1
138	239	-1
138	241	1
138	242	1
138	246	1
138	247	-1
138	249	1
139	140	-1
139	141	1
139	143	1
139	145	-1
139	146	-1
139	147	1
139	150	-1
139	155	-1
139	156	-1
139	158	1
139	162	-1
139	164	1
139	167	-1
139	169	-1
139	171	-1
139	176	1
139	177	-1
139	179	1
139	180	1
139	181	1
139	182	1
139	185	-1
139	188	1
139	189	-1
139	190	1
139	196	-1
139	197	-1
139	203	1
139	205	-1
139	206	1
139	208	1
139	209	-1
139	210	-1
139	211	1
139	212	1
139	213	-1
139	214	1
139	215	1
139	216	-1
139	218	-1
139	220	1
139	221	-1
139	225	-1
139	226	1
139	228	1
139	230	-1
139	233	-1
139	234	1
139	237	1
139	239	-1
139	246	1
139	249	1
140	143	-1
140	149	-1
140	152	-1
140	153	-1
140	154	1
140	157	-1
140	160	-1
140	161	-1
140	162	1
140	163	-1
140	164	-1
140	165	-1
140	167	-1
140	169	1
140	170	-1
140	173	1
140	175	1
140	177	-1
140	178	-1
140	179	1
140	181	1
140	183	1
140	184	-1
140	185	-1
140	186	-1
140	189	-1
140	191	1
140	192	-1
140	194	1
140	196	1
140	198	-1
140	199	1
140	201	1
140	203	-1
140	205	1
140	206	-1
140	207	1
140	208	1
140	209	1
140	213	1
140	214	1
140	215	1
140	216	-1
140	217	1
140	219	1
140	221	-1
140	222	1
140	229	-1
140	230	-1
140	233	-1
140	234	-1
140	239	1
140	240	1
140	244	1
140	245	1
140	246	1
140	248	-1
140	249	-1
141	142	-1
141	143	1
141	144	-1
141	145	-1
141	147	-1
141	149	1
141	150	1
141	151	1
141	152	1
141	156	1
141	157	1
141	158	-1
141	159	-1
141	161	-1
141	163	1
141	164	1
141	165	-1
141	166	1
141	167	1
141	172	-1
141	173	-1
141	174	-1
141	175	-1
141	176	1
141	177	-1
141	178	-1
141	180	1
141	181	-1
141	182	-1
141	183	1
141	184	1
141	185	1
141	186	1
141	187	-1
141	188	-1
141	189	1
141	192	-1
141	199	-1
141	200	-1
141	201	1
141	202	1
141	203	-1
141	205	-1
141	207	1
141	208	1
141	209	-1
141	215	-1
141	221	1
141	225	-1
141	226	1
141	231	-1
141	232	-1
141	234	-1
141	238	1
141	239	1
141	240	1
141	241	1
141	242	-1
141	243	-1
141	245	1
142	144	-1
142	148	1
142	149	1
142	150	-1
142	151	-1
142	153	1
142	154	-1
142	159	1
142	161	1
142	164	1
142	166	1
142	167	1
142	168	-1
142	170	-1
142	172	-1
142	173	1
142	174	-1
142	179	-1
142	181	-1
142	183	-1
142	185	1
142	186	1
142	188	1
142	189	1
142	190	1
142	192	-1
142	193	-1
142	194	-1
142	195	1
142	199	1
142	203	-1
142	205	-1
142	207	-1
142	212	1
142	215	1
142	216	1
142	218	1
142	220	-1
142	226	-1
142	229	1
142	230	-1
142	231	1
142	233	-1
142	234	-1
142	235	-1
142	237	-1
142	239	1
142	241	1
142	242	-1
142	244	1
142	246	-1
142	248	-1
142	249	-1
143	149	-1
143	150	1
143	152	1
143	153	-1
143	156	1
143	157	1
143	160	1
143	162	1
143	168	1
143	174	-1
143	175	1
143	177	-1
143	178	1
143	179	-1
143	180	1
143	181	1
143	183	-1
143	184	-1
143	188	-1
143	189	1
143	194	-1
143	195	1
143	201	-1
143	202	1
143	203	-1
143	204	1
143	205	1
143	206	-1
143	207	-1
143	208	-1
143	209	-1
143	210	1
143	211	-1
143	212	1
143	213	-1
143	215	-1
143	216	-1
143	217	1
143	222	-1
143	223	-1
143	226	1
143	227	-1
143	229	-1
143	230	1
143	231	1
143	233	1
143	234	1
143	235	1
143	239	1
143	240	-1
143	242	-1
143	245	-1
143	249	-1
144	145	-1
144	146	-1
144	161	1
144	170	-1
144	172	-1
144	173	-1
144	174	1
144	175	-1
144	176	-1
144	178	1
144	179	1
144	183	-1
144	185	-1
144	187	1
144	189	1
144	191	1
144	192	1
144	194	-1
144	197	-1
144	200	1
144	201	-1
144	206	1
144	207	1
144	208	-1
144	209	1
144	210	1
144	211	1
144	213	1
144	214	1
144	218	1
144	219	-1
144	221	-1
144	226	-1
144	229	-1
144	230	1
144	231	1
144	232	-1
144	233	1
144	236	1
144	237	-1
144	238	-1
144	239	1
144	242	1
144	244	-1
144	245	-1
144	246	-1
144	247	1
144	248	-1
144	249	1
145	147	-1
145	149	1
145	151	-1
145	153	1
145	154	1
145	156	-1
145	157	1
145	158	-1
145	159	1
145	161	-1
145	166	-1
145	169	-1
145	170	1
145	171	-1
145	173	1
145	174	-1
145	175	-1
145	176	1
145	178	-1
145	180	-1
145	182	1
145	183	-1
145	184	1
145	185	1
145	186	-1
145	187	1
145	190	-1
145	194	1
145	196	-1
145	197	-1
145	198	1
145	199	1
145	200	-1
145	203	-1
145	204	-1
145	206	1
145	209	1
145	214	-1
145	216	1
145	217	-1
145	218	-1
145	219	-1
145	226	1
145	228	-1
145	230	-1
145	231	1
145	232	1
145	233	-1
145	236	1
145	237	1
145	238	-1
145	244	1
145	245	-1
145	247	-1
146	147	1
146	149	-1
146	150	-1
146	153	1
146	154	1
146	155	-1
146	157	1
146	159	-1
146	161	1
146	162	-1
146	163	-1
146	164	-1
146	169	-1
146	170	-1
146	171	-1
146	172	-1
146	177	1
146	178	-1
146	182	1
146	185	-1
146	187	1
146	188	1
146	189	1
146	192	1
146	193	-1
146	194	1
146	195	-1
146	198	-1
146	202	1
146	204	-1
146	205	-1
146	210	1
146	211	-1
146	214	1
146	215	1
146	216	-1
146	217	1
146	218	-1
146	222	-1
146	223	-1
146	224	1
146	226	-1
146	227	1
146	228	-1
146	229	1
146	230	-1
146	233	1
146	236	-1
146	237	-1
146	238	1
146	240	-1
146	241	1
146	242	-1
146	243	1
146	245	1
146	246	1
147	148	-1
147	151	1
147	152	-1
147	153	-1
147	154	-1
147	156	1
147	157	-1
147	158	1
147	160	-1
147	161	1
147	162	-1
147	164	-1
147	165	-1
147	167	1
147	169	1
147	172	1
147	175	1
147	176	1
147	178	-1
147	180	1
147	183	1
147	184	-1
147	186	-1
147	187	-1
147	192	1
147	194	1
147	195	1
147	197	-1
147	205	-1
147	208	1
147	212	-1
147	213	-1
147	215	1
147	216	1
147	220	1
147	221	-1
147	222	1
147	225	-1
147	226	1
147	227	1
147	229	1
147	232	1
147	234	1
147	236	-1
147	238	1
147	240	1
147	242	1
147	245	1
148	150	-1
148	154	1
148	156	1
148	159	-1
148	160	1
148	161	1
148	164	1
148	166	1
148	167	1
148	169	1
148	170	-1
148	171	-1
148	175	1
148	176	-1
148	178	1
148	181	-1
148	182	-1
148	186	1
148	187	-1
148	188	-1
148	192	-1
148	193	-1
148	194	-1
148	196	1
148	197	-1
148	198	1
148	199	1
148	200	-1
148	203	-1
148	205	1
148	206	-1
148	207	1
148	208	1
148	210	1
148	211	1
148	212	-1
148	216	1
148	217	-1
148	220	-1
148	221	-1
148	223	-1
148	228	1
148	230	-1
148	232	-1
148	233	-1
148	236	-1
148	238	1
148	239	1
148	242	1
148	246	-1
148	247	1
148	248	1
149	156	1
149	162	-1
149	165	1
149	166	-1
149	169	-1
149	170	1
149	173	-1
149	175	-1
149	179	-1
149	180	-1
149	181	1
149	182	1
149	183	-1
149	185	1
149	186	1
149	187	-1
149	188	-1
149	192	-1
149	195	1
149	196	-1
149	197	-1
149	199	-1
149	201	1
149	203	-1
149	204	1
149	205	1
149	209	-1
149	211	1
149	214	-1
149	215	1
149	216	-1
149	217	-1
149	219	-1
149	220	-1
149	222	1
149	223	-1
149	224	-1
149	227	-1
149	230	-1
149	234	-1
149	235	1
149	236	-1
149	237	-1
149	240	1
149	241	1
149	242	1
149	244	1
149	245	1
149	246	1
149	248	1
149	249	1
150	151	-1
150	158	1
150	159	1
150	162	-1
150	164	-1
150	165	-1
150	166	1
150	167	1
150	168	-1
150	169	-1
150	172	-1
150	174	1
150	175	1
150	177	-1
150	178	1
150	179	1
150	180	1
150	184	1
150	186	1
150	188	-1
150	189	1
150	190	1
150	192	-1
150	197	1
150	198	1
150	200	1
150	203	-1
150	205	-1
150	206	-1
150	207	1
150	209	-1
150	211	1
150	212	-1
150	213	1
150	218	-1
150	220	1
150	221	-1
150	222	1
150	223	1
150	224	1
150	225	-1
150	227	-1
150	228	1
150	230	-1
150	233	1
150	234	1
150	235	-1
150	238	1
150	239	-1
150	241	-1
150	244	1
150	245	1
150	247	-1
151	152	1
151	159	1
151	161	-1
151	162	1
151	165	-1
151	167	1
151	169	1
151	170	1
151	171	-1
151	172	1
151	177	1
151	178	1
151	182	-1
151	183	-1
151	184	1
151	194	-1
151	195	1
151	197	1
151	200	-1
151	201	-1
151	202	-1
151	203	-1
151	206	-1
151	209	1
151	210	1
151	212	1
151	214	1
151	215	-1
151	216	1
151	218	-1
151	219	-1
151	221	-1
151	224	1
151	226	-1
151	227	1
151	231	-1
151	234	-1
151	237	-1
151	239	1
151	241	1
151	242	1
151	243	1
151	244	1
151	245	-1
151	246	1
151	247	-1
152	154	1
152	156	-1
152	161	1
152	162	1
152	163	1
152	164	1
152	166	1
152	168	-1
152	171	-1
152	173	1
152	174	1
152	177	-1
152	178	-1
152	180	-1
152	183	-1
152	190	-1
152	194	1
152	196	-1
152	198	1
152	199	1
152	201	1
152	203	1
152	204	-1
152	205	1
152	206	-1
152	207	1
152	208	1
152	210	-1
152	211	1
152	212	-1
152	216	1
152	217	-1
152	218	-1
152	219	1
152	221	-1
152	222	1
152	224	1
152	225	-1
152	226	1
152	234	1
152	239	-1
152	240	1
152	241	1
152	243	-1
152	246	1
152	248	1
152	249	-1
153	155	-1
153	156	1
153	157	-1
153	161	-1
153	162	1
153	163	-1
153	166	1
153	167	-1
153	168	1
153	169	-1
153	170	-1
153	177	1
153	178	1
153	179	-1
153	180	1
153	181	1
153	183	1
153	186	-1
153	187	-1
153	189	1
153	191	1
153	194	-1
153	196	-1
153	199	-1
153	200	-1
153	203	-1
153	204	-1
153	205	-1
153	206	1
153	207	1
153	208	-1
153	210	-1
153	213	-1
153	214	1
153	215	1
153	219	-1
153	220	1
153	224	-1
153	227	-1
153	228	-1
153	229	1
153	235	1
153	237	1
153	238	1
153	239	1
153	240	1
153	241	1
153	242	1
153	244	-1
153	246	-1
153	247	-1
154	155	1
154	158	-1
154	159	1
154	165	-1
154	166	1
154	167	1
154	174	1
154	178	-1
154	179	-1
154	180	1
154	181	-1
154	183	1
154	186	1
154	190	-1
154	192	-1
154	193	-1
154	196	1
154	198	1
154	200	1
154	201	-1
154	203	-1
154	204	-1
154	205	-1
154	207	-1
154	209	-1
154	213	1
154	216	1
154	217	1
154	219	-1
154	221	-1
154	224	1
154	225	1
154	226	1
154	229	-1
154	230	1
154	235	1
154	238	-1
154	244	-1
154	245	1
154	249	-1
155	156	-1
155	161	-1
155	162	-1
155	164	-1
155	170	1
155	171	1
155	172	-1
155	173	-1
155	174	1
155	175	-1
155	182	-1
155	183	-1
155	184	-1
155	185	1
155	186	-1
155	187	1
155	191	-1
155	192	-1
155	193	1
155	194	1
155	196	1
155	199	-1
155	202	1
155	207	1
155	208	1
155	211	1
155	213	1
155	214	-1
155	218	1
155	219	1
155	220	1
155	223	-1
155	224	-1
155	227	-1
155	228	-1
155	230	-1
155	232	-1
155	234	-1
155	235	-1
155	236	1
155	237	-1
155	238	1
155	239	1
155	240	-1
155	244	-1
155	245	-1
155	248	1
155	249	-1
156	157	-1
156	165	-1
156	168	1
156	169	-1
156	170	1
156	173	-1
156	175	1
156	176	1
156	179	-1
156	180	-1
156	183	-1
156	185	1
156	186	1
156	188	-1
156	191	1
156	193	-1
156	199	-1
156	200	1
156	202	1
156	203	1
156	206	-1
156	207	-1
156	212	-1
156	213	1
156	214	1
156	216	1
156	217	1
156	218	-1
156	220	1
156	222	1
156	223	-1
156	226	-1
156	227	-1
156	238	1
156	239	-1
156	242	1
156	243	1
156	244	-1
156	246	-1
156	248	-1
157	158	1
157	161	-1
157	163	-1
157	164	-1
157	167	-1
157	169	-1
157	170	1
157	176	-1
157	177	-1
157	180	-1
157	182	-1
157	186	1
157	188	-1
157	189	-1
157	191	-1
157	197	1
157	198	1
157	199	-1
157	200	1
157	203	1
157	204	-1
157	208	1
157	209	1
157	210	1
157	213	-1
157	214	-1
157	222	-1
157	223	-1
157	224	-1
157	226	-1
157	228	-1
157	230	1
157	231	-1
157	232	1
157	234	-1
157	237	1
157	245	1
157	249	1
158	160	1
158	161	1
158	163	1
158	166	1
158	167	1
158	168	1
158	169	-1
158	170	1
158	174	1
158	176	1
158	183	1
158	187	-1
158	190	-1
158	193	1
158	195	1
158	196	-1
158	198	1
158	199	1
158	202	1
158	203	-1
158	204	1
158	205	-1
158	207	-1
158	209	1
158	210	-1
158	216	-1
158	217	1
158	221	1
158	222	-1
158	223	1
158	226	-1
158	228	-1
158	229	-1
158	230	1
158	233	-1
158	235	-1
158	236	-1
158	237	1
158	238	-1
158	239	-1
158	241	1
158	243	-1
158	248	1
158	249	1
159	162	1
159	165	1
159	166	-1
159	171	1
159	173	-1
159	175	1
159	176	-1
159	179	1
159	180	-1
159	181	-1
159	182	1
159	184	1
159	186	1
159	187	1
159	188	1
159	190	-1
159	191	-1
159	193	-1
159	194	1
159	195	-1
159	197	-1
159	199	1
159	200	-1
159	202	1
159	203	-1
159	206	-1
159	207	-1
159	208	1
159	209	1
159	211	1
159	217	1
159	219	-1
159	222	1
159	225	-1
159	226	1
159	227	-1
159	228	1
159	229	1
159	230	-1
159	231	1
159	232	-1
159	233	-1
159	234	-1
159	238	-1
159	240	-1
159	243	1
159	244	-1
159	245	-1
159	246	-1
159	247	1
160	164	1
160	165	1
160	168	1
160	169	1
160	170	1
160	171	-1
160	172	1
160	178	1
160	182	1
160	184	-1
160	186	-1
160	189	-1
160	194	1
160	196	1
160	201	-1
160	202	1
160	207	1
160	208	-1
160	210	1
160	211	-1
160	213	-1
160	216	-1
160	225	-1
160	226	-1
160	227	1
160	234	1
160	235	-1
160	236	1
160	240	-1
160	241	1
160	243	1
160	248	1
160	249	-1
161	165	1
161	166	1
161	167	-1
161	174	-1
161	175	-1
161	176	1
161	177	-1
161	179	-1
161	181	1
161	184	1
161	188	1
161	191	-1
161	192	1
161	195	1
161	196	1
161	197	-1
161	198	-1
161	200	-1
161	202	1
161	207	1
161	208	-1
161	210	1
161	213	-1
161	214	-1
161	218	-1
161	220	-1
161	222	1
161	224	1
161	228	1
161	230	1
161	231	1
161	239	1
161	241	1
161	246	-1
161	247	1
161	248	1
161	249	-1
162	167	-1
162	168	-1
162	171	-1
162	173	1
162	174	1
162	175	-1
162	179	1
162	180	1
162	182	1
162	187	1
162	188	1
162	189	1
162	191	1
162	193	1
162	194	1
162	197	-1
162	199	1
162	201	1
162	202	-1
162	205	1
162	206	-1
162	207	1
162	208	1
162	209	1
162	210	1
162	213	-1
162	214	1
162	215	-1
162	221	-1
162	222	-1
162	224	1
162	225	-1
162	229	-1
162	232	-1
162	233	1
162	234	-1
162	235	1
162	236	1
162	238	-1
162	240	1
162	241	1
162	242	-1
162	244	-1
162	246	-1
162	247	1
163	165	1
163	166	1
163	167	-1
163	168	-1
163	169	1
163	175	1
163	176	-1
163	179	-1
163	180	-1
163	182	-1
163	184	1
163	186	1
163	187	-1
163	189	1
163	190	-1
163	192	-1
163	198	-1
163	199	1
163	202	1
163	204	1
163	205	1
163	206	1
163	207	1
163	209	-1
163	211	-1
163	212	1
163	216	1
163	217	1
163	218	1
163	221	-1
163	224	-1
163	225	1
163	229	1
163	230	-1
163	232	-1
163	233	1
163	234	-1
163	236	1
163	237	1
163	240	-1
163	244	-1
164	165	1
164	166	-1
164	167	-1
164	168	-1
164	170	-1
164	171	-1
164	172	-1
164	175	1
164	179	1
164	180	1
164	181	1
164	183	1
164	184	1
164	185	1
164	186	1
164	187	1
164	189	-1
164	192	1
164	195	-1
164	196	1
164	197	-1
164	198	1
164	200	-1
164	201	-1
164	202	-1
164	203	-1
164	207	1
164	208	1
164	212	-1
164	213	1
164	214	1
164	215	-1
164	217	1
164	221	1
164	223	1
164	225	-1
164	227	1
164	232	1
164	234	1
164	235	1
164	238	-1
164	245	1
164	246	1
164	247	1
164	248	-1
165	167	-1
165	170	1
165	174	-1
165	175	-1
165	178	-1
165	179	1
165	183	1
165	184	1
165	185	1
165	186	1
165	187	1
165	189	1
165	191	-1
165	192	-1
165	198	1
165	201	1
165	202	-1
165	203	-1
165	205	1
165	206	1
165	209	-1
165	210	1
165	212	1
165	213	-1
165	214	1
165	215	-1
165	217	-1
165	218	1
165	220	1
165	221	-1
165	223	-1
165	231	-1
165	234	-1
165	236	1
165	237	1
165	238	1
165	240	-1
165	241	-1
165	242	1
165	243	1
165	244	-1
165	245	-1
165	248	1
166	171	1
166	172	-1
166	173	1
166	174	-1
166	177	1
166	178	-1
166	179	1
166	183	1
166	186	1
166	187	-1
166	189	1
166	190	-1
166	194	1
166	195	-1
166	196	-1
166	200	1
166	202	1
166	203	-1
166	208	1
166	212	-1
166	213	-1
166	216	1
166	217	-1
166	220	-1
166	222	1
166	224	1
166	225	1
166	227	-1
166	229	-1
166	231	1
166	232	-1
166	233	-1
166	236	1
166	237	1
166	239	-1
166	242	1
166	244	-1
166	247	-1
166	248	-1
167	168	-1
167	171	-1
167	172	1
167	174	-1
167	176	1
167	177	1
167	179	-1
167	180	-1
167	181	-1
167	191	-1
167	192	1
167	193	1
167	195	1
167	199	-1
167	201	-1
167	202	1
167	203	-1
167	204	-1
167	205	1
167	207	-1
167	208	-1
167	211	1
167	212	1
167	214	1
167	215	-1
167	216	1
167	217	1
167	219	-1
167	222	-1
167	223	-1
167	225	1
167	227	-1
167	228	1
167	233	1
167	236	-1
167	238	1
167	242	1
167	244	-1
167	245	1
167	248	-1
167	249	-1
168	169	1
168	171	1
168	175	1
168	176	-1
168	177	1
168	178	1
168	179	-1
168	180	1
168	181	-1
168	182	-1
168	183	-1
168	184	1
168	185	1
168	190	-1
168	192	1
168	195	1
168	203	-1
168	205	-1
168	206	1
168	207	1
168	208	-1
168	209	-1
168	210	-1
168	211	-1
168	216	1
168	217	-1
168	218	1
168	219	1
168	220	-1
168	221	1
168	223	-1
168	230	1
168	231	-1
168	242	-1
168	245	-1
169	171	-1
169	174	1
169	176	1
169	178	1
169	179	1
169	180	1
169	182	1
169	183	-1
169	188	1
169	189	-1
169	190	1
169	194	-1
169	196	-1
169	197	-1
169	199	-1
169	201	-1
169	202	-1
169	203	1
169	204	-1
169	207	1
169	210	1
169	213	-1
169	215	1
169	219	-1
169	222	1
169	224	-1
169	225	-1
169	226	-1
169	227	1
169	229	-1
169	230	1
169	231	1
169	232	-1
169	233	-1
169	234	-1
169	235	-1
169	239	-1
169	240	1
170	171	1
170	172	-1
170	173	1
170	174	1
170	177	1
170	182	1
170	185	1
170	187	1
170	189	-1
170	190	1
170	192	-1
170	196	1
170	198	-1
170	199	1
170	201	1
170	206	1
170	207	1
170	208	1
170	209	1
170	210	-1
170	212	-1
170	214	-1
170	218	1
170	219	1
170	220	-1
170	222	1
170	223	1
170	225	-1
170	226	1
170	227	-1
170	228	1
170	230	1
170	233	1
170	234	1
170	235	1
170	236	1
170	240	1
170	242	1
170	247	-1
171	172	1
171	173	1
171	176	1
171	180	1
171	181	1
171	182	1
171	184	-1
171	185	1
171	186	1
171	187	1
171	188	1
171	189	1
171	190	1
171	192	-1
171	194	-1
171	195	-1
171	199	1
171	200	-1
171	201	-1
171	203	-1
171	204	1
171	208	-1
171	209	-1
171	210	1
171	212	1
171	214	1
171	217	1
171	218	1
171	220	-1
171	221	1
171	222	1
171	223	-1
171	224	-1
171	225	-1
171	227	-1
171	228	1
171	230	1
171	231	-1
171	233	-1
171	234	-1
171	235	1
171	237	-1
171	239	1
171	240	-1
171	242	-1
171	243	-1
171	244	1
171	245	1
171	248	1
172	173	1
172	174	-1
172	177	1
172	181	-1
172	187	-1
172	189	1
172	191	1
172	201	-1
172	202	1
172	204	-1
172	205	1
172	208	1
172	209	-1
172	210	-1
172	211	1
172	213	-1
172	214	1
172	216	-1
172	218	-1
172	219	1
172	221	-1
172	222	1
172	223	-1
172	228	1
172	229	1
172	230	1
172	233	-1
172	234	1
172	238	1
172	240	-1
172	243	-1
172	245	-1
172	246	-1
172	249	1
173	175	-1
173	178	-1
173	179	1
173	187	-1
173	188	-1
173	189	-1
173	191	-1
173	196	1
173	197	-1
173	199	-1
173	204	1
173	205	-1
173	206	-1
173	209	-1
173	211	-1
173	212	-1
173	213	1
173	215	-1
173	216	-1
173	218	1
173	220	1
173	221	1
173	224	-1
173	226	-1
173	232	1
173	233	-1
173	234	-1
173	236	1
173	238	-1
173	239	1
173	242	1
173	244	1
173	246	-1
173	247	1
173	248	1
174	179	1
174	181	1
174	183	1
174	186	-1
174	187	-1
174	189	1
174	194	-1
174	196	-1
174	198	-1
174	204	1
174	205	-1
174	207	1
174	209	-1
174	210	1
174	211	-1
174	213	-1
174	214	-1
174	215	-1
174	216	-1
174	217	-1
174	220	-1
174	223	1
174	224	-1
174	227	1
174	228	-1
174	232	-1
174	233	1
174	234	-1
174	235	1
174	237	1
174	238	1
174	239	1
174	240	1
174	244	1
174	245	-1
174	246	1
174	247	-1
174	249	-1
175	176	1
175	177	-1
175	178	1
175	179	-1
175	180	1
175	185	1
175	189	-1
175	192	-1
175	195	1
175	198	1
175	200	1
175	201	1
175	203	1
175	205	-1
175	210	-1
175	211	-1
175	212	1
175	214	1
175	217	1
175	219	1
175	221	1
175	222	-1
175	225	-1
175	230	-1
175	232	1
175	234	1
175	235	1
175	236	-1
175	237	-1
175	239	1
175	242	1
175	244	1
175	245	-1
175	246	1
175	249	-1
176	178	-1
176	181	-1
176	183	1
176	184	-1
176	186	-1
176	187	-1
176	188	1
176	189	1
176	190	1
176	192	-1
176	193	1
176	202	-1
176	203	1
176	206	1
176	207	-1
176	208	1
176	210	-1
176	211	1
176	215	1
176	219	-1
176	221	1
176	228	-1
176	229	1
176	230	1
176	231	-1
176	232	-1
176	235	-1
176	236	-1
176	237	1
176	238	-1
176	242	1
176	244	1
176	245	-1
176	246	1
177	181	1
177	183	-1
177	186	-1
177	189	1
177	191	-1
177	194	1
177	195	-1
177	196	1
177	198	1
177	200	-1
177	204	1
177	206	-1
177	211	1
177	212	1
177	213	-1
177	214	1
177	215	1
177	219	-1
177	220	-1
177	221	1
177	223	1
177	224	-1
177	225	1
177	226	-1
177	231	1
177	232	-1
177	234	-1
177	235	-1
177	237	-1
177	239	1
177	242	1
177	247	1
177	249	-1
178	182	1
178	183	1
178	184	1
178	188	-1
178	192	1
178	194	1
178	195	-1
178	196	-1
178	198	-1
178	201	1
178	202	1
178	205	-1
178	208	-1
178	211	1
178	214	1
178	216	-1
178	217	-1
178	221	-1
178	222	-1
178	223	-1
178	225	-1
178	226	-1
178	227	-1
178	229	-1
178	233	-1
178	237	1
178	238	1
178	240	1
178	241	1
178	244	-1
178	245	1
178	247	1
179	180	1
179	182	-1
179	183	-1
179	185	-1
179	186	-1
179	187	-1
179	192	-1
179	193	-1
179	194	1
179	202	-1
179	212	1
179	213	1
179	214	1
179	216	1
179	218	1
179	220	1
179	221	1
179	222	1
179	225	1
179	227	-1
179	228	1
179	230	-1
179	231	-1
179	234	1
179	235	1
179	236	1
179	239	1
179	242	-1
179	243	1
179	244	-1
179	246	-1
179	248	-1
179	249	1
180	181	1
180	183	-1
180	184	1
180	186	-1
180	187	-1
180	189	-1
180	193	-1
180	194	-1
180	196	-1
180	197	-1
180	198	-1
180	199	1
180	201	1
180	202	-1
180	205	1
180	209	-1
180	213	-1
180	215	-1
180	217	-1
180	218	-1
180	219	1
180	220	-1
180	222	-1
180	224	-1
180	226	-1
180	228	1
180	230	-1
180	231	-1
180	232	1
180	235	-1
180	237	-1
180	239	-1
180	240	-1
180	243	-1
180	245	1
180	246	-1
181	186	1
181	188	1
181	189	-1
181	190	1
181	191	-1
181	192	1
181	194	-1
181	197	-1
181	198	1
181	199	-1
181	201	1
181	203	1
181	205	1
181	206	-1
181	208	1
181	209	-1
181	210	-1
181	211	-1
181	212	-1
181	214	-1
181	215	1
181	217	1
181	218	1
181	220	1
181	228	1
181	229	1
181	230	-1
181	231	1
181	232	1
181	236	-1
181	239	1
181	241	-1
181	243	-1
181	245	-1
181	248	1
182	184	1
182	185	-1
182	186	-1
182	189	-1
182	190	-1
182	191	-1
182	192	-1
182	193	1
182	194	-1
182	195	1
182	196	-1
182	197	-1
182	198	1
182	200	1
182	201	1
182	204	1
182	205	1
182	207	1
182	209	1
182	212	1
182	214	1
182	216	-1
182	218	-1
182	220	-1
182	221	1
182	222	-1
182	223	1
182	233	-1
182	234	1
182	235	-1
182	236	1
182	237	1
182	238	1
182	239	1
182	243	1
182	245	1
182	247	1
182	248	-1
182	249	-1
183	184	1
183	185	-1
183	188	1
183	189	1
183	192	-1
183	195	1
183	196	-1
183	197	1
183	198	1
183	200	-1
183	201	1
183	202	-1
183	204	1
183	205	1
183	207	-1
183	209	-1
183	211	-1
183	213	1
183	214	1
183	215	1
183	216	-1
183	222	1
183	226	1
183	234	-1
183	236	-1
183	238	-1
183	242	-1
183	243	-1
183	245	-1
183	248	1
183	249	-1
184	185	1
184	186	1
184	190	1
184	192	-1
184	193	-1
184	194	-1
184	196	1
184	197	-1
184	198	1
184	199	-1
184	201	-1
184	202	1
184	203	1
184	204	1
184	209	-1
184	210	1
184	212	-1
184	217	-1
184	218	1
184	220	1
184	221	1
184	222	-1
184	223	1
184	227	-1
184	228	-1
184	233	1
184	234	-1
184	235	-1
184	237	-1
184	239	1
184	240	1
184	242	1
184	243	1
184	244	1
184	245	1
184	246	-1
184	248	-1
185	187	1
185	189	1
185	192	-1
185	193	1
185	195	1
185	199	1
185	200	1
185	201	-1
185	203	1
185	204	1
185	208	1
185	209	-1
185	210	-1
185	212	1
185	213	-1
185	215	-1
185	217	1
185	218	1
185	219	1
185	220	1
185	223	-1
185	224	1
185	227	-1
185	229	1
185	233	1
185	234	-1
185	235	1
185	236	1
185	237	-1
185	238	1
185	239	-1
185	240	1
185	244	-1
185	246	1
185	247	1
185	248	1
186	187	-1
186	188	-1
186	190	1
186	198	-1
186	202	1
186	204	-1
186	206	-1
186	207	1
186	208	1
186	209	-1
186	212	1
186	215	1
186	216	1
186	217	1
186	218	1
186	219	-1
186	220	1
186	221	1
186	224	1
186	225	-1
186	226	1
186	228	-1
186	229	-1
186	230	1
186	238	-1
186	245	-1
186	248	-1
186	249	1
187	188	1
187	192	1
187	193	-1
187	195	-1
187	196	1
187	197	1
187	199	1
187	201	1
187	204	1
187	205	1
187	206	1
187	207	-1
187	209	-1
187	212	1
187	213	1
187	219	1
187	221	1
187	222	1
187	223	-1
187	224	-1
187	226	1
187	227	-1
187	229	1
187	231	-1
187	235	1
187	239	1
187	240	-1
187	242	1
187	244	1
187	245	-1
187	247	1
187	249	1
188	189	1
188	191	1
188	193	-1
188	194	-1
188	196	1
188	198	-1
188	205	1
188	209	1
188	210	1
188	211	-1
188	213	-1
188	214	1
188	217	1
188	218	1
188	219	1
188	224	-1
188	226	-1
188	232	-1
188	234	-1
188	237	1
188	239	1
188	242	1
188	243	1
188	244	1
188	249	-1
189	191	-1
189	193	1
189	194	1
189	195	1
189	198	-1
189	199	-1
189	200	-1
189	207	-1
189	208	-1
189	211	1
189	216	-1
189	220	-1
189	223	-1
189	229	-1
189	231	-1
189	233	-1
189	238	-1
189	240	1
189	245	-1
189	246	-1
189	248	1
189	249	-1
190	192	-1
190	193	-1
190	196	1
190	197	-1
190	198	-1
190	202	-1
190	205	-1
190	206	1
190	207	-1
190	208	-1
190	210	1
190	213	-1
190	215	1
190	216	-1
190	218	-1
190	223	1
190	226	-1
190	228	1
190	232	1
190	233	-1
190	235	-1
190	238	-1
190	239	-1
190	241	1
190	246	1
191	192	-1
191	193	-1
191	195	-1
191	198	-1
191	199	1
191	200	1
191	202	-1
191	203	-1
191	207	-1
191	208	-1
191	210	-1
191	213	1
191	217	-1
191	218	-1
191	221	-1
191	224	-1
191	227	-1
191	231	-1
191	233	1
191	234	1
191	236	-1
191	238	-1
191	239	1
191	241	-1
191	242	-1
191	243	1
191	244	1
191	248	-1
191	249	1
192	203	1
192	204	-1
192	206	1
192	208	1
192	210	1
192	212	1
192	219	1
192	220	-1
192	221	1
192	223	-1
192	224	1
192	225	1
192	226	1
192	229	1
192	230	-1
192	231	1
192	232	1
192	234	1
192	239	1
192	240	1
192	241	1
192	242	-1
192	247	-1
192	248	1
193	194	-1
193	196	1
193	197	-1
193	199	1
193	202	1
193	203	1
193	204	1
193	205	-1
193	208	1
193	209	1
193	212	1
193	214	1
193	216	1
193	217	-1
193	218	1
193	219	1
193	220	1
193	223	1
193	224	-1
193	227	1
193	230	-1
193	231	-1
193	232	1
193	233	-1
193	234	-1
193	237	-1
193	240	-1
193	244	1
193	247	-1
193	249	1
194	197	-1
194	199	1
194	201	-1
194	203	1
194	207	-1
194	208	-1
194	211	1
194	212	-1
194	217	-1
194	218	-1
194	219	-1
194	221	-1
194	224	1
194	225	-1
194	227	-1
194	228	1
194	231	-1
194	232	1
194	233	1
194	234	-1
194	235	-1
194	236	-1
194	239	-1
194	240	-1
194	242	-1
194	244	1
194	245	1
194	248	1
195	197	1
195	198	1
195	201	1
195	203	1
195	206	-1
195	207	-1
195	209	-1
195	210	-1
195	211	1
195	214	-1
195	215	1
195	217	1
195	219	-1
195	222	1
195	223	1
195	225	-1
195	226	1
195	227	-1
195	229	1
195	230	-1
195	232	1
195	234	-1
195	235	1
195	237	-1
195	238	-1
195	239	-1
195	240	1
195	243	-1
195	244	1
195	247	-1
195	248	1
196	197	-1
196	198	-1
196	199	1
196	202	-1
196	203	-1
196	205	1
196	207	1
196	209	1
196	215	1
196	216	1
196	217	1
196	220	-1
196	221	1
196	222	-1
196	225	1
196	226	-1
196	229	1
196	230	1
196	232	1
196	237	1
196	238	-1
196	240	-1
196	242	1
196	245	1
196	246	1
196	247	-1
196	248	-1
196	249	1
197	198	-1
197	200	-1
197	201	-1
197	202	-1
197	203	1
197	204	-1
197	205	1
197	207	-1
197	208	-1
197	209	-1
197	210	-1
197	212	-1
197	214	1
197	215	1
197	216	-1
197	217	1
197	218	1
197	219	1
197	220	1
197	221	1
197	223	1
197	227	-1
197	228	1
197	229	-1
197	232	1
197	234	-1
197	236	1
197	239	1
197	240	-1
197	242	1
197	244	1
197	245	1
197	249	-1
198	199	-1
198	200	1
198	202	1
198	203	-1
198	204	1
198	205	1
198	208	-1
198	209	1
198	211	-1
198	215	-1
198	220	-1
198	222	1
198	223	1
198	225	-1
198	226	-1
198	227	-1
198	230	1
198	231	-1
198	232	-1
198	233	1
198	237	-1
198	242	1
198	243	1
198	244	-1
198	245	1
198	247	1
198	249	-1
199	200	-1
199	204	1
199	205	1
199	206	-1
199	207	-1
199	208	-1
199	209	1
199	210	-1
199	216	-1
199	218	-1
199	220	-1
199	223	-1
199	224	-1
199	227	1
199	228	1
199	229	-1
199	230	1
199	233	-1
199	234	1
199	235	-1
199	236	-1
199	237	1
199	239	-1
199	242	1
199	244	1
199	245	-1
199	246	1
199	248	-1
200	205	-1
200	207	-1
200	210	1
200	211	1
200	216	-1
200	218	1
200	221	-1
200	223	1
200	224	1
200	227	1
200	228	1
200	230	-1
200	232	1
200	234	1
200	236	1
200	238	1
200	241	-1
200	243	-1
200	246	-1
200	248	-1
201	203	1
201	205	1
201	213	-1
201	218	-1
201	219	-1
201	220	-1
201	223	-1
201	224	1
201	226	-1
201	229	1
201	230	1
201	231	1
201	236	1
201	237	-1
201	238	1
201	241	1
201	242	-1
201	243	1
201	246	1
201	247	1
201	248	1
202	203	-1
202	205	1
202	206	1
202	208	1
202	211	1
202	214	1
202	215	1
202	219	-1
202	222	1
202	226	-1
202	227	1
202	229	1
202	230	-1
202	232	1
202	234	-1
202	235	-1
202	236	1
202	238	-1
202	239	1
202	241	-1
202	243	1
202	244	-1
202	247	-1
203	205	1
203	206	-1
203	208	-1
203	209	-1
203	210	1
203	211	-1
203	212	-1
203	213	1
203	219	-1
203	221	-1
203	223	-1
203	226	1
203	227	-1
203	228	1
203	236	-1
203	237	-1
203	240	-1
203	245	-1
203	248	1
204	206	-1
204	207	-1
204	208	1
204	211	1
204	213	-1
204	214	-1
204	215	1
204	216	1
204	218	1
204	219	-1
204	221	1
204	223	-1
204	225	1
204	226	1
204	228	1
204	229	-1
204	230	-1
204	235	1
204	236	-1
204	239	1
204	240	-1
204	242	-1
204	244	1
204	247	1
204	248	-1
204	249	1
205	206	1
205	208	1
205	209	1
205	213	1
205	216	-1
205	221	1
205	223	-1
205	224	1
205	226	-1
205	227	-1
205	229	1
205	233	-1
205	237	1
205	238	1
205	239	1
205	240	1
205	245	-1
205	248	-1
206	207	1
206	208	1
206	210	1
206	211	-1
206	212	1
206	213	1
206	218	-1
206	221	1
206	224	-1
206	225	-1
206	227	1
206	229	-1
206	231	-1
206	233	1
206	234	1
206	235	1
206	237	-1
206	240	1
206	243	-1
206	245	1
206	247	-1
207	208	-1
207	209	-1
207	210	1
207	212	-1
207	213	-1
207	217	1
207	218	1
207	219	1
207	220	1
207	221	-1
207	223	1
207	224	-1
207	225	1
207	227	-1
207	228	1
207	229	1
207	232	1
207	233	-1
207	236	-1
207	237	1
207	238	-1
207	240	-1
207	246	-1
207	247	-1
207	249	1
208	210	-1
208	213	1
208	214	1
208	215	1
208	216	-1
208	217	1
208	220	1
208	222	1
208	223	1
208	227	1
208	228	-1
208	229	-1
208	232	-1
208	234	1
208	235	1
208	236	1
208	240	1
208	245	-1
209	210	-1
209	212	-1
209	213	1
209	215	-1
209	216	1
209	217	1
209	220	-1
209	221	1
209	222	-1
209	225	-1
209	227	-1
209	228	-1
209	229	-1
209	232	1
209	236	-1
209	238	1
209	240	1
209	241	1
209	243	-1
209	244	-1
209	246	1
210	213	1
210	214	-1
210	217	1
210	218	-1
210	219	-1
210	220	1
210	221	-1
210	223	-1
210	224	1
210	226	-1
210	227	-1
210	229	1
210	230	1
210	231	-1
210	232	1
210	235	1
210	238	-1
210	243	1
210	245	-1
210	246	1
210	249	1
211	212	-1
211	214	-1
211	216	-1
211	218	1
211	219	-1
211	220	-1
211	222	1
211	223	-1
211	224	-1
211	226	-1
211	227	1
211	228	-1
211	229	1
211	236	-1
211	240	1
211	242	1
211	243	1
211	244	-1
211	245	-1
211	248	-1
211	249	-1
212	214	-1
212	216	1
212	218	1
212	220	1
212	222	-1
212	224	-1
212	225	1
212	226	1
212	227	-1
212	229	-1
212	231	1
212	232	1
212	234	1
212	236	-1
212	240	1
212	241	-1
212	242	1
212	245	-1
212	246	-1
212	249	-1
213	214	1
213	215	1
213	219	-1
213	220	1
213	221	1
213	222	1
213	224	1
213	225	1
213	227	-1
213	230	1
213	231	1
213	232	-1
213	234	1
213	237	-1
213	238	1
213	242	1
213	244	1
213	246	1
213	249	1
214	217	1
214	218	-1
214	220	-1
214	221	1
214	222	-1
214	226	-1
214	227	1
214	229	1
214	230	1
214	232	1
214	234	-1
214	239	1
214	240	-1
214	241	1
214	244	-1
214	245	-1
215	217	-1
215	218	-1
215	220	-1
215	221	1
215	222	1
215	223	-1
215	225	-1
215	229	-1
215	230	-1
215	231	1
215	232	1
215	234	1
215	236	-1
215	237	1
215	238	-1
215	240	1
215	241	1
215	244	1
215	246	1
215	247	1
215	248	1
215	249	-1
216	217	-1
216	220	1
216	222	1
216	223	-1
216	225	-1
216	233	-1
216	234	1
216	235	-1
216	237	1
216	240	-1
216	241	-1
216	243	1
216	246	1
216	248	1
216	249	-1
217	218	-1
217	219	1
217	220	1
217	222	-1
217	225	-1
217	226	1
217	228	1
217	230	-1
217	232	-1
217	233	1
217	240	-1
217	241	-1
217	242	-1
217	245	1
217	247	-1
217	249	1
218	222	-1
218	223	1
218	224	-1
218	225	-1
218	227	1
218	228	-1
218	232	1
218	233	1
218	237	-1
218	238	-1
218	239	-1
218	240	-1
218	241	-1
218	243	1
218	246	1
218	248	-1
218	249	1
219	221	-1
219	225	1
219	229	1
219	230	1
219	231	-1
219	233	-1
219	235	-1
219	236	1
219	237	-1
219	238	1
219	240	-1
219	243	-1
219	245	-1
219	246	-1
220	221	-1
220	222	1
220	224	-1
220	225	1
220	231	-1
220	233	1
220	234	1
220	235	-1
220	236	1
220	237	-1
220	239	-1
220	242	-1
220	243	1
220	244	1
220	246	1
220	247	1
221	225	1
221	226	1
221	228	1
221	230	1
221	231	1
221	232	-1
221	233	-1
221	234	-1
221	241	-1
221	242	1
221	243	1
221	244	-1
221	245	1
221	248	1
222	225	-1
222	226	-1
222	227	1
222	229	1
222	231	1
222	234	1
222	238	1
222	239	-1
222	240	-1
222	241	1
222	243	1
222	244	-1
222	245	-1
222	248	-1
222	249	-1
223	225	1
223	226	-1
223	227	-1
223	230	1
223	231	-1
223	234	-1
223	237	-1
223	238	-1
223	239	-1
223	240	1
223	243	1
223	244	-1
223	247	1
223	248	-1
223	249	-1
224	225	1
224	228	1
224	230	1
224	231	-1
224	232	1
224	237	-1
224	239	-1
224	244	-1
224	249	-1
225	227	1
225	230	1
225	231	1
225	232	1
225	233	-1
225	236	1
225	237	-1
225	239	1
225	243	1
225	244	-1
225	245	1
225	247	-1
225	249	-1
226	230	1
226	231	-1
226	234	-1
226	237	-1
226	238	1
226	239	1
226	240	-1
226	241	1
226	242	1
226	244	1
226	245	-1
226	247	1
226	249	-1
227	228	1
227	231	-1
227	234	-1
227	237	1
227	241	-1
227	245	-1
227	246	-1
228	231	-1
228	233	1
228	234	1
228	235	-1
228	241	-1
228	243	-1
228	244	-1
228	245	1
228	248	1
229	233	1
229	234	-1
229	236	1
229	237	-1
229	239	-1
229	240	-1
229	241	-1
229	242	-1
229	244	1
229	245	-1
229	246	1
229	247	-1
229	249	-1
230	231	1
230	233	1
230	237	-1
230	238	-1
230	239	1
230	241	1
230	242	-1
230	243	1
230	246	1
230	247	1
230	248	1
231	237	-1
231	238	1
231	239	-1
231	242	-1
231	244	1
231	246	1
231	247	1
231	248	1
232	236	1
232	237	-1
232	240	1
232	241	1
232	244	-1
232	249	1
233	237	1
233	238	-1
233	242	1
233	243	1
233	244	1
233	247	1
233	249	-1
234	239	1
234	242	1
234	245	1
234	247	-1
234	248	-1
234	249	-1
235	238	-1
235	239	-1
235	245	1
235	247	-1
236	240	-1
236	242	1
236	245	1
236	246	1
236	247	1
236	248	1
237	238	-1
237	239	1
237	243	1
237	244	-1
237	245	-1
237	247	1
238	242	1
238	243	-1
238	246	-1
238	247	1
238	248	-1
239	241	-1
239	246	-1
239	247	-1
239	248	-1
240	241	1
240	242	-1
240	243	-1
240	244	-1
240	245	1
240	248	-1
240	249	1
241	244	1
241	247	-1
241	249	1
242	243	-1
242	244	-1
242	246	-1
242	248	-1
242	249	1
243	246	1
243	247	-1
243	248	-1
243	249	-1
244	245	-1
244	246	1
244	247	1
245	247	-1
246	247	-1
246	248	-1
246	249	-1
247	249	1
248	249	-1
