# 250
0	1	1
0	3	-1
0	4	1
0	5	-1
0	6	1
0	7	1
0	8	1
0	9	1
0	10	1
0	12	1
0	13	1
0	14	1
0	15	1
0	16	1
0	17	1
0	18	1
0	19	-1
0	20	1
0	21	1
0	22	1
0	24	1
0	25	-1
0	26	-1
0	27	1
0	28	-1
0	29	-1
0	30	-1
0	31	-1
0	32	-1
0	33	-1
0	34	-1
0	36	-1
0	37	-1
0	38	-1
0	39	-1
0	40	-1
0	41	-1
0	42	-1
0	43	-1
0	44	-1
0	45	-1
0	46	-1
0	47	-1
0	48	-1
0	49	-1
0	50	-1
0	51	-1
0	57	-1
0	58	-1
0	63	1
0	67	-1
0	70	-1
0	71	-1
0	72	1
0	79	1
0	84	-1
0	85	1
0	86	1
0	90	1
0	93	-1
0	96	1
0	100	-1
0	108	-1
0	112	-1
0	114	1
0	115	1
0	116	-1
0	126	-1
0	129	-1
0	132	-1
0	133	1
0	134	1
0	136	1
0	139	-1
0	141	1
0	143	1
0	144	-1
0	148	-1
0	150	-1
0	151	-1
0	154	1
0	156	-1
0	159	1
0	161	-1
0	165	1
0	166	1
0	167	1
0	168	1
0	169	1
0	170	1
0	172	-1
0	174	-1
0	175	1
0	181	-1
0	184	1
0	186	1
0	187	1
0	189	1
0	192	1
0	198	-1
0	200	-1
0	204	1
0	207	1
0	208	1
0	214	-1
0	219	1
0	221	-1
0	224	-1
0	229	1
0	230	-1
0	234	1
0	235	-1
0	238	-1
0	240	-1
0	244	1
0	245	1
0	247	-1
0	249	1
1	2	1
1	3	1
1	4	1
1	5	1
1	6	1
1	7	1
1	8	1
1	9	1
1	10	1
1	11	1
1	12	1
1	13	1
1	14	1
1	15	1
1	16	-1
1	17	1
1	18	1
1	19	1
1	20	1
1	21	1
1	22	1
1	23	-1
1	24	1
1	26	-1
1	27	-1
1	28	-1
1	30	-1
1	31	-1
1	32	-1
1	33	-1
1	34	-1
1	35	-1
1	36	-1
1	37	1
1	38	-1
1	39	1
1	40	-1
1	41	-1
1	42	-1
1	43	-1
1	45	-1
1	46	-1
1	47	-1
1	48	-1
1	49	-1
1	50	1
1	56	-1
1	57	1
1	58	1
1	62	-1
1	65	-1
1	68	-1
1	71	-1
1	73	1
1	75	-1
1	81	-1
1	83	1
1	86	-1
1	90	1
1	93	1
1	97	-1
1	98	-1
1	100	-1
1	102	1
1	105	1
1	108	1
1	113	1
1	115	-1
1	117	1
1	121	-1
1	122	1
1	132	-1
1	135	-1
1	139	1
1	140	-1
1	141	1
1	147	1
1	155	-1
1	157	-1
1	159	1
1	160	-1
1	165	1
1	169	1
1	173	-1
1	174	-1
1	175	1
1	181	-1
1	187	-1
1	191	-1
1	194	1
1	196	1
1	198	1
1	202	1
1	204	1
1	207	1
1	213	-1
1	214	1
1	215	1
1	216	-1
1	219	-1
1	225	1
1	226	-1
1	230	-1
1	234	-1
1	235	1
1	237	-1
1	238	1
1	239	1
2	3	1
2	4	1
2	6	1
2	7	1
2	8	1
2	9	1
2	10	1
2	11	1
2	12	1
2	13	1
2	14	1
2	15	1
2	17	1
2	18	1
2	19	1
2	20	1
2	21	1
2	22	1
2	23	1
2	24	1
2	25	-1
2	26	-1
2	27	-1
2	28	-1
2	29	-1
2	30	-1
2	31	-1
2	32	-1
2	33	-1
2	34	-1
2	35	-1
2	36	-1
2	37	-1
2	38	-1
2	39	-1
2	40	-1
2	41	-1
2	43	-1
2	44	-1
2	45	-1
2	46	-1
2	47	-1
2	48	1
2	49	-1
2	50	1
2	51	-1
2	52	1
2	57	1
2	62	-1
2	71	-1
2	73	1
2	74	-1
2	75	-1
2	81	1
2	82	-1
2	83	-1
2	89	-1
2	91	1
2	92	-1
2	100	-1
2	101	-1
2	104	-1
2	106	1
2	107	1
2	108	-1
2	112	1
2	117	1
2	119	-1
2	123	-1
2	124	1
2	127	-1
2	129	-1
2	131	-1
2	137	1
2	144	-1
2	145	1
2	147	-1
2	148	1
2	151	1
2	155	-1
2	156	1
2	157	-1
2	162	1
2	163	1
2	165	1
2	171	1
2	172	1
2	173	-1
2	175	-1
2	176	-1
2	179	1
2	180	-1
2	181	1
2	185	1
2	189	1
2	190	1
2	193	-1
2	195	-1
2	200	-1
2	201	1
2	204	-1
2	206	-1
2	207	1
2	209	1
2	211	-1
2	212	-1
2	213	1
2	216	1
2	219	-1
2	221	-1
2	222	1
2	224	1
2	229	1
2	237	-1
2	238	1
2	239	-1
2	240	1
2	241	1
2	242	1
2	244	-1
2	246	1
3	4	1
3	5	1
3	6	-1
3	7	1
3	8	1
3	9	1
3	10	1
3	11	1
3	13	1
3	14	1
3	15	1
3	16	1
3	18	-1
3	19	1
3	20	1
3	21	1
3	22	1
3	23	1
3	24	1
3	25	-1
3	27	-1
3	28	-1
3	29	-1
3	30	-1
3	31	-1
3	32	-1
3	33	-1
3	34	-1
3	36	1
3	37	-1
3	38	-1
3	39	-1
3	40	-1
3	41	-1
3	42	-1
3	43	-1
3	44	-1
3	45	-1
3	46	-1
3	47	-1
3	48	-1
3	49	-1
3	52	-1
3	54	1
3	56	-1
3	58	1
3	59	-1
3	60	-1
3	62	-1
3	63	1
3	66	-1
3	71	-1
3	72	1
3	73	1
3	75	-1
3	82	-1
3	89	1
3	90	-1
3	91	-1
3	93	1
3	95	1
3	99	1
3	107	-1
3	109	-1
3	117	1
3	127	-1
3	129	1
3	130	1
3	133	1
3	136	-1
3	139	1
3	140	1
3	141	1
3	144	-1
3	148	1
3	150	-1
3	152	-1
3	156	1
3	161	-1
3	163	-1
3	165	-1
3	166	1
3	174	-1
3	176	1
3	180	-1
3	182	1
3	183	-1
3	184	1
3	186	-1
3	191	-1
3	193	-1
3	195	-1
3	196	-1
3	197	-1
3	198	1
3	205	1
3	206	1
3	207	1
3	208	1
3	209	-1
3	210	-1
3	212	1
3	213	-1
3	214	1
3	216	-1
3	220	1
3	229	-1
3	234	-1
3	236	1
3	237	1
3	243	1
4	5	1
4	6	1
4	7	1
4	8	1
4	9	1
4	11	1
4	12	1
4	13	1
4	14	1
4	15	1
4	16	1
4	17	1
4	18	1
4	19	1
4	20	1
4	21	1
4	22	1
4	23	1
4	24	1
4	25	-1
4	26	-1
4	27	-1
4	28	-1
4	29	-1
4	30	-1
4	31	-1
4	32	-1
4	33	-1
4	34	-1
4	35	-1
4	36	-1
4	37	-1
4	38	-1
4	39	-1
4	40	-1
4	41	-1
4	42	-1
4	43	-1
4	44	-1
4	47	-1
4	48	1
4	49	-1
4	56	-1
4	57	1
4	58	1
4	59	-1
4	71	1
4	72	-1
4	73	1
4	77	-1
4	79	1
4	83	-1
4	88	-1
4	89	-1
4	92	-1
4	99	1
4	106	1
4	108	1
4	110	-1
4	111	-1
4	113	-1
4	120	1
4	123	-1
4	125	-1
4	126	1
4	127	-1
4	131	1
4	134	1
4	139	1
4	142	1
4	144	-1
4	146	-1
4	149	1
4	150	-1
4	158	1
4	159	-1
4	160	1
4	170	-1
4	172	1
4	178	-1
4	180	1
4	182	-1
4	186	1
4	190	-1
4	192	1
4	195	-1
4	196	1
4	198	1
4	200	1
4	201	-1
4	202	-1
4	204	1
4	207	-1
4	210	-1
4	212	-1
4	214	-1
4	215	1
4	217	1
4	221	-1
4	222	-1
4	225	1
4	226	1
4	230	1
4	232	1
4	234	1
4	235	1
4	240	-1
4	242	-1
4	244	-1
4	245	1
4	247	-1
4	249	1
5	6	1
5	7	1
5	8	1
5	10	1
5	11	1
5	12	1
5	13	1
5	14	-1
5	15	1
5	16	1
5	17	1
5	18	1
5	19	1
5	20	1
5	21	1
5	22	1
5	23	1
5	24	1
5	25	-1
5	26	-1
5	27	-1
5	28	-1
5	29	-1
5	30	-1
5	31	-1
5	32	-1
5	33	-1
5	34	-1
5	35	-1
5	36	-1
5	37	-1
5	38	-1
5	39	-1
5	40	-1
5	41	-1
5	42	-1
5	43	-1
5	44	-1
5	45	-1
5	46	-1
5	47	-1
5	48	-1
5	49	-1
5	50	1
5	57	-1
5	60	1
5	62	-1
5	63	-1
5	65	1
5	66	-1
5	67	1
5	68	1
5	71	-1
5	76	-1
5	78	1
5	80	-1
5	85	1
5	86	1
5	90	1
5	92	-1
5	93	-1
5	95	1
5	96	-1
5	97	-1
5	100	1
5	102	1
5	103	-1
5	104	1
5	105	-1
5	107	1
5	108	1
5	109	-1
5	111	1
5	113	1
5	115	-1
5	121	-1
5	122	-1
5	126	-1
5	127	1
5	130	-1
5	132	-1
5	138	1
5	140	1
5	143	-1
5	147	1
5	155	-1
5	160	1
5	161	-1
5	162	-1
5	164	-1
5	169	1
5	173	-1
5	174	1
5	175	1
5	180	1
5	182	-1
5	183	1
5	184	1
5	185	-1
5	192	-1
5	193	-1
5	196	1
5	200	-1
5	204	1
5	205	-1
5	206	-1
5	207	-1
5	211	1
5	214	1
5	215	-1
5	218	-1
5	219	-1
5	220	-1
5	222	-1
5	224	-1
5	225	-1
5	230	-1
5	231	1
5	232	1
5	233	1
5	234	1
5	238	1
5	239	1
5	240	1
5	243	1
6	7	1
6	9	1
6	10	1
6	11	1
6	12	1
6	13	1
6	14	1
6	15	1
6	16	1
6	17	1
6	18	1
6	19	1
6	21	1
6	22	1
6	23	1
6	24	1
6	25	-1
6	26	-1
6	27	-1
6	28	-1
6	29	-1
6	30	-1
6	31	-1
6	32	-1
6	33	-1
6	34	-1
6	35	-1
6	36	-1
6	37	-1
6	38	-1
6	39	-1
6	40	-1
6	41	-1
6	42	-1
6	43	-1
6	44	-1
6	45	-1
6	46	-1
6	47	-1
6	48	1
6	50	1
6	54	-1
6	57	-1
6	59	-1
6	61	1
6	62	1
6	67	-1
6	68	1
6	71	-1
6	74	1
6	77	-1
6	78	1
6	79	1
6	83	1
6	84	-1
6	88	1
6	90	-1
6	92	1
6	97	1
6	102	-1
6	104	-1
6	106	-1
6	109	-1
6	111	-1
6	115	-1
6	120	1
6	121	1
6	123	-1
6	125	-1
6	129	1
6	130	-1
6	131	1
6	132	1
6	134	1
6	135	-1
6	136	-1
6	138	1
6	149	-1
6	150	1
6	152	-1
6	155	1
6	157	1
6	158	1
6	165	-1
6	169	1
6	170	1
6	175	1
6	176	-1
6	178	-1
6	183	1
6	184	-1
6	186	1
6	188	1
6	190	1
6	192	1
6	195	-1
6	198	-1
6	202	1
6	209	1
6	213	1
6	215	1
6	218	-1
6	222	-1
6	223	1
6	226	1
6	227	-1
6	228	-1
6	231	-1
6	233	-1
6	235	1
6	240	1
6	249	-1
7	8	1
7	9	1
7	10	1
7	11	1
7	12	1
7	13	1
7	14	1
7	15	1
7	16	1
7	17	1
7	18	1
7	19	1
7	20	1
7	21	1
7	22	1
7	23	1
7	24	1
7	25	-1
7	27	-1
7	29	-1
7	30	-1
7	31	1
7	32	-1
7	33	-1
7	35	-1
7	36	-1
7	38	-1
7	39	-1
7	40	-1
7	41	-1
7	43	-1
7	44	-1
7	45	-1
7	46	-1
7	47	-1
7	48	-1
7	49	-1
7	55	1
7	56	1
7	57	1
7	58	1
7	60	1
7	63	1
7	64	-1
7	68	-1
7	69	1
7	70	-1
7	73	1
7	75	-1
7	76	1
7	79	-1
7	80	-1
7	83	1
7	88	1
7	94	-1
7	95	1
7	98	1
7	99	1
7	100	-1
7	112	-1
7	117	-1
7	119	-1
7	122	1
7	124	1
7	128	-1
7	132	1
7	133	1
7	134	-1
7	144	-1
7	145	-1
7	148	-1
7	149	-1
7	154	-1
7	156	-1
7	158	-1
7	159	-1
7	160	1
7	161	1
7	163	-1
7	168	-1
7	169	1
7	174	-1
7	177	1
7	178	-1
7	184	1
7	186	-1
7	187	-1
7	188	-1
7	192	-1
7	193	1
7	202	1
7	204	-1
7	205	1
7	206	-1
7	207	1
7	209	1
7	211	1
7	215	1
7	216	1
7	217	1
7	220	1
7	224	-1
7	228	1
7	230	-1
7	233	-1
7	236	1
7	244	1
7	248	1
7	249	-1
8	9	1
8	10	1
8	11	1
8	12	1
8	13	1
8	14	1
8	15	1
8	16	1
8	17	1
8	18	1
8	19	1
8	20	1
8	21	1
8	22	1
8	23	1
8	24	1
8	25	1
8	26	-1
8	27	-1
8	28	-1
8	29	-1
8	30	-1
8	32	-1
8	33	-1
8	34	-1
8	35	1
8	36	-1
8	37	-1
8	38	-1
8	39	-1
8	40	-1
8	41	1
8	42	-1
8	43	-1
8	44	-1
8	45	-1
8	46	-1
8	47	-1
8	48	-1
8	49	-1
8	51	-1
8	53	-1
8	57	-1
8	61	1
8	62	-1
8	67	-1
8	69	-1
8	73	-1
8	88	1
8	90	1
8	91	1
8	95	-1
8	100	-1
8	102	-1
8	111	1
8	113	-1
8	114	-1
8	118	1
8	119	1
8	123	1
8	128	1
8	131	-1
8	133	-1
8	134	-1
8	137	1
8	142	1
8	147	1
8	149	-1
8	153	1
8	154	-1
8	156	-1
8	157	-1
8	158	1
8	164	1
8	166	-1
8	168	1
8	169	1
8	177	-1
8	178	1
8	182	-1
8	183	1
8	187	1
8	188	-1
8	196	-1
8	199	1
8	202	1
8	204	1
8	210	-1
8	213	1
8	216	-1
8	220	1
8	224	1
8	227	-1
8	228	1
8	229	-1
8	231	1
8	233	-1
8	234	1
8	235	1
8	237	-1
8	238	1
8	239	-1
8	240	1
8	248	1
9	10	1
9	11	1
9	12	1
9	13	1
9	15	1
9	16	1
9	17	1
9	18	1
9	19	1
9	20	1
9	21	1
9	22	1
9	23	-1
9	24	1
9	25	-1
9	26	-1
9	27	-1
9	28	-1
9	29	-1
9	30	-1
9	31	-1
9	32	-1
9	33	-1
9	34	-1
9	35	-1
9	36	-1
9	37	-1
9	38	-1
9	39	-1
9	40	-1
9	41	-1
9	42	-1
9	43	-1
9	44	-1
9	45	-1
9	46	-1
9	47	-1
9	48	-1
9	49	-1
9	50	-1
9	52	-1
9	54	-1
9	55	1
9	66	1
9	70	-1
9	71	-1
9	75	1
9	76	1
9	77	1
9	78	-1
9	79	-1
9	81	-1
9	82	1
9	83	1
9	88	1
9	92	-1
9	93	-1
9	94	-1
9	95	-1
9	97	-1
9	103	-1
9	104	-1
9	107	1
9	109	-1
9	115	1
9	116	1
9	120	1
9	121	1
9	122	1
9	124	1
9	126	1
9	128	-1
9	130	-1
9	133	1
9	137	-1
9	138	-1
9	140	1
9	142	1
9	153	1
9	156	1
9	162	-1
9	163	-1
9	166	1
9	168	1
9	169	-1
9	170	-1
9	174	-1
9	175	-1
9	176	-1
9	177	1
9	180	1
9	182	1
9	184	1
9	186	1
9	188	1
9	190	-1
9	191	-1
9	192	1
9	194	1
9	196	1
9	197	-1
9	202	1
9	203	-1
9	207	-1
9	210	-1
9	213	1
9	214	1
9	220	1
9	222	-1
9	229	1
9	231	1
9	235	1
9	237	-1
9	243	-1
9	246	1
10	11	1
10	12	-1
10	13	1
10	14	1
10	15	1
10	16	1
10	17	1
10	19	1
10	20	1
10	21	1
10	22	-1
10	23	1
10	24	-1
10	25	-1
10	26	-1
10	27	-1
10	28	-1
10	29	-1
10	30	-1
10	31	-1
10	32	-1
10	33	-1
10	34	-1
10	35	-1
10	36	-1
10	37	-1
10	38	-1
10	39	-1
10	40	-1
10	41	-1
10	42	-1
10	43	-1
10	44	-1
10	45	-1
10	46	-1
10	47	-1
10	48	-1
10	50	-1
10	53	1
10	54	1
10	55	1
10	56	1
10	60	-1
10	62	-1
10	64	1
10	65	-1
10	66	-1
10	68	1
10	70	-1
10	72	1
10	73	1
10	74	1
10	76	-1
10	77	1
10	79	1
10	80	1
10	82	-1
10	84	1
10	85	1
10	95	-1
10	104	1
10	105	1
10	107	-1
10	111	-1
10	114	1
10	116	-1
10	119	1
10	122	-1
10	125	1
10	126	-1
10	129	1
10	132	1
10	133	1
10	137	-1
10	140	-1
10	141	-1
10	144	-1
10	146	1
10	149	-1
10	150	-1
10	151	1
10	153	-1
10	159	-1
10	161	1
10	162	1
10	163	1
10	165	-1
10	169	-1
10	170	-1
10	172	-1
10	173	-1
10	178	-1
10	181	1
10	185	1
10	191	1
10	192	1
10	194	-1
10	196	1
10	197	-1
10	202	1
10	203	1
10	207	-1
10	210	1
10	212	1
10	216	-1
10	218	-1
10	219	1
10	227	-1
10	228	1
10	233	1
10	238	1
10	240	1
10	248	-1
10	249	1
11	12	1
11	13	1
11	14	1
11	15	1
11	16	1
11	17	1
11	18	1
11	19	1
11	20	1
11	21	1
11	22	1
11	24	1
11	25	-1
11	26	-1
11	27	-1
11	28	-1
11	30	-1
11	31	-1
11	32	1
11	33	-1
11	34	-1
11	36	-1
11	37	-1
11	38	-1
11	39	-1
11	40	-1
11	42	-1
11	43	-1
11	44	-1
11	45	-1
11	46	-1
11	47	-1
11	48	-1
11	49	-1
11	53	-1
11	56	-1
11	59	1
11	60	1
11	64	-1
11	65	1
11	66	-1
11	68	-1
11	72	-1
11	73	1
11	74	-1
11	75	-1
11	76	-1
11	77	1
11	81	-1
11	82	1
11	83	1
11	85	1
11	86	1
11	89	-1
11	91	-1
11	92	1
11	93	-1
11	94	-1
11	95	1
11	104	1
11	106	1
11	108	1
11	109	-1
11	112	-1
11	117	1
11	126	-1
11	130	-1
11	134	1
11	137	1
11	138	1
11	139	-1
11	140	1
11	141	1
11	144	-1
11	147	-1
11	148	1
11	149	-1
11	150	1
11	152	-1
11	154	1
11	155	-1
11	156	-1
11	162	1
11	165	-1
11	167	-1
11	168	-1
11	170	-1
11	175	1
11	178	-1
11	179	-1
11	180	-1
11	185	1
11	188	1
11	190	1
11	192	1
11	193	1
11	195	1
11	197	-1
11	198	-1
11	199	1
11	206	-1
11	209	-1
11	211	-1
11	215	1
11	217	-1
11	218	1
11	219	1
11	220	1
11	224	-1
11	225	1
11	229	-1
11	230	1
11	231	-1
11	235	-1
11	240	-1
11	242	-1
11	243	1
11	244	1
11	245	1
11	247	-1
12	13	1
12	14	1
12	15	1
12	16	-1
12	17	1
12	18	1
12	19	1
12	20	1
12	21	1
12	22	1
12	23	1
12	25	1
12	26	-1
12	27	-1
12	28	-1
12	29	-1
12	31	-1
12	32	-1
12	34	-1
12	35	1
12	36	-1
12	37	-1
12	38	-1
12	39	-1
12	40	1
12	41	-1
12	42	-1
12	43	-1
12	44	-1
12	45	-1
12	46	-1
12	47	-1
12	48	-1
12	54	1
12	58	1
12	59	-1
12	60	1
12	65	-1
12	66	-1
12	69	1
12	71	-1
12	72	1
12	73	1
12	74	-1
12	76	-1
12	77	1
12	86	-1
12	95	-1
12	96	-1
12	97	-1
12	99	1
12	101	-1
12	105	1
12	117	1
12	119	-1
12	124	1
12	126	-1
12	128	-1
12	131	1
12	132	-1
12	136	1
12	138	1
12	146	1
12	147	-1
12	148	-1
12	151	-1
12	154	1
12	156	-1
12	158	1
12	159	-1
12	162	-1
12	169	-1
12	172	-1
12	173	-1
12	174	-1
12	176	-1
12	177	-1
12	178	-1
12	183	-1
12	185	-1
12	186	1
12	188	1
12	191	-1
12	194	1
12	196	1
12	198	-1
12	202	-1
12	203	-1
12	206	1
12	207	1
12	209	-1
12	210	-1
12	213	-1
12	215	-1
12	216	-1
12	217	1
12	221	-1
12	222	-1
12	224	1
12	225	-1
12	234	1
12	236	1
12	240	-1
12	241	-1
12	242	1
12	243	-1
12	249	1
13	14	-1
13	15	1
13	16	1
13	17	-1
13	18	1
13	19	1
13	20	1
13	21	1
13	22	1
13	23	1
13	24	1
13	25	-1
13	26	-1
13	27	-1
13	28	-1
13	29	-1
13	31	-1
13	32	-1
13	33	-1
13	34	-1
13	35	-1
13	36	-1
13	37	-1
13	38	-1
13	40	-1
13	41	-1
13	42	-1
13	43	1
13	44	-1
13	45	-1
13	46	-1
13	47	-1
13	48	-1
13	49	-1
13	53	1
13	54	1
13	73	-1
13	77	1
13	81	1
13	83	-1
13	87	1
13	90	1
13	95	1
13	96	1
13	99	-1
13	102	-1
13	104	-1
13	105	1
13	107	1
13	108	1
13	111	1
13	113	-1
13	114	1
13	121	-1
13	122	1
13	125	1
13	130	-1
13	137	-1
13	141	1
13	142	1
13	144	-1
13	145	1
13	147	1
13	149	1
13	155	1
13	158	-1
13	160	1
13	164	-1
13	170	1
13	174	1
13	177	1
13	179	-1
13	181	1
13	185	1
13	187	-1
13	191	-1
13	199	-1
13	200	1
13	201	-1
13	202	-1
13	204	-1
13	205	-1
13	206	1
13	207	1
13	211	-1
13	216	-1
13	217	1
13	222	-1
13	224	-1
13	233	-1
13	234	-1
13	235	1
13	236	1
13	238	-1
13	241	1
13	243	-1
13	247	1
14	15	1
14	16	1
14	17	1
14	18	1
14	19	-1
14	20	-1
14	21	1
14	22	1
14	23	1
14	24	1
14	25	-1
14	26	-1
14	27	-1
14	28	-1
14	29	1
14	30	-1
14	31	-1
14	32	-1
14	33	-1
14	34	-1
14	35	-1
14	36	-1
14	37	-1
14	38	-1
14	39	-1
14	40	-1
14	41	-1
14	42	-1
14	43	-1
14	44	-1
14	45	-1
14	46	1
14	47	-1
14	48	-1
14	49	-1
14	50	1
14	55	1
14	56	1
14	58	1
14	59	-1
14	63	-1
14	64	-1
14	76	1
14	77	1
14	78	1
14	82	-1
14	83	1
14	84	1
14	88	1
14	89	-1
14	94	-1
14	103	1
14	105	1
14	106	-1
14	110	-1
14	114	-1
14	122	-1
14	123	-1
14	126	-1
14	131	1
14	134	-1
14	139	-1
14	140	1
14	144	-1
14	145	1
14	148	-1
14	149	-1
14	152	-1
14	154	1
14	155	-1
14	159	1
14	160	1
14	166	1
14	170	1
14	174	1
14	176	1
14	183	-1
14	185	-1
14	186	-1
14	187	-1
14	190	-1
14	191	-1
14	195	1
14	201	1
14	205	-1
14	206	1
14	207	-1
14	215	1
14	216	1
14	225	-1
14	229	-1
14	232	1
14	234	-1
14	237	1
14	240	-1
14	241	-1
14	248	1
14	249	-1
15	16	1
15	17	1
15	18	1
15	19	1
15	21	1
15	22	1
15	23	1
15	24	1
15	25	-1
15	27	-1
15	28	-1
15	29	-1
15	30	-1
15	31	-1
15	33	-1
15	34	-1
15	35	-1
15	36	-1
15	37	-1
15	38	-1
15	39	-1
15	40	-1
15	41	-1
15	42	-1
15	43	-1
15	44	-1
15	45	-1
15	46	-1
15	47	-1
15	48	-1
15	49	-1
15	50	-1
15	58	-1
15	62	-1
15	69	-1
15	70	-1
15	71	-1
15	73	1
15	78	-1
15	82	-1
15	85	1
15	88	-1
15	92	-1
15	94	-1
15	96	1
15	102	1
15	107	1
15	109	1
15	112	-1
15	115	-1
15	116	-1
15	118	-1
15	120	-1
15	123	-1
15	124	1
15	126	-1
15	135	1
15	140	1
15	142	1
15	144	-1
15	145	1
15	146	-1
15	147	-1
15	149	1
15	152	-1
15	155	-1
15	157	1
15	160	-1
15	163	-1
15	164	1
15	166	-1
15	168	1
15	175	-1
15	176	1
15	177	1
15	187	-1
15	193	-1
15	197	-1
15	205	1
15	207	1
15	217	-1
15	220	1
15	221	-1
15	222	-1
15	224	-1
15	225	-1
15	226	1
15	232	1
15	233	1
15	236	-1
15	237	1
15	238	1
15	240	-1
15	245	1
15	249	1
16	17	1
16	18	1
16	20	1
16	21	1
16	22	1
16	23	1
16	24	-1
16	25	-1
16	26	-1
16	27	-1
16	28	-1
16	29	-1
16	30	-1
16	31	-1
16	32	-1
16	33	-1
16	34	1
16	35	-1
16	36	-1
16	37	-1
16	38	-1
16	39	-1
16	40	-1
16	41	-1
16	42	-1
16	43	-1
16	44	-1
16	45	-1
16	46	-1
16	47	-1
16	48	-1
16	49	-1
16	50	-1
16	52	-1
16	53	-1
16	56	1
16	57	1
16	58	-1
16	59	-1
16	60	-1
16	61	1
16	62	1
16	64	-1
16	65	-1
16	66	-1
16	68	1
16	71	1
16	73	1
16	74	1
16	75	-1
16	77	-1
16	83	-1
16	86	-1
16	87	-1
16	88	-1
16	89	-1
16	90	1
16	91	-1
16	92	-1
16	95	1
16	100	-1
16	101	-1
16	102	1
16	103	-1
16	106	-1
16	107	-1
16	109	1
16	110	-1
16	114	1
16	116	1
16	118	-1
16	119	1
16	120	-1
16	124	-1
16	127	1
16	138	-1
16	140	-1
16	141	1
16	142	1
16	143	1
16	144	1
16	146	1
16	147	1
16	148	1
16	151	-1
16	156	-1
16	158	1
16	161	-1
16	165	1
16	166	-1
16	172	-1
16	173	1
16	176	-1
16	178	-1
16	188	-1
16	192	-1
16	196	1
16	197	-1
16	198	1
16	199	-1
16	201	-1
16	203	-1
16	204	1
16	205	-1
16	207	1
16	212	1
16	213	-1
16	220	-1
16	221	1
16	223	1
16	227	1
16	229	-1
16	230	-1
16	233	-1
16	234	1
16	236	1
16	239	-1
16	243	-1
17	18	1
17	19	1
17	20	1
17	21	1
17	22	1
17	23	1
17	24	1
17	25	-1
17	26	-1
17	27	-1
17	28	-1
17	29	-1
17	30	-1
17	31	-1
17	32	-1
17	33	-1
17	34	-1
17	35	1
17	36	-1
17	37	-1
17	38	-1
17	39	-1
17	40	-1
17	41	-1
17	42	-1
17	43	-1
17	44	-1
17	45	-1
17	46	-1
17	47	-1
17	48	-1
17	49	-1
17	51	1
17	54	-1
17	70	1
17	72	1
17	73	1
17	74	1
17	76	1
17	79	-1
17	83	-1
17	86	-1
17	89	1
17	94	1
17	97	1
17	98	1
17	99	1
17	100	1
17	102	-1
17	103	1
17	104	1
17	112	1
17	113	1
17	114	1
17	117	1
17	119	1
17	122	1
17	125	1
17	128	1
17	131	1
17	133	1
17	136	1
17	141	-1
17	147	-1
17	150	1
17	153	-1
17	155	-1
17	161	-1
17	167	-1
17	168	-1
17	170	1
17	182	1
17	185	-1
17	192	1
17	193	1
17	194	1
17	195	-1
17	201	1
17	202	1
17	203	-1
17	205	-1
17	206	-1
17	212	-1
17	217	1
17	219	1
17	224	-1
17	226	-1
17	227	-1
17	229	1
17	231	-1
17	238	1
17	239	1
17	240	1
17	243	-1
17	244	-1
17	246	1
17	247	-1
17	248	1
17	249	-1
18	19	1
18	20	1
18	21	1
18	22	1
18	23	1
18	24	1
18	25	-1
18	26	-1
18	27	-1
18	28	-1
18	29	-1
18	30	-1
18	31	1
18	33	-1
18	34	-1
18	35	-1
18	36	-1
18	37	-1
18	38	-1
18	39	-1
18	40	-1
18	41	-1
18	42	-1
18	43	-1
18	44	-1
18	45	-1
18	46	-1
18	47	-1
18	48	-1
18	49	-1
18	50	1
18	53	-1
18	58	-1
18	66	-1
18	67	1
18	68	-1
18	69	1
18	72	1
18	74	1
18	75	1
18	76	-1
18	80	-1
18	81	-1
18	86	-1
18	87	-1
18	90	1
18	92	-1
18	93	-1
18	94	1
18	98	-1
18	100	1
18	101	1
18	102	1
18	111	1
18	121	1
18	122	1
18	123	-1
18	124	-1
18	133	-1
18	136	1
18	137	-1
18	138	-1
18	143	1
18	144	-1
18	146	-1
18	149	-1
18	150	1
18	152	-1
18	153	1
18	161	1
18	163	1
18	164	1
18	165	-1
18	166	1
18	167	1
18	170	-1
18	171	1
18	178	1
18	182	1
18	184	-1
18	188	-1
18	191	-1
18	192	1
18	196	1
18	199	-1
18	203	-1
18	207	-1
18	208	1
18	209	-1
18	210	-1
18	212	-1
18	214	1
18	220	-1
18	221	1
18	225	-1
18	227	1
18	230	1
18	232	1
18	235	-1
18	236	1
18	238	-1
18	242	1
18	243	-1
18	244	-1
18	247	1
19	20	1
19	21	1
19	22	1
19	23	1
19	24	1
19	25	-1
19	26	-1
19	27	-1
19	28	-1
19	29	-1
19	30	-1
19	31	-1
19	32	-1
19	33	-1
19	34	-1
19	35	-1
19	36	-1
19	37	1
19	38	-1
19	39	-1
19	40	-1
19	41	-1
19	42	-1
19	43	-1
19	44	-1
19	45	-1
19	46	-1
19	47	-1
19	48	-1
19	49	-1
19	53	-1
19	64	-1
19	66	1
19	73	-1
19	77	1
19	80	1
19	83	-1
19	86	1
19	88	-1
19	91	-1
19	92	1
19	99	-1
19	100	-1
19	107	1
19	110	1
19	112	1
19	113	-1
19	114	-1
19	117	1
19	118	1
19	119	-1
19	121	1
19	122	1
19	125	1
19	126	1
19	127	1
19	132	1
19	133	1
19	134	1
19	136	-1
19	145	-1
19	149	-1
19	150	-1
19	163	-1
19	165	1
19	173	1
19	175	1
19	178	-1
19	183	1
19	187	1
19	189	-1
19	198	1
19	202	1
19	203	-1
19	205	1
19	216	1
19	217	1
19	218	1
19	226	1
19	228	-1
19	232	-1
19	236	1
19	239	-1
19	240	-1
19	242	1
19	244	1
19	245	1
19	246	-1
20	21	1
20	22	1
20	23	1
20	24	-1
20	25	-1
20	26	-1
20	27	-1
20	28	-1
20	29	-1
20	30	-1
20	31	-1
20	32	-1
20	33	-1
20	34	-1
20	35	-1
20	36	-1
20	37	-1
20	38	-1
20	39	-1
20	40	-1
20	41	-1
20	42	-1
20	43	-1
20	44	-1
20	45	-1
20	46	-1
20	47	-1
20	48	-1
20	49	-1
20	52	1
20	56	1
20	57	1
20	62	-1
20	64	-1
20	65	-1
20	67	1
20	68	-1
20	69	-1
20	71	-1
20	72	1
20	75	-1
20	76	1
20	79	-1
20	80	1
20	83	-1
20	84	-1
20	87	1
20	88	-1
20	90	1
20	91	-1
20	93	1
20	97	-1
20	103	-1
20	104	1
20	110	1
20	113	1
20	114	-1
20	116	-1
20	122	1
20	124	1
20	129	-1
20	134	1
20	136	1
20	141	-1
20	143	-1
20	147	1
20	149	1
20	151	1
20	153	1
20	156	-1
20	159	1
20	162	1
20	163	1
20	168	1
20	173	1
20	181	-1
20	187	-1
20	188	-1
20	190	1
20	194	-1
20	198	-1
20	203	1
20	204	1
20	205	1
20	209	1
20	211	-1
20	216	-1
20	218	1
20	220	1
20	223	1
20	226	-1
20	229	-1
20	230	1
20	231	1
20	235	1
20	240	-1
20	243	-1
20	246	1
20	247	-1
21	22	1
21	23	1
21	24	1
21	25	-1
21	26	-1
21	27	1
21	28	-1
21	29	-1
21	30	-1
21	31	-1
21	32	-1
21	33	-1
21	34	-1
21	36	-1
21	37	-1
21	38	-1
21	39	-1
21	40	-1
21	41	-1
21	42	-1
21	43	-1
21	45	-1
21	46	-1
21	47	-1
21	48	-1
21	49	-1
21	59	-1
21	60	-1
21	61	-1
21	62	-1
21	69	1
21	71	1
21	74	1
21	82	-1
21	85	-1
21	87	-1
21	89	-1
21	92	1
21	93	1
21	98	-1
21	100	-1
21	103	1
21	113	-1
21	114	1
21	116	-1
21	118	1
21	119	1
21	120	-1
21	121	1
21	122	1
21	123	-1
21	127	1
21	130	1
21	135	-1
21	137	-1
21	139	-1
21	141	-1
21	146	-1
21	148	-1
21	152	1
21	153	-1
21	154	-1
21	155	-1
21	158	-1
21	161	-1
21	162	1
21	164	-1
21	168	-1
21	169	1
21	175	-1
21	177	-1
21	178	-1
21	179	1
21	181	-1
21	184	1
21	185	-1
21	188	-1
21	189	1
21	191	-1
21	194	1
21	196	-1
21	197	-1
21	198	1
21	199	1
21	204	1
21	205	1
21	207	-1
21	209	1
21	211	1
21	215	1
21	216	1
21	219	-1
21	220	1
21	221	-1
21	228	1
21	229	-1
21	232	1
21	239	-1
21	244	-1
21	246	1
22	23	1
22	24	1
22	25	-1
22	26	-1
22	27	-1
22	28	-1
22	29	-1
22	30	1
22	31	-1
22	32	-1
22	33	-1
22	34	-1
22	35	-1
22	36	-1
22	37	-1
22	38	-1
22	39	-1
22	40	-1
22	41	-1
22	42	-1
22	43	-1
22	44	-1
22	45	-1
22	46	-1
22	47	-1
22	48	-1
22	49	-1
22	51	-1
22	52	1
22	53	1
22	57	-1
22	61	-1
22	63	1
22	66	-1
22	68	1
22	70	1
22	71	1
22	72	1
22	74	1
22	80	1
22	84	-1
22	88	-1
22	89	-1
22	91	1
22	93	-1
22	95	1
22	96	-1
22	97	1
22	103	1
22	106	1
22	108	1
22	111	1
22	118	-1
22	124	-1
22	130	1
22	133	1
22	139	-1
22	142	1
22	143	1
22	147	-1
22	155	1
22	158	-1
22	164	-1
22	174	-1
22	175	-1
22	177	-1
22	181	1
22	185	1
22	186	1
22	187	1
22	194	1
22	197	1
22	198	1
22	201	-1
22	206	1
22	209	1
22	211	1
22	229	1
22	233	-1
22	236	1
22	241	-1
22	243	1
22	244	-1
22	245	1
22	249	-1
23	24	1
23	25	-1
23	26	-1
23	27	-1
23	28	-1
23	29	-1
23	30	-1
23	31	-1
23	32	-1
23	34	-1
23	35	-1
23	36	-1
23	37	-1
23	38	-1
23	39	-1
23	40	-1
23	41	-1
23	42	-1
23	43	-1
23	44	-1
23	45	-1
23	46	-1
23	47	-1
23	48	-1
23	49	-1
23	57	-1
23	62	1
23	66	-1
23	68	-1
23	70	1
23	77	-1
23	79	1
23	81	1
23	82	1
23	83	1
23	92	1
23	93	-1
23	100	-1
23	105	1
23	109	-1
23	110	-1
23	111	1
23	112	1
23	114	-1
23	115	1
23	120	1
23	121	1
23	122	1
23	124	-1
23	128	-1
23	129	-1
23	132	-1
23	138	-1
23	140	-1
23	142	-1
23	144	-1
23	152	-1
23	157	1
23	158	-1
23	159	-1
23	161	-1
23	171	-1
23	172	-1
23	174	1
23	178	1
23	179	1
23	181	1
23	183	1
23	185	-1
23	186	1
23	189	1
23	192	1
23	193	-1
23	196	-1
23	202	-1
23	204	-1
23	207	1
23	210	1
23	213	1
23	214	1
23	215	1
23	218	1
23	219	-1
23	223	-1
23	224	-1
23	227	1
23	229	1
23	230	-1
23	231	1
23	236	-1
23	238	1
23	240	-1
24	25	-1
24	26	-1
24	27	-1
24	28	-1
24	29	-1
24	30	-1
24	31	-1
24	32	-1
24	33	-1
24	34	-1
24	35	-1
24	36	-1
24	37	-1
24	38	-1
24	39	-1
24	40	-1
24	41	-1
24	42	-1
24	43	-1
24	44	-1
24	45	-1
24	46	-1
24	47	-1
24	48	1
24	49	-1
24	54	-1
24	56	-1
24	59	1
24	60	1
24	61	1
24	62	-1
24	70	-1
24	72	-1
24	78	-1
24	79	1
24	82	-1
24	92	1
24	93	1
24	96	1
24	97	1
24	101	-1
24	107	-1
24	111	-1
24	112	1
24	113	1
24	114	1
24	119	1
24	131	1
24	137	-1
24	140	1
24	145	1
24	148	-1
24	151	-1
24	155	1
24	159	-1
24	160	1
24	167	-1
24	175	1
24	179	-1
24	184	1
24	185	-1
24	189	-1
24	197	-1
24	199	1
24	200	1
24	201	-1
24	202	1
24	205	1
24	208	-1
24	210	1
24	215	-1
24	216	-1
24	219	-1
24	220	1
24	222	-1
24	224	1
24	225	1
24	227	-1
24	229	1
24	231	-1
24	232	-1
24	233	-1
24	235	-1
24	237	1
24	238	-1
24	243	1
24	244	-1
24	246	1
24	249	-1
25	26	1
25	27	1
25	28	1
25	29	1
25	30	1
25	31	1
25	32	1
25	33	1
25	34	1
25	35	1
25	36	1
25	37	1
25	38	1
25	39	1
25	40	-1
25	41	1
25	42	1
25	43	1
25	44	1
25	46	1
25	47	1
25	48	1
25	49	1
25	50	1
25	51	1
25	53	-1
25	54	1
25	58	-1
25	64	1
25	66	1
25	72	-1
25	74	-1
25	79	-1
25	80	-1
25	81	1
25	83	1
25	86	-1
25	89	1
25	91	1
25	93	-1
25	96	1
25	104	1
25	105	1
25	108	1
25	112	-1
25	114	-1
25	117	-1
25	118	-1
25	120	1
25	123	-1
25	126	-1
25	128	1
25	140	1
25	141	1
25	145	-1
25	152	-1
25	158	-1
25	160	-1
25	163	1
25	164	1
25	166	1
25	169	1
25	171	-1
25	173	-1
25	181	-1
25	182	-1
25	183	1
25	186	1
25	187	-1
25	188	1
25	190	-1
25	191	1
25	192	-1
25	198	-1
25	199	-1
25	200	-1
25	202	-1
25	204	-1
25	207	1
25	212	-1
25	216	1
25	221	-1
25	226	1
25	233	-1
25	234	1
25	235	1
25	236	-1
25	237	1
25	240	1
25	247	1
25	248	1
26	27	1
26	28	1
26	29	1
26	30	1
26	31	1
26	32	1
26	33	1
26	34	1
26	35	1
26	36	1
26	37	-1
26	39	1
26	40	1
26	41	1
26	43	1
26	44	1
26	45	1
26	46	1
26	47	1
26	48	1
26	49	1
26	51	1
26	52	-1
26	53	1
26	67	-1
26	68	-1
26	69	-1
26	80	1
26	81	-1
26	86	-1
26	89	1
26	91	1
26	92	1
26	93	-1
26	100	-1
26	101	1
26	108	-1
26	110	1
26	114	1
26	115	1
26	116	1
26	119	-1
26	129	1
26	132	-1
26	136	-1
26	139	1
26	141	-1
26	145	-1
26	151	1
26	157	1
26	158	-1
26	160	1
26	163	1
26	165	1
26	166	-1
26	168	1
26	172	1
26	174	-1
26	177	-1
26	179	1
26	180	1
26	181	-1
26	185	1
26	186	-1
26	195	1
26	196	1
26	197	-1
26	200	-1
26	204	-1
26	206	1
26	208	-1
26	209	-1
26	213	1
26	217	-1
26	218	1
26	221	-1
26	222	1
26	226	1
26	227	1
26	229	-1
26	232	-1
26	235	1
26	237	-1
26	238	1
26	241	1
26	243	-1
26	245	1
26	248	1
27	28	1
27	29	1
27	30	1
27	31	1
27	32	1
27	33	1
27	34	1
27	35	1
27	36	1
27	38	1
27	39	1
27	40	1
27	41	1
27	42	1
27	43	-1
27	44	1
27	46	1
27	47	1
27	48	1
27	49	1
27	50	-1
27	54	1
27	57	-1
27	59	-1
27	60	-1
27	61	-1
27	62	-1
27	64	1
27	68	1
27	69	-1
27	72	-1
27	78	1
27	80	1
27	81	-1
27	85	1
27	86	1
27	88	-1
27	94	-1
27	97	-1
27	99	-1
27	100	1
27	105	1
27	107	-1
27	109	-1
27	110	-1
27	114	1
27	118	1
27	120	1
27	124	1
27	126	-1
27	129	1
27	133	-1
27	134	1
27	136	-1
27	140	-1
27	141	1
27	146	1
27	151	-1
27	156	1
27	162	1
27	163	1
27	164	1
27	165	1
27	169	1
27	172	-1
27	173	1
27	175	-1
27	177	-1
27	183	1
27	192	1
27	193	-1
27	194	-1
27	195	1
27	196	1
27	198	-1
27	199	1
27	204	1
27	206	-1
27	207	1
27	208	1
27	211	-1
27	214	1
27	219	-1
27	227	1
27	228	1
27	233	1
27	234	1
27	236	-1
27	237	-1
27	238	-1
27	239	-1
27	247	-1
28	29	1
28	30	1
28	31	1
28	32	1
28	33	1
28	34	1
28	35	-1
28	36	1
28	37	1
28	38	1
28	39	1
28	40	1
28	41	1
28	42	1
28	43	1
28	44	1
28	45	1
28	46	1
28	47	1
28	48	-1
28	49	1
28	51	1
28	53	1
28	54	1
28	56	1
28	63	1
28	71	1
28	74	-1
28	75	1
28	77	1
28	79	-1
28	81	1
28	88	1
28	96	-1
28	97	-1
28	99	1
28	104	1
28	105	-1
28	107	1
28	110	1
28	111	-1
28	112	-1
28	119	1
28	121	1
28	126	1
28	127	-1
28	130	1
28	131	1
28	133	-1
28	134	1
28	136	-1
28	144	1
28	145	1
28	156	1
28	158	1
28	159	1
28	160	1
28	162	-1
28	163	1
28	164	-1
28	166	1
28	169	1
28	172	-1
28	176	-1
28	183	1
28	185	-1
28	190	1
28	193	-1
28	200	1
28	201	1
28	202	1
28	207	1
28	208	1
28	209	1
28	211	-1
28	214	1
28	215	-1
28	217	1
28	219	-1
28	220	-1
28	222	-1
28	228	-1
28	229	-1
28	232	-1
28	236	-1
28	240	-1
28	243	1
28	249	-1
29	30	1
29	32	1
29	33	1
29	34	1
29	35	1
29	36	1
29	37	-1
29	38	1
29	39	1
29	40	1
29	41	1
29	42	1
29	43	1
29	44	1
29	45	1
29	46	-1
29	48	1
29	49	1
29	50	1
29	51	1
29	55	-1
29	57	-1
29	59	-1
29	60	1
29	62	-1
29	64	1
29	73	-1
29	75	-1
29	77	-1
29	78	1
29	79	-1
29	80	1
29	86	1
29	88	-1
29	89	1
29	92	-1
29	94	1
29	96	-1
29	102	-1
29	104	-1
29	106	-1
29	107	-1
29	108	1
29	111	-1
29	113	1
29	114	1
29	115	-1
29	119	-1
29	124	-1
29	125	1
29	128	-1
29	130	1
29	132	-1
29	134	1
29	137	1
29	142	-1
29	147	1
29	150	1
29	151	1
29	154	-1
29	155	-1
29	157	-1
29	159	-1
29	170	-1
29	172	1
29	173	1
29	180	-1
29	182	1
29	187	1
29	188	-1
29	189	1
29	190	-1
29	193	-1
29	199	-1
29	201	1
29	202	1
29	203	1
29	206	1
29	209	1
29	211	-1
29	212	1
29	217	1
29	218	-1
29	222	1
29	225	-1
29	228	-1
29	229	-1
29	232	1
29	235	1
29	237	-1
29	238	-1
29	241	1
29	245	1
29	247	-1
29	248	-1
30	31	1
30	32	1
30	33	1
30	34	-1
30	35	1
30	36	1
30	37	1
30	38	1
30	39	-1
30	40	1
30	41	1
30	42	1
30	43	1
30	44	1
30	45	-1
30	46	1
30	47	1
30	48	1
30	49	1
30	51	-1
30	53	-1
30	55	1
30	57	1
30	60	-1
30	62	1
30	65	-1
30	67	1
30	69	1
30	74	-1
30	75	-1
30	76	1
30	77	1
30	78	-1
30	79	-1
30	81	1
30	83	1
30	84	1
30	85	-1
30	91	-1
30	92	1
30	96	1
30	97	1
30	99	1
30	102	-1
30	104	-1
30	105	1
30	106	1
30	108	1
30	114	1
30	116	1
30	118	1
30	119	-1
30	120	-1
30	123	1
30	126	1
30	128	-1
30	131	-1
30	132	-1
30	142	-1
30	146	-1
30	149	1
30	151	-1
30	152	1
30	153	-1
30	155	-1
30	156	-1
30	157	1
30	158	1
30	159	-1
30	163	-1
30	166	1
30	168	1
30	178	1
30	179	1
30	182	-1
30	185	1
30	186	1
30	187	-1
30	191	1
30	192	-1
30	193	1
30	194	-1
30	195	1
30	200	1
30	203	1
30	205	1
30	207	-1
30	210	1
30	212	1
30	213	1
30	215	-1
30	216	-1
30	220	1
30	226	1
30	227	-1
30	229	1
30	236	-1
30	241	1
30	242	1
30	243	-1
30	245	1
30	248	1
31	32	1
31	33	1
31	36	1
31	37	1
31	38	1
31	39	1
31	40	1
31	41	1
31	42	1
31	43	1
31	44	1
31	45	1
31	46	1
31	47	1
31	48	1
31	49	1
31	51	1
31	54	1
31	56	1
31	60	-1
31	61	1
31	64	-1
31	70	1
31	74	1
31	77	-1
31	81	-1
31	83	-1
31	90	-1
31	95	-1
31	96	1
31	99	1
31	100	1
31	102	-1
31	104	-1
31	105	-1
31	106	1
31	113	-1
31	114	1
31	117	1
31	119	1
31	121	1
31	123	1
31	124	1
31	125	1
31	133	1
31	134	1
31	137	-1
31	140	1
31	143	-1
31	146	1
31	149	-1
31	151	1
31	152	-1
31	157	1
31	161	1
31	165	-1
31	167	1
31	168	1
31	169	1
31	170	-1
31	171	-1
31	173	-1
31	180	-1
31	182	-1
31	184	-1
31	188	-1
31	194	1
31	198	-1
31	199	-1
31	205	-1
31	206	1
31	209	-1
31	210	-1
31	211	-1
31	212	-1
31	213	-1
31	221	1
31	222	1
31	223	-1
31	228	1
31	230	1
31	235	-1
31	240	-1
31	241	1
31	242	-1
31	246	-1
31	249	1
32	33	1
32	34	1
32	35	1
32	36	1
32	37	1
32	38	1
32	39	1
32	40	1
32	41	1
32	42	1
32	43	1
32	44	1
32	45	1
32	46	1
32	47	1
32	48	1
32	49	1
32	50	-1
32	51	-1
32	54	1
32	59	1
32	62	1
32	66	1
32	68	1
32	70	-1
32	74	-1
32	75	1
32	76	1
32	80	1
32	82	1
32	88	1
32	96	-1
32	98	-1
32	99	1
32	100	-1
32	102	1
32	106	-1
32	110	-1
32	114	1
32	115	1
32	118	-1
32	124	-1
32	125	1
32	127	1
32	128	-1
32	129	1
32	131	1
32	132	-1
32	133	1
32	134	1
32	135	-1
32	137	-1
32	143	1
32	144	1
32	145	1
32	146	1
32	150	-1
32	151	1
32	152	1
32	154	-1
32	156	-1
32	158	-1
32	161	-1
32	162	-1
32	163	1
32	165	-1
32	166	1
32	167	1
32	168	-1
32	169	1
32	172	-1
32	174	1
32	182	-1
32	185	1
32	187	1
32	190	1
32	192	-1
32	194	-1
32	196	1
32	202	-1
32	203	-1
32	204	-1
32	206	-1
32	207	1
32	210	1
32	212	1
32	214	-1
32	216	1
32	223	-1
32	228	1
32	229	-1
32	236	-1
32	240	-1
32	243	1
32	244	1
32	245	1
32	246	1
33	34	1
33	35	1
33	36	1
33	37	1
33	38	1
33	39	1
33	40	1
33	41	-1
33	42	1
33	43	1
33	44	1
33	45	1
33	46	1
33	47	1
33	48	1
33	55	-1
33	60	1
33	61	-1
33	62	1
33	64	-1
33	65	-1
33	66	1
33	67	-1
33	70	-1
33	72	1
33	74	1
33	76	-1
33	82	1
33	90	-1
33	96	1
33	98	-1
33	100	-1
33	101	1
33	102	1
33	104	-1
33	105	-1
33	108	-1
33	112	-1
33	115	1
33	116	1
33	128	1
33	133	-1
33	135	1
33	136	-1
33	137	-1
33	138	-1
33	140	-1
33	147	1
33	152	-1
33	155	-1
33	156	1
33	159	-1
33	162	1
33	163	1
33	170	1
33	178	1
33	186	1
33	194	-1
33	195	-1
33	196	-1
33	206	1
33	207	-1
33	209	1
33	210	1
33	215	1
33	219	-1
33	220	-1
33	226	1
33	227	-1
33	231	-1
33	235	1
33	238	-1
33	242	-1
33	245	-1
33	248	1
34	35	1
34	36	1
34	37	1
34	38	1
34	39	1
34	40	-1
34	41	-1
34	42	1
34	43	1
34	44	1
34	45	1
34	46	1
34	47	1
34	49	1
34	50	1
34	52	-1
34	56	1
34	64	1
34	67	1
34	68	-1
34	72	1
34	76	1
34	77	1
34	80	-1
34	81	-1
34	85	-1
34	89	1
34	92	-1
34	95	1
34	97	-1
34	98	1
34	101	1
34	102	1
34	103	-1
34	104	1
34	107	-1
34	112	1
34	113	1
34	114	-1
34	119	-1
34	125	1
34	126	-1
34	128	-1
34	130	-1
34	132	-1
34	134	-1
34	139	1
34	143	1
34	144	-1
34	146	1
34	149	-1
34	152	-1
34	155	-1
34	158	1
34	159	1
34	160	1
34	165	1
34	166	-1
34	172	-1
34	173	-1
34	174	-1
34	178	1
34	185	1
34	186	1
34	188	1
34	189	-1
34	191	1
34	195	-1
34	197	1
34	199	-1
34	201	1
34	202	-1
34	203	-1
34	207	-1
34	209	1
34	211	1
34	212	-1
34	217	-1
34	226	1
34	231	-1
34	233	-1
34	235	1
34	237	-1
34	238	1
34	239	1
34	241	-1
34	243	1
34	245	-1
34	247	-1
35	36	1
35	37	1
35	38	1
35	39	1
35	40	1
35	41	-1
35	42	1
35	43	1
35	44	1
35	45	1
35	46	1
35	47	1
35	48	1
35	49	-1
35	50	1
35	51	1
35	52	1
35	58	1
35	60	1
35	61	-1
35	65	1
35	67	-1
35	70	-1
35	71	1
35	79	1
35	83	-1
35	85	-1
35	86	1
35	87	1
35	89	1
35	90	1
35	93	1
35	98	-1
35	104	1
35	106	-1
35	107	-1
35	114	-1
35	117	-1
35	120	1
35	126	-1
35	129	1
35	132	-1
35	134	-1
35	135	1
35	137	1
35	138	-1
35	141	-1
35	144	1
35	150	-1
35	152	-1
35	154	1
35	155	1
35	156	-1
35	157	-1
35	162	1
35	167	1
35	168	1
35	174	-1
35	175	1
35	183	-1
35	184	1
35	186	1
35	187	-1
35	191	1
35	192	1
35	198	-1
35	199	1
35	200	-1
35	202	1
35	211	-1
35	217	-1
35	221	-1
35	227	-1
35	232	1
35	233	-1
35	238	1
35	239	-1
35	241	-1
35	242	-1
35	245	-1
35	246	1
36	37	-1
36	38	1
36	39	1
36	40	1
36	41	1
36	42	1
36	43	1
36	44	-1
36	45	1
36	46	1
36	47	1
36	48	1
36	49	-1
36	51	1
36	53	-1
36	54	1
36	56	-1
36	59	-1
36	64	-1
36	66	1
36	67	-1
36	68	-1
36	70	-1
36	72	1
36	73	1
36	76	-1
36	77	1
36	79	1
36	80	-1
36	83	1
36	88	-1
36	91	1
36	92	1
36	94	1
36	102	-1
36	106	1
36	107	-1
36	109	-1
36	116	1
36	118	-1
36	120	-1
36	126	1
36	130	1
36	131	-1
36	134	1
36	138	-1
36	139	-1
36	140	-1
36	143	1
36	145	-1
36	146	-1
36	150	-1
36	151	1
36	153	-1
36	154	1
36	157	1
36	162	1
36	165	-1
36	166	-1
36	173	-1
36	178	1
36	180	1
36	185	1
36	188	-1
36	189	1
36	193	1
36	196	1
36	198	-1
36	201	-1
36	203	-1
36	205	-1
36	207	-1
36	208	-1
36	210	1
36	214	-1
36	217	-1
36	221	1
36	223	1
36	226	-1
36	240	-1
36	241	1
36	243	1
36	244	-1
36	245	-1
37	38	1
37	39	1
37	40	1
37	41	1
37	42	1
37	43	1
37	44	1
37	46	1
37	47	1
37	48	1
37	49	1
37	59	1
37	60	-1
37	61	1
37	62	1
37	63	-1
37	68	1
37	70	1
37	71	-1
37	74	-1
37	76	1
37	77	1
37	80	-1
37	88	-1
37	89	1
37	91	1
37	92	1
37	93	-1
37	95	-1
37	101	1
37	110	-1
37	116	1
37	119	-1
37	128	-1
37	130	-1
37	138	-1
37	143	1
37	145	1
37	147	1
37	151	1
37	152	-1
37	158	-1
37	159	-1
37	162	1
37	164	1
37	174	1
37	175	1
37	183	-1
37	186	-1
37	187	-1
37	188	1
37	190	1
37	197	1
37	198	1
37	200	1
37	205	1
37	208	1
37	214	1
37	216	1
37	237	1
37	239	-1
37	240	-1
37	241	1
37	242	1
37	243	1
37	245	-1
37	247	1
37	248	-1
38	39	1
38	40	1
38	41	1
38	42	1
38	43	1
38	44	1
38	45	1
38	46	1
38	47	1
38	48	1
38	49	1
38	50	-1
38	51	1
38	52	-1
38	57	1
38	60	-1
38	63	-1
38	64	-1
38	69	1
38	73	1
38	76	-1
38	77	-1
38	79	1
38	81	-1
38	82	1
38	83	-1
38	86	1
38	88	-1
38	91	-1
38	97	1
38	101	1
38	107	1
38	115	1
38	119	1
38	124	1
38	131	1
38	134	-1
38	137	1
38	146	-1
38	149	1
38	150	-1
38	152	-1
38	153	-1
38	154	1
38	156	1
38	160	-1
38	170	1
38	171	-1
38	173	1
38	180	-1
38	182	-1
38	185	-1
38	189	-1
38	194	1
38	195	-1
38	198	1
38	199	-1
38	203	1
38	204	1
38	209	1
38	212	1
38	213	1
38	215	-1
38	220	1
38	225	1
38	227	1
38	229	1
38	241	-1
38	242	1
38	245	-1
38	246	1
38	247	1
38	249	1
39	40	1
39	41	1
39	42	1
39	43	1
39	44	1
39	45	1
39	47	1
39	48	1
39	49	1
39	53	1
39	57	-1
39	58	-1
39	62	1
39	63	1
39	71	1
39	84	-1
39	87	-1
39	91	-1
39	96	-1
39	99	1
39	102	-1
39	103	-1
39	110	-1
39	113	1
39	114	1
39	115	-1
39	116	-1
39	119	-1
39	124	-1
39	127	1
39	129	-1
39	131	1
39	132	-1
39	135	-1
39	141	1
39	142	1
39	153	-1
39	155	-1
39	159	-1
39	162	-1
39	169	1
39	173	-1
39	174	-1
39	181	1
39	182	-1
39	184	-1
39	185	-1
39	188	1
39	190	-1
39	196	1
39	198	-1
39	202	-1
39	203	-1
39	204	1
39	209	-1
39	210	-1
39	213	-1
39	216	1
39	221	1
39	224	-1
39	227	1
39	238	1
39	242	-1
39	243	1
39	244	-1
39	249	-1
40	41	1
40	42	1
40	43	1
40	44	1
40	45	1
40	46	1
40	47	1
40	48	1
40	49	1
40	51	-1
40	53	-1
40	56	1
40	57	1
40	59	-1
40	63	1
40	66	1
40	69	-1
40	71	-1
40	75	-1
40	79	-1
40	86	-1
40	87	1
40	88	-1
40	91	1
40	92	1
40	93	-1
40	95	1
40	100	1
40	102	1
40	103	1
40	104	-1
40	106	1
40	107	1
40	113	-1
40	116	-1
40	119	-1
40	120	1
40	121	1
40	123	1
40	127	1
40	130	-1
40	133	1
40	135	-1
40	139	-1
40	140	-1
40	141	1
40	142	-1
40	147	1
40	150	1
40	151	1
40	152	1
40	156	1
40	157	1
40	160	1
40	161	-1
40	164	-1
40	167	1
40	168	1
40	170	1
40	174	-1
40	176	-1
40	178	1
40	179	-1
40	180	1
40	181	1
40	183	-1
40	184	-1
40	185	1
40	188	-1
40	193	1
40	197	1
40	209	-1
40	212	1
40	217	-1
40	222	-1
40	226	-1
40	231	1
40	232	1
40	234	1
40	235	-1
40	241	1
40	243	1
40	245	-1
40	249	-1
41	42	1
41	43	1
41	44	1
41	45	1
41	46	1
41	47	1
41	48	1
41	49	1
41	57	1
41	63	-1
41	65	-1
41	66	1
41	69	-1
41	70	-1
41	71	1
41	72	1
41	74	-1
41	77	-1
41	81	1
41	82	1
41	86	1
41	94	1
41	99	-1
41	101	1
41	103	1
41	109	-1
41	110	1
41	112	1
41	117	-1
41	122	1
41	125	1
41	143	1
41	146	1
41	149	1
41	152	-1
41	155	1
41	156	1
41	157	-1
41	159	1
41	163	-1
41	165	-1
41	167	-1
41	169	1
41	176	1
41	177	-1
41	182	-1
41	183	1
41	184	-1
41	185	-1
41	186	-1
41	187	-1
41	191	1
41	195	1
41	198	1
41	199	1
41	202	1
41	204	-1
41	206	1
41	208	1
41	209	-1
41	215	1
41	218	-1
41	223	1
41	229	-1
41	234	1
41	239	1
41	245	-1
41	248	1
42	43	1
42	44	1
42	45	1
42	46	1
42	47	1
42	48	1
42	49	1
42	54	1
42	57	1
42	63	1
42	64	-1
42	67	1
42	68	1
42	69	-1
42	72	1
42	77	-1
42	79	-1
42	80	-1
42	82	1
42	85	1
42	90	1
42	92	1
42	96	-1
42	97	1
42	99	-1
42	100	1
42	105	-1
42	107	-1
42	108	1
42	111	1
42	120	1
42	127	-1
42	128	1
42	131	1
42	135	1
42	137	1
42	138	-1
42	142	-1
42	146	1
42	147	1
42	149	-1
42	156	1
42	159	-1
42	163	1
42	164	-1
42	169	-1
42	170	1
42	177	1
42	189	1
42	197	-1
42	201	-1
42	202	1
42	210	1
42	212	-1
42	215	1
42	217	1
42	222	-1
42	227	1
42	228	-1
42	232	-1
42	234	1
42	235	-1
42	238	1
42	240	1
42	242	-1
42	246	-1
43	44	1
43	45	1
43	46	1
43	47	1
43	48	1
43	49	1
43	51	-1
43	55	1
43	58	-1
43	59	-1
43	60	-1
43	61	-1
43	63	-1
43	64	-1
43	65	-1
43	69	-1
43	71	-1
43	73	1
43	77	-1
43	78	1
43	86	-1
43	100	-1
43	101	1
43	103	1
43	107	1
43	109	1
43	110	-1
43	115	-1
43	120	-1
43	121	1
43	123	1
43	124	-1
43	125	-1
43	126	-1
43	132	1
43	133	-1
43	135	1
43	138	-1
43	141	-1
43	143	-1
43	165	-1
43	170	1
43	171	-1
43	172	-1
43	176	-1
43	181	1
43	182	-1
43	183	-1
43	190	1
43	191	1
43	197	1
43	203	1
43	206	-1
43	207	-1
43	211	1
43	212	-1
43	214	-1
43	215	-1
43	218	-1
43	222	1
43	223	-1
43	225	-1
43	229	1
43	231	-1
43	235	-1
43	239	-1
43	243	-1
43	246	-1
43	248	-1
43	249	-1
44	45	1
44	46	-1
44	47	1
44	48	1
44	49	1
44	50	1
44	51	1
44	55	1
44	56	-1
44	58	-1
44	59	1
44	68	1
44	71	-1
44	72	1
44	77	1
44	82	1
44	83	-1
44	84	1
44	90	-1
44	91	1
44	93	-1
44	94	1
44	95	1
44	96	-1
44	97	-1
44	100	1
44	103	-1
44	104	-1
44	109	1
44	111	-1
44	113	1
44	115	1
44	117	-1
44	118	1
44	119	1
44	124	1
44	125	1
44	126	1
44	128	1
44	133	-1
44	139	-1
44	147	1
44	153	-1
44	157	-1
44	158	-1
44	162	1
44	167	-1
44	169	1
44	170	-1
44	171	1
44	179	-1
44	184	1
44	188	-1
44	190	1
44	192	-1
44	193	1
44	194	1
44	195	-1
44	196	1
44	198	1
44	199	-1
44	205	-1
44	206	1
44	209	-1
44	211	1
44	212	1
44	215	-1
44	217	1
44	224	1
44	230	1
44	232	1
44	234	1
44	240	1
44	244	1
44	246	-1
44	247	-1
45	46	1
45	47	1
45	48	1
45	49	1
45	51	1
45	53	-1
45	54	1
45	62	-1
45	63	-1
45	64	-1
45	65	1
45	68	1
45	70	-1
45	74	1
45	80	-1
45	83	-1
45	87	-1
45	88	-1
45	94	1
45	100	1
45	101	1
45	102	-1
45	107	-1
45	108	-1
45	109	-1
45	110	1
45	114	1
45	118	1
45	121	1
45	122	-1
45	126	-1
45	128	1
45	129	-1
45	130	1
45	131	-1
45	133	-1
45	134	1
45	135	1
45	136	-1
45	137	1
45	138	-1
45	140	1
45	145	1
45	146	1
45	147	-1
45	148	-1
45	151	1
45	154	-1
45	159	1
45	161	-1
45	163	-1
45	167	1
45	174	-1
45	176	-1
45	177	1
45	178	1
45	180	1
45	181	-1
45	182	-1
45	183	-1
45	186	1
45	189	-1
45	190	-1
45	191	1
45	193	1
45	195	1
45	196	1
45	197	-1
45	202	-1
45	205	-1
45	207	1
45	211	1
45	213	-1
45	219	1
45	220	1
45	226	1
45	227	1
45	228	-1
45	229	1
45	231	-1
45	232	1
45	236	1
45	240	-1
45	242	1
45	244	1
45	245	-1
45	246	-1
45	249	-1
46	47	1
46	48	1
46	49	1
46	51	-1
46	52	-1
46	54	1
46	56	-1
46	57	-1
46	58	1
46	61	1
46	75	-1
46	84	-1
46	88	1
46	91	1
46	93	-1
46	103	-1
46	104	1
46	105	1
46	108	-1
46	111	-1
46	114	-1
46	116	-1
46	117	-1
46	123	1
46	125	1
46	130	-1
46	134	1
46	135	-1
46	137	1
46	143	-1
46	151	1
46	153	-1
46	154	-1
46	157	1
46	158	-1
46	159	-1
46	161	-1
46	163	-1
46	167	-1
46	168	-1
46	169	1
46	172	1
46	175	-1
46	177	1
46	181	-1
46	182	-1
46	183	1
46	187	-1
46	188	-1
46	190	1
46	194	1
46	200	1
46	203	-1
46	205	1
46	209	1
46	212	-1
46	217	1
46	218	1
46	221	-1
46	224	-1
46	228	1
46	229	-1
46	231	-1
46	234	1
46	241	1
46	245	-1
46	247	1
46	248	1
47	48	1
47	49	1
47	50	1
47	52	1
47	54	1
47	56	-1
47	58	-1
47	60	-1
47	62	-1
47	63	-1
47	69	1
47	70	1
47	71	-1
47	72	-1
47	73	-1
47	81	-1
47	83	-1
47	85	-1
47	87	-1
47	90	-1
47	91	1
47	93	-1
47	94	-1
47	97	-1
47	99	1
47	101	-1
47	107	1
47	108	1
47	115	-1
47	118	-1
47	121	-1
47	122	-1
47	125	1
47	126	1
47	133	1
47	141	1
47	144	-1
47	146	-1
47	149	1
47	154	-1
47	155	1
47	156	1
47	157	-1
47	159	-1
47	163	-1
47	166	-1
47	171	1
47	172	1
47	173	-1
47	174	-1
47	175	1
47	176	1
47	178	1
47	179	1
47	180	-1
47	181	1
47	186	-1
47	190	1
47	191	1
47	192	1
47	198	1
47	199	1
47	205	-1
47	206	-1
47	210	-1
47	211	-1
47	212	-1
47	215	-1
47	218	1
47	220	-1
47	223	-1
47	226	1
47	227	1
47	228	1
47	234	1
47	235	1
47	242	1
47	245	-1
47	247	-1
47	249	1
48	49	1
48	51	1
48	57	-1
48	61	-1
48	63	-1
48	66	-1
48	68	1
48	72	1
48	78	-1
48	79	1
48	81	-1
48	85	1
48	86	1
48	97	1
48	98	1
48	99	1
48	101	1
48	104	-1
48	105	-1
48	106	1
48	114	1
48	118	-1
48	119	-1
48	122	1
48	124	1
48	125	-1
48	139	-1
48	142	1
48	144	-1
48	148	-1
48	152	1
48	154	-1
48	156	-1
48	157	-1
48	160	-1
48	161	-1
48	163	1
48	164	-1
48	165	1
48	169	-1
48	174	-1
48	176	1
48	177	-1
48	178	-1
48	182	1
48	183	-1
48	185	1
48	187	1
48	192	1
48	194	-1
48	196	1
48	198	-1
48	199	1
48	200	1
48	202	-1
48	203	1
48	204	1
48	205	1
48	207	1
48	210	1
48	211	1
48	214	-1
48	216	1
48	219	-1
48	227	-1
48	228	-1
48	234	-1
48	235	1
48	237	1
48	240	-1
48	242	-1
48	243	-1
48	247	-1
49	56	-1
49	60	-1
49	65	-1
49	69	1
49	72	1
49	76	-1
49	82	1
49	83	1
49	86	-1
49	88	1
49	92	1
49	95	1
49	96	1
49	102	-1
49	103	1
49	105	1
49	110	-1
49	115	1
49	121	-1
49	123	-1
49	125	1
49	127	1
49	134	-1
49	135	-1
49	136	-1
49	137	-1
49	138	1
49	141	1
49	145	-1
49	146	1
49	147	-1
49	148	1
49	151	1
49	152	-1
49	162	1
49	163	-1
49	166	-1
49	167	1
49	171	1
49	173	1
49	174	1
49	177	1
49	179	-1
49	181	-1
49	182	-1
49	183	-1
49	185	-1
49	186	-1
49	192	-1
49	196	1
49	199	1
49	201	1
49	204	-1
49	206	-1
49	211	1
49	215	1
49	216	1
49	218	-1
49	220	-1
49	226	1
49	228	1
49	230	-1
49	232	1
49	233	-1
49	235	1
49	238	-1
49	242	-1
49	243	-1
49	245	1
49	247	-1
50	51	-1
50	52	-1
50	56	-1
50	58	-1
50	59	-1
50	61	1
50	62	1
50	65	1
50	68	1
50	69	-1
50	70	1
50	74	-1
50	75	-1
50	80	-1
50	81	-1
50	82	-1
50	85	-1
50	86	1
50	92	-1
50	93	-1
50	94	-1
50	97	-1
50	99	-1
50	100	-1
50	101	-1
50	102	-1
50	103	-1
50	104	1
50	106	1
50	108	-1
50	109	1
50	110	-1
50	114	-1
50	119	-1
50	122	1
50	125	-1
50	127	-1
50	130	-1
50	133	1
50	142	-1
50	144	1
50	150	-1
50	154	1
50	156	-1
50	158	-1
50	159	1
50	160	-1
50	161	1
50	162	1
50	164	1
50	165	-1
50	170	1
50	171	-1
50	172	-1
50	173	-1
50	177	1
50	178	1
50	183	-1
50	186	1
50	188	-1
50	189	-1
50	190	1
50	193	-1
50	200	1
50	208	1
50	212	1
50	217	1
50	221	1
50	223	-1
50	224	1
50	226	1
50	232	1
50	244	1
50	245	-1
50	246	1
50	248	-1
51	54	-1
51	61	-1
51	65	-1
51	69	-1
51	70	1
51	72	-1
51	74	1
51	75	-1
51	77	1
51	81	-1
51	83	1
51	84	-1
51	87	-1
51	90	1
51	91	1
51	95	1
51	98	-1
51	102	1
51	108	1
51	110	-1
51	111	1
51	114	1
51	120	-1
51	121	-1
51	122	1
51	128	-1
51	129	-1
51	131	-1
51	134	1
51	135	1
51	136	-1
51	139	-1
51	140	1
51	144	1
51	145	-1
51	146	-1
51	147	-1
51	148	-1
51	150	1
51	154	1
51	155	1
51	159	-1
51	162	-1
51	164	-1
51	166	-1
51	167	-1
51	171	-1
51	172	1
51	173	1
51	176	1
51	178	1
51	180	1
51	181	1
51	184	1
51	191	1
51	192	1
51	193	-1
51	194	1
51	195	-1
51	197	-1
51	203	-1
51	204	1
51	206	1
51	210	1
51	212	-1
51	217	1
51	218	-1
51	220	1
51	221	-1
51	222	1
51	223	-1
51	224	-1
51	226	1
51	228	1
51	229	-1
51	235	-1
51	238	1
51	240	1
51	241	-1
51	246	-1
51	248	1
51	249	1
52	53	1
52	59	-1
52	60	1
52	69	-1
52	70	-1
52	74	1
52	76	1
52	77	-1
52	80	-1
52	81	1
52	82	-1
52	87	1
52	88	-1
52	92	-1
52	95	1
52	102	-1
52	103	1
52	106	1
52	113	-1
52	114	1
52	115	-1
52	116	-1
52	119	-1
52	120	-1
52	121	1
52	126	1
52	131	1
52	133	1
52	134	-1
52	135	1
52	137	1
52	138	1
52	140	-1
52	143	-1
52	144	-1
52	148	-1
52	154	-1
52	160	1
52	163	1
52	172	1
52	174	1
52	176	-1
52	180	-1
52	181	-1
52	182	1
52	185	1
52	189	-1
52	197	1
52	198	-1
52	201	1
52	203	-1
52	205	1
52	208	-1
52	209	1
52	212	-1
52	214	-1
52	220	1
52	221	1
52	223	1
52	226	1
52	228	-1
52	229	-1
52	232	-1
52	233	-1
52	234	-1
52	238	1
52	239	1
52	240	-1
52	248	1
52	249	1
53	55	-1
53	59	1
53	61	1
53	63	-1
53	65	-1
53	66	1
53	68	1
53	74	1
53	75	-1
53	81	-1
53	83	-1
53	84	-1
53	85	1
53	86	-1
53	91	-1
53	92	1
53	93	-1
53	94	-1
53	96	-1
53	104	1
53	105	1
53	108	-1
53	112	-1
53	113	1
53	117	-1
53	118	-1
53	119	1
53	120	-1
53	124	1
53	125	-1
53	126	1
53	130	1
53	135	1
53	136	1
53	140	-1
53	142	-1
53	144	-1
53	149	-1
53	151	-1
53	154	1
53	160	1
53	164	-1
53	167	1
53	168	-1
53	170	1
53	171	-1
53	172	1
53	175	-1
53	176	1
53	185	1
53	187	-1
53	193	-1
53	197	-1
53	198	1
53	203	-1
53	205	-1
53	206	-1
53	209	1
53	211	-1
53	214	1
53	218	-1
53	225	1
53	227	-1
53	230	1
53	231	1
53	233	1
53	234	1
53	236	-1
53	240	1
53	242	-1
53	244	1
53	245	-1
54	55	1
54	57	1
54	58	1
54	59	-1
54	61	-1
54	63	1
54	67	-1
54	68	-1
54	73	-1
54	77	-1
54	78	-1
54	79	1
54	87	-1
54	88	-1
54	89	1
54	93	-1
54	95	1
54	96	1
54	98	1
54	99	-1
54	104	-1
54	112	1
54	114	-1
54	115	1
54	116	1
54	118	-1
54	120	1
54	124	-1
54	125	-1
54	126	-1
54	127	1
54	128	1
54	131	-1
54	134	-1
54	140	-1
54	143	-1
54	144	1
54	146	-1
54	150	1
54	152	1
54	153	-1
54	155	1
54	158	-1
54	162	-1
54	163	-1
54	166	-1
54	168	-1
54	169	1
54	171	-1
54	173	1
54	174	1
54	176	-1
54	178	1
54	181	1
54	183	1
54	184	1
54	185	1
54	186	-1
54	189	-1
54	194	1
54	197	-1
54	199	-1
54	202	1
54	203	1
54	205	-1
54	206	-1
54	209	-1
54	212	-1
54	222	1
54	225	1
54	227	1
54	229	-1
54	230	-1
54	231	1
54	232	1
54	238	1
54	240	1
54	243	-1
54	244	1
55	57	1
55	58	-1
55	59	-1
55	62	1
55	65	1
55	66	-1
55	72	-1
55	75	1
55	77	1
55	78	-1
55	79	1
55	81	1
55	82	1
55	86	-1
55	87	1
55	88	1
55	90	-1
55	91	-1
55	93	1
55	95	1
55	99	-1
55	103	1
55	104	-1
55	105	1
55	106	1
55	109	1
55	111	-1
55	113	1
55	114	1
55	119	-1
55	122	-1
55	127	-1
55	130	1
55	133	-1
55	136	-1
55	140	-1
55	141	1
55	143	-1
55	151	1
55	154	-1
55	155	-1
55	164	1
55	167	1
55	168	-1
55	169	1
55	173	-1
55	182	1
55	185	-1
55	187	1
55	189	1
55	190	-1
55	201	1
55	203	1
55	204	1
55	208	-1
55	211	1
55	212	-1
55	214	-1
55	217	-1
55	218	-1
55	222	1
55	223	1
55	227	1
55	230	1
55	236	1
55	241	-1
55	243	-1
55	246	-1
55	248	1
55	249	-1
56	60	1
56	62	1
56	65	1
56	68	1
56	69	-1
56	70	1
56	77	-1
56	79	-1
56	80	1
56	85	-1
56	88	-1
56	89	1
56	91	1
56	94	1
56	96	-1
56	100	1
56	101	-1
56	104	1
56	106	1
56	107	-1
56	108	-1
56	111	1
56	113	-1
56	115	-1
56	116	1
56	118	-1
56	127	-1
56	128	-1
56	130	1
56	131	1
56	132	-1
56	139	1
56	143	1
56	149	1
56	150	-1
56	151	1
56	155	-1
56	156	-1
56	157	1
56	166	-1
56	168	1
56	169	1
56	171	-1
56	176	1
56	178	-1
56	183	1
56	185	1
56	194	-1
56	195	1
56	196	1
56	197	1
56	198	1
56	204	-1
56	210	-1
56	214	1
56	215	1
56	217	1
56	221	1
56	222	1
56	223	-1
56	225	-1
56	226	1
56	229	1
56	240	1
56	241	-1
56	247	-1
56	248	-1
57	60	-1
57	62	-1
57	67	-1
57	68	-1
57	69	-1
57	72	1
57	74	-1
57	76	-1
57	78	1
57	85	-1
57	89	1
57	93	-1
57	95	-1
57	96	1
57	99	1
57	102	1
57	109	-1
57	111	1
57	112	1
57	113	-1
57	121	1
57	122	1
57	125	1
57	139	-1
57	140	-1
57	143	1
57	144	1
57	146	-1
57	148	-1
57	149	-1
57	152	-1
57	157	-1
57	158	1
57	159	1
57	161	-1
57	166	1
57	173	-1
57	181	1
57	182	1
57	184	-1
57	185	-1
57	187	1
57	190	1
57	191	1
57	192	-1
57	200	1
57	201	-1
57	206	1
57	207	1
57	209	-1
57	212	1
57	215	-1
57	219	-1
57	221	-1
57	222	-1
57	224	-1
57	228	-1
57	230	1
57	232	1
57	234	-1
57	235	-1
57	248	-1
58	59	-1
58	60	1
58	63	-1
58	70	-1
58	75	1
58	79	1
58	84	-1
58	87	-1
58	88	1
58	92	-1
58	95	1
58	96	1
58	98	-1
58	99	1
58	103	-1
58	108	1
58	114	1
58	124	-1
58	128	-1
58	129	1
58	132	-1
58	134	1
58	135	1
58	136	1
58	140	1
58	142	1
58	145	-1
58	147	1
58	148	1
58	153	1
58	154	-1
58	157	-1
58	158	1
58	163	1
58	164	1
58	165	-1
58	168	-1
58	169	-1
58	171	1
58	173	1
58	176	-1
58	182	-1
58	185	1
58	187	-1
58	190	1
58	192	-1
58	194	1
58	198	-1
58	199	-1
58	200	1
58	202	-1
58	203	1
58	204	1
58	205	1
58	207	-1
58	215	-1
58	219	-1
58	220	-1
58	221	-1
58	223	1
58	224	-1
58	225	1
58	226	-1
58	230	-1
58	233	-1
58	234	1
58	235	1
58	238	1
58	239	1
58	241	-1
58	242	1
58	247	-1
58	248	1
58	249	1
59	62	1
59	71	1
59	72	1
59	73	-1
59	74	1
59	77	-1
59	78	1
59	79	-1
59	82	1
59	83	1
59	87	1
59	88	1
59	96	1
59	99	-1
59	110	-1
59	111	1
59	112	1
59	114	-1
59	117	-1
59	118	1
59	124	-1
59	126	-1
59	127	1
59	129	-1
59	133	1
59	134	-1
59	137	-1
59	139	1
59	140	-1
59	142	-1
59	150	-1
59	156	-1
59	158	-1
59	161	-1
59	165	-1
59	170	-1
59	180	-1
59	186	-1
59	188	1
59	190	-1
59	198	-1
59	201	1
59	208	-1
59	211	-1
59	214	1
59	215	1
59	216	1
59	218	1
59	220	1
59	225	-1
59	227	-1
59	228	1
59	230	-1
59	234	-1
59	236	-1
59	239	-1
59	241	1
59	242	1
59	245	-1
59	248	1
60	64	1
60	66	-1
60	67	1
60	74	-1
60	75	1
60	76	-1
60	77	1
60	79	1
60	80	1
60	81	1
60	86	-1
60	87	1
60	88	-1
60	100	1
60	103	1
60	108	1
60	111	-1
60	113	1
60	114	1
60	115	-1
60	117	-1
60	121	1
60	126	-1
60	131	-1
60	134	1
60	138	-1
60	139	1
60	140	-1
60	146	1
60	151	-1
60	154	-1
60	157	-1
60	163	1
60	167	1
60	169	-1
60	171	-1
60	175	-1
60	177	1
60	178	-1
60	181	-1
60	185	1
60	189	1
60	192	-1
60	193	1
60	196	1
60	199	-1
60	200	1
60	202	1
60	203	-1
60	205	1
60	206	-1
60	209	-1
60	214	-1
60	220	1
60	222	-1
60	224	1
60	225	1
60	228	-1
60	229	-1
60	232	1
60	238	-1
60	243	-1
60	248	1
61	62	-1
61	68	-1
61	69	-1
61	72	-1
61	74	1
61	76	-1
61	79	1
61	84	1
61	89	1
61	91	-1
61	92	-1
61	95	1
61	96	-1
61	103	-1
61	106	1
61	107	-1
61	110	-1
61	113	-1
61	115	-1
61	116	-1
61	127	-1
61	128	1
61	129	1
61	131	1
61	135	1
61	138	-1
61	140	-1
61	149	-1
61	153	1
61	154	-1
61	159	1
61	162	-1
61	164	1
61	171	-1
61	172	1
61	173	1
61	175	-1
61	176	1
61	177	-1
61	178	-1
61	186	1
61	187	1
61	188	-1
61	191	1
61	196	-1
61	210	-1
61	215	-1
61	218	-1
61	221	1
61	224	1
61	225	-1
61	226	1
61	227	1
61	229	-1
61	232	-1
61	236	-1
61	238	-1
61	242	-1
61	243	1
61	244	-1
61	245	-1
61	249	1
62	65	-1
62	67	1
62	69	1
62	75	1
62	76	1
62	84	1
62	85	1
62	86	1
62	87	-1
62	88	-1
62	92	-1
62	93	1
62	95	-1
62	99	1
62	102	1
62	107	-1
62	111	1
62	114	1
62	118	-1
62	120	-1
62	121	1
62	122	-1
62	123	1
62	126	1
62	127	-1
62	128	1
62	131	-1
62	133	-1
62	134	-1
62	135	-1
62	136	-1
62	138	-1
62	140	-1
62	142	-1
62	143	-1
62	144	-1
62	145	1
62	147	-1
62	151	-1
62	153	1
62	154	1
62	156	-1
62	157	-1
62	160	1
62	163	1
62	166	-1
62	168	-1
62	180	-1
62	185	1
62	186	-1
62	190	-1
62	191	-1
62	194	1
62	195	-1
62	196	-1
62	197	-1
62	199	1
62	200	1
62	203	1
62	204	-1
62	206	1
62	207	-1
62	212	-1
62	215	1
62	219	-1
62	220	-1
62	225	1
62	227	1
62	233	1
62	235	1
62	241	-1
62	242	-1
63	64	-1
63	66	-1
63	67	1
63	71	-1
63	73	1
63	74	1
63	76	1
63	77	-1
63	79	1
63	83	-1
63	86	-1
63	88	-1
63	89	1
63	90	-1
63	95	-1
63	96	1
63	97	1
63	106	1
63	107	-1
63	112	1
63	114	-1
63	118	1
63	119	1
63	128	1
63	130	-1
63	132	-1
63	133	1
63	134	1
63	135	-1
63	137	-1
63	139	-1
63	140	-1
63	143	-1
63	144	1
63	146	-1
63	149	-1
63	151	-1
63	153	-1
63	155	-1
63	159	1
63	160	-1
63	166	-1
63	170	-1
63	172	-1
63	175	-1
63	177	-1
63	185	1
63	190	-1
63	198	-1
63	199	-1
63	200	1
63	205	-1
63	211	1
63	217	1
63	218	-1
63	219	1
63	223	1
63	237	-1
63	238	-1
63	239	1
63	247	1
64	69	1
64	70	-1
64	82	1
64	85	-1
64	87	1
64	92	-1
64	93	1
64	95	-1
64	104	-1
64	105	-1
64	106	1
64	107	-1
64	108	-1
64	109	1
64	111	-1
64	113	-1
64	114	-1
64	116	-1
64	117	1
64	121	1
64	123	-1
64	125	-1
64	128	-1
64	131	1
64	132	-1
64	133	1
64	139	1
64	144	-1
64	147	-1
64	149	1
64	153	-1
64	154	-1
64	155	-1
64	156	-1
64	157	-1
64	158	-1
64	163	-1
64	164	-1
64	165	1
64	167	1
64	169	1
64	171	-1
64	172	1
64	173	1
64	177	-1
64	180	-1
64	182	1
64	183	1
64	184	-1
64	185	1
64	188	-1
64	196	1
64	198	1
64	200	1
64	204	1
64	216	-1
64	219	1
64	220	-1
64	237	1
64	238	1
64	240	1
64	242	-1
64	243	1
64	245	-1
65	66	1
65	69	1
65	80	1
65	81	1
65	82	1
65	86	1
65	88	-1
65	91	1
65	93	-1
65	98	1
65	101	-1
65	103	1
65	114	1
65	115	1
65	116	1
65	126	1
65	130	-1
65	135	-1
65	142	1
65	145	1
65	146	1
65	147	-1
65	156	-1
65	159	1
65	162	-1
65	165	-1
65	167	1
65	168	1
65	172	1
65	175	1
65	178	-1
65	185	1
65	186	1
65	187	-1
65	189	1
65	191	-1
65	195	1
65	196	1
65	197	-1
65	201	1
65	202	-1
65	203	-1
65	204	-1
65	208	1
65	209	1
65	212	1
65	217	-1
65	219	1
65	222	1
65	223	1
65	229	1
65	230	-1
65	231	-1
65	232	1
65	235	-1
65	237	1
65	238	-1
65	240	-1
65	241	1
65	242	-1
65	248	-1
65	249	-1
66	67	1
66	68	-1
66	69	1
66	70	1
66	71	1
66	73	-1
66	75	1
66	82	1
66	86	-1
66	89	1
66	90	-1
66	91	1
66	94	1
66	96	-1
66	97	1
66	98	1
66	101	1
66	102	1
66	106	1
66	107	-1
66	108	1
66	109	-1
66	113	1
66	114	1
66	115	1
66	120	1
66	122	-1
66	123	-1
66	125	-1
66	129	1
66	130	1
66	131	-1
66	132	-1
66	134	-1
66	135	1
66	136	-1
66	138	-1
66	143	1
66	145	1
66	146	-1
66	151	-1
66	159	-1
66	163	-1
66	165	-1
66	169	-1
66	171	1
66	174	-1
66	180	1
66	181	-1
66	182	1
66	186	-1
66	187	-1
66	191	1
66	193	-1
66	194	-1
66	195	1
66	196	-1
66	202	1
66	204	1
66	209	1
66	214	1
66	218	1
66	219	1
66	220	-1
66	230	-1
66	232	1
66	240	1
66	242	-1
66	243	-1
66	248	-1
67	68	-1
67	70	1
67	72	-1
67	76	-1
67	77	1
67	78	-1
67	79	-1
67	84	1
67	85	-1
67	88	-1
67	92	-1
67	94	1
67	101	1
67	103	-1
67	106	1
67	108	-1
67	111	-1
67	115	-1
67	116	-1
67	118	1
67	119	1
67	129	1
67	131	-1
67	133	-1
67	134	1
67	136	-1
67	138	-1
67	140	1
67	144	-1
67	145	1
67	147	1
67	156	-1
67	158	-1
67	160	-1
67	161	1
67	163	1
67	164	-1
67	171	1
67	174	-1
67	177	1
67	178	-1
67	180	1
67	182	-1
67	184	1
67	188	-1
67	191	1
67	196	-1
67	198	-1
67	202	-1
67	203	1
67	209	-1
67	211	1
67	215	1
67	217	-1
67	219	1
67	221	1
67	222	1
67	225	1
67	228	-1
67	231	1
67	235	1
67	236	-1
67	249	1
68	70	-1
68	72	1
68	73	1
68	78	-1
68	81	1
68	82	1
68	89	1
68	90	-1
68	92	1
68	94	1
68	97	1
68	98	-1
68	99	1
68	107	1
68	109	1
68	110	-1
68	111	1
68	116	-1
68	122	-1
68	124	-1
68	135	1
68	136	1
68	138	1
68	140	-1
68	144	-1
68	151	1
68	155	-1
68	157	1
68	158	1
68	161	1
68	162	1
68	163	1
68	164	-1
68	167	-1
68	171	-1
68	181	-1
68	182	1
68	183	-1
68	184	-1
68	186	-1
68	191	1
68	193	-1
68	195	1
68	203	-1
68	208	1
68	209	-1
68	215	1
68	219	1
68	220	-1
68	224	-1
68	227	-1
68	233	1
68	238	-1
68	240	1
68	241	-1
68	243	-1
68	244	-1
69	78	-1
69	79	-1
69	80	1
69	84	-1
69	86	1
69	88	-1
69	89	-1
69	91	1
69	94	1
69	97	1
69	100	1
69	102	1
69	103	1
69	104	-1
69	108	-1
69	110	-1
69	111	1
69	112	1
69	113	-1
69	115	1
69	120	-1
69	128	1
69	133	-1
69	141	1
69	143	1
69	144	1
69	151	-1
69	154	1
69	157	-1
69	158	1
69	161	1
69	163	1
69	164	-1
69	165	-1
69	168	1
69	169	1
69	170	1
69	171	1
69	174	1
69	175	1
69	177	-1
69	179	1
69	181	-1
69	187	1
69	190	-1
69	195	1
69	196	1
69	201	-1
69	204	-1
69	210	-1
69	212	1
69	216	1
69	217	1
69	218	-1
69	219	-1
69	220	1
69	227	1
69	232	1
69	236	1
69	237	1
69	246	1
69	247	1
70	74	-1
70	77	-1
70	82	-1
70	84	-1
70	88	-1
70	89	1
70	90	-1
70	100	-1
70	110	1
70	115	1
70	121	-1
70	124	-1
70	127	1
70	128	1
70	130	1
70	131	1
70	132	1
70	133	-1
70	134	1
70	135	1
70	137	-1
70	138	1
70	139	1
70	141	1
70	143	-1
70	145	1
70	146	1
70	151	-1
70	161	-1
70	163	-1
70	165	-1
70	168	1
70	169	-1
70	170	-1
70	172	-1
70	176	-1
70	177	-1
70	179	-1
70	182	1
70	185	1
70	186	1
70	189	-1
70	190	1
70	192	1
70	193	1
70	194	-1
70	202	1
70	203	1
70	206	-1
70	208	-1
70	209	1
70	219	1
70	220	1
70	222	-1
70	227	1
70	228	1
70	231	-1
70	232	-1
70	235	-1
70	238	1
70	239	1
70	240	1
70	245	-1
70	248	1
71	72	-1
71	73	-1
71	78	-1
71	79	-1
71	80	1
71	81	1
71	82	-1
71	83	1
71	85	1
71	91	1
71	94	1
71	97	1
71	99	1
71	106	-1
71	108	-1
71	110	-1
71	114	-1
71	118	1
71	119	1
71	123	-1
71	134	-1
71	135	-1
71	140	-1
71	152	-1
71	161	1
71	162	1
71	163	1
71	164	-1
71	166	-1
71	170	-1
71	177	-1
71	181	1
71	184	1
71	192	1
71	194	-1
71	198	1
71	202	-1
71	211	-1
71	212	-1
71	215	1
71	218	1
71	219	1
71	221	-1
71	222	-1
71	224	-1
71	226	-1
71	228	1
71	229	-1
71	230	1
71	231	-1
71	237	-1
71	238	1
71	243	-1
71	247	-1
71	248	1
72	77	1
72	81	-1
72	85	1
72	90	-1
72	91	1
72	97	1
72	101	-1
72	105	1
72	107	1
72	108	1
72	110	1
72	119	1
72	127	-1
72	136	1
72	137	1
72	138	-1
72	139	-1
72	140	-1
72	141	-1
72	146	1
72	147	-1
72	152	1
72	153	-1
72	154	-1
72	157	1
72	160	1
72	161	-1
72	164	-1
72	169	1
72	170	-1
72	176	1
72	181	1
72	184	-1
72	186	-1
72	188	-1
72	194	1
72	199	-1
72	202	-1
72	205	1
72	206	-1
72	207	-1
72	215	-1
72	217	1
72	218	-1
72	222	-1
72	224	1
72	225	1
72	228	-1
72	229	1
72	232	1
72	233	-1
72	238	1
72	242	1
72	245	1
73	74	1
73	77	-1
73	80	-1
73	82	1
73	86	1
73	87	1
73	92	-1
73	95	-1
73	103	-1
73	105	-1
73	106	-1
73	112	-1
73	116	-1
73	117	1
73	120	-1
73	121	-1
73	122	1
73	124	1
73	126	1
73	128	-1
73	130	1
73	132	-1
73	137	-1
73	141	-1
73	142	1
73	143	-1
73	147	1
73	151	1
73	153	-1
73	155	1
73	160	1
73	161	1
73	169	-1
73	171	1
73	174	1
73	175	-1
73	177	1
73	184	1
73	186	1
73	190	1
73	195	1
73	196	1
73	198	1
73	202	1
73	203	1
73	206	-1
73	207	1
73	209	1
73	211	1
73	219	-1
73	225	-1
73	226	-1
73	227	-1
73	231	-1
73	232	-1
73	234	1
73	238	1
73	241	-1
73	247	-1
73	248	-1
73	249	1
74	80	1
74	84	-1
74	86	-1
74	89	-1
74	90	-1
74	92	-1
74	104	-1
74	107	1
74	112	1
74	113	-1
74	114	-1
74	115	-1
74	117	-1
74	121	-1
74	130	1
74	136	1
74	137	1
74	140	1
74	143	-1
74	145	-1
74	149	1
74	158	1
74	161	-1
74	164	-1
74	168	1
74	172	-1
74	177	1
74	180	-1
74	192	1
74	194	-1
74	197	-1
74	207	-1
74	211	1
74	218	-1
74	221	-1
74	222	1
74	226	-1
74	232	1
74	236	1
74	240	-1
74	244	-1
74	246	-1
75	76	-1
75	78	1
75	82	1
75	83	-1
75	87	1
75	93	-1
75	94	1
75	96	-1
75	97	1
75	99	1
75	102	-1
75	103	1
75	104	-1
75	108	-1
75	110	1
75	113	1
75	116	-1
75	119	1
75	121	1
75	122	1
75	123	1
75	124	1
75	125	1
75	128	-1
75	129	1
75	130	-1
75	136	1
75	139	-1
75	145	1
75	146	1
75	151	-1
75	153	-1
75	154	1
75	155	-1
75	157	-1
75	162	-1
75	164	1
75	167	-1
75	168	1
75	169	-1
75	170	1
75	177	-1
75	180	1
75	181	-1
75	182	1
75	187	1
75	188	-1
75	190	1
75	194	-1
75	198	-1
75	199	1
75	200	1
75	206	-1
75	207	-1
75	213	1
75	215	1
75	216	1
75	217	1
75	219	-1
75	220	-1
75	222	1
75	233	1
75	236	-1
76	77	-1
76	78	1
76	81	1
76	84	1
76	88	-1
76	93	1
76	98	-1
76	104	-1
76	106	-1
76	107	1
76	108	-1
76	111	1
76	113	1
76	118	1
76	120	1
76	121	-1
76	124	1
76	127	1
76	129	1
76	130	1
76	132	-1
76	134	-1
76	136	-1
76	141	1
76	147	-1
76	150	-1
76	157	-1
76	158	1
76	160	-1
76	164	1
76	165	-1
76	171	-1
76	172	-1
76	173	-1
76	176	1
76	179	-1
76	183	-1
76	185	-1
76	186	1
76	188	1
76	190	-1
76	192	1
76	193	-1
76	199	1
76	211	1
76	212	-1
76	213	1
76	218	-1
76	219	1
76	223	1
76	227	-1
76	230	1
76	231	1
76	233	1
76	234	-1
76	235	-1
76	237	1
76	243	1
77	80	1
77	81	-1
77	86	-1
77	88	-1
77	92	1
77	95	1
77	97	-1
77	101	-1
77	102	-1
77	103	-1
77	104	-1
77	105	1
77	107	1
77	111	1
77	113	1
77	115	-1
77	120	-1
77	123	-1
77	125	-1
77	131	1
77	134	1
77	135	-1
77	139	-1
77	140	-1
77	141	-1
77	149	1
77	150	1
77	152	1
77	157	1
77	164	1
77	167	1
77	170	1
77	173	1
77	174	-1
77	175	1
77	182	-1
77	183	1
77	185	-1
77	188	-1
77	192	-1
77	194	1
77	195	1
77	199	-1
77	200	1
77	201	1
77	209	-1
77	210	-1
77	211	-1
77	212	-1
77	215	-1
77	218	1
77	220	1
77	221	1
77	223	-1
77	225	1
77	226	-1
77	228	1
77	234	1
77	236	-1
77	238	-1
77	239	1
77	241	1
77	246	1
77	248	-1
77	249	-1
78	80	1
78	81	-1
78	83	1
78	84	1
78	86	-1
78	93	-1
78	94	-1
78	99	1
78	104	-1
78	105	1
78	107	-1
78	112	-1
78	115	1
78	116	-1
78	120	1
78	124	-1
78	125	-1
78	126	-1
78	128	-1
78	138	-1
78	143	1
78	146	-1
78	148	1
78	150	1
78	156	1
78	158	-1
78	160	1
78	162	1
78	163	-1
78	170	1
78	174	-1
78	176	1
78	180	-1
78	185	-1
78	186	-1
78	191	-1
78	192	1
78	202	1
78	205	1
78	206	1
78	208	1
78	210	1
78	212	-1
78	213	-1
78	218	1
78	221	-1
78	231	1
78	232	1
78	240	-1
78	246	-1
78	247	1
78	248	-1
79	81	1
79	82	1
79	85	-1
79	89	-1
79	98	1
79	100	-1
79	103	-1
79	105	-1
79	106	-1
79	111	-1
79	112	1
79	113	-1
79	114	-1
79	116	1
79	118	-1
79	119	-1
79	121	-1
79	122	1
79	123	1
79	128	1
79	130	1
79	136	-1
79	138	-1
79	143	1
79	144	1
79	146	1
79	147	1
79	148	-1
79	150	-1
79	154	-1
79	155	-1
79	157	-1
79	169	1
79	176	1
79	180	-1
79	182	1
79	193	-1
79	200	1
79	202	-1
79	203	1
79	208	1
79	211	1
79	212	1
79	214	1
79	219	-1
79	220	1
79	228	1
79	229	1
79	231	1
79	239	-1
79	240	1
80	92	-1
80	94	1
80	96	1
80	97	1
80	98	1
80	99	1
80	100	-1
80	104	1
80	105	1
80	106	1
80	112	-1
80	117	-1
80	120	-1
80	123	1
80	124	1
80	128	1
80	130	1
80	136	1
80	143	-1
80	148	1
80	157	-1
80	159	-1
80	160	1
80	163	1
80	164	1
80	165	1
80	168	-1
80	170	-1
80	171	1
80	172	-1
80	175	1
80	184	1
80	190	-1
80	195	-1
80	200	1
80	201	1
80	202	1
80	203	-1
80	208	1
80	210	-1
80	213	-1
80	215	1
80	219	1
80	223	-1
80	229	1
80	230	1
80	231	-1
80	232	-1
80	233	1
80	234	1
80	236	-1
80	237	1
80	240	-1
80	242	-1
80	243	1
81	83	-1
81	84	1
81	86	-1
81	87	-1
81	92	1
81	94	-1
81	97	-1
81	98	1
81	99	-1
81	108	-1
81	109	-1
81	110	-1
81	114	1
81	115	-1
81	121	-1
81	124	-1
81	130	1
81	143	-1
81	144	1
81	145	-1
81	147	1
81	148	-1
81	150	-1
81	151	-1
81	152	-1
81	153	1
81	157	-1
81	164	-1
81	165	1
81	169	-1
81	170	-1
81	172	-1
81	174	1
81	175	1
81	176	1
81	178	-1
81	180	-1
81	183	1
81	185	1
81	190	-1
81	191	1
81	193	1
81	195	-1
81	196	-1
81	201	-1
81	203	-1
81	205	-1
81	206	1
81	207	-1
81	208	-1
81	209	-1
81	214	1
81	219	-1
81	220	1
81	222	-1
81	224	1
81	229	1
81	232	1
81	237	1
81	238	-1
81	239	-1
81	244	-1
81	245	-1
82	84	1
82	85	-1
82	87	-1
82	89	1
82	90	1
82	92	-1
82	99	-1
82	100	1
82	101	-1
82	103	1
82	106	1
82	107	1
82	111	-1
82	113	1
82	118	-1
82	120	-1
82	122	1
82	127	-1
82	128	-1
82	130	-1
82	134	-1
82	135	-1
82	137	-1
82	138	1
82	143	1
82	148	-1
82	150	-1
82	155	-1
82	156	1
82	159	1
82	162	-1
82	163	-1
82	167	1
82	170	1
82	172	1
82	181	1
82	183	1
82	185	1
82	186	-1
82	194	1
82	196	1
82	197	1
82	200	-1
82	203	-1
82	204	-1
82	208	1
82	210	1
82	211	-1
82	216	-1
82	223	-1
82	229	-1
82	233	-1
82	235	1
82	237	-1
82	238	1
82	240	1
82	244	1
82	246	1
82	247	-1
82	248	-1
83	86	1
83	88	-1
83	91	1
83	93	-1
83	96	1
83	98	1
83	99	-1
83	100	1
83	101	-1
83	102	1
83	108	-1
83	109	-1
83	114	-1
83	124	-1
83	125	-1
83	126	-1
83	129	-1
83	130	1
83	141	1
83	147	1
83	151	1
83	156	-1
83	157	-1
83	158	-1
83	159	1
83	160	1
83	163	1
83	168	1
83	169	1
83	170	-1
83	171	1
83	173	-1
83	174	-1
83	175	-1
83	177	1
83	178	-1
83	181	-1
83	194	-1
83	195	1
83	200	1
83	202	1
83	206	-1
83	212	1
83	214	1
83	215	-1
83	216	-1
83	217	1
83	218	1
83	225	-1
83	226	-1
83	228	-1
83	231	1
83	234	1
83	239	1
83	242	-1
83	244	1
83	249	1
84	85	-1
84	91	-1
84	100	1
84	103	1
84	104	-1
84	105	1
84	108	1
84	109	-1
84	113	-1
84	116	1
84	117	-1
84	121	-1
84	123	1
84	124	1
84	134	-1
84	138	1
84	141	-1
84	143	-1
84	148	-1
84	150	-1
84	152	-1
84	154	1
84	158	-1
84	159	1
84	164	1
84	169	1
84	170	-1
84	172	1
84	181	-1
84	183	-1
84	187	-1
84	190	-1
84	192	1
84	195	-1
84	205	1
84	209	1
84	211	1
84	212	1
84	216	-1
84	218	-1
84	230	1
84	231	-1
84	233	1
84	235	1
84	237	-1
84	239	-1
84	240	-1
84	241	-1
84	242	1
84	243	-1
84	248	1
84	249	1
85	90	-1
85	93	1
85	96	-1
85	103	1
85	107	-1
85	108	-1
85	109	1
85	110	1
85	113	1
85	115	-1
85	119	1
85	120	-1
85	121	1
85	123	1
85	126	-1
85	128	-1
85	131	-1
85	134	1
85	135	1
85	136	-1
85	139	1
85	142	-1
85	144	1
85	146	-1
85	147	-1
85	149	1
85	156	1
85	157	1
85	158	1
85	165	-1
85	166	1
85	167	1
85	168	-1
85	170	1
85	175	-1
85	177	-1
85	185	-1
85	186	1
85	189	-1
85	192	1
85	196	1
85	199	-1
85	202	-1
85	203	1
85	206	-1
85	208	1
85	212	-1
85	220	-1
85	223	-1
85	225	-1
85	229	-1
85	231	-1
85	239	1
85	240	-1
85	243	-1
85	246	1
85	247	1
85	248	-1
86	87	1
86	88	1
86	90	-1
86	91	-1
86	94	1
86	96	1
86	98	1
86	100	-1
86	101	1
86	108	-1
86	111	1
86	112	-1
86	115	-1
86	116	-1
86	123	-1
86	128	-1
86	133	1
86	136	1
86	138	1
86	141	1
86	142	1
86	143	1
86	144	1
86	151	1
86	152	-1
86	161	1
86	163	-1
86	168	1
86	169	-1
86	171	-1
86	175	-1
86	176	-1
86	179	1
86	181	-1
86	183	-1
86	184	-1
86	185	1
86	186	1
86	190	1
86	192	1
86	201	1
86	204	1
86	209	1
86	210	1
86	212	-1
86	213	1
86	214	1
86	216	1
86	218	1
86	219	-1
86	220	1
86	221	1
86	222	1
86	223	-1
86	229	1
86	231	1
86	233	-1
86	234	1
86	235	1
86	236	1
86	237	-1
86	241	-1
86	243	-1
86	244	1
86	246	-1
86	247	1
87	91	-1
87	93	-1
87	94	-1
87	100	-1
87	101	-1
87	102	1
87	107	1
87	109	1
87	110	1
87	111	1
87	117	1
87	118	1
87	119	-1
87	125	-1
87	128	1
87	129	-1
87	134	-1
87	137	-1
87	138	1
87	142	1
87	144	1
87	149	1
87	150	-1
87	152	1
87	153	-1
87	157	-1
87	159	-1
87	161	-1
87	163	-1
87	164	-1
87	166	-1
87	168	1
87	171	-1
87	173	-1
87	174	1
87	177	-1
87	179	1
87	184	-1
87	185	1
87	186	1
87	190	1
87	194	-1
87	199	-1
87	200	1
87	201	1
87	205	1
87	206	-1
87	208	-1
87	209	1
87	213	-1
87	219	-1
87	221	1
87	225	1
87	226	1
87	227	-1
87	228	1
87	230	-1
87	232	1
87	234	-1
87	236	-1
87	237	-1
87	239	1
87	246	-1
87	247	-1
88	93	1
88	96	1
88	98	1
88	100	1
88	103	-1
88	104	1
88	105	1
88	106	1
88	114	1
88	115	-1
88	117	-1
88	119	1
88	120	1
88	129	1
88	135	-1
88	137	1
88	138	1
88	139	1
88	140	1
88	142	1
88	149	1
88	153	-1
88	155	-1
88	156	-1
88	157	1
88	160	1
88	162	1
88	165	1
88	168	1
88	178	-1
88	179	1
88	180	1
88	182	-1
88	190	1
88	194	-1
88	195	1
88	196	1
88	202	-1
88	203	-1
88	204	1
88	206	1
88	207	1
88	211	1
88	212	1
88	217	1
88	218	-1
88	220	-1
88	224	1
88	225	1
88	231	-1
88	234	1
88	237	1
88	238	-1
88	240	-1
88	242	-1
88	243	1
88	246	-1
89	92	1
89	94	1
89	95	-1
89	97	1
89	102	1
89	103	1
89	105	-1
89	109	1
89	112	-1
89	113	-1
89	115	-1
89	127	-1
89	130	1
89	132	1
89	134	-1
89	137	-1
89	138	1
89	139	1
89	141	1
89	152	-1
89	154	1
89	161	-1
89	162	-1
89	165	-1
89	167	1
89	180	1
89	188	1
89	191	-1
89	199	-1
89	200	1
89	206	-1
89	207	-1
89	209	-1
89	214	-1
89	217	-1
89	226	1
89	228	-1
89	232	1
89	233	-1
89	238	1
89	239	1
89	242	-1
89	245	1
89	247	1
89	249	1
90	93	1
90	96	-1
90	97	-1
90	102	-1
90	110	-1
90	112	-1
90	114	-1
90	116	1
90	118	-1
90	119	-1
90	121	-1
90	123	1
90	124	1
90	132	1
90	136	-1
90	145	-1
90	149	-1
90	150	1
90	152	1
90	156	1
90	158	1
90	162	1
90	165	-1
90	171	1
90	174	1
90	176	1
90	180	-1
90	183	-1
90	184	-1
90	187	-1
90	188	-1
90	190	1
90	193	1
90	196	1
90	200	1
90	202	1
90	204	1
90	206	1
90	207	1
90	213	-1
90	215	1
90	216	1
90	218	1
90	219	1
90	220	-1
90	225	-1
90	226	-1
90	228	1
90	236	1
90	242	-1
90	243	-1
90	246	-1
90	248	1
91	103	1
91	104	1
91	106	1
91	107	1
91	115	1
91	116	1
91	118	1
91	120	-1
91	121	1
91	130	-1
91	131	-1
91	132	1
91	138	-1
91	145	-1
91	148	1
91	150	1
91	153	1
91	154	-1
91	156	-1
91	158	1
91	160	1
91	162	1
91	166	-1
91	168	-1
91	171	1
91	172	1
91	175	-1
91	179	-1
91	180	1
91	181	1
91	184	-1
91	185	1
91	186	1
91	188	-1
91	193	-1
91	194	1
91	196	-1
91	200	-1
91	201	-1
91	202	1
91	205	-1
91	207	-1
91	215	1
91	216	-1
91	220	1
91	222	1
91	224	1
91	228	1
91	231	1
91	233	-1
91	235	1
91	236	-1
91	239	1
91	242	-1
91	244	-1
91	248	-1
91	249	-1
92	94	-1
92	95	1
92	96	1
92	98	1
92	101	-1
92	105	1
92	110	1
92	111	1
92	120	1
92	121	-1
92	123	-1
92	125	1
92	130	1
92	133	1
92	135	-1
92	136	1
92	141	-1
92	143	1
92	146	-1
92	149	-1
92	150	1
92	153	1
92	154	1
92	158	-1
92	159	-1
92	160	-1
92	164	1
92	165	-1
92	177	1
92	178	-1
92	180	1
92	181	-1
92	182	-1
92	183	1
92	187	1
92	191	-1
92	198	-1
92	201	1
92	202	-1
92	206	1
92	208	1
92	210	-1
92	211	-1
92	213	1
92	219	-1
92	220	-1
92	225	1
92	236	-1
92	237	-1
92	242	1
92	243	-1
92	244	-1
92	246	1
93	97	1
93	98	1
93	102	-1
93	106	-1
93	107	1
93	108	1
93	111	-1
93	114	1
93	115	-1
93	118	-1
93	122	1
93	126	-1
93	129	1
93	134	-1
93	137	1
93	139	1
93	141	1
93	143	-1
93	144	-1
93	149	1
93	151	-1
93	154	-1
93	155	-1
93	158	1
93	160	1
93	162	-1
93	179	-1
93	180	-1
93	182	-1
93	187	1
93	195	1
93	197	-1
93	208	1
93	212	-1
93	215	-1
93	216	-1
93	217	1
93	218	1
93	220	-1
93	222	1
93	223	1
93	227	-1
93	229	-1
93	231	-1
93	232	1
93	233	-1
93	243	-1
93	244	1
93	246	-1
94	98	1
94	100	1
94	101	-1
94	103	-1
94	108	-1
94	110	1
94	111	1
94	113	1
94	115	-1
94	116	1
94	119	-1
94	120	-1
94	125	1
94	130	1
94	133	-1
94	134	-1
94	136	-1
94	137	1
94	139	-1
94	141	-1
94	147	-1
94	156	-1
94	157	-1
94	158	1
94	162	-1
94	163	-1
94	165	-1
94	166	-1
94	167	-1
94	173	-1
94	175	1
94	179	1
94	181	1
94	185	1
94	193	-1
94	196	1
94	198	-1
94	201	1
94	202	1
94	203	1
94	206	1
94	207	-1
94	209	1
94	215	-1
94	223	1
94	224	-1
94	225	1
94	227	1
94	228	-1
94	232	-1
94	239	1
94	240	1
95	97	1
95	100	1
95	102	-1
95	107	-1
95	108	-1
95	110	-1
95	114	-1
95	116	1
95	123	-1
95	126	1
95	128	1
95	134	-1
95	137	-1
95	139	1
95	146	-1
95	148	-1
95	151	-1
95	159	1
95	160	1
95	162	1
95	164	-1
95	169	1
95	171	1
95	173	-1
95	175	-1
95	177	-1
95	179	1
95	180	1
95	186	-1
95	187	-1
95	190	1
95	193	1
95	196	-1
95	199	-1
95	205	-1
95	207	-1
95	209	-1
95	212	-1
95	213	-1
95	219	-1
95	220	1
95	223	1
95	224	-1
95	229	1
95	230	1
95	233	1
95	234	1
95	235	-1
95	237	-1
95	239	1
95	240	1
95	246	1
95	247	-1
95	249	1
96	98	1
96	100	1
96	103	1
96	106	1
96	107	1
96	110	-1
96	111	1
96	112	-1
96	114	-1
96	115	-1
96	118	-1
96	119	-1
96	121	1
96	123	-1
96	124	-1
96	126	1
96	133	-1
96	135	-1
96	136	1
96	138	-1
96	146	1
96	150	-1
96	155	1
96	158	-1
96	162	-1
96	163	-1
96	164	-1
96	165	1
96	170	1
96	174	-1
96	178	1
96	182	-1
96	186	-1
96	189	1
96	192	1
96	193	1
96	194	1
96	196	1
96	197	1
96	202	1
96	210	1
96	211	1
96	212	-1
96	222	-1
96	223	-1
96	230	-1
96	232	-1
96	236	-1
96	241	1
96	243	1
96	244	1
97	100	1
97	101	-1
97	106	1
97	108	1
97	109	1
97	112	-1
97	113	-1
97	114	1
97	115	1
97	122	1
97	126	1
97	127	-1
97	135	1
97	137	-1
97	142	-1
97	144	-1
97	145	-1
97	149	1
97	155	1
97	157	-1
97	160	1
97	161	-1
97	164	-1
97	166	-1
97	170	1
97	176	-1
97	181	-1
97	186	1
97	194	1
97	197	-1
97	199	1
97	200	-1
97	203	1
97	204	1
97	212	1
97	213	-1
97	217	-1
97	225	-1
97	228	-1
97	232	-1
97	233	1
97	236	1
97	241	-1
97	246	1
97	249	-1
98	99	1
98	103	1
98	106	1
98	109	-1
98	115	1
98	119	-1
98	122	-1
98	128	-1
98	129	-1
98	130	-1
98	136	-1
98	137	1
98	140	-1
98	144	-1
98	146	-1
98	149	1
98	150	1
98	162	1
98	163	-1
98	169	-1
98	172	1
98	177	1
98	185	-1
98	187	1
98	192	1
98	193	-1
98	195	-1
98	201	-1
98	212	-1
98	215	1
98	217	1
98	218	-1
98	220	-1
98	222	-1
98	227	-1
98	231	-1
98	232	1
98	233	1
98	235	-1
98	236	-1
98	237	1
98	240	-1
98	241	-1
98	248	-1
99	100	1
99	107	-1
99	112	-1
99	117	1
99	119	-1
99	129	1
99	130	-1
99	133	1
99	140	1
99	141	1
99	143	-1
99	151	1
99	152	1
99	153	1
99	154	-1
99	157	-1
99	158	1
99	162	-1
99	167	-1
99	170	1
99	172	-1
99	183	1
99	186	-1
99	189	-1
99	191	-1
99	194	-1
99	195	1
99	201	-1
99	204	-1
99	210	-1
99	211	1
99	217	1
99	220	-1
99	221	-1
99	224	1
99	226	1
99	229	1
99	233	-1
99	235	-1
99	238	-1
99	241	1
99	242	-1
99	244	-1
99	247	-1
99	249	-1
100	102	1
100	106	1
100	114	-1
100	117	1
100	119	-1
100	121	-1
100	122	-1
100	123	-1
100	126	-1
100	128	1
100	129	-1
100	130	1
100	131	1
100	133	1
100	135	1
100	136	1
100	138	-1
100	142	1
100	147	1
100	149	-1
100	153	-1
100	160	1
100	161	1
100	162	1
100	164	1
100	169	-1
100	171	1
100	177	1
100	178	-1
100	184	-1
100	186	-1
100	187	-1
100	189	1
100	190	1
100	191	-1
100	193	1
100	194	1
100	196	-1
100	199	1
100	201	-1
100	202	1
100	204	-1
100	206	1
100	207	1
100	208	-1
100	210	1
100	211	-1
100	212	-1
100	221	1
100	223	-1
100	225	-1
100	226	-1
100	230	-1
100	235	1
100	239	1
100	242	1
100	243	1
100	246	1
101	106	-1
101	111	1
101	112	1
101	117	-1
101	124	-1
101	126	1
101	138	-1
101	141	1
101	142	1
101	145	-1
101	146	1
101	147	-1
101	148	-1
101	153	1
101	154	1
101	155	1
101	158	-1
101	160	-1
101	162	-1
101	164	-1
101	165	-1
101	167	-1
101	180	1
101	184	1
101	186	1
101	187	1
101	188	-1
101	189	1
101	190	1
101	194	-1
101	195	-1
101	197	-1
101	198	1
101	199	1
101	201	-1
101	202	1
101	208	-1
101	209	1
101	212	-1
101	213	-1
101	215	-1
101	217	1
101	221	1
101	222	1
101	229	1
101	230	1
101	232	-1
101	233	-1
101	237	1
101	249	-1
102	105	-1
102	108	-1
102	109	1
102	114	1
102	116	-1
102	117	-1
102	118	-1
102	122	-1
102	127	1
102	132	-1
102	133	-1
102	145	1
102	151	1
102	152	-1
102	155	1
102	160	-1
102	163	1
102	165	1
102	168	-1
102	172	1
102	173	-1
102	176	-1
102	177	-1
102	178	-1
102	179	1
102	181	-1
102	182	1
102	187	-1
102	188	-1
102	189	-1
102	190	-1
102	191	-1
102	198	1
102	200	-1
102	201	-1
102	203	1
102	208	-1
102	211	1
102	215	-1
102	217	1
102	219	1
102	220	1
102	224	-1
102	226	1
102	227	-1
102	231	1
102	233	-1
102	235	-1
102	236	1
102	239	1
102	242	1
102	243	1
102	244	1
102	248	1
103	104	-1
103	105	-1
103	116	-1
103	118	-1
103	121	-1
103	122	-1
103	124	1
103	130	1
103	131	-1
103	137	1
103	140	-1
103	142	1
103	143	-1
103	144	1
103	145	1
103	146	-1
103	148	1
103	149	1
103	152	1
103	156	-1
103	157	1
103	158	-1
103	161	1
103	162	1
103	163	1
103	164	1
103	167	1
103	169	1
103	171	1
103	173	-1
103	176	-1
103	177	1
103	179	-1
103	180	1
103	181	1
103	182	-1
103	183	-1
103	184	-1
103	185	-1
103	187	-1
103	192	1
103	198	-1
103	199	1
103	200	1
103	204	-1
103	208	1
103	209	-1
103	212	1
103	214	1
103	215	-1
103	220	1
103	221	-1
103	225	1
103	226	-1
103	227	-1
103	230	-1
103	233	1
103	234	-1
103	236	1
103	238	1
103	241	-1
104	107	1
104	110	1
104	111	-1
104	114	-1
104	117	-1
104	119	1
104	120	1
104	129	-1
104	131	-1
104	138	1
104	139	-1
104	140	1
104	141	-1
104	149	-1
104	155	1
104	156	-1
104	161	1
104	163	-1
104	164	-1
104	173	1
104	175	1
104	178	-1
104	179	-1
104	180	-1
104	181	-1
104	186	1
104	192	-1
104	196	1
104	203	1
104	212	-1
104	214	1
104	223	-1
104	224	-1
104	227	-1
104	229	1
104	236	-1
104	237	1
104	239	1
104	240	-1
104	245	-1
104	247	-1
105	116	1
105	123	1
105	127	1
105	128	-1
105	133	-1
105	134	-1
105	137	1
105	140	-1
105	141	1
105	144	1
105	149	1
105	155	1
105	159	-1
105	161	-1
105	164	1
105	166	1
105	168	-1
105	169	1
105	171	1
105	174	-1
105	175	-1
105	176	1
105	177	1
105	178	-1
105	181	-1
105	188	1
105	190	1
105	191	1
105	198	-1
105	199	-1
105	200	-1
105	201	1
105	202	1
105	209	1
105	212	-1
105	215	1
105	222	1
105	224	-1
105	225	1
105	230	-1
105	233	-1
105	236	1
105	240	-1
105	242	1
105	243	1
105	245	-1
106	108	1
106	111	1
106	117	-1
106	125	1
106	126	-1
106	128	1
106	131	-1
106	140	-1
106	144	-1
106	145	-1
106	149	-1
106	152	1
106	159	-1
106	163	1
106	165	1
106	166	1
106	169	1
106	170	1
106	171	-1
106	173	-1
106	181	1
106	182	1
106	183	1
106	186	1
106	192	-1
106	193	-1
106	197	-1
106	198	-1
106	199	-1
106	201	-1
106	206	1
106	207	1
106	209	-1
106	211	-1
106	213	-1
106	217	-1
106	219	1
106	221	-1
106	222	1
106	223	1
106	226	-1
106	231	1
106	232	-1
106	233	1
106	238	1
106	239	1
106	246	-1
107	109	-1
107	115	-1
107	117	1
107	120	1
107	125	1
107	128	1
107	131	-1
107	134	-1
107	135	-1
107	136	1
107	137	1
107	143	1
107	151	1
107	152	1
107	157	1
107	158	-1
107	165	-1
107	166	1
107	168	-1
107	170	-1
107	177	-1
107	183	1
107	184	1
107	185	1
107	191	-1
107	193	1
107	197	1
107	198	1
107	203	-1
107	204	1
107	206	-1
107	210	-1
107	212	1
107	216	1
107	217	1
107	221	1
107	222	1
107	224	1
107	229	-1
107	231	1
107	232	-1
107	235	-1
107	237	-1
107	240	-1
107	243	1
108	111	1
108	112	1
108	113	1
108	118	1
108	122	1
108	126	1
108	127	-1
108	133	1
108	136	-1
108	137	1
108	138	1
108	143	1
108	144	1
108	151	1
108	153	1
108	156	-1
108	157	-1
108	164	1
108	165	1
108	173	1
108	178	-1
108	179	-1
108	180	1
108	182	-1
108	188	1
108	194	-1
108	202	-1
108	203	-1
108	205	1
108	208	1
108	211	-1
108	212	-1
108	217	-1
108	218	1
108	219	-1
108	220	-1
108	221	-1
108	226	-1
108	227	-1
108	230	1
108	231	1
108	235	1
108	238	1
108	240	-1
108	244	-1
109	114	-1
109	116	-1
109	122	1
109	126	1
109	127	-1
109	129	-1
109	133	-1
109	137	-1
109	138	-1
109	139	1
109	144	1
109	149	-1
109	150	-1
109	151	1
109	153	-1
109	154	-1
109	159	1
109	160	1
109	161	1
109	172	1
109	175	-1
109	182	1
109	190	1
109	192	1
109	193	-1
109	196	1
109	198	-1
109	199	-1
109	200	1
109	203	-1
109	205	-1
109	207	-1
109	212	-1
109	215	1
109	217	-1
109	219	1
109	220	1
109	222	1
109	223	-1
109	228	1
109	232	1
109	233	1
109	235	1
109	237	-1
109	238	1
109	239	-1
109	244	1
110	111	-1
110	112	-1
110	122	1
110	125	-1
110	127	-1
110	132	-1
110	147	-1
110	153	1
110	154	1
110	155	1
110	158	1
110	159	1
110	160	1
110	166	-1
110	172	-1
110	177	-1
110	180	1
110	181	1
110	182	1
110	185	1
110	186	-1
110	187	-1
110	191	1
110	192	1
110	196	1
110	200	-1
110	205	-1
110	206	1
110	207	-1
110	211	1
110	212	1
110	213	-1
110	214	1
110	223	-1
110	226	1
110	229	1
110	233	-1
110	234	1
110	237	-1
110	238	-1
111	113	-1
111	114	-1
111	116	-1
111	119	-1
111	120	1
111	122	1
111	128	1
111	130	-1
111	131	1
111	132	1
111	145	1
111	149	1
111	157	1
111	161	-1
111	162	1
111	165	1
111	169	-1
111	174	-1
111	175	-1
111	181	1
111	182	1
111	186	1
111	193	1
111	198	-1
111	200	-1
111	202	1
111	205	-1
111	208	-1
111	218	1
111	219	-1
111	221	1
111	222	-1
111	224	1
111	225	-1
111	226	-1
111	232	-1
111	238	1
111	242	-1
111	248	1
112	115	-1
112	116	1
112	118	-1
112	119	1
112	126	-1
112	128	-1
112	129	-1
112	135	-1
112	136	-1
112	137	-1
112	141	1
112	145	1
112	148	-1
112	153	-1
112	155	-1
112	161	1
112	164	-1
112	168	1
112	170	-1
112	171	-1
112	174	-1
112	179	1
112	183	-1
112	184	-1
112	185	1
112	186	1
112	188	1
112	200	-1
112	205	1
112	210	1
112	211	1
112	214	1
112	220	-1
112	225	1
112	226	1
112	230	-1
112	237	-1
112	245	1
112	249	-1
113	118	1
113	122	1
113	129	-1
113	138	1
113	141	1
113	146	1
113	148	-1
113	150	-1
113	153	-1
113	154	1
113	155	1
113	158	1
113	161	1
113	166	1
113	168	-1
113	170	-1
113	172	-1
113	176	1
113	178	-1
113	179	1
113	180	1
113	181	-1
113	194	1
113	196	-1
113	197	1
113	200	1
113	202	1
113	203	-1
113	212	-1
113	218	-1
113	225	-1
113	227	-1
113	228	-1
113	231	1
113	235	-1
113	239	-1
113	241	1
113	247	1
113	248	1
113	249	-1
114	117	-1
114	119	-1
114	122	-1
114	123	-1
114	125	1
114	126	1
114	127	1
114	128	-1
114	129	-1
114	131	-1
114	134	-1
114	138	-1
114	144	1
114	147	1
114	148	-1
114	151	1
114	153	1
114	154	-1
114	158	1
114	159	-1
114	162	1
114	163	1
114	167	-1
114	172	1
114	173	-1
114	175	1
114	176	1
114	177	-1
114	180	-1
114	184	-1
114	194	1
114	196	1
114	200	1
114	201	1
114	203	1
114	204	1
114	205	-1
114	206	-1
114	209	-1
114	212	1
114	213	1
114	214	-1
114	218	1
114	220	-1
114	222	1
114	224	-1
114	225	1
114	227	-1
114	229	1
114	230	1
114	233	-1
114	234	-1
114	239	1
114	242	1
114	243	-1
114	247	-1
115	119	-1
115	124	1
115	126	-1
115	130	-1
115	131	-1
115	136	1
115	137	-1
115	140	-1
115	141	1
115	142	-1
115	143	1
115	144	1
115	149	-1
115	151	-1
115	163	-1
115	166	-1
115	170	-1
115	173	1
115	175	-1
115	176	1
115	180	-1
115	181	1
115	183	-1
115	185	1
115	187	-1
115	193	1
115	196	-1
115	200	1
115	203	-1
115	207	1
115	210	1
115	211	1
115	212	-1
115	213	-1
115	215	-1
115	222	1
115	224	-1
115	226	-1
115	229	1
115	230	-1
115	231	-1
115	237	1
115	239	1
115	240	1
115	241	1
115	243	-1
115	244	-1
115	245	-1
116	118	1
116	119	1
116	120	1
116	121	1
116	122	-1
116	127	-1
116	129	-1
116	130	1
116	136	1
116	137	-1
116	141	-1
116	142	1
116	143	-1
116	144	-1
116	145	-1
116	146	1
116	148	1
116	157	-1
116	160	1
116	161	1
116	164	1
116	167	1
116	168	-1
116	170	1
116	171	1
116	174	1
116	176	-1
116	177	-1
116	185	1
116	186	1
116	189	-1
116	192	1
116	197	-1
116	198	-1
116	204	1
116	206	-1
116	207	-1
116	212	1
116	217	1
116	228	1
116	229	-1
116	242	-1
116	244	1
116	245	1
116	247	-1
116	249	1
117	121	1
117	124	1
117	125	-1
117	130	1
117	133	1
117	135	1
117	136	1
117	139	1
117	143	-1
117	144	-1
117	146	-1
117	148	1
117	155	-1
117	158	-1
117	161	-1
117	162	1
117	163	-1
117	164	1
117	166	1
117	168	-1
117	169	-1
117	170	-1
117	172	1
117	184	1
117	186	1
117	193	-1
117	195	1
117	198	1
117	199	1
117	203	1
117	206	-1
117	213	-1
117	214	-1
117	220	1
117	222	-1
117	225	1
117	229	-1
117	230	1
117	231	-1
117	233	-1
117	237	1
117	245	1
118	120	-1
118	121	1
118	122	-1
118	123	-1
118	126	-1
118	131	1
118	134	-1
118	137	1
118	138	1
118	141	1
118	142	-1
118	144	1
118	150	1
118	152	-1
118	153	-1
118	155	-1
118	160	1
118	163	-1
118	176	-1
118	177	-1
118	186	1
118	190	1
118	191	1
118	198	-1
118	199	1
118	201	-1
118	211	-1
118	218	1
118	221	1
118	225	-1
118	235	1
118	236	-1
118	237	1
118	238	-1
118	239	-1
118	247	1
118	248	-1
118	249	-1
119	122	-1
119	123	1
119	125	1
119	129	1
119	135	-1
119	140	-1
119	145	-1
119	148	1
119	149	1
119	150	-1
119	151	-1
119	152	1
119	155	1
119	156	1
119	158	1
119	160	-1
119	163	-1
119	165	1
119	170	1
119	171	-1
119	172	-1
119	174	1
119	179	1
119	181	-1
119	182	1
119	185	-1
119	187	-1
119	188	1
119	189	-1
119	190	1
119	195	-1
119	196	1
119	197	-1
119	206	-1
119	209	1
119	210	-1
119	211	1
119	218	1
119	221	1
119	227	-1
119	228	1
119	233	1
119	236	1
119	238	-1
119	245	-1
119	249	-1
120	122	1
120	124	1
120	126	1
120	129	-1
120	133	-1
120	134	1
120	137	-1
120	139	1
120	141	1
120	142	-1
120	145	1
120	146	-1
120	150	1
120	151	-1
120	153	-1
120	154	1
120	156	-1
120	157	1
120	159	-1
120	161	-1
120	162	-1
120	167	1
120	171	1
120	173	-1
120	175	1
120	177	-1
120	178	1
120	179	-1
120	182	-1
120	185	1
120	189	1
120	192	1
120	195	-1
120	197	1
120	198	1
120	205	-1
120	206	1
120	210	-1
120	212	1
120	214	1
120	219	1
120	223	-1
120	224	-1
120	227	-1
120	232	1
120	236	-1
120	238	1
120	245	-1
120	248	1
121	122	1
121	125	1
121	128	1
121	129	-1
121	132	-1
121	133	-1
121	136	1
121	138	1
121	139	-1
121	141	-1
121	144	1
121	146	-1
121	148	1
121	151	-1
121	153	-1
121	155	-1
121	156	1
121	157	1
121	167	-1
121	168	-1
121	170	-1
121	172	1
121	174	-1
121	177	1
121	178	1
121	179	-1
121	183	1
121	185	-1
121	189	-1
121	191	1
121	197	1
121	199	1
121	202	1
121	203	-1
121	209	1
121	214	-1
121	215	-1
121	217	1
121	222	-1
121	223	1
121	226	-1
121	227	1
121	231	1
121	234	1
121	238	1
121	241	-1
121	243	-1
121	244	1
121	249	1
122	125	-1
122	127	-1
122	128	1
122	130	-1
122	131	-1
122	132	-1
122	134	1
122	136	-1
122	139	-1
122	141	1
122	142	-1
122	145	1
122	149	-1
122	154	1
122	157	1
122	158	1
122	160	1
122	163	-1
122	166	1
122	170	1
122	171	1
122	174	1
122	179	-1
122	181	1
122	182	-1
122	184	-1
122	186	-1
122	187	1
122	191	1
122	193	1
122	195	1
122	205	1
122	206	-1
122	218	-1
122	220	1
122	221	1
122	222	1
122	224	-1
122	226	1
122	229	1
122	231	1
122	233	-1
122	234	-1
122	237	-1
122	240	1
122	241	-1
122	242	1
122	243	1
122	245	-1
122	247	1
123	124	-1
123	127	-1
123	129	1
123	132	1
123	137	1
123	140	1
123	142	-1
123	145	1
123	146	-1
123	152	-1
123	154	-1
123	155	1
123	156	1
123	160	1
123	161	-1
123	168	1
123	170	-1
123	177	-1
123	179	-1
123	184	1
123	187	1
123	188	-1
123	189	-1
123	191	1
123	193	1
123	206	1
123	207	-1
123	211	1
123	212	1
123	214	-1
123	218	1
123	222	1
123	226	-1
123	229	1
123	230	1
123	231	1
123	232	1
123	234	1
123	236	-1
123	237	-1
123	248	1
124	125	-1
124	127	-1
124	133	-1
124	135	1
124	136	1
124	142	1
124	146	-1
124	147	1
124	153	1
124	154	-1
124	158	1
124	163	-1
124	166	-1
124	168	1
124	171	1
124	176	1
124	177	-1
124	182	1
124	184	-1
124	188	1
124	191	-1
124	192	1
124	207	1
124	209	-1
124	211	1
124	213	-1
124	216	1
124	227	-1
124	228	-1
124	234	1
124	239	-1
124	241	1
124	243	1
124	248	1
125	129	1
125	134	-1
125	144	-1
125	147	-1
125	149	1
125	150	-1
125	151	-1
125	153	1
125	154	-1
125	160	-1
125	161	-1
125	162	1
125	163	-1
125	164	1
125	170	1
125	172	-1
125	175	1
125	177	-1
125	178	1
125	186	-1
125	187	1
125	191	-1
125	192	-1
125	196	1
125	207	1
125	208	1
125	210	1
125	215	-1
125	216	-1
125	217	1
125	218	-1
125	221	-1
125	224	1
125	225	1
125	226	-1
125	232	1
125	238	1
125	242	1
125	243	-1
125	244	-1
125	245	1
126	128	-1
126	130	1
126	131	1
126	132	1
126	134	1
126	136	1
126	137	1
126	147	1
126	148	-1
126	149	-1
126	153	-1
126	166	-1
126	173	1
126	177	1
126	179	-1
126	181	-1
126	182	1
126	183	1
126	186	-1
126	188	1
126	192	1
126	195	1
126	196	-1
126	200	1
126	202	1
126	203	-1
126	204	1
126	205	1
126	208	1
126	210	1
126	214	1
126	215	-1
126	217	1
126	220	1
126	221	-1
126	223	1
126	224	1
126	225	1
126	227	1
126	229	-1
126	231	1
126	234	1
126	237	1
126	238	1
126	243	1
126	244	1
126	247	1
127	128	1
127	129	1
127	130	1
127	131	-1
127	133	1
127	134	-1
127	136	-1
127	137	1
127	138	-1
127	147	-1
127	149	1
127	157	1
127	160	1
127	162	-1
127	168	-1
127	170	-1
127	171	-1
127	172	1
127	180	-1
127	182	1
127	183	-1
127	184	1
127	186	-1
127	189	1
127	191	1
127	193	1
127	196	1
127	201	-1
127	202	1
127	205	1
127	206	-1
127	209	-1
127	210	-1
127	214	-1
127	216	1
127	217	1
127	224	-1
127	234	1
127	236	1
127	237	-1
127	246	-1
127	248	-1
128	129	-1
128	134	-1
128	135	1
128	136	-1
128	138	-1
128	140	-1
128	145	-1
128	147	-1
128	149	-1
128	151	1
128	152	-1
128	153	1
128	157	-1
128	158	1
128	160	1
128	165	-1
128	167	-1
128	171	1
128	172	1
128	175	1
128	176	1
128	177	-1
128	178	-1
128	180	-1
128	183	1
128	184	1
128	187	1
128	190	-1
128	191	1
128	194	-1
128	195	-1
128	196	1
128	197	1
128	199	-1
128	201	1
128	205	-1
128	206	-1
128	207	-1
128	209	1
128	211	-1
128	217	-1
128	222	-1
128	226	1
128	227	1
128	229	1
128	231	-1
128	232	1
128	234	1
128	235	-1
128	238	-1
128	239	-1
128	245	1
128	246	-1
128	247	1
129	130	-1
129	131	-1
129	133	-1
129	137	-1
129	140	1
129	141	1
129	144	-1
129	146	1
129	151	-1
129	154	-1
129	155	-1
129	160	-1
129	163	-1
129	164	1
129	167	1
129	168	1
129	170	-1
129	174	1
129	175	-1
129	176	1
129	183	1
129	184	-1
129	185	1
129	189	1
129	190	-1
129	193	-1
129	194	1
129	195	-1
129	198	1
129	202	-1
129	205	1
129	210	1
129	211	-1
129	213	1
129	214	1
129	216	-1
129	217	-1
129	220	1
129	222	1
129	223	-1
129	224	-1
129	229	1
129	234	1
129	236	-1
129	238	-1
129	239	1
129	241	1
129	243	1
129	247	-1
129	248	1
130	138	1
130	141	1
130	142	1
130	147	-1
130	148	1
130	149	1
130	152	-1
130	155	1
130	156	-1
130	157	-1
130	158	-1
130	162	-1
130	163	-1
130	166	1
130	171	-1
130	172	-1
130	177	1
130	178	1
130	180	1
130	184	-1
130	185	-1
130	186	-1
130	191	-1
130	196	1
130	197	1
130	203	-1
130	205	-1
130	206	-1
130	209	-1
130	211	-1
130	212	1
130	220	-1
130	221	1
130	225	1
130	226	1
130	230	1
130	232	-1
130	238	-1
130	242	-1
130	245	1
130	248	-1
131	135	-1
131	136	-1
131	144	1
131	146	-1
131	151	-1
131	155	-1
131	159	1
131	160	1
131	162	-1
131	163	-1
131	165	-1
131	166	1
131	167	1
131	171	1
131	173	1
131	176	1
131	178	1
131	180	1
131	182	1
131	183	-1
131	184	1
131	185	-1
131	189	-1
131	190	-1
131	192	1
131	193	-1
131	198	1
131	199	-1
131	201	1
131	204	1
131	210	-1
131	213	1
131	214	1
131	216	-1
131	217	1
131	224	-1
131	226	-1
131	228	-1
131	237	-1
131	239	-1
131	243	-1
131	248	-1
132	138	1
132	139	1
132	145	1
132	147	-1
132	151	1
132	152	1
132	153	1
132	155	1
132	157	-1
132	158	-1
132	161	1
132	173	1
132	178	1
132	185	1
132	188	1
132	191	1
132	192	-1
132	193	-1
132	197	1
132	198	1
132	201	-1
132	202	-1
132	204	1
132	205	-1
132	206	1
132	209	1
132	218	1
132	223	-1
132	232	-1
132	235	-1
132	236	1
132	238	1
132	241	-1
132	244	1
133	137	-1
133	138	-1
133	141	-1
133	147	-1
133	150	1
133	151	1
133	154	1
133	155	1
133	157	-1
133	158	-1
133	166	1
133	169	1
133	170	1
133	175	-1
133	176	-1
133	177	-1
133	179	1
133	183	1
133	187	-1
133	201	1
133	203	1
133	208	-1
133	209	-1
133	210	-1
133	212	-1
133	213	1
133	216	1
133	217	-1
133	218	-1
133	220	-1
133	221	1
133	222	1
133	224	-1
133	225	1
133	233	1
133	234	-1
133	236	1
133	249	1
134	136	1
134	139	-1
134	142	-1
134	144	1
134	145	-1
134	146	1
134	148	-1
134	150	1
134	153	1
134	156	-1
134	159	1
134	161	1
134	163	1
134	168	-1
134	172	-1
134	173	-1
134	174	-1
134	182	-1
134	186	1
134	190	1
134	191	-1
134	192	-1
134	196	1
134	198	-1
134	201	-1
134	204	1
134	206	1
134	207	-1
134	211	-1
134	213	1
134	215	1
134	216	1
134	222	1
134	229	1
134	230	1
134	231	1
134	233	1
134	234	1
134	245	-1
134	246	1
135	136	1
135	137	-1
135	140	1
135	141	1
135	144	1
135	147	-1
135	152	1
135	153	-1
135	162	-1
135	174	-1
135	175	1
135	178	1
135	186	-1
135	187	1
135	193	1
135	201	1
135	205	-1
135	206	-1
135	208	-1
135	211	-1
135	212	-1
135	222	-1
135	225	-1
135	227	-1
135	232	-1
135	234	1
135	235	-1
135	240	1
135	241	-1
135	244	-1
135	248	-1
136	142	-1
136	143	1
136	146	-1
136	149	1
136	152	-1
136	153	1
136	155	1
136	162	-1
136	163	1
136	164	-1
136	166	-1
136	170	1
136	172	1
136	173	1
136	177	1
136	182	1
136	183	-1
136	184	-1
136	186	-1
136	187	1
136	188	-1
136	189	1
136	192	1
136	197	-1
136	200	-1
136	201	-1
136	207	-1
136	208	-1
136	209	1
136	210	-1
136	214	1
136	215	-1
136	217	-1
136	220	-1
136	225	1
136	229	-1
136	231	1
136	232	-1
136	243	1
136	244	1
136	246	-1
137	140	-1
137	143	1
137	145	1
137	147	1
137	149	-1
137	152	-1
137	153	-1
137	157	-1
137	159	1
137	161	-1
137	163	-1
137	164	1
137	167	1
137	170	-1
137	171	-1
137	176	1
137	179	1
137	181	-1
137	182	-1
137	184	-1
137	189	1
137	192	-1
137	193	1
137	195	-1
137	198	1
137	200	1
137	201	1
137	205	1
137	207	-1
137	210	-1
137	212	1
137	213	-1
137	216	1
137	218	1
137	222	-1
137	225	-1
137	228	-1
137	242	-1
138	139	-1
138	140	1
138	141	-1
138	143	1
138	145	1
138	146	1
138	151	-1
138	152	-1
138	157	1
138	161	-1
138	163	1
138	167	1
138	169	-1
138	173	-1
138	174	1
138	178	1
138	182	-1
138	183	-1
138	187	-1
138	192	1
138	193	-1
138	195	1
138	198	-1
138	200	-1
138	201	-1
138	203	1
138	205	1
138	208	1
138	212	-1
138	213	1
138	214	1
138	220	-1
138	223	-1
138	225	-1
138	226	-1
138	227	1
138	230	-1
138	232	-1
138	234	-1
138	235	-1
138	238	-1
138	246	-1
138	248	1
139	140	1
139	141	1
139	143	-1
139	146	-1
139	147	1
139	150	-1
139	154	1
139	157	1
139	161	-1
139	165	1
139	168	-1
139	177	-1
139	178	-1
139	180	1
139	181	1
139	184	1
139	189	1
139	192	1
139	193	1
139	198	-1
139	202	1
139	204	1
139	208	-1
139	209	-1
139	215	1
139	218	1
139	220	1
139	225	1
139	229	-1
139	234	1
139	235	-1
139	236	-1
139	237	1
139	242	-1
139	248	-1
140	143	-1
140	145	1
140	146	1
140	149	1
140	150	-1
140	154	-1
140	156	1
140	157	-1
140	158	-1
140	160	1
140	164	1
140	174	-1
140	178	1
140	179	-1
140	181	1
140	184	1
140	190	-1
140	197	-1
140	200	1
140	208	-1
140	209	1
140	210	-1
140	211	1
140	217	-1
140	220	1
140	221	1
140	225	1
140	226	1
140	232	-1
140	235	-1
140	236	1
140	238	1
140	239	-1
140	243	1
140	244	1
140	246	1
140	247	1
141	143	-1
141	144	1
141	145	-1
141	148	-1
141	152	-1
141	154	1
141	156	-1
141	157	1
141	160	-1
141	163	1
141	166	1
141	169	1
141	175	-1
141	176	1
141	177	-1
141	178	1
141	179	1
141	182	-1
141	185	-1
141	188	1
141	192	-1
141	196	1
141	198	1
141	199	-1
141	204	-1
141	207	1
141	213	-1
141	215	-1
141	216	-1
141	217	1
141	218	1
141	221	-1
141	225	-1
141	237	-1
141	238	1
141	245	-1
141	247	1
141	248	-1
142	143	1
142	145	-1
142	146	-1
142	147	1
142	152	1
142	153	-1
142	157	-1
142	158	1
142	162	1
142	165	1
142	167	1
142	168	1
142	171	-1
142	173	-1
142	174	-1
142	177	-1
142	182	1
142	183	1
142	185	1
142	189	1
142	193	1
142	195	-1
142	204	-1
142	214	1
142	215	-1
142	216	1
142	218	-1
142	223	-1
142	227	1
142	230	-1
142	232	-1
142	234	-1
142	237	1
142	239	1
142	241	-1
142	245	1
142	246	-1
142	248	1
143	144	1
143	147	-1
143	153	1
143	154	-1
143	160	1
143	161	-1
143	171	-1
143	173	-1
143	177	-1
143	178	1
143	179	1
143	180	-1
143	181	1
143	184	1
143	186	1
143	199	1
143	200	1
143	201	1
143	202	1
143	206	-1
143	207	1
143	209	1
143	211	1
143	212	1
143	214	1
143	216	1
143	217	-1
143	220	-1
143	222	1
143	225	1
143	227	1
143	229	-1
143	230	-1
143	231	1
143	232	-1
143	235	-1
143	240	-1
143	241	-1
143	242	1
143	244	1
143	245	-1
143	247	-1
143	248	-1
144	148	-1
144	151	1
144	152	-1
144	155	1
144	156	-1
144	157	-1
144	158	-1
144	162	1
144	163	-1
144	165	1
144	168	-1
144	170	1
144	171	1
144	175	1
144	179	1
144	181	1
144	182	1
144	185	-1
144	186	-1
144	203	1
144	205	1
144	207	-1
144	208	-1
144	209	1
144	211	1
144	231	1
144	232	1
144	233	1
144	235	1
144	239	1
144	241	-1
144	244	1
144	249	-1
145	153	-1
145	157	-1
145	158	1
145	159	-1
145	160	1
145	161	-1
145	163	1
145	164	-1
145	167	-1
145	168	-1
145	174	1
145	178	1
145	182	-1
145	192	-1
145	193	-1
145	194	1
145	195	-1
145	196	-1
145	198	-1
145	201	-1
145	203	1
145	207	1
145	214	1
145	216	-1
145	217	-1
145	218	1
145	221	1
145	222	-1
145	223	1
145	224	-1
145	226	-1
145	229	-1
145	230	1
145	234	-1
145	235	-1
145	236	1
145	240	-1
145	241	-1
145	246	-1
145	249	1
146	151	1
146	160	-1
146	165	1
146	170	1
146	171	1
146	172	1
146	175	1
146	176	-1
146	178	1
146	183	-1
146	185	-1
146	187	-1
146	188	1
146	189	-1
146	197	1
146	198	1
146	201	1
146	202	1
146	203	1
146	207	-1
146	208	-1
146	210	1
146	213	-1
146	217	1
146	218	1
146	219	-1
146	222	-1
146	225	1
146	226	-1
146	227	1
146	229	-1
146	231	1
146	233	-1
146	234	1
146	235	1
146	240	1
146	241	-1
147	158	-1
147	161	-1
147	164	-1
147	169	-1
147	175	1
147	181	1
147	183	1
147	187	1
147	189	1
147	190	1
147	192	1
147	193	-1
147	194	-1
147	198	-1
147	203	1
147	207	1
147	208	1
147	214	-1
147	216	1
147	217	1
147	218	1
147	219	-1
147	222	1
147	223	-1
147	227	1
147	229	1
147	230	-1
147	236	-1
147	237	-1
147	238	-1
147	246	1
148	149	1
148	151	-1
148	160	-1
148	166	-1
148	173	1
148	177	1
148	181	-1
148	183	-1
148	184	-1
148	193	-1
148	196	1
148	197	1
148	199	-1
148	201	1
148	203	-1
148	210	1
148	213	1
148	214	-1
148	216	-1
148	217	-1
148	219	-1
148	221	-1
148	222	1
148	227	1
148	230	-1
148	231	-1
148	237	-1
148	239	-1
148	240	1
148	242	-1
148	245	-1
148	246	-1
148	247	-1
149	153	1
149	157	1
149	161	-1
149	164	-1
149	166	-1
149	169	-1
149	170	1
149	172	1
149	173	1
149	181	-1
149	182	-1
149	187	-1
149	189	1
149	191	1
149	200	-1
149	201	1
149	202	-1
149	207	1
149	210	-1
149	215	-1
149	216	1
149	218	-1
149	220	-1
149	222	1
149	226	-1
149	227	1
149	228	-1
149	239	1
149	247	1
149	249	1
150	153	1
150	156	-1
150	157	1
150	159	1
150	160	-1
150	161	1
150	162	-1
150	164	-1
150	165	1
150	166	1
150	168	1
150	169	-1
150	170	-1
150	178	-1
150	179	1
150	180	-1
150	181	1
150	182	1
150	185	1
150	189	1
150	191	-1
150	194	-1
150	196	1
150	199	-1
150	200	-1
150	201	-1
150	205	-1
150	212	1
150	213	1
150	216	1
150	219	1
150	221	1
150	223	1
150	224	1
150	227	-1
150	228	1
150	230	1
150	235	-1
150	237	-1
150	238	1
150	240	1
150	243	-1
150	247	-1
151	154	-1
151	155	-1
151	160	1
151	165	-1
151	169	-1
151	171	1
151	184	-1
151	189	-1
151	190	-1
151	197	1
151	200	1
151	201	-1
151	207	1
151	211	1
151	214	-1
151	215	-1
151	216	1
151	217	1
151	218	-1
151	225	-1
151	226	1
151	227	1
151	228	-1
151	233	1
151	234	1
151	237	1
151	238	-1
151	239	-1
151	241	-1
151	242	-1
152	154	-1
152	161	-1
152	164	-1
152	168	1
152	170	-1
152	171	1
152	178	1
152	181	1
152	185	1
152	186	1
152	188	1
152	194	-1
152	196	-1
152	202	-1
152	203	-1
152	204	1
152	205	-1
152	212	-1
152	213	1
152	215	-1
152	216	-1
152	218	-1
152	221	-1
152	225	1
152	226	-1
152	227	1
152	229	-1
152	231	1
152	232	-1
152	233	-1
152	235	-1
152	237	-1
152	246	-1
152	247	1
152	248	-1
153	155	1
153	156	-1
153	159	1
153	160	1
153	161	1
153	163	-1
153	165	-1
153	168	1
153	170	1
153	171	-1
153	173	-1
153	178	-1
153	179	-1
153	180	1
153	183	1
153	185	1
153	189	1
153	190	-1
153	193	-1
153	197	1
153	198	-1
153	200	1
153	203	-1
153	210	-1
153	216	1
153	221	-1
153	223	1
153	224	1
153	225	-1
153	226	-1
153	227	-1
153	230	1
153	231	1
153	232	1
153	234	-1
153	237	1
153	239	-1
153	243	-1
153	244	-1
153	247	-1
153	249	-1
154	156	-1
154	163	-1
154	164	1
154	168	-1
154	172	-1
154	176	1
154	179	1
154	180	1
154	181	-1
154	186	1
154	188	-1
154	193	-1
154	194	1
154	196	-1
154	197	1
154	199	1
154	201	-1
154	204	-1
154	207	1
154	211	-1
154	212	1
154	213	-1
154	214	-1
154	215	1
154	218	1
154	220	-1
154	222	-1
154	226	1
154	227	-1
154	231	1
154	233	-1
154	237	-1
154	240	1
154	242	-1
154	243	1
154	245	-1
154	246	1
154	247	1
155	158	-1
155	161	1
155	165	1
155	167	-1
155	169	1
155	170	-1
155	172	-1
155	173	-1
155	174	-1
155	175	1
155	176	1
155	183	-1
155	184	-1
155	190	-1
155	191	-1
155	192	-1
155	195	-1
155	200	-1
155	204	-1
155	206	-1
155	209	1
155	212	-1
155	213	1
155	218	-1
155	222	1
155	225	-1
155	227	1
155	230	1
155	231	1
155	237	-1
155	244	1
155	246	1
156	159	1
156	161	-1
156	167	1
156	168	1
156	172	1
156	174	1
156	175	-1
156	176	1
156	181	-1
156	183	-1
156	184	-1
156	185	1
156	187	-1
156	195	-1
156	197	-1
156	204	-1
156	208	-1
156	209	-1
156	210	1
156	215	-1
156	217	1
156	221	1
156	222	1
156	224	1
156	225	1
156	227	-1
156	229	1
156	236	1
156	243	1
156	246	1
156	247	1
156	248	-1
156	249	-1
157	158	-1
157	161	1
157	164	1
157	167	1
157	170	-1
157	174	1
157	175	1
157	177	-1
157	182	1
157	189	-1
157	190	-1
157	191	-1
157	192	-1
157	194	1
157	195	-1
157	196	-1
157	197	-1
157	198	-1
157	199	1
157	209	1
157	210	1
157	214	1
157	218	-1
157	220	-1
157	221	-1
157	223	1
157	226	1
157	228	1
157	237	1
157	239	-1
157	240	-1
157	241	-1
158	159	1
158	161	1
158	163	1
158	164	-1
158	165	1
158	170	-1
158	174	1
158	178	-1
158	184	1
158	190	1
158	191	1
158	197	-1
158	199	-1
158	202	1
158	203	1
158	204	-1
158	205	1
158	208	-1
158	209	-1
158	210	-1
158	213	-1
158	220	-1
158	223	-1
158	231	-1
158	236	-1
159	165	-1
159	169	-1
159	183	1
159	185	1
159	186	-1
159	187	-1
159	189	1
159	190	1
159	191	-1
159	195	-1
159	197	-1
159	198	1
159	199	1
159	203	-1
159	207	-1
159	212	1
159	216	1
159	217	1
159	219	-1
159	221	-1
159	224	-1
159	225	-1
159	226	-1
159	231	-1
159	235	1
159	238	1
159	239	-1
159	240	1
159	241	1
159	242	1
159	243	1
159	244	1
160	164	-1
160	165	-1
160	170	-1
160	173	1
160	179	1
160	180	-1
160	184	1
160	187	1
160	189	-1
160	190	1
160	194	1
160	199	1
160	200	1
160	202	-1
160	208	1
160	210	-1
160	213	-1
160	214	1
160	215	-1
160	219	1
160	220	-1
160	229	1
160	232	1
160	234	1
160	236	1
160	241	1
160	243	-1
160	244	1
160	246	1
160	247	-1
161	162	1
161	166	-1
161	169	1
161	173	1
161	179	1
161	182	-1
161	183	1
161	185	1
161	188	1
161	191	1
161	194	-1
161	196	1
161	199	1
161	204	1
161	208	1
161	209	-1
161	211	1
161	219	-1
161	223	1
161	227	-1
161	231	-1
161	232	-1
161	233	1
161	234	-1
161	237	-1
161	239	-1
161	240	-1
161	242	-1
161	245	1
161	246	1
162	165	1
162	167	1
162	170	1
162	171	-1
162	175	-1
162	181	1
162	183	-1
162	184	1
162	185	-1
162	190	1
162	191	-1
162	192	1
162	198	1
162	205	-1
162	208	1
162	213	-1
162	214	1
162	217	1
162	218	-1
162	223	1
162	225	1
162	227	1
162	233	-1
162	235	-1
162	236	-1
162	237	1
162	238	1
162	240	1
162	243	-1
162	246	1
162	247	-1
163	164	-1
163	167	1
163	174	1
163	176	1
163	181	-1
163	184	-1
163	185	-1
163	187	1
163	189	1
163	192	-1
163	195	-1
163	196	-1
163	197	1
163	199	-1
163	201	-1
163	202	-1
163	207	1
163	209	-1
163	210	-1
163	212	-1
163	214	1
163	215	1
163	216	-1
163	217	-1
163	218	-1
163	220	-1
163	223	1
163	227	1
163	229	-1
163	231	1
163	234	-1
163	240	-1
163	241	1
163	244	1
163	247	-1
163	248	-1
164	168	1
164	169	1
164	177	1
164	180	1
164	182	1
164	184	1
164	187	1
164	188	-1
164	190	1
164	191	-1
164	193	-1
164	199	1
164	200	-1
164	201	-1
164	202	1
164	206	1
164	207	1
164	208	-1
164	210	1
164	211	-1
164	212	-1
164	213	-1
164	216	1
164	223	-1
164	226	-1
164	229	1
164	236	1
164	237	1
164	238	-1
164	241	1
164	243	1
164	244	1
164	246	1
164	248	1
165	166	1
165	167	1
165	168	-1
165	171	-1
165	174	-1
165	176	-1
165	177	-1
165	178	-1
165	179	1
165	180	1
165	181	-1
165	182	1
165	183	-1
165	186	1
165	188	1
165	189	1
165	190	-1
165	196	-1
165	209	1
165	212	-1
165	216	-1
165	217	1
165	218	-1
165	223	-1
165	227	-1
165	229	-1
165	230	-1
165	237	-1
165	238	1
165	241	1
165	242	1
165	243	1
165	245	1
165	247	-1
166	169	1
166	170	-1
166	173	-1
166	177	1
166	181	1
166	184	-1
166	185	1
166	188	1
166	193	-1
166	197	1
166	200	1
166	202	1
166	206	-1
166	208	-1
166	210	1
166	213	-1
166	214	-1
166	216	1
166	219	-1
166	221	-1
166	234	1
166	235	1
166	237	1
166	238	1
166	240	-1
166	241	-1
166	242	1
166	243	1
166	245	-1
166	247	-1
166	249	1
167	168	1
167	178	1
167	181	1
167	182	-1
167	183	-1
167	186	1
167	197	1
167	198	-1
167	199	1
167	203	1
167	206	1
167	212	-1
167	215	1
167	217	1
167	218	1
167	219	1
167	220	-1
167	221	1
167	222	-1
167	225	1
167	228	1
167	229	1
167	234	1
167	243	1
167	247	1
167	248	1
168	172	-1
168	180	1
168	181	1
168	186	1
168	189	-1
168	193	-1
168	195	-1
168	196	-1
168	199	-1
168	202	-1
168	211	1
168	212	-1
168	213	-1
168	215	-1
168	217	1
168	220	1
168	223	1
168	228	1
168	229	1
168	230	-1
168	231	-1
168	232	1
168	235	-1
168	238	-1
168	241	1
168	245	1
168	248	-1
168	249	-1
169	170	-1
169	176	1
169	177	1
169	178	-1
169	185	-1
169	190	1
169	191	1
169	195	-1
169	197	1
169	202	1
169	203	-1
169	204	1
169	212	1
169	214	1
169	215	1
169	216	1
169	222	-1
169	223	-1
169	228	-1
169	232	1
169	233	-1
169	234	1
169	238	1
169	242	-1
169	246	-1
169	247	-1
170	171	-1
170	174	1
170	180	1
170	181	1
170	182	1
170	186	-1
170	187	-1
170	192	-1
170	193	-1
170	194	-1
170	198	-1
170	200	1
170	201	1
170	202	1
170	203	1
170	214	-1
170	215	1
170	216	-1
170	221	-1
170	223	1
170	229	1
170	232	1
170	236	-1
170	241	-1
170	242	1
170	243	1
170	244	1
170	245	-1
170	249	-1
171	172	-1
171	188	-1
171	189	-1
171	190	-1
171	192	1
171	193	-1
171	196	-1
171	199	1
171	200	1
171	206	-1
171	207	1
171	210	-1
171	211	-1
171	213	-1
171	214	-1
171	215	-1
171	220	1
171	222	1
171	225	1
171	226	-1
171	234	1
171	238	1
171	240	-1
171	241	1
171	245	-1
171	246	1
171	248	1
172	175	-1
172	178	1
172	180	-1
172	186	1
172	188	1
172	191	-1
172	194	1
172	198	-1
172	199	1
172	201	1
172	203	-1
172	207	1
172	208	-1
172	210	-1
172	212	1
172	215	-1
172	220	-1
172	223	-1
172	227	1
172	228	-1
172	230	1
172	233	-1
172	234	-1
172	236	-1
172	237	-1
172	241	1
172	244	-1
172	249	1
173	174	-1
173	177	-1
173	186	-1
173	193	-1
173	194	1
173	196	-1
173	197	-1
173	200	1
173	209	-1
173	210	-1
173	211	1
173	213	1
173	216	1
173	218	1
173	221	-1
173	225	1
173	227	-1
173	233	1
173	234	1
173	235	1
174	175	1
174	176	-1
174	182	-1
174	190	-1
174	198	1
174	199	1
174	203	1
174	204	-1
174	206	1
174	209	-1
174	211	-1
174	213	1
174	216	1
174	218	-1
174	219	1
174	226	1
174	228	1
174	230	-1
174	233	1
174	237	1
174	239	-1
174	240	1
174	243	-1
174	245	1
174	246	-1
174	248	-1
174	249	-1
175	176	-1
175	181	-1
175	182	-1
175	183	-1
175	185	1
175	186	-1
175	190	1
175	191	-1
175	193	-1
175	195	1
175	196	-1
175	199	-1
175	202	-1
175	203	-1
175	204	-1
175	205	1
175	206	-1
175	207	1
175	208	1
175	209	1
175	210	-1
175	212	-1
175	218	1
175	222	1
175	228	-1
175	229	-1
175	232	1
175	234	-1
175	235	-1
175	236	1
175	237	-1
175	240	1
175	242	1
175	247	1
175	248	-1
176	177	-1
176	178	1
176	182	-1
176	197	1
176	198	-1
176	199	-1
176	204	-1
176	205	1
176	206	1
176	208	1
176	210	-1
176	213	1
176	214	1
176	220	-1
176	229	-1
176	230	-1
176	231	1
176	234	-1
176	241	1
176	242	-1
176	249	-1
177	181	1
177	182	-1
177	189	1
177	192	1
177	193	-1
177	194	1
177	195	-1
177	197	1
177	198	-1
177	199	1
177	201	1
177	203	1
177	205	-1
177	212	1
177	215	1
177	216	-1
177	217	1
177	218	1
177	224	-1
177	230	-1
177	236	-1
177	240	-1
177	246	-1
177	248	1
177	249	-1
178	183	1
178	189	1
178	190	1
178	192	1
178	193	-1
178	194	-1
178	197	-1
178	198	-1
178	199	-1
178	203	-1
178	204	-1
178	215	-1
178	218	1
178	220	1
178	221	1
178	225	-1
178	228	-1
178	230	-1
178	235	-1
178	236	-1
178	238	1
178	247	-1
178	248	-1
179	180	1
179	183	-1
179	195	1
179	196	1
179	197	1
179	201	-1
179	202	1
179	205	1
179	206	1
179	209	1
179	214	-1
179	219	1
179	223	-1
179	225	-1
179	227	-1
179	229	1
179	232	1
179	233	1
179	234	-1
179	236	-1
179	237	-1
179	244	-1
179	245	-1
179	246	-1
179	247	-1
180	181	1
180	184	1
180	186	1
180	188	-1
180	189	-1
180	191	1
180	192	1
180	205	1
180	206	-1
180	208	1
180	209	1
180	211	1
180	214	-1
180	215	1
180	216	1
180	221	1
180	223	1
180	224	-1
180	227	-1
180	230	-1
180	232	-1
180	234	1
180	236	1
180	239	-1
181	182	-1
181	194	-1
181	195	1
181	196	-1
181	197	1
181	198	1
181	201	1
181	207	1
181	209	-1
181	216	-1
181	217	-1
181	225	-1
181	226	1
181	229	-1
181	230	1
181	232	1
181	233	-1
181	245	-1
181	247	-1
182	183	-1
182	185	1
182	191	1
182	196	-1
182	199	-1
182	200	-1
182	201	1
182	202	1
182	203	-1
182	205	1
182	206	1
182	211	1
182	212	1
182	213	-1
182	214	-1
182	223	-1
182	226	-1
182	227	-1
182	236	1
182	239	-1
182	249	1
183	188	1
183	192	-1
183	193	1
183	195	1
183	196	1
183	201	1
183	205	1
183	213	-1
183	216	-1
183	218	-1
183	219	-1
183	225	1
183	232	-1
183	233	-1
183	235	-1
183	238	1
183	241	1
183	244	1
183	245	1
183	246	-1
184	189	-1
184	192	1
184	197	-1
184	201	-1
184	202	-1
184	203	1
184	204	-1
184	213	-1
184	216	-1
184	218	1
184	220	-1
184	221	-1
184	224	-1
184	227	1
184	229	1
184	230	-1
184	233	1
184	234	-1
184	238	-1
185	192	1
185	200	1
185	201	1
185	204	-1
185	205	-1
185	206	1
185	207	1
185	211	-1
185	214	-1
185	216	1
185	219	-1
185	222	1
185	226	-1
185	233	-1
185	234	1
185	236	1
185	237	-1
185	238	-1
185	239	1
185	240	-1
185	242	1
185	243	-1
185	249	1
186	188	-1
186	194	-1
186	198	1
186	210	1
186	216	-1
186	217	1
186	220	-1
186	223	-1
186	224	-1
186	225	1
186	226	1
186	227	-1
186	231	1
186	236	-1
186	237	1
186	239	-1
186	240	-1
186	243	-1
186	248	1
186	249	-1
187	191	1
187	193	-1
187	196	-1
187	197	1
187	200	1
187	207	-1
187	208	1
187	211	-1
187	214	-1
187	217	-1
187	218	1
187	222	1
187	226	-1
187	232	-1
187	234	-1
187	235	1
187	236	1
187	237	-1
187	247	-1
188	189	1
188	197	1
188	198	-1
188	201	1
188	205	-1
188	207	1
188	209	-1
188	216	-1
188	219	1
188	223	-1
188	225	1
188	226	1
188	228	-1
188	229	1
188	232	1
188	234	-1
188	237	1
188	241	1
188	242	1
188	244	1
188	245	-1
188	247	1
188	248	-1
189	190	-1
189	193	1
189	196	-1
189	198	-1
189	199	-1
189	200	1
189	201	1
189	202	-1
189	204	1
189	206	-1
189	208	-1
189	209	1
189	212	-1
189	214	-1
189	231	-1
189	233	1
189	241	-1
189	246	-1
189	247	-1
190	193	1
190	194	1
190	195	1
190	197	-1
190	203	1
190	207	-1
190	208	1
190	211	1
190	213	1
190	218	1
190	222	-1
190	223	-1
190	227	-1
190	232	1
190	236	-1
190	237	1
190	240	-1
190	241	-1
190	246	1
190	249	1
191	192	1
191	193	-1
191	202	-1
191	224	-1
191	226	1
191	231	1
191	232	-1
191	234	1
191	238	1
191	241	1
191	246	-1
191	248	-1
192	194	1
192	199	-1
192	200	-1
192	202	-1
192	204	-1
192	207	-1
192	209	1
192	225	-1
192	226	-1
192	227	-1
192	232	-1
192	233	1
192	238	-1
192	239	-1
192	245	-1
192	249	1
193	195	1
193	196	-1
193	200	-1
193	203	-1
193	205	-1
193	206	1
193	209	-1
193	217	-1
193	219	1
193	220	-1
193	221	-1
193	222	1
193	223	1
193	227	-1
193	232	-1
193	235	-1
193	236	1
193	237	-1
193	238	-1
193	240	-1
193	241	1
193	245	1
193	247	-1
193	249	1
194	195	-1
194	197	-1
194	198	-1
194	201	-1
194	202	-1
194	206	1
194	219	-1
194	220	-1
194	222	1
194	224	-1
194	225	-1
194	226	1
194	231	-1
194	238	1
194	241	1
194	244	1
195	196	-1
195	197	1
195	201	1
195	207	-1
195	210	1
195	212	-1
195	213	-1
195	214	-1
195	216	1
195	218	1
195	219	-1
195	221	-1
195	222	-1
195	227	-1
195	229	1
195	233	1
195	234	-1
195	237	1
195	238	1
195	239	-1
195	241	1
195	242	-1
195	245	1
196	199	1
196	200	-1
196	204	-1
196	207	1
196	209	-1
196	210	1
196	213	-1
196	217	-1
196	219	1
196	221	1
196	224	1
196	225	1
196	226	1
196	227	1
196	236	1
196	243	-1
196	246	-1
196	247	-1
196	248	-1
197	198	-1
197	203	1
197	204	1
197	205	-1
197	210	1
197	213	1
197	214	1
197	216	1
197	219	1
197	223	-1
197	225	-1
197	226	-1
197	231	-1
197	239	1
197	242	1
197	246	1
198	200	1
198	201	-1
198	202	1
198	206	-1
198	207	-1
198	215	-1
198	216	-1
198	219	-1
198	222	-1
198	223	-1
198	224	1
198	227	-1
198	229	-1
198	230	-1
198	232	-1
198	233	1
198	235	-1
198	236	1
198	237	1
198	242	-1
198	245	1
198	246	1
199	205	-1
199	207	1
199	213	1
199	216	-1
199	218	1
199	219	-1
199	221	-1
199	222	1
199	224	1
199	229	-1
199	230	-1
199	233	1
199	234	1
199	236	1
199	238	-1
199	243	-1
199	244	-1
199	245	-1
199	247	1
199	249	-1
200	205	1
200	209	1
200	212	-1
200	213	1
200	215	1
200	216	1
200	217	-1
200	221	1
200	225	1
200	227	-1
200	228	1
200	232	1
200	238	1
200	241	1
200	247	-1
200	248	-1
200	249	-1
201	204	1
201	216	1
201	217	-1
201	218	1
201	219	-1
201	221	1
201	223	1
201	224	-1
201	226	1
201	229	-1
201	231	1
201	235	-1
201	236	-1
201	238	1
201	240	-1
201	241	-1
201	245	1
201	249	1
202	206	-1
202	210	-1
202	211	1
202	212	1
202	216	-1
202	217	-1
202	218	-1
202	221	1
202	226	-1
202	233	-1
202	234	-1
202	235	-1
202	237	1
202	243	-1
202	246	1
202	248	-1
202	249	-1
203	204	-1
203	207	-1
203	211	-1
203	212	1
203	213	1
203	214	1
203	215	-1
203	222	-1
203	224	1
203	231	-1
203	232	-1
203	234	1
203	235	-1
203	237	-1
203	244	-1
203	249	1
204	207	1
204	208	1
204	209	-1
204	211	-1
204	213	1
204	215	1
204	224	-1
204	226	-1
204	227	-1
204	228	1
204	229	-1
204	238	-1
204	239	1
204	245	-1
204	246	1
205	206	-1
205	214	-1
205	215	1
205	216	-1
205	222	-1
205	231	1
205	233	1
205	235	-1
205	237	1
205	238	-1
205	241	-1
205	243	1
205	244	1
205	247	1
206	208	1
206	215	1
206	222	-1
206	229	-1
206	230	-1
206	233	1
206	239	-1
206	240	-1
206	242	1
206	245	1
206	247	1
206	248	-1
207	212	1
207	213	-1
207	217	-1
207	222	-1
207	224	1
207	236	1
207	238	1
207	240	1
207	241	-1
207	245	1
207	246	1
207	249	-1
208	212	-1
208	215	1
208	216	-1
208	217	1
208	219	-1
208	220	1
208	227	1
208	235	1
208	236	-1
208	239	1
208	244	-1
208	245	-1
208	246	-1
208	247	-1
208	248	-1
208	249	1
209	210	-1
209	211	1
209	212	-1
209	214	1
209	216	1
209	220	-1
209	230	1
209	231	-1
209	234	1
209	235	1
209	242	1
209	243	-1
209	246	1
209	248	-1
209	249	1
210	211	1
210	216	1
210	217	-1
210	219	1
210	220	-1
210	225	1
210	228	1
210	232	-1
210	233	1
210	235	-1
210	236	-1
210	238	1
210	239	-1
210	240	-1
210	241	1
210	242	1
210	245	-1
210	246	1
211	213	-1
211	214	1
211	218	-1
211	219	-1
211	220	-1
211	221	-1
211	222	1
211	223	1
211	235	1
211	237	-1
211	240	1
211	241	1
211	243	-1
211	245	1
211	246	1
211	247	1
211	249	-1
212	213	-1
212	214	-1
212	220	-1
212	222	1
212	228	1
212	235	-1
212	239	-1
213	218	-1
213	219	-1
213	221	-1
213	223	1
213	224	1
213	228	1
213	229	-1
213	232	1
213	235	1
213	236	-1
213	240	1
213	241	1
213	243	1
213	245	1
213	247	1
213	248	1
213	249	-1
214	216	1
214	231	1
214	232	-1
214	233	-1
214	236	-1
214	240	-1
214	241	1
214	242	-1
214	244	1
214	249	-1
215	216	1
215	220	-1
215	222	-1
215	223	-1
215	230	1
215	236	1
215	239	1
215	244	-1
215	249	1
216	225	-1
216	233	-1
216	234	-1
216	236	-1
216	237	1
216	241	1
216	242	1
216	243	-1
216	245	1
216	248	1
216	249	1
217	218	-1
217	219	-1
217	224	1
217	229	-1
217	230	-1
217	234	1
217	236	1
217	243	-1
217	245	-1
217	247	1
217	248	-1
218	222	1
218	223	1
218	224	1
218	229	-1
218	232	1
218	234	-1
218	237	-1
218	239	-1
218	244	-1
218	249	1
219	223	1
219	231	-1
219	232	-1
219	234	1
219	236	-1
219	239	-1
219	240	1
219	241	-1
219	246	-1
219	247	-1
220	222	-1
220	224	1
220	226	-1
220	231	1
220	233	-1
220	234	-1
220	238	-1
220	242	1
220	246	1
221	226	-1
221	228	-1
221	235	1
221	236	1
221	237	-1
221	239	-1
221	240	-1
221	244	-1
221	246	-1
221	248	-1
222	227	-1
222	232	1
222	233	-1
222	236	-1
222	242	1
222	243	-1
222	247	1
222	249	-1
223	228	-1
223	231	1
223	234	-1
223	238	1
223	241	-1
224	225	-1
224	227	1
224	228	-1
224	233	1
224	235	1
224	236	1
224	239	-1
224	241	1
224	243	1
224	245	1
224	248	1
224	249	1
225	229	-1
225	232	1
225	233	1
225	234	-1
225	243	1
226	234	-1
226	237	-1
226	238	-1
226	239	1
226	241	1
226	244	1
226	249	1
227	228	-1
227	232	1
227	233	1
227	235	-1
227	240	-1
227	242	1
227	245	-1
227	246	1
227	247	-1
228	231	1
228	232	1
228	233	1
228	238	1
228	242	1
228	243	1
228	246	1
229	234	-1
229	238	1
229	242	1
229	243	1
229	248	-1
230	231	1
230	232	1
230	235	-1
230	236	-1
230	237	1
230	242	-1
230	243	-1
230	246	1
230	248	-1
230	249	-1
231	232	1
231	235	-1
231	239	1
231	240	-1
231	244	-1
231	246	-1
231	247	1
232	235	-1
232	248	-1
233	236	1
233	238	1
233	246	1
233	249	-1
234	237	-1
234	238	-1
234	246	-1
234	247	-1
235	238	1
235	239	-1
235	240	-1
235	245	1
235	246	1
235	249	1
236	241	1
236	244	1
236	246	1
237	238	1
237	240	1
237	241	-1
237	242	1
237	244	1
237	246	1
238	240	-1
238	242	-1
238	243	-1
238	245	1
238	246	-1
238	248	-1
239	241	1
239	244	-1
239	245	-1
239	246	-1
239	249	1
240	241	1
240	245	1
240	249	-1
241	243	1
241	247	-1
241	249	-1
242	244	-1
242	245	1
242	246	1
243	248	-1
244	245	1
244	246	-1
244	247	1
244	248	-1
245	246	-1
245	249	-1
246	247	1
246	249	-1
