# 250
0	1	-1
0	2	1
0	3	-1
0	4	1
0	5	1
0	7	1
0	8	-1
0	10	-1
0	11	1
0	12	1
0	13	1
0	15	1
0	16	-1
0	18	-1
0	19	1
0	20	1
0	21	-1
0	22	1
0	24	1
0	25	-1
0	26	1
0	27	1
0	29	1
0	30	-1
0	31	-1
0	34	-1
0	35	-1
0	36	-1
0	37	1
0	40	1
0	42	1
0	44	-1
0	45	-1
0	46	-1
0	47	1
0	48	-1
0	49	1
0	52	-1
0	53	-1
0	54	1
0	55	-1
0	56	1
0	60	1
0	62	1
0	64	1
0	65	1
0	71	1
0	72	-1
0	74	1
0	85	1
0	87	-1
0	88	-1
0	89	1
0	93	1
0	95	-1
0	96	-1
0	98	1
0	106	-1
0	107	1
0	111	1
0	112	-1
0	122	-1
0	125	-1
0	127	1
0	128	-1
0	129	-1
0	130	-1
0	132	1
0	133	-1
0	137	-1
0	138	-1
0	139	-1
0	143	1
0	145	1
0	149	-1
0	150	-1
0	151	-1
0	154	1
0	155	1
0	163	-1
0	164	-1
0	165	-1
0	168	1
0	169	1
0	170	1
0	172	-1
0	180	1
0	184	1
0	186	-1
0	190	-1
0	191	-1
0	193	1
0	194	-1
0	196	1
0	197	-1
0	200	1
0	201	1
0	203	1
0	204	-1
0	206	1
0	209	-1
0	212	1
0	213	-1
0	215	1
0	216	-1
0	218	1
0	219	-1
0	223	-1
0	226	1
0	229	-1
0	230	-1
0	233	-1
0	234	-1
0	237	-1
0	238	1
0	243	-1
0	245	-1
1	2	-1
1	3	-1
1	6	-1
1	7	1
1	8	-1
1	9	1
1	10	-1
1	11	-1
1	12	1
1	14	1
1	16	1
1	17	1
1	18	1
1	19	1
1	20	1
1	21	1
1	22	1
1	23	1
1	24	1
1	25	1
1	26	1
1	27	-1
1	29	1
1	31	1
1	33	-1
1	34	1
1	35	1
1	38	-1
1	39	-1
1	42	-1
1	43	-1
1	44	-1
1	45	-1
1	46	-1
1	47	1
1	48	-1
1	49	-1
1	50	-1
1	51	1
1	56	-1
1	57	-1
1	59	1
1	62	1
1	65	-1
1	66	1
1	68	1
1	69	-1
1	70	-1
1	73	-1
1	76	1
1	77	1
1	80	1
1	84	1
1	87	1
1	88	-1
1	94	-1
1	97	1
1	98	1
1	100	1
1	101	1
1	102	-1
1	105	1
1	106	1
1	107	1
1	111	1
1	112	1
1	115	-1
1	117	1
1	119	1
1	123	1
1	124	-1
1	125	-1
1	127	-1
1	129	-1
1	132	-1
1	133	-1
1	137	-1
1	138	-1
1	139	1
1	142	-1
1	145	1
1	147	-1
1	148	-1
1	152	1
1	154	1
1	156	-1
1	157	1
1	160	1
1	163	-1
1	164	1
1	167	-1
1	168	1
1	171	1
1	173	-1
1	174	-1
1	175	-1
1	176	1
1	178	1
1	181	1
1	182	-1
1	184	-1
1	189	-1
1	192	-1
1	193	-1
1	196	1
1	198	-1
1	200	-1
1	201	1
1	203	-1
1	204	1
1	205	1
1	210	1
1	212	-1
1	216	-1
1	219	-1
1	222	-1
1	224	1
1	226	1
1	227	1
1	228	-1
1	230	1
1	232	-1
1	235	-1
1	236	-1
1	237	-1
1	239	1
1	240	1
1	243	-1
1	244	-1
1	246	1
2	3	1
2	4	1
2	5	1
2	7	1
2	8	1
2	11	-1
2	12	1
2	14	1
2	15	1
2	16	1
2	17	-1
2	18	-1
2	19	1
2	20	1
2	21	1
2	22	1
2	23	1
2	24	1
2	25	-1
2	26	1
2	27	-1
2	29	-1
2	30	-1
2	31	-1
2	36	1
2	37	1
2	38	1
2	39	-1
2	40	-1
2	41	-1
2	42	-1
2	43	-1
2	44	-1
2	45	-1
2	46	-1
2	47	1
2	48	-1
2	49	1
2	50	-1
2	51	-1
2	60	-1
2	61	-1
2	62	-1
2	63	1
2	64	1
2	65	-1
2	66	1
2	69	1
2	73	-1
2	76	-1
2	77	-1
2	78	-1
2	79	-1
2	86	-1
2	87	1
2	88	1
2	89	-1
2	92	1
2	94	-1
2	95	-1
2	96	-1
2	97	1
2	99	1
2	100	-1
2	105	-1
2	106	1
2	107	1
2	108	-1
2	109	-1
2	110	-1
2	111	-1
2	112	-1
2	113	1
2	115	-1
2	117	-1
2	119	-1
2	121	1
2	123	1
2	124	1
2	125	-1
2	127	1
2	131	1
2	132	1
2	134	-1
2	135	-1
2	136	1
2	142	1
2	143	1
2	145	-1
2	146	1
2	147	-1
2	148	1
2	150	1
2	151	1
2	154	-1
2	158	-1
2	161	-1
2	162	-1
2	165	-1
2	167	-1
2	168	1
2	171	1
2	172	1
2	173	-1
2	175	1
2	176	1
2	178	-1
2	181	1
2	183	1
2	184	-1
2	186	1
2	189	-1
2	190	1
2	191	1
2	192	-1
2	195	-1
2	196	-1
2	198	-1
2	199	-1
2	203	1
2	204	-1
2	205	-1
2	206	-1
2	208	-1
2	209	1
2	212	-1
2	213	-1
2	216	-1
2	219	1
2	220	1
2	221	1
2	228	-1
2	229	1
2	230	1
2	231	-1
2	232	-1
2	233	-1
2	234	1
2	235	-1
2	237	-1
2	239	1
2	243	1
2	248	-1
2	249	-1
3	4	1
3	5	-1
3	7	1
3	9	1
3	10	1
3	11	-1
3	12	1
3	13	-1
3	15	-1
3	19	1
3	20	-1
3	21	1
3	24	-1
3	25	1
3	26	-1
3	27	1
3	28	-1
3	29	-1
3	30	1
3	31	-1
3	32	1
3	33	-1
3	35	-1
3	37	1
3	39	1
3	40	1
3	41	1
3	43	1
3	44	-1
3	45	1
3	46	-1
3	48	-1
3	49	-1
3	51	1
3	52	-1
3	53	-1
3	62	1
3	65	1
3	66	1
3	69	1
3	70	1
3	72	1
3	73	-1
3	74	-1
3	77	-1
3	79	1
3	80	1
3	81	-1
3	82	-1
3	83	-1
3	91	1
3	93	-1
3	97	1
3	99	1
3	100	1
3	103	1
3	105	1
3	106	1
3	110	1
3	111	-1
3	114	1
3	115	-1
3	117	1
3	126	-1
3	127	1
3	130	1
3	134	-1
3	136	-1
3	137	1
3	142	-1
3	143	-1
3	144	1
3	145	1
3	148	1
3	159	-1
3	162	-1
3	164	1
3	166	1
3	167	-1
3	171	-1
3	173	-1
3	180	1
3	183	-1
3	184	-1
3	188	1
3	191	1
3	192	1
3	193	1
3	194	-1
3	199	1
3	202	-1
3	203	-1
3	204	-1
3	207	-1
3	208	1
3	209	-1
3	210	1
3	211	-1
3	212	1
3	213	-1
3	218	1
3	219	-1
3	220	1
3	221	-1
3	222	-1
3	223	-1
3	224	1
3	227	1
3	228	1
3	229	-1
3	233	1
3	236	1
3	238	-1
3	243	1
3	246	1
3	247	-1
3	248	-1
4	6	-1
4	9	1
4	10	-1
4	14	-1
4	15	1
4	17	1
4	18	-1
4	19	-1
4	20	-1
4	21	-1
4	22	1
4	23	1
4	24	1
4	25	1
4	26	1
4	27	-1
4	28	-1
4	31	-1
4	33	-1
4	38	1
4	39	1
4	40	-1
4	41	1
4	42	1
4	44	-1
4	45	1
4	46	1
4	47	-1
4	49	-1
4	50	-1
4	51	1
4	53	1
4	54	1
4	56	-1
4	57	-1
4	59	-1
4	61	-1
4	63	-1
4	66	1
4	68	-1
4	69	-1
4	74	1
4	76	-1
4	79	-1
4	82	1
4	84	-1
4	89	-1
4	90	1
4	91	1
4	93	1
4	98	-1
4	103	-1
4	104	1
4	105	-1
4	106	-1
4	107	1
4	114	-1
4	116	1
4	118	1
4	120	-1
4	122	-1
4	123	-1
4	124	1
4	125	-1
4	126	1
4	127	-1
4	129	1
4	132	1
4	133	1
4	135	-1
4	136	1
4	140	1
4	144	-1
4	149	1
4	150	1
4	151	1
4	152	-1
4	153	1
4	154	-1
4	155	1
4	156	-1
4	157	-1
4	160	-1
4	164	-1
4	166	1
4	169	-1
4	170	1
4	172	1
4	173	1
4	176	1
4	177	-1
4	179	1
4	181	-1
4	185	1
4	187	-1
4	188	-1
4	190	-1
4	192	-1
4	195	1
4	196	1
4	197	1
4	198	1
4	199	-1
4	200	-1
4	202	-1
4	203	-1
4	204	-1
4	205	1
4	207	1
4	208	1
4	209	-1
4	210	-1
4	212	1
4	217	-1
4	219	1
4	221	1
4	223	1
4	225	-1
4	226	-1
4	229	1
4	233	-1
4	234	1
4	235	-1
4	236	1
4	239	1
4	242	1
4	243	-1
4	244	1
4	246	-1
4	247	-1
5	6	-1
5	8	1
5	9	-1
5	13	1
5	14	-1
5	15	1
5	16	-1
5	17	-1
5	18	-1
5	19	-1
5	20	-1
5	21	1
5	22	1
5	23	-1
5	24	-1
5	28	-1
5	29	-1
5	30	1
5	31	-1
5	32	-1
5	34	-1
5	37	1
5	39	-1
5	40	-1
5	41	-1
5	42	1
5	43	1
5	44	-1
5	45	-1
5	46	-1
5	47	-1
5	51	-1
5	53	1
5	54	-1
5	57	-1
5	62	-1
5	64	-1
5	66	-1
5	67	1
5	68	-1
5	69	-1
5	70	1
5	71	-1
5	73	1
5	77	-1
5	78	-1
5	79	1
5	82	-1
5	83	-1
5	87	1
5	88	1
5	91	-1
5	95	1
5	96	1
5	97	-1
5	98	1
5	103	1
5	104	-1
5	107	-1
5	109	1
5	112	1
5	115	-1
5	116	1
5	123	-1
5	125	1
5	128	-1
5	129	1
5	130	-1
5	132	-1
5	134	1
5	139	-1
5	140	1
5	143	-1
5	144	-1
5	147	-1
5	148	-1
5	149	1
5	150	-1
5	152	1
5	162	1
5	167	-1
5	173	1
5	174	-1
5	175	1
5	178	1
5	179	1
5	180	-1
5	181	1
5	182	1
5	193	-1
5	194	-1
5	197	-1
5	198	1
5	200	1
5	202	1
5	204	1
5	208	-1
5	212	1
5	215	1
5	216	1
5	218	-1
5	220	1
5	222	-1
5	224	1
5	225	1
5	227	-1
5	228	1
5	229	1
5	230	-1
5	232	1
5	234	-1
5	235	-1
5	236	1
5	238	-1
5	239	-1
5	242	1
5	243	-1
5	245	-1
5	248	1
6	11	-1
6	12	1
6	13	1
6	14	1
6	15	-1
6	16	1
6	17	1
6	18	1
6	22	-1
6	23	-1
6	25	-1
6	26	-1
6	27	1
6	28	1
6	29	-1
6	31	1
6	32	-1
6	33	1
6	34	-1
6	37	1
6	38	1
6	40	1
6	41	-1
6	42	-1
6	43	1
6	47	-1
6	48	-1
6	49	1
6	51	-1
6	52	1
6	53	1
6	56	1
6	58	-1
6	59	-1
6	60	1
6	61	-1
6	64	1
6	66	1
6	69	-1
6	70	1
6	71	1
6	74	-1
6	75	1
6	76	1
6	77	-1
6	79	-1
6	80	1
6	84	-1
6	86	1
6	87	1
6	91	1
6	92	1
6	93	-1
6	94	-1
6	95	-1
6	96	1
6	97	-1
6	100	-1
6	101	1
6	102	1
6	103	-1
6	105	-1
6	106	-1
6	107	-1
6	109	1
6	110	1
6	113	1
6	114	1
6	117	1
6	118	1
6	121	1
6	122	1
6	125	1
6	126	1
6	131	-1
6	132	1
6	134	-1
6	135	-1
6	140	1
6	141	1
6	143	-1
6	144	1
6	145	1
6	146	1
6	148	-1
6	152	1
6	153	1
6	154	-1
6	157	-1
6	158	-1
6	161	-1
6	162	-1
6	164	1
6	165	1
6	167	1
6	168	-1
6	169	-1
6	170	1
6	171	-1
6	172	-1
6	174	-1
6	177	1
6	178	1
6	179	-1
6	181	1
6	183	1
6	185	-1
6	186	1
6	187	-1
6	188	-1
6	189	-1
6	191	1
6	192	1
6	194	1
6	197	1
6	198	-1
6	200	-1
6	201	-1
6	202	1
6	204	-1
6	206	-1
6	209	1
6	211	-1
6	213	-1
6	219	-1
6	221	1
6	223	-1
6	224	1
6	225	1
6	228	-1
6	231	1
6	235	-1
6	236	1
6	237	1
6	240	-1
6	241	1
6	243	1
6	245	-1
6	247	-1
6	248	1
7	8	1
7	9	-1
7	10	1
7	11	1
7	12	-1
7	14	1
7	15	-1
7	16	1
7	17	1
7	19	1
7	20	-1
7	21	-1
7	22	-1
7	23	1
7	25	1
7	28	1
7	30	-1
7	31	-1
7	32	1
7	33	-1
7	36	-1
7	37	1
7	38	1
7	39	1
7	40	-1
7	41	-1
7	42	-1
7	44	-1
7	46	1
7	47	1
7	48	1
7	50	1
7	52	-1
7	53	1
7	56	1
7	58	1
7	59	-1
7	63	1
7	66	1
7	67	1
7	69	-1
7	72	-1
7	74	-1
7	75	-1
7	77	1
7	78	-1
7	79	-1
7	82	1
7	83	-1
7	86	-1
7	87	-1
7	89	1
7	90	-1
7	92	1
7	96	-1
7	98	-1
7	99	-1
7	100	-1
7	104	1
7	105	1
7	107	-1
7	108	-1
7	109	1
7	110	1
7	112	-1
7	114	1
7	115	-1
7	117	1
7	118	-1
7	120	1
7	123	1
7	125	-1
7	130	1
7	131	1
7	133	-1
7	135	-1
7	136	-1
7	141	-1
7	146	-1
7	150	1
7	151	-1
7	154	-1
7	156	1
7	157	-1
7	158	1
7	159	-1
7	160	1
7	163	1
7	164	1
7	166	-1
7	167	-1
7	168	1
7	169	-1
7	172	1
7	174	-1
7	175	-1
7	176	-1
7	177	-1
7	178	-1
7	180	1
7	181	-1
7	186	-1
7	193	1
7	195	1
7	196	-1
7	197	1
7	201	1
7	204	-1
7	205	-1
7	209	-1
7	211	1
7	213	1
7	214	1
7	217	-1
7	218	1
7	219	1
7	221	1
7	223	-1
7	225	-1
7	226	-1
7	228	1
7	234	-1
7	235	1
7	236	-1
7	239	1
7	242	1
7	243	-1
7	247	-1
8	9	-1
8	10	1
8	11	1
8	13	1
8	14	-1
8	15	1
8	19	1
8	21	1
8	23	1
8	24	-1
8	25	1
8	26	1
8	28	-1
8	29	1
8	30	-1
8	32	-1
8	33	-1
8	37	1
8	38	1
8	39	-1
8	40	1
8	43	1
8	44	1
8	47	1
8	48	1
8	49	-1
8	51	1
8	52	-1
8	53	1
8	54	1
8	55	1
8	66	-1
8	67	-1
8	68	1
8	70	-1
8	71	-1
8	73	-1
8	76	1
8	80	-1
8	84	-1
8	87	1
8	90	1
8	92	-1
8	93	-1
8	94	-1
8	97	-1
8	98	-1
8	100	-1
8	101	1
8	102	1
8	106	-1
8	107	-1
8	110	-1
8	114	-1
8	120	-1
8	125	-1
8	126	-1
8	128	1
8	130	-1
8	131	1
8	132	1
8	133	1
8	134	1
8	136	1
8	137	-1
8	140	1
8	143	1
8	145	1
8	146	1
8	150	-1
8	151	-1
8	153	1
8	154	1
8	155	-1
8	157	1
8	160	1
8	161	1
8	164	-1
8	168	-1
8	174	1
8	175	1
8	176	1
8	177	-1
8	178	-1
8	180	1
8	181	-1
8	188	-1
8	189	1
8	194	-1
8	195	1
8	196	1
8	198	-1
8	200	1
8	202	1
8	203	1
8	204	1
8	206	-1
8	207	-1
8	208	1
8	209	1
8	211	-1
8	216	-1
8	218	-1
8	221	1
8	222	1
8	224	-1
8	226	1
8	227	-1
8	228	-1
8	229	1
8	230	1
8	233	1
8	234	1
8	235	1
8	236	-1
8	238	-1
8	239	-1
8	241	-1
8	242	1
8	243	1
8	244	-1
8	246	1
8	247	-1
9	10	1
9	12	1
9	13	1
9	14	1
9	15	-1
9	16	-1
9	18	1
9	19	-1
9	20	1
9	21	1
9	22	-1
9	26	-1
9	27	-1
9	29	-1
9	31	1
9	33	-1
9	34	1
9	35	-1
9	37	1
9	38	-1
9	39	1
9	40	1
9	41	1
9	42	-1
9	43	-1
9	44	-1
9	45	-1
9	47	-1
9	48	1
9	49	1
9	50	1
9	51	-1
9	52	-1
9	57	-1
9	58	1
9	59	-1
9	60	-1
9	62	-1
9	63	-1
9	64	1
9	66	1
9	68	-1
9	71	-1
9	72	1
9	77	-1
9	78	1
9	79	-1
9	80	1
9	83	-1
9	86	1
9	87	-1
9	88	1
9	89	-1
9	90	1
9	91	-1
9	92	-1
9	94	1
9	96	1
9	97	-1
9	98	-1
9	99	1
9	102	-1
9	103	1
9	104	1
9	105	1
9	107	1
9	108	-1
9	109	-1
9	110	1
9	114	-1
9	115	1
9	119	-1
9	120	-1
9	121	1
9	123	-1
9	124	1
9	126	-1
9	128	1
9	130	1
9	131	-1
9	134	1
9	135	-1
9	137	1
9	140	-1
9	142	-1
9	146	1
9	147	1
9	148	-1
9	150	1
9	153	-1
9	154	-1
9	155	1
9	156	-1
9	159	-1
9	160	-1
9	166	1
9	167	1
9	169	1
9	170	1
9	175	1
9	176	-1
9	177	-1
9	181	-1
9	187	-1
9	188	-1
9	191	-1
9	193	1
9	195	-1
9	197	1
9	203	-1
9	207	1
9	209	-1
9	210	-1
9	211	-1
9	213	1
9	214	1
9	215	1
9	216	1
9	218	1
9	219	1
9	225	-1
9	230	1
9	233	1
9	234	1
9	236	-1
9	240	1
9	241	1
9	243	-1
9	246	1
9	247	-1
9	248	-1
10	11	1
10	12	-1
10	13	-1
10	19	-1
10	21	-1
10	22	1
10	23	1
10	24	1
10	25	-1
10	26	1
10	27	-1
10	28	1
10	29	1
10	33	-1
10	34	-1
10	35	-1
10	36	-1
10	37	-1
10	38	-1
10	39	1
10	40	1
10	41	-1
10	42	1
10	43	1
10	45	-1
10	46	1
10	47	-1
10	48	-1
10	49	-1
10	50	1
10	53	1
10	54	-1
10	56	-1
10	57	1
10	64	-1
10	65	-1
10	66	-1
10	67	-1
10	69	-1
10	71	1
10	72	1
10	73	-1
10	74	1
10	75	1
10	78	1
10	83	-1
10	85	1
10	87	-1
10	88	1
10	89	-1
10	92	1
10	93	1
10	94	-1
10	95	-1
10	100	-1
10	102	-1
10	103	-1
10	105	-1
10	110	1
10	111	1
10	112	1
10	114	-1
10	117	1
10	118	1
10	120	-1
10	121	-1
10	123	-1
10	124	1
10	125	1
10	126	-1
10	127	-1
10	128	-1
10	131	-1
10	132	-1
10	133	-1
10	134	-1
10	135	-1
10	137	-1
10	139	1
10	140	1
10	142	1
10	146	-1
10	151	-1
10	152	-1
10	154	-1
10	155	1
10	157	1
10	158	1
10	160	1
10	161	1
10	163	1
10	164	-1
10	166	-1
10	171	1
10	175	-1
10	177	1
10	179	1
10	181	1
10	182	-1
10	184	1
10	185	1
10	186	1
10	189	1
10	191	1
10	194	1
10	197	-1
10	198	1
10	202	-1
10	203	-1
10	205	-1
10	207	1
10	209	1
10	210	-1
10	212	-1
10	213	1
10	218	-1
10	220	1
10	222	1
10	224	-1
10	225	1
10	227	1
10	228	1
10	230	-1
10	233	1
10	236	1
10	238	1
10	239	-1
10	240	1
10	242	1
10	246	-1
11	12	-1
11	15	1
11	17	1
11	19	1
11	20	-1
11	22	1
11	23	-1
11	25	-1
11	27	1
11	28	1
11	30	-1
11	31	1
11	32	-1
11	33	1
11	34	-1
11	35	-1
11	36	-1
11	37	1
11	38	-1
11	39	1
11	41	-1
11	44	1
11	46	-1
11	47	1
11	50	1
11	54	1
11	56	-1
11	58	-1
11	59	-1
11	60	-1
11	63	1
11	64	-1
11	66	1
11	68	1
11	70	1
11	72	-1
11	75	1
11	79	1
11	80	1
11	82	-1
11	84	-1
11	85	-1
11	87	-1
11	90	1
11	91	-1
11	93	-1
11	94	-1
11	97	1
11	98	1
11	101	1
11	103	1
11	104	-1
11	105	1
11	108	1
11	109	1
11	110	-1
11	111	1
11	112	-1
11	114	1
11	115	-1
11	116	-1
11	117	1
11	120	-1
11	122	-1
11	124	1
11	128	-1
11	133	1
11	135	-1
11	136	1
11	137	-1
11	138	1
11	139	-1
11	140	-1
11	141	-1
11	144	1
11	145	1
11	147	1
11	149	1
11	153	-1
11	154	1
11	156	1
11	157	1
11	158	1
11	160	-1
11	162	1
11	163	-1
11	164	-1
11	165	-1
11	166	1
11	167	-1
11	169	-1
11	170	-1
11	171	1
11	172	1
11	176	1
11	177	-1
11	178	-1
11	179	1
11	181	1
11	182	1
11	183	1
11	184	1
11	185	-1
11	190	1
11	192	-1
11	193	-1
11	194	1
11	195	-1
11	198	1
11	202	-1
11	205	1
11	206	1
11	207	-1
11	208	-1
11	209	1
11	210	-1
11	213	-1
11	214	-1
11	215	1
11	220	1
11	223	-1
11	230	1
11	233	-1
11	234	1
11	240	-1
11	241	1
11	244	-1
11	245	-1
11	246	1
11	249	1
12	14	1
12	17	1
12	18	-1
12	19	1
12	20	1
12	21	1
12	23	1
12	25	1
12	26	-1
12	28	-1
12	29	-1
12	30	-1
12	31	-1
12	32	-1
12	33	-1
12	34	-1
12	35	1
12	37	-1
12	38	1
12	39	-1
12	40	-1
12	42	-1
12	44	-1
12	47	-1
12	48	-1
12	49	1
12	55	-1
12	58	-1
12	60	1
12	61	-1
12	63	1
12	67	-1
12	68	-1
12	69	1
12	71	1
12	72	1
12	74	-1
12	75	-1
12	77	1
12	79	1
12	80	-1
12	81	1
12	82	-1
12	84	-1
12	85	-1
12	86	-1
12	87	-1
12	89	-1
12	91	-1
12	92	1
12	96	1
12	98	1
12	101	-1
12	106	-1
12	108	1
12	112	-1
12	114	-1
12	116	1
12	119	-1
12	121	1
12	124	-1
12	127	1
12	128	-1
12	130	-1
12	134	1
12	135	1
12	136	-1
12	139	1
12	140	-1
12	141	-1
12	142	-1
12	145	1
12	146	-1
12	148	1
12	150	-1
12	151	1
12	153	-1
12	154	-1
12	155	1
12	156	-1
12	157	-1
12	158	-1
12	160	1
12	163	1
12	169	-1
12	170	1
12	173	-1
12	174	-1
12	175	1
12	178	1
12	180	-1
12	181	-1
12	182	1
12	183	1
12	184	-1
12	185	-1
12	186	-1
12	187	1
12	189	1
12	191	1
12	194	-1
12	197	-1
12	198	1
12	203	1
12	205	1
12	207	1
12	208	1
12	209	-1
12	211	-1
12	212	1
12	213	-1
12	214	1
12	215	-1
12	216	1
12	217	1
12	218	1
12	219	1
12	220	-1
12	222	-1
12	224	-1
12	225	-1
12	226	1
12	228	1
12	229	1
12	231	-1
12	232	1
12	233	-1
12	234	-1
12	236	-1
12	238	-1
12	240	1
12	242	1
12	247	-1
12	248	1
12	249	-1
13	15	1
13	16	-1
13	17	1
13	18	-1
13	19	1
13	20	1
13	24	1
13	25	1
13	26	-1
13	28	1
13	29	-1
13	30	1
13	31	1
13	32	1
13	34	1
13	35	-1
13	37	-1
13	38	-1
13	39	-1
13	40	-1
13	43	1
13	45	1
13	46	-1
13	47	1
13	48	1
13	51	-1
13	53	1
13	55	-1
13	56	-1
13	57	1
13	58	1
13	64	-1
13	71	-1
13	72	1
13	75	-1
13	76	-1
13	79	-1
13	80	1
13	82	-1
13	83	1
13	84	1
13	86	1
13	88	-1
13	89	1
13	93	-1
13	94	1
13	95	-1
13	98	1
13	99	-1
13	100	1
13	103	1
13	105	-1
13	107	1
13	110	1
13	111	1
13	112	-1
13	114	1
13	116	-1
13	118	-1
13	119	1
13	120	-1
13	122	1
13	123	-1
13	124	-1
13	125	1
13	126	1
13	127	-1
13	128	1
13	129	-1
13	131	1
13	134	1
13	143	1
13	146	-1
13	149	-1
13	150	1
13	152	1
13	157	1
13	159	-1
13	160	1
13	161	-1
13	163	-1
13	168	-1
13	171	-1
13	174	-1
13	175	1
13	177	-1
13	178	-1
13	179	1
13	180	1
13	181	-1
13	182	-1
13	186	1
13	187	1
13	188	1
13	189	-1
13	193	1
13	194	-1
13	195	1
13	199	1
13	202	1
13	203	-1
13	205	-1
13	207	1
13	210	1
13	211	1
13	213	-1
13	214	-1
13	215	-1
13	217	-1
13	218	1
13	219	-1
13	221	1
13	223	-1
13	225	1
13	230	-1
13	231	1
13	234	1
13	237	1
13	239	1
13	240	-1
13	242	-1
13	243	1
13	244	1
13	245	1
13	246	-1
13	247	-1
13	248	1
13	249	1
14	16	-1
14	19	1
14	21	1
14	22	1
14	23	1
14	24	1
14	25	-1
14	26	1
14	27	1
14	28	-1
14	30	1
14	31	1
14	32	-1
14	33	1
14	34	1
14	35	-1
14	37	1
14	38	1
14	40	-1
14	41	1
14	42	1
14	43	1
14	44	-1
14	45	-1
14	46	-1
14	47	1
14	48	1
14	49	-1
14	51	-1
14	53	1
14	54	-1
14	56	1
14	57	1
14	58	-1
14	59	-1
14	62	-1
14	66	-1
14	67	1
14	68	1
14	69	1
14	70	1
14	71	1
14	72	1
14	74	1
14	78	1
14	80	1
14	82	-1
14	87	-1
14	88	1
14	90	-1
14	92	1
14	94	-1
14	98	-1
14	99	-1
14	103	-1
14	106	-1
14	108	-1
14	111	1
14	112	-1
14	113	-1
14	114	-1
14	117	-1
14	121	-1
14	122	1
14	123	1
14	126	1
14	127	1
14	128	-1
14	129	-1
14	130	-1
14	131	1
14	132	1
14	135	-1
14	139	1
14	140	-1
14	141	1
14	142	1
14	143	1
14	149	1
14	151	1
14	152	1
14	156	1
14	157	1
14	160	-1
14	162	1
14	164	-1
14	167	1
14	173	1
14	174	1
14	176	1
14	177	-1
14	178	-1
14	179	1
14	180	-1
14	181	1
14	184	-1
14	186	-1
14	188	1
14	189	-1
14	193	-1
14	194	-1
14	197	-1
14	201	1
14	203	1
14	205	-1
14	208	1
14	210	1
14	211	1
14	213	-1
14	214	-1
14	217	-1
14	218	-1
14	219	1
14	220	1
14	224	1
14	226	1
14	228	-1
14	229	1
14	230	-1
14	231	-1
14	235	1
14	237	-1
14	241	-1
14	244	1
14	245	1
14	246	1
14	247	-1
14	249	-1
15	16	1
15	18	1
15	19	-1
15	20	1
15	22	-1
15	25	-1
15	27	-1
15	30	-1
15	31	1
15	32	1
15	34	-1
15	35	-1
15	38	-1
15	39	-1
15	40	-1
15	41	1
15	47	1
15	50	-1
15	51	1
15	52	-1
15	56	-1
15	57	-1
15	58	-1
15	60	-1
15	61	-1
15	62	1
15	63	1
15	64	-1
15	65	1
15	67	-1
15	68	-1
15	69	-1
15	71	-1
15	72	1
15	74	1
15	75	-1
15	78	1
15	81	1
15	82	1
15	83	1
15	86	-1
15	92	1
15	99	1
15	100	1
15	103	-1
15	104	-1
15	106	-1
15	107	1
15	109	1
15	112	-1
15	114	1
15	117	-1
15	118	1
15	119	1
15	120	-1
15	125	-1
15	127	-1
15	130	1
15	131	-1
15	132	1
15	133	1
15	134	-1
15	137	1
15	138	1
15	139	-1
15	144	1
15	145	-1
15	146	-1
15	147	-1
15	153	-1
15	154	-1
15	158	-1
15	160	-1
15	161	-1
15	162	1
15	164	-1
15	167	1
15	168	1
15	170	-1
15	172	-1
15	173	1
15	174	1
15	177	-1
15	178	-1
15	182	-1
15	186	-1
15	189	-1
15	190	-1
15	191	-1
15	195	1
15	197	-1
15	198	-1
15	204	-1
15	205	-1
15	208	1
15	210	1
15	211	1
15	212	-1
15	213	-1
15	215	-1
15	220	-1
15	222	-1
15	223	-1
15	225	1
15	226	1
15	227	-1
15	230	-1
15	232	-1
15	233	-1
15	234	1
15	236	1
15	238	-1
15	240	-1
15	241	1
15	243	-1
15	244	-1
16	17	1
16	19	-1
16	22	1
16	23	-1
16	24	1
16	27	1
16	28	-1
16	29	-1
16	31	1
16	32	1
16	33	1
16	34	-1
16	36	-1
16	37	-1
16	38	1
16	39	-1
16	40	1
16	41	1
16	42	1
16	43	1
16	44	1
16	45	1
16	47	1
16	48	1
16	51	-1
16	53	-1
16	54	-1
16	55	-1
16	57	1
16	58	1
16	59	-1
16	61	1
16	62	1
16	63	-1
16	65	-1
16	67	-1
16	68	1
16	69	-1
16	70	1
16	72	1
16	73	1
16	74	-1
16	75	-1
16	77	1
16	78	-1
16	79	1
16	84	1
16	85	-1
16	88	-1
16	92	-1
16	93	-1
16	94	-1
16	95	1
16	97	1
16	98	-1
16	103	-1
16	104	-1
16	105	-1
16	106	1
16	110	-1
16	111	-1
16	113	1
16	114	1
16	117	1
16	118	-1
16	119	-1
16	120	-1
16	121	1
16	125	-1
16	127	-1
16	129	-1
16	130	-1
16	132	1
16	136	1
16	137	1
16	138	1
16	139	-1
16	141	1
16	142	-1
16	144	1
16	147	-1
16	148	-1
16	150	1
16	151	-1
16	152	-1
16	155	1
16	159	1
16	160	-1
16	162	-1
16	163	1
16	168	1
16	169	-1
16	171	-1
16	172	-1
16	175	1
16	176	1
16	181	-1
16	182	-1
16	183	1
16	185	-1
16	187	-1
16	193	1
16	195	-1
16	201	1
16	202	1
16	206	-1
16	207	-1
16	208	-1
16	209	1
16	211	1
16	214	1
16	218	-1
16	219	1
16	221	1
16	223	1
16	225	1
16	227	-1
16	230	-1
16	234	1
16	237	1
16	238	1
16	242	1
16	244	-1
16	248	-1
16	249	-1
17	18	1
17	20	1
17	21	1
17	23	-1
17	26	1
17	27	1
17	28	1
17	29	-1
17	30	1
17	31	1
17	32	1
17	34	-1
17	36	1
17	37	1
17	38	1
17	40	1
17	41	1
17	43	1
17	44	-1
17	45	1
17	46	-1
17	48	1
17	51	1
17	52	-1
17	56	1
17	57	-1
17	59	-1
17	72	-1
17	74	-1
17	76	-1
17	82	-1
17	83	-1
17	87	1
17	89	-1
17	91	1
17	93	1
17	96	1
17	97	1
17	98	-1
17	103	1
17	105	1
17	111	1
17	114	1
17	118	-1
17	120	1
17	123	-1
17	126	1
17	128	1
17	131	-1
17	132	1
17	133	-1
17	134	-1
17	139	1
17	141	-1
17	143	-1
17	148	1
17	149	1
17	151	-1
17	152	1
17	154	-1
17	156	-1
17	158	-1
17	159	-1
17	161	-1
17	164	-1
17	165	-1
17	166	-1
17	167	-1
17	170	-1
17	172	-1
17	173	-1
17	174	-1
17	176	-1
17	178	1
17	185	1
17	187	-1
17	190	-1
17	195	-1
17	197	1
17	199	-1
17	200	1
17	202	-1
17	203	1
17	206	1
17	207	1
17	208	-1
17	211	-1
17	216	1
17	218	1
17	219	1
17	220	-1
17	222	-1
17	224	-1
17	225	-1
17	231	1
17	234	-1
17	235	1
17	236	1
17	237	-1
17	238	1
17	239	-1
17	242	-1
17	244	1
17	245	1
17	248	1
17	249	-1
18	20	1
18	22	-1
18	23	-1
18	24	1
18	25	-1
18	31	-1
18	32	1
18	33	1
18	34	-1
18	35	1
18	36	1
18	37	-1
18	40	-1
18	41	1
18	42	1
18	43	1
18	44	1
18	49	-1
18	52	1
18	54	1
18	57	-1
18	58	-1
18	59	1
18	63	-1
18	65	1
18	66	-1
18	70	1
18	72	-1
18	74	-1
18	75	1
18	76	-1
18	77	-1
18	78	-1
18	82	1
18	83	-1
18	84	-1
18	86	1
18	87	-1
18	89	1
18	90	-1
18	91	-1
18	92	-1
18	94	1
18	95	-1
18	97	-1
18	99	1
18	101	1
18	103	1
18	104	-1
18	107	1
18	108	1
18	109	1
18	114	-1
18	116	-1
18	117	1
18	119	-1
18	120	-1
18	123	1
18	126	-1
18	129	-1
18	132	-1
18	133	1
18	134	-1
18	135	1
18	136	-1
18	137	1
18	139	1
18	140	1
18	142	1
18	143	1
18	144	1
18	145	-1
18	146	-1
18	147	-1
18	148	-1
18	154	1
18	155	-1
18	157	-1
18	158	-1
18	159	-1
18	161	-1
18	162	-1
18	164	1
18	165	1
18	166	-1
18	170	-1
18	172	1
18	176	-1
18	178	1
18	179	1
18	183	1
18	184	1
18	188	1
18	190	-1
18	191	-1
18	194	-1
18	197	-1
18	199	1
18	200	-1
18	201	-1
18	202	-1
18	205	1
18	206	-1
18	208	-1
18	209	1
18	211	-1
18	212	1
18	216	-1
18	219	1
18	220	1
18	221	1
18	222	-1
18	223	-1
18	224	1
18	225	-1
18	226	1
18	229	1
18	231	1
18	234	-1
18	235	1
18	237	-1
18	239	1
18	240	-1
18	242	1
18	243	1
18	245	-1
18	246	-1
18	248	-1
18	249	-1
19	20	-1
19	22	1
19	24	-1
19	25	-1
19	26	1
19	29	-1
19	30	-1
19	31	-1
19	32	1
19	34	-1
19	37	1
19	38	-1
19	39	-1
19	40	1
19	41	-1
19	42	-1
19	43	1
19	45	-1
19	47	-1
19	48	-1
19	49	1
19	50	-1
19	53	-1
19	55	-1
19	58	-1
19	60	-1
19	61	1
19	63	-1
19	66	1
19	68	-1
19	71	1
19	73	-1
19	74	-1
19	78	-1
19	79	-1
19	80	-1
19	85	-1
19	86	1
19	87	-1
19	89	-1
19	91	-1
19	92	1
19	93	1
19	94	1
19	96	-1
19	98	1
19	100	1
19	101	1
19	103	1
19	104	1
19	105	-1
19	106	-1
19	107	1
19	108	1
19	112	1
19	113	-1
19	114	1
19	115	1
19	116	-1
19	117	1
19	119	1
19	120	1
19	121	-1
19	122	-1
19	123	1
19	124	1
19	129	-1
19	130	1
19	131	1
19	132	-1
19	134	1
19	135	-1
19	136	1
19	137	-1
19	139	1
19	144	1
19	146	1
19	148	-1
19	152	1
19	161	-1
19	165	1
19	166	-1
19	168	1
19	169	-1
19	170	-1
19	179	1
19	180	-1
19	181	1
19	183	-1
19	184	-1
19	188	-1
19	193	1
19	196	-1
19	198	-1
19	199	-1
19	200	-1
19	201	-1
19	202	1
19	204	1
19	205	1
19	207	1
19	213	1
19	214	-1
19	215	1
19	216	-1
19	217	-1
19	218	1
19	219	-1
19	220	-1
19	221	-1
19	222	1
19	230	-1
19	231	-1
19	233	1
19	236	1
19	237	-1
19	238	1
19	241	1
19	243	-1
19	247	-1
19	248	-1
19	249	1
20	21	1
20	23	-1
20	24	-1
20	25	-1
20	26	1
20	27	1
20	28	1
20	29	1
20	30	1
20	31	-1
20	32	-1
20	33	1
20	34	-1
20	35	1
20	36	1
20	37	1
20	38	-1
20	40	1
20	44	-1
20	45	1
20	47	1
20	49	1
20	51	1
20	53	-1
20	54	-1
20	57	1
20	58	1
20	59	-1
20	62	1
20	63	-1
20	67	1
20	68	1
20	69	1
20	70	1
20	71	1
20	72	1
20	77	1
20	78	-1
20	81	1
20	82	-1
20	83	-1
20	84	1
20	85	-1
20	86	1
20	87	-1
20	88	1
20	89	-1
20	90	1
20	91	-1
20	92	1
20	96	-1
20	97	-1
20	99	1
20	100	-1
20	101	-1
20	106	1
20	107	1
20	112	1
20	115	1
20	117	-1
20	119	-1
20	122	1
20	125	1
20	126	-1
20	128	1
20	129	-1
20	131	-1
20	133	-1
20	134	1
20	135	-1
20	140	-1
20	142	-1
20	143	1
20	144	-1
20	145	1
20	146	1
20	148	1
20	150	1
20	152	1
20	156	-1
20	158	-1
20	161	1
20	162	1
20	163	1
20	164	-1
20	166	-1
20	167	-1
20	175	1
20	176	-1
20	177	-1
20	178	-1
20	181	-1
20	182	-1
20	183	1
20	184	-1
20	185	1
20	186	-1
20	187	1
20	189	1
20	192	-1
20	193	-1
20	194	1
20	196	1
20	202	1
20	205	-1
20	206	-1
20	207	1
20	209	-1
20	210	1
20	211	1
20	215	1
20	216	1
20	218	-1
20	219	1
20	220	-1
20	221	-1
20	225	1
20	227	-1
20	229	-1
20	230	-1
20	231	-1
20	232	1
20	234	1
20	235	1
20	236	1
20	237	-1
20	246	-1
21	23	1
21	25	-1
21	27	-1
21	28	-1
21	29	-1
21	30	1
21	31	-1
21	33	-1
21	34	-1
21	35	-1
21	36	-1
21	38	-1
21	39	-1
21	40	-1
21	41	-1
21	42	-1
21	43	1
21	44	-1
21	45	-1
21	47	1
21	48	-1
21	49	-1
21	51	1
21	54	-1
21	57	1
21	61	1
21	62	1
21	63	-1
21	64	-1
21	67	-1
21	69	-1
21	74	-1
21	75	1
21	76	1
21	77	1
21	80	-1
21	81	1
21	82	1
21	83	1
21	84	1
21	85	1
21	86	1
21	87	1
21	88	1
21	89	1
21	90	1
21	92	1
21	94	1
21	98	1
21	101	1
21	102	1
21	108	1
21	109	-1
21	110	1
21	111	-1
21	113	1
21	114	-1
21	118	-1
21	120	-1
21	122	1
21	123	-1
21	126	-1
21	128	-1
21	129	1
21	133	-1
21	134	-1
21	136	-1
21	137	-1
21	138	-1
21	139	-1
21	140	1
21	143	-1
21	147	-1
21	148	1
21	150	-1
21	151	1
21	152	1
21	153	1
21	154	1
21	159	-1
21	160	-1
21	161	1
21	162	1
21	163	1
21	164	1
21	165	-1
21	170	1
21	171	-1
21	177	1
21	178	-1
21	179	1
21	181	1
21	182	1
21	183	1
21	184	1
21	186	-1
21	187	-1
21	188	1
21	189	1
21	190	-1
21	192	-1
21	193	-1
21	194	1
21	196	1
21	201	-1
21	203	1
21	204	1
21	205	-1
21	206	1
21	208	1
21	209	-1
21	212	-1
21	214	-1
21	218	-1
21	221	1
21	222	1
21	224	-1
21	226	1
21	227	-1
21	230	-1
21	233	-1
21	234	1
21	235	-1
21	236	-1
21	237	-1
21	240	1
21	241	-1
21	242	-1
21	244	-1
21	245	-1
21	247	1
22	23	1
22	24	-1
22	25	-1
22	26	1
22	30	-1
22	32	-1
22	33	-1
22	34	1
22	35	1
22	38	1
22	41	1
22	43	1
22	44	-1
22	47	1
22	49	-1
22	51	-1
22	52	-1
22	57	-1
22	58	-1
22	61	-1
22	64	1
22	66	-1
22	77	1
22	78	-1
22	81	1
22	83	-1
22	85	-1
22	86	-1
22	90	1
22	91	1
22	92	-1
22	93	1
22	96	-1
22	97	-1
22	99	1
22	101	-1
22	102	-1
22	103	1
22	104	-1
22	105	1
22	107	-1
22	109	-1
22	110	-1
22	111	1
22	113	-1
22	114	-1
22	116	-1
22	118	1
22	120	1
22	122	-1
22	123	-1
22	124	1
22	126	-1
22	127	1
22	128	-1
22	129	1
22	130	-1
22	132	1
22	133	-1
22	135	1
22	136	1
22	137	-1
22	138	1
22	139	-1
22	142	-1
22	143	1
22	147	-1
22	149	1
22	151	-1
22	154	1
22	155	-1
22	156	-1
22	159	-1
22	161	1
22	162	-1
22	164	1
22	167	1
22	168	1
22	169	1
22	171	1
22	173	-1
22	175	-1
22	176	1
22	177	-1
22	178	-1
22	180	1
22	181	1
22	182	-1
22	184	-1
22	187	-1
22	188	1
22	189	1
22	190	-1
22	191	1
22	192	-1
22	193	1
22	195	-1
22	197	-1
22	198	-1
22	199	-1
22	203	-1
22	204	1
22	205	1
22	206	-1
22	208	-1
22	211	-1
22	215	1
22	219	-1
22	220	1
22	221	1
22	222	1
22	224	-1
22	225	1
22	228	1
22	230	1
22	231	-1
22	233	-1
22	234	1
22	236	1
22	239	-1
22	240	1
22	243	-1
22	244	1
22	246	1
22	247	1
22	248	-1
22	249	1
23	24	1
23	25	1
23	27	-1
23	29	1
23	30	1
23	31	-1
23	32	1
23	34	-1
23	35	-1
23	37	-1
23	38	1
23	39	1
23	40	1
23	42	-1
23	43	1
23	44	-1
23	45	-1
23	46	-1
23	47	1
23	49	-1
23	55	1
23	58	-1
23	60	-1
23	61	-1
23	62	1
23	64	-1
23	66	1
23	67	1
23	68	1
23	70	1
23	72	1
23	77	1
23	79	1
23	81	1
23	83	1
23	84	1
23	85	-1
23	87	1
23	88	1
23	89	-1
23	94	1
23	99	-1
23	102	-1
23	103	1
23	105	1
23	106	-1
23	107	-1
23	108	-1
23	111	-1
23	112	1
23	113	-1
23	114	-1
23	116	1
23	118	1
23	120	1
23	121	1
23	122	-1
23	125	-1
23	127	1
23	128	1
23	130	-1
23	131	-1
23	132	1
23	133	1
23	134	1
23	136	-1
23	139	-1
23	143	1
23	145	1
23	147	1
23	152	1
23	155	1
23	156	-1
23	157	1
23	159	1
23	161	1
23	166	1
23	167	1
23	168	-1
23	169	1
23	171	1
23	174	1
23	175	-1
23	177	-1
23	178	-1
23	179	1
23	180	1
23	181	-1
23	183	-1
23	185	-1
23	186	-1
23	187	1
23	188	-1
23	189	1
23	190	1
23	192	1
23	194	1
23	195	1
23	196	-1
23	197	-1
23	199	1
23	200	1
23	201	1
23	203	1
23	206	1
23	209	-1
23	214	-1
23	215	-1
23	216	-1
23	217	1
23	219	-1
23	220	1
23	223	-1
23	227	-1
23	229	-1
23	232	-1
23	235	-1
23	237	1
23	241	1
23	242	-1
23	244	-1
24	25	-1
24	27	1
24	28	-1
24	29	1
24	30	1
24	31	-1
24	33	1
24	34	-1
24	36	-1
24	37	1
24	38	-1
24	39	-1
24	40	-1
24	41	1
24	42	1
24	44	-1
24	45	1
24	49	-1
24	50	-1
24	51	1
24	52	-1
24	53	-1
24	54	1
24	56	-1
24	59	1
24	61	1
24	62	1
24	63	1
24	64	1
24	65	1
24	66	1
24	70	-1
24	71	1
24	74	1
24	75	1
24	78	-1
24	80	-1
24	81	1
24	83	1
24	84	1
24	85	-1
24	86	1
24	87	1
24	88	-1
24	93	1
24	98	1
24	99	-1
24	101	1
24	102	1
24	103	-1
24	104	1
24	105	-1
24	107	1
24	108	1
24	110	-1
24	114	1
24	124	1
24	125	-1
24	127	-1
24	128	-1
24	129	-1
24	132	-1
24	134	1
24	136	1
24	137	-1
24	138	1
24	139	1
24	141	1
24	143	-1
24	146	1
24	148	1
24	151	-1
24	152	-1
24	154	1
24	155	1
24	157	1
24	158	-1
24	160	-1
24	161	-1
24	164	1
24	166	1
24	167	1
24	168	-1
24	169	1
24	170	-1
24	171	1
24	172	1
24	176	-1
24	179	1
24	180	-1
24	184	-1
24	185	-1
24	186	-1
24	187	-1
24	188	-1
24	189	-1
24	190	-1
24	192	-1
24	193	1
24	195	-1
24	196	1
24	197	1
24	201	-1
24	205	1
24	207	-1
24	209	-1
24	210	-1
24	216	-1
24	218	1
24	227	-1
24	228	1
24	230	-1
24	231	-1
24	232	-1
24	234	-1
24	235	1
24	237	1
24	239	1
24	240	1
24	242	-1
24	243	1
24	245	1
25	28	1
25	30	-1
25	31	-1
25	33	-1
25	34	-1
25	35	1
25	36	-1
25	41	1
25	42	1
25	44	-1
25	47	1
25	48	-1
25	51	-1
25	54	1
25	56	1
25	57	1
25	58	-1
25	62	1
25	64	1
25	65	1
25	68	1
25	70	-1
25	72	-1
25	73	-1
25	76	1
25	78	1
25	81	1
25	82	-1
25	85	1
25	86	-1
25	88	1
25	89	-1
25	90	-1
25	91	-1
25	92	-1
25	98	-1
25	100	-1
25	105	1
25	106	1
25	114	-1
25	116	-1
25	117	1
25	119	-1
25	120	1
25	121	1
25	122	1
25	126	-1
25	127	1
25	132	1
25	136	-1
25	137	1
25	138	1
25	141	-1
25	142	-1
25	145	1
25	147	1
25	148	-1
25	149	1
25	151	1
25	152	1
25	153	-1
25	154	1
25	155	1
25	156	-1
25	157	1
25	165	1
25	167	-1
25	170	1
25	171	1
25	172	1
25	173	1
25	177	-1
25	179	-1
25	184	1
25	187	1
25	188	1
25	189	1
25	191	-1
25	192	1
25	193	1
25	195	1
25	199	1
25	202	1
25	205	-1
25	208	-1
25	209	1
25	211	1
25	212	1
25	213	-1
25	216	1
25	221	1
25	222	1
25	224	1
25	231	1
25	232	1
25	233	-1
25	235	-1
25	236	-1
25	237	1
25	240	1
25	241	-1
25	244	-1
25	245	1
25	247	1
26	29	-1
26	31	-1
26	32	1
26	33	-1
26	34	1
26	35	1
26	36	1
26	37	1
26	38	1
26	39	-1
26	40	-1
26	41	-1
26	44	1
26	45	1
26	46	-1
26	47	-1
26	48	-1
26	50	-1
26	51	-1
26	52	-1
26	53	1
26	54	-1
26	58	1
26	61	1
26	62	-1
26	63	1
26	64	1
26	66	-1
26	67	-1
26	70	1
26	73	1
26	74	-1
26	75	-1
26	78	1
26	82	1
26	83	1
26	84	-1
26	86	1
26	87	-1
26	90	1
26	94	-1
26	95	-1
26	96	-1
26	98	1
26	101	1
26	103	1
26	104	-1
26	105	-1
26	110	-1
26	111	1
26	113	-1
26	117	1
26	121	-1
26	122	-1
26	124	1
26	127	-1
26	129	-1
26	131	1
26	134	1
26	139	-1
26	141	1
26	143	1
26	144	1
26	147	-1
26	149	1
26	151	1
26	153	-1
26	154	1
26	159	1
26	162	-1
26	164	-1
26	165	1
26	166	-1
26	169	1
26	170	-1
26	174	1
26	176	-1
26	178	-1
26	181	-1
26	183	-1
26	185	1
26	187	-1
26	189	1
26	191	1
26	192	1
26	194	1
26	195	-1
26	197	-1
26	198	1
26	199	1
26	200	-1
26	202	1
26	203	-1
26	204	1
26	205	-1
26	206	-1
26	207	1
26	208	-1
26	209	-1
26	214	1
26	215	-1
26	218	1
26	219	1
26	221	1
26	223	1
26	225	1
26	226	-1
26	228	1
26	231	1
26	232	-1
26	234	-1
26	235	-1
26	236	-1
26	241	-1
26	245	-1
26	246	1
26	247	-1
26	248	1
27	28	-1
27	29	-1
27	31	-1
27	33	1
27	34	1
27	35	1
27	36	-1
27	37	-1
27	39	1
27	40	-1
27	42	-1
27	43	-1
27	45	1
27	46	-1
27	48	1
27	49	1
27	50	-1
27	53	-1
27	55	-1
27	58	1
27	62	-1
27	63	-1
27	65	-1
27	68	-1
27	70	1
27	71	1
27	72	-1
27	80	1
27	81	-1
27	82	1
27	83	1
27	85	-1
27	86	-1
27	87	-1
27	89	1
27	92	-1
27	93	1
27	94	1
27	96	-1
27	97	-1
27	99	1
27	102	1
27	105	1
27	106	1
27	107	-1
27	109	1
27	112	1
27	114	-1
27	115	-1
27	120	1
27	121	1
27	122	-1
27	123	1
27	124	1
27	125	-1
27	126	1
27	131	-1
27	132	-1
27	133	1
27	142	-1
27	143	1
27	144	-1
27	147	-1
27	148	1
27	149	1
27	152	1
27	153	-1
27	157	-1
27	158	-1
27	162	1
27	163	1
27	167	-1
27	171	-1
27	172	1
27	175	1
27	178	-1
27	179	1
27	180	1
27	181	-1
27	182	1
27	189	1
27	190	1
27	191	1
27	192	-1
27	194	-1
27	203	-1
27	207	1
27	208	-1
27	210	-1
27	212	-1
27	213	-1
27	216	1
27	219	-1
27	220	1
27	221	-1
27	222	-1
27	223	-1
27	225	1
27	226	1
27	228	-1
27	230	1
27	232	-1
27	233	1
27	234	1
27	235	1
27	237	1
27	240	-1
27	242	1
27	243	-1
27	244	1
27	245	-1
27	248	-1
28	29	-1
28	31	-1
28	32	1
28	33	-1
28	34	-1
28	35	-1
28	36	-1
28	37	-1
28	38	-1
28	40	-1
28	41	-1
28	42	1
28	43	-1
28	44	1
28	45	1
28	46	1
28	47	1
28	49	1
28	51	-1
28	53	-1
28	55	-1
28	59	-1
28	61	-1
28	63	1
28	64	1
28	68	-1
28	69	1
28	70	1
28	72	1
28	73	-1
28	77	-1
28	85	1
28	87	1
28	89	1
28	93	-1
28	94	1
28	96	-1
28	97	-1
28	103	-1
28	105	1
28	108	-1
28	111	-1
28	112	1
28	115	-1
28	116	-1
28	117	-1
28	118	1
28	119	1
28	120	-1
28	121	-1
28	122	-1
28	127	-1
28	129	1
28	131	-1
28	132	1
28	133	-1
28	134	1
28	135	1
28	136	1
28	137	1
28	138	-1
28	139	-1
28	141	-1
28	142	1
28	145	1
28	146	-1
28	147	1
28	148	-1
28	150	1
28	153	1
28	154	1
28	155	-1
28	156	1
28	157	1
28	158	-1
28	161	-1
28	164	-1
28	166	1
28	167	-1
28	169	-1
28	170	-1
28	172	-1
28	174	-1
28	175	-1
28	178	1
28	179	-1
28	180	1
28	181	-1
28	186	1
28	187	-1
28	188	-1
28	191	1
28	192	-1
28	194	1
28	196	1
28	197	-1
28	198	-1
28	199	1
28	202	1
28	204	-1
28	205	1
28	206	-1
28	207	1
28	208	1
28	209	-1
28	211	-1
28	213	-1
28	215	1
28	216	1
28	217	-1
28	219	-1
28	223	1
28	224	1
28	225	1
28	226	-1
28	227	1
28	229	-1
28	230	-1
28	232	1
28	235	-1
28	237	1
28	240	1
28	245	1
29	30	1
29	31	-1
29	32	1
29	33	1
29	34	1
29	35	-1
29	36	1
29	37	-1
29	38	-1
29	39	1
29	40	1
29	41	-1
29	42	-1
29	43	1
29	44	-1
29	45	-1
29	46	1
29	47	-1
29	49	1
29	51	1
29	53	-1
29	54	1
29	55	-1
29	56	-1
29	57	-1
29	60	1
29	63	-1
29	64	-1
29	68	1
29	70	1
29	73	-1
29	77	-1
29	79	-1
29	81	-1
29	86	-1
29	87	1
29	88	1
29	89	-1
29	91	-1
29	92	-1
29	94	-1
29	97	-1
29	98	1
29	99	-1
29	101	1
29	102	1
29	107	1
29	111	-1
29	112	1
29	115	1
29	118	1
29	120	1
29	124	-1
29	125	-1
29	126	-1
29	129	1
29	130	1
29	133	-1
29	135	-1
29	139	-1
29	141	-1
29	142	1
29	144	1
29	145	1
29	147	1
29	148	1
29	149	1
29	150	-1
29	151	-1
29	152	-1
29	153	1
29	154	-1
29	157	-1
29	162	1
29	165	-1
29	170	-1
29	172	-1
29	173	1
29	174	1
29	177	1
29	178	1
29	180	-1
29	183	-1
29	185	-1
29	186	1
29	187	1
29	188	-1
29	189	1
29	190	-1
29	191	-1
29	192	-1
29	193	-1
29	196	-1
29	199	-1
29	201	-1
29	203	-1
29	205	1
29	206	-1
29	208	1
29	215	1
29	217	1
29	218	-1
29	221	1
29	223	-1
29	224	-1
29	225	-1
29	226	1
29	231	1
29	235	-1
29	237	-1
29	238	1
29	239	-1
29	241	1
29	242	1
29	245	1
29	247	-1
29	249	1
30	31	-1
30	33	-1
30	34	1
30	35	-1
30	36	1
30	37	-1
30	39	-1
30	40	1
30	41	-1
30	43	1
30	47	1
30	49	-1
30	50	-1
30	51	-1
30	52	-1
30	53	-1
30	55	-1
30	57	-1
30	60	-1
30	62	1
30	64	1
30	67	1
30	69	1
30	71	-1
30	74	1
30	75	-1
30	76	1
30	77	-1
30	78	-1
30	79	-1
30	80	-1
30	81	1
30	83	1
30	89	1
30	90	1
30	93	1
30	94	1
30	95	-1
30	97	1
30	98	1
30	99	1
30	101	1
30	102	-1
30	103	-1
30	104	-1
30	105	-1
30	106	-1
30	107	1
30	109	1
30	112	1
30	119	-1
30	120	1
30	122	-1
30	125	-1
30	128	-1
30	129	-1
30	131	-1
30	132	-1
30	133	-1
30	134	-1
30	136	1
30	137	1
30	139	-1
30	140	-1
30	142	1
30	146	1
30	147	1
30	152	1
30	154	1
30	155	1
30	157	-1
30	158	1
30	159	1
30	164	1
30	165	-1
30	167	-1
30	170	-1
30	171	-1
30	172	1
30	173	-1
30	174	-1
30	175	1
30	177	-1
30	178	-1
30	179	-1
30	181	1
30	185	1
30	186	-1
30	187	1
30	190	-1
30	191	1
30	193	1
30	194	1
30	198	1
30	199	1
30	202	-1
30	203	-1
30	204	-1
30	205	1
30	208	1
30	210	1
30	213	1
30	220	-1
30	221	1
30	223	1
30	225	-1
30	226	-1
30	230	-1
30	231	1
30	233	1
30	241	1
30	245	1
30	246	-1
30	248	-1
31	33	1
31	34	1
31	37	1
31	38	1
31	41	-1
31	44	-1
31	45	1
31	46	-1
31	47	1
31	48	1
31	49	-1
31	51	-1
31	53	1
31	54	1
31	59	1
31	62	-1
31	63	-1
31	64	-1
31	65	-1
31	67	1
31	68	-1
31	69	-1
31	71	-1
31	74	-1
31	75	-1
31	77	-1
31	78	1
31	79	1
31	83	-1
31	84	-1
31	92	1
31	93	-1
31	95	-1
31	98	-1
31	99	-1
31	100	-1
31	102	1
31	104	-1
31	105	-1
31	107	-1
31	109	-1
31	111	1
31	113	1
31	114	-1
31	117	-1
31	118	1
31	120	-1
31	122	-1
31	123	-1
31	127	1
31	130	1
31	133	-1
31	134	1
31	136	-1
31	137	-1
31	138	-1
31	143	1
31	146	-1
31	150	-1
31	152	-1
31	153	1
31	155	1
31	158	-1
31	159	-1
31	160	1
31	161	-1
31	163	-1
31	164	-1
31	167	1
31	169	-1
31	170	-1
31	171	-1
31	174	-1
31	176	-1
31	177	-1
31	178	1
31	180	1
31	181	1
31	182	1
31	183	1
31	185	1
31	188	-1
31	190	-1
31	191	-1
31	193	1
31	195	-1
31	196	-1
31	197	1
31	198	-1
31	199	1
31	201	-1
31	204	1
31	205	-1
31	207	-1
31	209	1
31	210	-1
31	211	1
31	214	-1
31	219	-1
31	220	1
31	222	-1
31	225	-1
31	227	1
31	228	-1
31	229	1
31	234	1
31	235	1
31	236	1
31	240	-1
31	241	-1
31	245	-1
31	246	1
31	247	-1
31	248	-1
32	35	-1
32	38	-1
32	39	1
32	41	1
32	43	1
32	44	-1
32	45	-1
32	46	1
32	47	1
32	48	-1
32	49	-1
32	52	-1
32	53	-1
32	54	-1
32	56	1
32	57	-1
32	58	-1
32	60	1
32	63	-1
32	65	1
32	70	-1
32	71	-1
32	83	1
32	84	-1
32	85	-1
32	86	-1
32	88	-1
32	93	-1
32	103	-1
32	105	1
32	106	-1
32	107	-1
32	108	-1
32	110	1
32	114	1
32	116	1
32	117	-1
32	118	-1
32	119	-1
32	120	1
32	121	-1
32	122	1
32	125	1
32	126	-1
32	127	-1
32	130	1
32	131	1
32	132	1
32	134	1
32	137	1
32	141	1
32	147	-1
32	151	1
32	152	-1
32	153	-1
32	154	1
32	158	1
32	159	-1
32	161	-1
32	164	-1
32	165	1
32	169	1
32	170	1
32	171	1
32	172	-1
32	173	1
32	175	1
32	177	1
32	178	-1
32	179	-1
32	181	1
32	182	-1
32	186	-1
32	187	-1
32	188	-1
32	190	1
32	192	-1
32	193	1
32	200	-1
32	202	-1
32	203	1
32	204	-1
32	207	-1
32	208	-1
32	209	-1
32	211	-1
32	212	1
32	213	1
32	216	-1
32	217	-1
32	218	1
32	219	-1
32	220	1
32	221	-1
32	222	1
32	223	1
32	225	-1
32	226	1
32	227	1
32	228	-1
32	229	-1
32	230	-1
32	231	-1
32	235	1
32	236	1
32	239	-1
32	240	-1
32	241	1
32	243	1
32	247	-1
32	249	1
33	34	-1
33	36	1
33	38	-1
33	39	-1
33	42	-1
33	43	1
33	44	1
33	46	-1
33	47	-1
33	48	1
33	51	1
33	52	-1
33	53	1
33	54	1
33	56	-1
33	57	-1
33	58	1
33	59	1
33	60	-1
33	65	-1
33	67	1
33	68	1
33	70	1
33	74	-1
33	75	1
33	78	-1
33	80	1
33	81	-1
33	86	1
33	88	-1
33	89	1
33	90	-1
33	92	-1
33	95	-1
33	98	-1
33	102	1
33	103	-1
33	107	-1
33	108	1
33	109	-1
33	110	-1
33	111	1
33	114	-1
33	116	1
33	118	1
33	119	1
33	120	-1
33	121	1
33	122	1
33	123	-1
33	124	1
33	125	1
33	128	1
33	129	1
33	131	1
33	132	-1
33	134	1
33	136	-1
33	137	-1
33	144	1
33	146	1
33	148	1
33	149	1
33	151	-1
33	153	1
33	154	-1
33	155	1
33	156	1
33	157	-1
33	164	-1
33	171	1
33	173	-1
33	177	1
33	181	-1
33	182	-1
33	184	-1
33	185	1
33	187	1
33	191	-1
33	193	1
33	195	-1
33	198	-1
33	205	1
33	206	1
33	207	-1
33	208	-1
33	211	1
33	213	-1
33	214	1
33	215	1
33	217	-1
33	219	1
33	220	-1
33	221	-1
33	223	-1
33	224	1
33	225	-1
33	227	-1
33	231	-1
33	233	1
33	234	-1
33	237	1
33	240	-1
33	241	-1
33	242	1
33	244	-1
33	247	-1
33	249	1
34	35	-1
34	36	1
34	39	-1
34	40	1
34	43	-1
34	44	1
34	45	-1
34	46	1
34	47	-1
34	49	-1
34	50	1
34	51	-1
34	53	-1
34	54	1
34	56	1
34	61	1
34	62	-1
34	63	1
34	64	1
34	65	1
34	66	-1
34	69	-1
34	71	-1
34	74	-1
34	79	1
34	80	1
34	81	-1
34	83	1
34	84	-1
34	87	-1
34	88	-1
34	94	1
34	95	-1
34	96	-1
34	100	-1
34	101	-1
34	102	1
34	103	-1
34	106	-1
34	107	1
34	108	-1
34	112	1
34	113	1
34	114	-1
34	116	-1
34	119	1
34	120	1
34	123	1
34	124	1
34	126	-1
34	127	-1
34	130	-1
34	133	-1
34	134	-1
34	135	1
34	136	1
34	137	-1
34	141	1
34	143	-1
34	144	-1
34	146	-1
34	149	1
34	150	1
34	151	-1
34	153	1
34	155	1
34	157	-1
34	159	1
34	161	-1
34	162	1
34	164	1
34	166	1
34	167	-1
34	168	-1
34	171	1
34	172	-1
34	173	-1
34	175	-1
34	177	-1
34	179	1
34	180	-1
34	181	-1
34	182	-1
34	184	1
34	187	-1
34	188	1
34	192	1
34	193	-1
34	198	-1
34	199	1
34	201	-1
34	203	-1
34	207	1
34	209	1
34	212	-1
34	216	-1
34	217	1
34	218	1
34	220	1
34	221	-1
34	223	1
34	224	1
34	226	1
34	230	-1
34	231	-1
34	232	-1
34	234	1
34	235	-1
34	243	1
34	246	1
34	247	1
34	249	1
35	36	-1
35	37	-1
35	38	1
35	39	-1
35	40	-1
35	41	1
35	42	-1
35	43	-1
35	44	1
35	46	-1
35	49	-1
35	50	-1
35	51	-1
35	61	1
35	62	1
35	65	1
35	69	-1
35	70	1
35	71	-1
35	72	1
35	73	1
35	77	1
35	78	-1
35	79	1
35	80	-1
35	82	-1
35	83	1
35	84	1
35	85	1
35	87	1
35	89	-1
35	91	1
35	92	-1
35	93	1
35	94	-1
35	99	-1
35	102	-1
35	103	1
35	105	1
35	110	-1
35	111	1
35	112	-1
35	114	-1
35	115	-1
35	116	-1
35	117	1
35	119	-1
35	121	1
35	124	-1
35	126	-1
35	127	1
35	129	1
35	130	-1
35	132	1
35	134	-1
35	135	-1
35	136	-1
35	138	-1
35	146	1
35	147	1
35	148	-1
35	150	-1
35	151	1
35	153	1
35	155	-1
35	159	-1
35	161	-1
35	162	-1
35	165	-1
35	166	1
35	167	1
35	168	1
35	170	1
35	171	-1
35	172	1
35	173	-1
35	175	1
35	178	1
35	181	-1
35	182	-1
35	183	-1
35	184	1
35	186	-1
35	188	-1
35	190	1
35	192	-1
35	193	1
35	194	1
35	195	1
35	197	-1
35	200	1
35	203	1
35	204	-1
35	207	-1
35	211	-1
35	214	1
35	217	-1
35	219	1
35	220	1
35	224	1
35	225	-1
35	226	-1
35	228	-1
35	229	1
35	232	1
35	233	-1
35	234	-1
35	237	1
35	239	1
35	240	-1
35	241	1
35	243	-1
35	244	-1
35	245	1
35	249	1
36	40	1
36	43	-1
36	46	1
36	47	1
36	48	1
36	50	-1
36	53	-1
36	54	-1
36	55	1
36	56	1
36	57	-1
36	58	-1
36	59	-1
36	66	-1
36	67	1
36	72	1
36	76	1
36	81	-1
36	87	-1
36	90	-1
36	92	1
36	93	-1
36	94	1
36	97	1
36	98	-1
36	101	1
36	103	1
36	104	1
36	105	1
36	107	1
36	108	1
36	110	1
36	111	1
36	117	-1
36	120	1
36	121	1
36	123	1
36	124	1
36	126	-1
36	127	1
36	129	-1
36	131	1
36	133	1
36	135	-1
36	138	-1
36	144	1
36	145	1
36	146	-1
36	150	1
36	151	-1
36	156	1
36	159	1
36	161	-1
36	163	-1
36	164	-1
36	167	-1
36	171	-1
36	174	1
36	175	-1
36	176	-1
36	181	1
36	182	1
36	184	1
36	185	1
36	186	1
36	187	1
36	191	-1
36	192	-1
36	197	1
36	199	1
36	200	-1
36	203	-1
36	205	1
36	208	1
36	209	1
36	210	-1
36	214	-1
36	216	1
36	219	-1
36	221	1
36	222	-1
36	223	-1
36	224	1
36	225	1
36	226	1
36	229	-1
36	231	1
36	234	-1
36	235	-1
36	238	1
36	245	1
36	248	-1
37	39	-1
37	43	1
37	44	-1
37	46	1
37	47	-1
37	48	1
37	49	1
37	51	-1
37	57	1
37	60	1
37	62	1
37	65	1
37	66	-1
37	69	-1
37	70	-1
37	71	1
37	72	-1
37	74	1
37	79	1
37	82	1
37	83	1
37	85	-1
37	88	1
37	90	-1
37	91	-1
37	94	1
37	95	-1
37	96	1
37	98	-1
37	105	-1
37	106	-1
37	114	1
37	115	1
37	117	-1
37	120	-1
37	122	1
37	123	-1
37	125	1
37	126	-1
37	127	1
37	128	1
37	130	-1
37	131	1
37	132	1
37	133	1
37	136	-1
37	137	-1
37	143	1
37	144	-1
37	145	-1
37	147	-1
37	149	-1
37	150	1
37	152	-1
37	153	1
37	155	-1
37	156	1
37	160	1
37	161	1
37	162	-1
37	164	1
37	165	-1
37	166	-1
37	167	1
37	169	-1
37	171	1
37	172	1
37	174	1
37	175	1
37	176	1
37	177	-1
37	178	1
37	179	1
37	180	-1
37	181	-1
37	182	1
37	184	-1
37	185	-1
37	189	-1
37	194	-1
37	195	1
37	201	-1
37	203	1
37	204	-1
37	205	1
37	206	-1
37	216	1
37	218	-1
37	221	-1
37	224	1
37	228	1
37	229	1
37	230	1
37	234	1
37	235	-1
37	237	1
37	238	1
37	239	1
37	240	-1
37	242	-1
37	243	1
37	245	-1
37	246	1
37	247	1
37	248	1
37	249	1
38	39	-1
38	40	1
38	41	-1
38	42	1
38	44	1
38	45	1
38	46	-1
38	47	1
38	48	-1
38	49	1
38	51	-1
38	53	-1
38	54	-1
38	57	-1
38	58	1
38	59	1
38	60	-1
38	61	-1
38	63	-1
38	65	1
38	69	-1
38	71	1
38	73	-1
38	76	-1
38	78	1
38	79	1
38	80	-1
38	81	1
38	82	1
38	83	-1
38	84	-1
38	85	1
38	86	1
38	87	-1
38	89	1
38	90	1
38	91	1
38	94	1
38	96	1
38	97	1
38	99	-1
38	101	-1
38	102	1
38	104	-1
38	105	-1
38	108	1
38	109	-1
38	110	-1
38	111	1
38	112	-1
38	113	-1
38	117	-1
38	119	1
38	120	1
38	122	1
38	123	1
38	124	1
38	127	-1
38	128	-1
38	129	-1
38	130	-1
38	131	1
38	132	-1
38	133	1
38	137	1
38	141	1
38	143	1
38	144	-1
38	145	1
38	148	1
38	150	-1
38	151	1
38	152	1
38	155	-1
38	156	1
38	159	-1
38	160	1
38	163	1
38	164	-1
38	165	1
38	166	1
38	167	-1
38	168	1
38	171	-1
38	172	-1
38	173	1
38	176	1
38	177	1
38	181	-1
38	182	1
38	183	-1
38	184	1
38	188	1
38	189	1
38	190	1
38	191	-1
38	192	-1
38	193	1
38	194	1
38	199	1
38	202	-1
38	204	1
38	205	-1
38	207	-1
38	208	-1
38	209	-1
38	212	1
38	216	1
38	218	1
38	220	-1
38	221	1
38	225	-1
38	227	1
38	232	1
38	236	-1
38	237	1
38	238	1
38	240	-1
38	242	1
38	243	-1
38	245	1
38	247	1
38	249	1
39	42	-1
39	43	1
39	44	1
39	45	1
39	46	1
39	49	-1
39	50	1
39	51	-1
39	52	1
39	53	1
39	54	-1
39	56	-1
39	59	1
39	61	1
39	62	1
39	64	-1
39	66	1
39	67	-1
39	69	1
39	70	-1
39	72	1
39	73	1
39	74	1
39	76	1
39	77	-1
39	78	-1
39	79	1
39	82	-1
39	83	1
39	85	1
39	86	1
39	90	1
39	92	-1
39	94	1
39	95	-1
39	98	1
39	99	1
39	100	-1
39	101	-1
39	102	1
39	103	-1
39	104	-1
39	110	-1
39	115	1
39	121	1
39	124	1
39	129	1
39	130	1
39	131	-1
39	133	-1
39	134	-1
39	137	1
39	140	1
39	142	1
39	143	1
39	146	1
39	147	1
39	149	1
39	152	1
39	154	-1
39	155	-1
39	156	-1
39	159	-1
39	160	1
39	164	-1
39	165	-1
39	166	1
39	168	-1
39	170	1
39	173	-1
39	174	1
39	175	-1
39	176	1
39	177	1
39	178	-1
39	181	1
39	185	-1
39	187	1
39	188	1
39	189	-1
39	190	1
39	191	1
39	192	1
39	193	-1
39	195	-1
39	197	-1
39	198	1
39	202	-1
39	204	1
39	205	-1
39	206	1
39	207	1
39	211	1
39	212	-1
39	213	-1
39	215	1
39	216	-1
39	219	-1
39	220	1
39	221	-1
39	222	-1
39	223	1
39	225	1
39	226	1
39	228	-1
39	229	1
39	238	1
39	239	1
39	240	-1
39	241	-1
39	242	-1
39	243	1
39	246	1
39	248	1
39	249	-1
40	41	1
40	42	-1
40	43	1
40	44	-1
40	46	-1
40	48	-1
40	50	-1
40	51	-1
40	54	1
40	55	1
40	59	1
40	63	1
40	64	1
40	70	1
40	71	1
40	72	-1
40	73	-1
40	77	1
40	79	-1
40	80	-1
40	82	-1
40	83	-1
40	84	-1
40	88	1
40	89	1
40	90	1
40	92	1
40	93	1
40	94	-1
40	98	-1
40	100	1
40	102	1
40	104	1
40	107	1
40	109	1
40	110	1
40	111	-1
40	112	1
40	113	1
40	114	-1
40	115	-1
40	116	-1
40	117	1
40	118	1
40	125	1
40	126	1
40	129	-1
40	132	-1
40	134	-1
40	136	1
40	138	-1
40	139	1
40	141	1
40	142	1
40	147	1
40	148	1
40	149	-1
40	150	-1
40	157	-1
40	159	-1
40	161	-1
40	165	1
40	168	1
40	171	1
40	174	-1
40	175	1
40	176	-1
40	177	-1
40	178	1
40	180	1
40	182	-1
40	183	-1
40	184	-1
40	185	1
40	186	-1
40	187	-1
40	189	-1
40	190	1
40	195	1
40	196	-1
40	197	-1
40	200	1
40	203	-1
40	206	-1
40	208	1
40	211	1
40	212	-1
40	214	-1
40	215	-1
40	216	1
40	217	-1
40	218	1
40	220	1
40	221	1
40	222	1
40	223	-1
40	225	-1
40	226	-1
40	227	1
40	229	1
40	231	-1
40	232	1
40	235	-1
40	238	1
40	239	1
40	241	1
40	242	1
40	243	-1
40	245	1
40	246	1
40	247	-1
41	44	1
41	46	1
41	47	1
41	48	1
41	50	-1
41	52	1
41	53	-1
41	54	-1
41	57	1
41	58	-1
41	60	1
41	61	1
41	62	1
41	63	-1
41	66	1
41	68	-1
41	69	1
41	71	1
41	74	-1
41	79	1
41	81	-1
41	82	-1
41	83	-1
41	87	1
41	89	-1
41	94	1
41	99	-1
41	101	-1
41	102	1
41	103	1
41	105	1
41	106	1
41	107	1
41	109	1
41	111	-1
41	112	-1
41	113	-1
41	114	-1
41	116	1
41	117	1
41	118	-1
41	120	1
41	122	-1
41	123	-1
41	124	1
41	127	1
41	128	1
41	133	-1
41	136	-1
41	139	1
41	143	1
41	144	-1
41	146	1
41	149	1
41	150	1
41	153	1
41	154	-1
41	155	-1
41	157	1
41	158	1
41	159	-1
41	161	1
41	163	-1
41	165	1
41	166	1
41	167	1
41	169	1
41	170	-1
41	171	1
41	173	-1
41	175	1
41	179	-1
41	180	-1
41	181	-1
41	182	1
41	183	-1
41	184	1
41	185	-1
41	186	1
41	187	1
41	188	-1
41	190	-1
41	191	1
41	194	1
41	195	1
41	196	1
41	197	1
41	200	-1
41	205	1
41	207	1
41	208	1
41	209	1
41	210	-1
41	211	1
41	213	-1
41	214	1
41	215	-1
41	216	-1
41	217	-1
41	219	1
41	220	1
41	221	1
41	222	-1
41	230	1
41	231	1
41	235	-1
41	236	-1
41	238	-1
41	240	1
41	241	-1
41	243	-1
41	244	1
42	44	1
42	46	1
42	47	-1
42	49	-1
42	52	-1
42	53	-1
42	55	-1
42	56	1
42	57	-1
42	61	-1
42	62	1
42	68	1
42	69	-1
42	71	1
42	73	-1
42	75	1
42	76	1
42	77	-1
42	79	-1
42	80	-1
42	81	1
42	82	-1
42	83	-1
42	86	1
42	87	1
42	91	-1
42	92	-1
42	95	-1
42	96	-1
42	97	1
42	98	-1
42	101	-1
42	103	-1
42	106	-1
42	113	-1
42	114	-1
42	115	-1
42	116	1
42	117	1
42	119	1
42	121	1
42	131	1
42	132	-1
42	134	-1
42	137	-1
42	138	-1
42	139	-1
42	140	1
42	143	-1
42	144	1
42	145	-1
42	146	1
42	147	-1
42	151	1
42	157	1
42	159	-1
42	160	-1
42	164	1
42	165	1
42	168	1
42	169	-1
42	171	1
42	174	1
42	176	-1
42	179	-1
42	180	1
42	181	1
42	182	-1
42	183	1
42	185	1
42	187	1
42	188	-1
42	189	-1
42	190	-1
42	191	-1
42	192	1
42	194	-1
42	195	-1
42	198	1
42	205	-1
42	213	1
42	215	-1
42	218	-1
42	220	-1
42	221	1
42	223	-1
42	224	-1
42	226	-1
42	228	-1
42	230	-1
42	234	1
42	235	-1
42	236	1
42	237	-1
42	238	1
42	240	-1
42	243	1
42	244	-1
42	245	-1
42	247	-1
42	248	-1
42	249	-1
43	44	1
43	45	-1
43	46	1
43	47	1
43	54	-1
43	55	-1
43	58	1
43	59	-1
43	62	1
43	64	1
43	66	-1
43	68	1
43	70	1
43	71	1
43	72	1
43	73	1
43	74	-1
43	75	1
43	80	-1
43	81	1
43	84	-1
43	85	1
43	86	1
43	90	1
43	91	-1
43	92	1
43	96	1
43	97	1
43	100	-1
43	103	1
43	105	1
43	106	-1
43	107	1
43	108	1
43	109	1
43	111	-1
43	115	1
43	117	1
43	118	-1
43	119	1
43	121	-1
43	126	1
43	128	-1
43	129	1
43	131	-1
43	132	-1
43	137	1
43	139	1
43	140	1
43	143	-1
43	144	-1
43	146	-1
43	150	-1
43	151	1
43	152	1
43	153	-1
43	161	1
43	163	1
43	164	1
43	166	1
43	167	1
43	168	-1
43	172	-1
43	173	-1
43	175	-1
43	177	-1
43	178	-1
43	184	1
43	187	-1
43	188	-1
43	193	1
43	195	1
43	196	1
43	198	1
43	201	-1
43	203	-1
43	204	1
43	205	1
43	208	1
43	210	1
43	212	1
43	213	-1
43	216	1
43	217	-1
43	219	1
43	221	-1
43	223	-1
43	224	-1
43	225	-1
43	226	-1
43	227	-1
43	228	-1
43	230	-1
43	231	1
43	232	-1
43	234	1
43	235	-1
43	236	-1
43	237	-1
43	239	-1
43	240	-1
43	241	1
43	246	-1
43	247	1
43	248	-1
43	249	-1
44	48	-1
44	51	-1
44	55	-1
44	57	-1
44	58	1
44	63	1
44	64	1
44	65	-1
44	66	-1
44	67	-1
44	68	1
44	69	-1
44	71	-1
44	73	-1
44	74	-1
44	75	-1
44	78	-1
44	80	-1
44	82	-1
44	83	-1
44	84	1
44	85	1
44	86	1
44	87	1
44	88	-1
44	93	1
44	94	-1
44	96	1
44	98	-1
44	99	-1
44	102	1
44	104	1
44	105	-1
44	110	1
44	111	-1
44	112	-1
44	113	-1
44	114	-1
44	116	-1
44	119	-1
44	120	1
44	121	-1
44	124	-1
44	125	1
44	127	-1
44	128	1
44	129	1
44	130	-1
44	131	1
44	132	1
44	134	1
44	135	1
44	136	-1
44	137	-1
44	138	1
44	139	-1
44	140	1
44	142	1
44	144	-1
44	146	1
44	147	-1
44	150	1
44	151	1
44	152	1
44	153	-1
44	154	1
44	155	1
44	156	-1
44	157	-1
44	158	1
44	161	-1
44	163	1
44	164	-1
44	165	1
44	166	-1
44	167	-1
44	168	1
44	170	1
44	171	-1
44	172	-1
44	179	1
44	180	1
44	185	-1
44	188	-1
44	189	1
44	191	1
44	197	-1
44	201	1
44	202	1
44	206	-1
44	207	1
44	208	-1
44	210	-1
44	213	-1
44	215	-1
44	219	-1
44	220	-1
44	223	1
44	225	-1
44	230	-1
44	231	1
44	234	1
44	237	1
44	238	-1
44	241	1
44	243	1
44	247	-1
44	248	1
44	249	-1
45	46	1
45	48	-1
45	49	1
45	52	-1
45	56	1
45	57	-1
45	59	1
45	60	-1
45	62	-1
45	64	-1
45	66	1
45	69	-1
45	70	1
45	71	1
45	72	1
45	76	-1
45	77	1
45	78	1
45	80	1
45	81	-1
45	82	-1
45	85	1
45	87	1
45	89	-1
45	92	1
45	93	-1
45	95	-1
45	96	1
45	97	1
45	98	-1
45	99	-1
45	100	1
45	105	-1
45	106	1
45	108	-1
45	111	-1
45	113	-1
45	115	-1
45	116	-1
45	117	1
45	119	1
45	121	-1
45	125	-1
45	126	-1
45	129	-1
45	131	-1
45	132	1
45	133	-1
45	134	-1
45	136	1
45	137	1
45	141	-1
45	143	-1
45	147	1
45	148	1
45	150	1
45	151	1
45	152	1
45	153	1
45	155	-1
45	156	1
45	157	1
45	158	1
45	159	1
45	161	1
45	163	1
45	165	1
45	169	1
45	182	1
45	183	-1
45	184	-1
45	192	1
45	193	-1
45	196	1
45	199	1
45	200	1
45	206	-1
45	212	1
45	213	-1
45	215	1
45	216	1
45	220	-1
45	225	-1
45	226	1
45	227	-1
45	228	-1
45	232	1
45	233	1
45	237	-1
45	240	1
45	242	1
45	243	-1
45	246	-1
45	247	-1
45	248	-1
45	249	1
46	48	1
46	50	1
46	54	-1
46	55	-1
46	56	1
46	60	1
46	63	-1
46	66	1
46	68	-1
46	69	-1
46	70	1
46	72	-1
46	73	-1
46	77	1
46	78	-1
46	80	1
46	81	-1
46	82	-1
46	83	-1
46	87	1
46	88	-1
46	89	-1
46	90	-1
46	91	1
46	93	1
46	94	-1
46	100	-1
46	101	-1
46	103	-1
46	105	1
46	107	-1
46	109	-1
46	110	1
46	115	1
46	117	1
46	119	-1
46	120	-1
46	123	1
46	124	-1
46	125	-1
46	129	1
46	132	-1
46	133	1
46	135	-1
46	136	1
46	138	-1
46	139	1
46	140	-1
46	143	-1
46	144	-1
46	145	-1
46	149	1
46	155	1
46	156	-1
46	157	-1
46	160	1
46	164	1
46	165	-1
46	167	-1
46	173	-1
46	174	1
46	175	1
46	176	-1
46	179	-1
46	180	-1
46	184	1
46	186	1
46	189	-1
46	190	-1
46	191	-1
46	193	-1
46	194	-1
46	195	1
46	197	1
46	198	-1
46	200	-1
46	202	-1
46	203	1
46	205	1
46	208	1
46	213	1
46	218	-1
46	219	-1
46	221	-1
46	225	1
46	227	1
46	228	-1
46	231	1
46	232	-1
46	233	-1
46	238	1
46	239	1
46	240	1
46	242	-1
46	243	1
47	48	1
47	49	-1
47	51	1
47	53	1
47	55	-1
47	56	1
47	59	-1
47	60	-1
47	61	1
47	65	1
47	68	-1
47	71	-1
47	77	1
47	78	-1
47	80	1
47	81	-1
47	82	1
47	83	1
47	84	1
47	85	1
47	86	-1
47	89	-1
47	91	-1
47	92	1
47	93	-1
47	94	-1
47	95	-1
47	100	1
47	101	-1
47	103	-1
47	104	1
47	105	1
47	106	-1
47	108	-1
47	109	-1
47	111	-1
47	112	-1
47	113	1
47	116	-1
47	117	-1
47	119	1
47	122	1
47	123	-1
47	124	-1
47	130	-1
47	131	-1
47	136	1
47	139	1
47	140	-1
47	142	1
47	143	-1
47	145	1
47	146	1
47	149	-1
47	151	1
47	153	1
47	154	1
47	155	1
47	156	-1
47	158	-1
47	159	1
47	161	1
47	162	1
47	163	-1
47	164	1
47	166	-1
47	170	-1
47	172	-1
47	175	1
47	177	1
47	180	-1
47	184	-1
47	185	-1
47	186	-1
47	188	-1
47	189	-1
47	191	1
47	194	1
47	195	1
47	197	1
47	199	-1
47	200	-1
47	201	-1
47	202	-1
47	204	1
47	207	-1
47	209	-1
47	216	-1
47	218	-1
47	219	-1
47	220	-1
47	222	-1
47	228	1
47	229	1
47	230	-1
47	231	1
47	233	-1
47	235	-1
47	240	1
47	242	-1
47	244	-1
47	245	-1
48	49	-1
48	50	-1
48	53	1
48	54	-1
48	58	-1
48	60	1
48	62	-1
48	64	1
48	65	1
48	66	1
48	67	1
48	68	-1
48	70	1
48	71	1
48	72	-1
48	73	-1
48	76	1
48	78	-1
48	81	-1
48	82	1
48	84	-1
48	85	-1
48	86	-1
48	90	-1
48	93	1
48	95	1
48	96	1
48	97	-1
48	98	-1
48	99	-1
48	101	-1
48	106	1
48	108	1
48	113	1
48	114	-1
48	117	1
48	118	1
48	119	-1
48	121	-1
48	123	-1
48	125	-1
48	126	-1
48	128	1
48	129	-1
48	130	1
48	131	1
48	137	1
48	139	-1
48	141	-1
48	143	-1
48	146	-1
48	147	-1
48	150	-1
48	153	1
48	157	-1
48	158	-1
48	159	1
48	163	-1
48	164	-1
48	166	1
48	167	1
48	169	-1
48	171	1
48	173	-1
48	174	1
48	175	-1
48	176	-1
48	179	1
48	180	-1
48	183	-1
48	184	-1
48	189	-1
48	191	-1
48	193	-1
48	195	-1
48	197	1
48	198	1
48	200	-1
48	201	1
48	202	-1
48	206	-1
48	207	1
48	208	1
48	210	-1
48	211	-1
48	212	1
48	213	1
48	214	1
48	216	1
48	218	1
48	219	-1
48	220	1
48	221	1
48	223	1
48	226	-1
48	228	-1
48	229	1
48	230	-1
48	232	1
48	236	1
48	238	1
48	241	-1
48	245	-1
48	248	-1
48	249	-1
49	50	1
49	53	-1
49	54	1
49	57	-1
49	59	1
49	60	-1
49	63	1
49	65	1
49	68	1
49	71	-1
49	76	-1
49	77	1
49	78	1
49	79	-1
49	81	1
49	86	-1
49	87	1
49	88	-1
49	92	-1
49	93	1
49	95	-1
49	97	1
49	101	-1
49	104	1
49	108	1
49	111	1
49	113	1
49	116	1
49	119	-1
49	124	-1
49	126	1
49	129	-1
49	132	-1
49	133	1
49	137	1
49	138	-1
49	139	1
49	146	1
49	147	1
49	148	-1
49	151	1
49	152	1
49	154	1
49	155	1
49	158	-1
49	160	1
49	162	1
49	163	-1
49	166	-1
49	168	-1
49	169	1
49	170	-1
49	172	1
49	174	1
49	176	-1
49	178	-1
49	180	1
49	181	-1
49	182	1
49	183	-1
49	185	-1
49	188	-1
49	189	-1
49	191	-1
49	195	-1
49	198	1
49	200	1
49	203	1
49	204	1
49	205	1
49	207	-1
49	208	1
49	209	-1
49	211	-1
49	212	1
49	213	-1
49	215	1
49	218	1
49	220	-1
49	221	1
49	222	-1
49	225	1
49	229	1
49	233	-1
49	234	1
49	239	-1
49	241	1
49	242	1
49	243	-1
49	244	-1
49	248	1
50	51	1
50	52	-1
50	53	1
50	54	1
50	56	-1
50	59	1
50	60	1
50	61	-1
50	64	-1
50	65	1
50	68	-1
50	73	1
50	74	-1
50	77	-1
50	80	1
50	82	1
50	83	1
50	85	-1
50	87	1
50	88	-1
50	89	1
50	90	1
50	95	-1
50	97	-1
50	104	-1
50	109	1
50	110	-1
50	111	-1
50	113	-1
50	114	1
50	115	1
50	116	-1
50	117	-1
50	119	-1
50	124	-1
50	126	-1
50	127	-1
50	130	1
50	131	1
50	132	-1
50	133	-1
50	134	1
50	138	1
50	139	-1
50	142	-1
50	143	1
50	149	1
50	150	-1
50	151	-1
50	154	-1
50	155	1
50	157	1
50	159	-1
50	160	-1
50	163	1
50	164	-1
50	166	1
50	168	-1
50	170	-1
50	171	-1
50	173	1
50	174	1
50	175	-1
50	177	1
50	179	-1
50	180	-1
50	183	-1
50	184	1
50	185	-1
50	186	1
50	189	-1
50	190	-1
50	193	-1
50	194	-1
50	195	-1
50	196	1
50	199	1
50	200	-1
50	203	1
50	205	1
50	210	-1
50	217	-1
50	219	-1
50	220	1
50	221	-1
50	222	-1
50	223	1
50	224	-1
50	229	-1
50	234	-1
50	237	-1
50	239	1
50	242	1
50	243	-1
50	244	1
50	245	1
50	246	-1
50	247	-1
51	52	-1
51	54	1
51	56	-1
51	57	-1
51	58	1
51	60	-1
51	61	1
51	62	1
51	67	-1
51	68	-1
51	69	1
51	76	-1
51	79	-1
51	81	1
51	82	-1
51	84	1
51	89	1
51	90	-1
51	92	1
51	95	-1
51	96	-1
51	97	1
51	98	-1
51	99	-1
51	101	1
51	104	1
51	108	-1
51	109	-1
51	111	1
51	115	-1
51	116	1
51	117	-1
51	119	-1
51	123	-1
51	125	-1
51	126	-1
51	127	-1
51	128	-1
51	133	1
51	134	1
51	136	-1
51	138	-1
51	142	-1
51	144	-1
51	145	-1
51	147	-1
51	148	1
51	153	1
51	154	-1
51	155	-1
51	157	-1
51	161	1
51	162	1
51	163	1
51	165	-1
51	166	-1
51	168	-1
51	169	-1
51	171	1
51	172	1
51	173	1
51	174	-1
51	175	-1
51	176	-1
51	177	1
51	178	-1
51	180	1
51	181	-1
51	184	-1
51	185	-1
51	187	-1
51	190	1
51	192	-1
51	195	-1
51	198	-1
51	199	1
51	200	1
51	201	1
51	202	1
51	203	-1
51	205	1
51	207	-1
51	210	-1
51	211	-1
51	213	-1
51	215	1
51	216	1
51	218	1
51	221	-1
51	223	1
51	224	-1
51	225	1
51	226	-1
51	227	1
51	228	1
51	229	-1
51	230	1
51	231	-1
51	234	-1
51	235	1
51	237	-1
51	242	1
51	244	1
51	247	-1
51	248	1
51	249	1
52	55	-1
52	56	-1
52	59	1
52	61	-1
52	62	1
52	63	-1
52	67	-1
52	69	-1
52	71	1
52	72	1
52	76	-1
52	77	-1
52	80	-1
52	83	-1
52	88	-1
52	89	1
52	90	-1
52	92	1
52	96	-1
52	97	1
52	99	1
52	100	1
52	102	-1
52	103	-1
52	105	1
52	106	-1
52	108	1
52	109	1
52	112	-1
52	116	-1
52	117	-1
52	124	1
52	126	-1
52	127	-1
52	129	-1
52	130	1
52	133	1
52	138	-1
52	141	-1
52	142	-1
52	146	1
52	147	1
52	148	1
52	149	-1
52	150	-1
52	151	1
52	152	-1
52	153	-1
52	154	-1
52	158	1
52	160	-1
52	162	-1
52	164	1
52	165	-1
52	170	-1
52	172	1
52	174	-1
52	175	1
52	176	-1
52	177	1
52	178	1
52	180	-1
52	182	1
52	183	1
52	186	1
52	187	-1
52	190	1
52	194	-1
52	196	1
52	201	1
52	203	1
52	208	1
52	209	1
52	212	1
52	213	-1
52	216	1
52	223	-1
52	225	-1
52	228	-1
52	229	-1
52	232	-1
52	234	1
52	239	-1
52	240	-1
52	242	-1
52	243	-1
52	244	1
52	245	1
52	249	-1
53	56	1
53	57	1
53	60	-1
53	62	1
53	63	1
53	67	1
53	68	-1
53	69	-1
53	74	-1
53	78	-1
53	81	-1
53	82	-1
53	83	-1
53	86	1
53	87	1
53	90	-1
53	99	-1
53	100	1
53	101	-1
53	103	-1
53	106	1
53	107	1
53	109	-1
53	110	-1
53	112	-1
53	115	1
53	116	-1
53	118	1
53	119	-1
53	120	1
53	121	-1
53	122	-1
53	123	1
53	124	1
53	126	-1
53	127	-1
53	130	-1
53	132	1
53	139	-1
53	140	-1
53	141	-1
53	144	-1
53	145	-1
53	151	1
53	153	-1
53	154	1
53	160	-1
53	163	-1
53	164	1
53	165	-1
53	167	-1
53	168	-1
53	172	1
53	173	1
53	174	1
53	175	-1
53	177	1
53	178	1
53	179	-1
53	181	-1
53	185	1
53	186	-1
53	189	1
53	192	1
53	194	1
53	195	1
53	196	-1
53	199	-1
53	202	-1
53	203	-1
53	204	-1
53	206	1
53	207	-1
53	208	-1
53	210	-1
53	211	1
53	213	1
53	214	1
53	215	1
53	216	1
53	217	1
53	219	-1
53	220	-1
53	221	-1
53	222	-1
53	223	1
53	224	-1
53	225	-1
53	227	1
53	228	1
53	231	-1
53	235	1
53	236	1
53	237	-1
53	239	-1
53	241	-1
53	242	-1
53	243	1
53	244	1
53	248	-1
54	55	-1
54	56	-1
54	58	1
54	59	-1
54	62	-1
54	64	-1
54	66	1
54	68	-1
54	69	-1
54	71	-1
54	73	1
54	74	1
54	75	1
54	80	-1
54	82	-1
54	83	-1
54	84	-1
54	85	-1
54	87	-1
54	88	1
54	89	1
54	90	1
54	94	1
54	97	1
54	98	1
54	99	1
54	100	-1
54	101	1
54	102	1
54	104	-1
54	105	1
54	109	1
54	111	-1
54	112	1
54	113	-1
54	114	1
54	115	1
54	119	-1
54	121	-1
54	123	1
54	125	-1
54	127	1
54	128	-1
54	129	1
54	132	1
54	134	-1
54	137	1
54	138	1
54	142	-1
54	143	-1
54	144	1
54	145	1
54	147	1
54	148	-1
54	149	-1
54	150	-1
54	151	-1
54	152	1
54	153	1
54	154	1
54	155	1
54	160	-1
54	163	1
54	164	1
54	169	-1
54	171	-1
54	172	1
54	177	1
54	180	1
54	183	-1
54	185	1
54	188	-1
54	189	1
54	191	-1
54	192	-1
54	194	1
54	196	-1
54	197	-1
54	200	-1
54	203	-1
54	205	1
54	207	1
54	208	1
54	211	-1
54	212	-1
54	214	-1
54	216	-1
54	219	-1
54	220	-1
54	223	1
54	224	-1
54	225	1
54	230	1
54	233	-1
54	237	1
54	240	1
54	241	-1
54	244	-1
54	245	1
54	246	1
55	56	1
55	57	-1
55	58	1
55	59	-1
55	61	1
55	63	1
55	66	-1
55	69	1
55	72	-1
55	74	-1
55	75	1
55	77	-1
55	83	1
55	84	-1
55	86	-1
55	87	1
55	90	1
55	91	-1
55	93	1
55	94	1
55	95	-1
55	96	1
55	101	1
55	102	1
55	104	-1
55	107	1
55	108	1
55	109	-1
55	110	-1
55	114	-1
55	115	-1
55	124	-1
55	125	-1
55	127	-1
55	128	-1
55	129	1
55	136	1
55	137	1
55	138	-1
55	139	1
55	140	-1
55	146	-1
55	147	1
55	148	1
55	158	1
55	160	1
55	161	1
55	163	-1
55	167	1
55	168	1
55	169	1
55	170	1
55	176	1
55	177	1
55	178	-1
55	179	1
55	181	1
55	182	1
55	187	1
55	190	-1
55	194	1
55	197	-1
55	198	1
55	199	-1
55	200	1
55	201	1
55	204	1
55	205	1
55	208	-1
55	209	-1
55	212	-1
55	219	1
55	220	1
55	222	1
55	225	1
55	226	-1
55	230	-1
55	231	-1
55	232	-1
55	233	-1
55	236	-1
55	237	-1
55	239	1
55	241	1
55	244	-1
55	245	1
55	246	1
55	248	1
55	249	-1
56	57	1
56	61	-1
56	62	1
56	65	-1
56	67	-1
56	68	-1
56	71	1
56	72	-1
56	73	-1
56	77	-1
56	78	1
56	81	1
56	82	1
56	84	-1
56	85	1
56	86	1
56	87	-1
56	88	1
56	89	1
56	90	1
56	91	1
56	92	-1
56	94	1
56	95	-1
56	96	1
56	97	-1
56	98	1
56	101	-1
56	103	1
56	106	-1
56	107	1
56	110	1
56	112	-1
56	113	-1
56	117	-1
56	120	1
56	122	-1
56	126	1
56	127	1
56	131	1
56	135	1
56	140	-1
56	143	1
56	144	-1
56	145	-1
56	147	1
56	148	-1
56	150	1
56	151	-1
56	152	1
56	154	1
56	155	1
56	156	1
56	159	-1
56	161	1
56	162	-1
56	163	-1
56	166	1
56	167	-1
56	169	-1
56	172	1
56	174	-1
56	175	1
56	176	1
56	177	-1
56	178	-1
56	179	1
56	181	-1
56	184	1
56	189	1
56	191	-1
56	192	-1
56	194	-1
56	198	1
56	201	1
56	202	1
56	203	-1
56	204	1
56	205	-1
56	207	1
56	210	1
56	218	-1
56	219	-1
56	220	1
56	221	-1
56	222	1
56	223	-1
56	224	1
56	225	1
56	228	-1
56	229	-1
56	230	-1
56	231	1
56	234	1
56	235	1
56	236	1
56	237	-1
56	239	-1
56	243	1
56	244	-1
56	247	-1
56	248	-1
56	249	-1
57	62	1
57	63	-1
57	65	1
57	67	-1
57	69	1
57	74	1
57	76	1
57	78	1
57	79	-1
57	81	1
57	82	1
57	83	-1
57	84	-1
57	86	-1
57	90	-1
57	91	1
57	93	1
57	94	-1
57	95	1
57	97	-1
57	99	-1
57	100	-1
57	101	1
57	102	-1
57	104	-1
57	106	1
57	107	1
57	108	1
57	109	-1
57	110	-1
57	114	1
57	115	-1
57	119	-1
57	120	-1
57	121	1
57	122	1
57	124	1
57	125	-1
57	126	1
57	129	1
57	130	1
57	131	1
57	132	1
57	133	1
57	135	-1
57	137	-1
57	138	-1
57	139	-1
57	140	-1
57	141	-1
57	142	-1
57	144	-1
57	146	-1
57	147	1
57	148	1
57	157	-1
57	161	-1
57	162	-1
57	163	-1
57	165	1
57	166	1
57	168	1
57	169	1
57	173	1
57	176	-1
57	178	-1
57	180	-1
57	181	1
57	184	-1
57	185	1
57	192	-1
57	194	-1
57	200	1
57	202	-1
57	206	-1
57	208	1
57	211	1
57	213	-1
57	214	-1
57	215	-1
57	216	1
57	217	-1
57	218	1
57	222	-1
57	223	-1
57	224	-1
57	225	-1
57	226	1
57	227	1
57	228	-1
57	230	-1
57	231	-1
57	233	-1
57	234	1
57	236	-1
57	238	1
57	239	1
57	242	-1
57	243	1
57	244	1
58	60	1
58	62	1
58	64	-1
58	65	-1
58	67	-1
58	69	-1
58	70	1
58	71	1
58	74	1
58	77	1
58	80	1
58	84	-1
58	87	1
58	88	1
58	90	-1
58	97	1
58	99	-1
58	103	1
58	105	1
58	107	1
58	109	-1
58	110	-1
58	112	-1
58	114	-1
58	116	1
58	117	1
58	118	-1
58	121	1
58	124	1
58	125	1
58	126	-1
58	127	1
58	129	1
58	132	-1
58	134	-1
58	135	1
58	136	-1
58	139	-1
58	141	-1
58	142	-1
58	143	-1
58	144	1
58	147	-1
58	148	1
58	149	1
58	150	1
58	154	-1
58	155	-1
58	160	-1
58	170	-1
58	171	1
58	172	1
58	173	-1
58	176	1
58	177	1
58	179	-1
58	180	1
58	182	-1
58	185	-1
58	189	-1
58	192	-1
58	194	-1
58	198	1
58	200	-1
58	201	1
58	202	-1
58	203	1
58	204	1
58	208	-1
58	210	1
58	211	-1
58	212	-1
58	214	1
58	217	1
58	218	1
58	219	-1
58	222	1
58	223	1
58	224	1
58	226	-1
58	228	-1
58	229	1
58	231	-1
58	234	1
58	237	-1
58	238	-1
58	240	-1
58	243	-1
58	244	-1
58	248	1
58	249	-1
59	60	-1
59	64	-1
59	66	1
59	67	1
59	68	-1
59	70	-1
59	71	1
59	75	1
59	76	-1
59	77	-1
59	79	-1
59	80	1
59	81	1
59	85	-1
59	87	-1
59	88	1
59	91	-1
59	92	-1
59	93	1
59	94	1
59	95	1
59	98	1
59	99	-1
59	100	-1
59	101	-1
59	105	-1
59	107	-1
59	109	1
59	110	1
59	111	-1
59	114	1
59	115	1
59	119	1
59	122	-1
59	123	1
59	124	1
59	125	1
59	130	-1
59	133	1
59	134	-1
59	135	-1
59	137	-1
59	140	1
59	142	1
59	144	-1
59	145	-1
59	146	1
59	149	1
59	150	-1
59	152	1
59	154	1
59	157	1
59	159	1
59	160	-1
59	161	-1
59	163	-1
59	168	1
59	169	-1
59	171	-1
59	175	-1
59	176	1
59	177	-1
59	178	1
59	180	1
59	184	-1
59	187	1
59	190	-1
59	191	1
59	194	-1
59	195	1
59	197	1
59	198	1
59	200	1
59	202	1
59	203	1
59	207	1
59	208	1
59	209	1
59	210	1
59	211	1
59	213	1
59	214	-1
59	215	-1
59	216	1
59	218	1
59	221	1
59	223	-1
59	225	-1
59	228	-1
59	229	-1
59	230	-1
59	231	1
59	239	1
59	240	-1
59	241	-1
59	242	-1
59	243	1
59	244	1
59	245	1
59	246	1
59	248	-1
59	249	1
60	63	1
60	64	1
60	65	1
60	67	-1
60	69	1
60	70	1
60	72	1
60	74	-1
60	76	1
60	77	-1
60	79	1
60	80	-1
60	82	-1
60	85	1
60	87	1
60	88	-1
60	89	-1
60	90	-1
60	91	-1
60	92	1
60	93	-1
60	94	-1
60	95	-1
60	97	-1
60	100	-1
60	102	1
60	104	-1
60	107	1
60	109	1
60	111	-1
60	112	-1
60	113	-1
60	114	1
60	115	1
60	117	1
60	118	-1
60	120	1
60	131	-1
60	132	-1
60	134	-1
60	135	1
60	136	-1
60	140	1
60	142	1
60	143	-1
60	144	-1
60	145	1
60	148	1
60	154	1
60	161	-1
60	166	-1
60	172	1
60	175	1
60	178	-1
60	179	1
60	189	1
60	190	-1
60	194	-1
60	195	-1
60	199	-1
60	201	1
60	203	1
60	205	-1
60	206	-1
60	208	1
60	212	1
60	213	1
60	215	1
60	217	-1
60	221	-1
60	222	1
60	223	-1
60	224	-1
60	227	-1
60	228	-1
60	229	1
60	230	1
60	234	1
60	237	1
60	241	1
60	243	1
60	245	1
61	62	1
61	65	-1
61	66	-1
61	67	1
61	68	-1
61	70	-1
61	71	-1
61	74	1
61	75	1
61	79	-1
61	82	-1
61	84	-1
61	86	-1
61	87	-1
61	89	1
61	90	-1
61	93	-1
61	94	1
61	96	1
61	98	-1
61	99	1
61	105	-1
61	106	1
61	107	1
61	108	1
61	111	1
61	112	-1
61	116	-1
61	117	1
61	120	1
61	123	-1
61	124	1
61	125	1
61	126	1
61	128	1
61	130	1
61	131	-1
61	134	-1
61	136	-1
61	140	-1
61	141	-1
61	144	1
61	145	-1
61	146	1
61	147	-1
61	150	-1
61	151	1
61	157	-1
61	158	1
61	160	1
61	163	-1
61	164	1
61	167	1
61	168	1
61	173	-1
61	174	-1
61	175	-1
61	176	-1
61	177	-1
61	178	-1
61	179	1
61	183	1
61	185	1
61	187	-1
61	188	-1
61	190	1
61	192	1
61	193	1
61	194	1
61	195	1
61	197	-1
61	199	1
61	200	1
61	202	1
61	204	1
61	205	1
61	207	1
61	208	1
61	210	1
61	211	-1
61	212	-1
61	213	-1
61	214	1
61	215	-1
61	217	1
61	219	-1
61	220	1
61	224	1
61	225	1
61	231	1
61	234	-1
61	237	1
61	240	-1
61	242	-1
61	243	1
61	245	1
61	246	-1
61	247	-1
61	248	-1
62	64	-1
62	66	-1
62	67	-1
62	69	1
62	71	1
62	74	1
62	80	1
62	82	1
62	83	-1
62	84	-1
62	86	-1
62	87	-1
62	88	-1
62	89	1
62	92	-1
62	93	1
62	98	-1
62	100	1
62	102	-1
62	103	1
62	109	-1
62	111	1
62	113	-1
62	115	1
62	119	1
62	121	-1
62	122	1
62	123	-1
62	124	-1
62	126	1
62	127	1
62	129	1
62	131	-1
62	133	1
62	134	1
62	137	-1
62	138	-1
62	140	1
62	143	-1
62	147	-1
62	153	1
62	154	-1
62	155	1
62	165	-1
62	170	1
62	172	-1
62	173	1
62	174	1
62	175	-1
62	177	-1
62	179	1
62	180	-1
62	182	-1
62	187	-1
62	189	-1
62	191	-1
62	192	1
62	194	1
62	195	1
62	198	-1
62	199	-1
62	201	-1
62	202	-1
62	203	1
62	204	-1
62	206	-1
62	207	1
62	210	1
62	211	1
62	212	-1
62	214	-1
62	215	-1
62	217	-1
62	219	1
62	224	-1
62	228	-1
62	229	1
62	230	-1
62	231	1
62	233	-1
62	234	1
62	235	1
62	239	1
62	245	1
62	246	1
62	248	-1
63	66	1
63	73	-1
63	74	-1
63	75	1
63	76	1
63	77	-1
63	78	1
63	79	1
63	81	1
63	85	1
63	87	-1
63	88	1
63	91	1
63	92	-1
63	93	1
63	95	1
63	97	-1
63	98	-1
63	102	-1
63	103	-1
63	104	1
63	108	1
63	109	-1
63	111	1
63	113	-1
63	118	-1
63	119	-1
63	122	1
63	125	-1
63	126	-1
63	129	1
63	132	1
63	133	1
63	134	-1
63	136	-1
63	137	-1
63	138	-1
63	141	1
63	142	-1
63	143	-1
63	144	1
63	145	-1
63	146	1
63	147	1
63	149	1
63	150	-1
63	152	-1
63	153	1
63	158	-1
63	159	-1
63	161	1
63	162	1
63	166	-1
63	168	1
63	169	-1
63	171	1
63	172	-1
63	173	-1
63	176	1
63	180	1
63	184	-1
63	187	-1
63	189	1
63	190	-1
63	191	1
63	197	1
63	198	-1
63	199	-1
63	201	1
63	202	1
63	206	1
63	207	1
63	209	-1
63	211	1
63	212	-1
63	213	1
63	215	1
63	219	1
63	221	-1
63	222	-1
63	223	1
63	228	1
63	229	1
63	231	1
63	233	1
63	240	-1
63	241	1
63	242	1
63	243	1
63	245	1
63	246	1
63	248	-1
64	65	-1
64	68	-1
64	70	-1
64	73	-1
64	74	1
64	76	-1
64	83	-1
64	84	1
64	86	-1
64	87	1
64	90	1
64	93	1
64	94	1
64	96	-1
64	100	-1
64	101	-1
64	102	1
64	103	-1
64	109	-1
64	110	-1
64	111	-1
64	112	-1
64	113	1
64	115	1
64	118	1
64	119	-1
64	120	-1
64	121	1
64	122	1
64	123	-1
64	125	1
64	131	1
64	132	-1
64	133	-1
64	134	1
64	136	1
64	137	1
64	139	-1
64	142	1
64	143	-1
64	144	1
64	145	-1
64	147	1
64	149	-1
64	151	-1
64	156	-1
64	157	-1
64	158	-1
64	159	-1
64	160	1
64	162	-1
64	166	-1
64	167	-1
64	169	1
64	170	-1
64	173	-1
64	175	-1
64	179	-1
64	180	1
64	182	1
64	184	-1
64	186	-1
64	189	1
64	190	-1
64	191	-1
64	192	1
64	193	-1
64	194	-1
64	197	-1
64	199	1
64	201	-1
64	202	-1
64	204	1
64	205	1
64	207	-1
64	210	-1
64	213	1
64	214	1
64	215	-1
64	216	1
64	217	1
64	218	1
64	219	-1
64	220	-1
64	221	1
64	224	1
64	227	1
64	230	1
64	231	-1
64	232	1
64	234	-1
64	235	-1
64	238	-1
64	241	-1
64	243	1
64	244	-1
64	245	1
64	246	1
64	247	-1
64	248	1
64	249	1
65	67	1
65	69	-1
65	70	1
65	72	-1
65	74	1
65	75	1
65	76	-1
65	79	-1
65	82	-1
65	84	1
65	86	1
65	87	1
65	88	1
65	89	-1
65	92	-1
65	93	-1
65	95	-1
65	96	1
65	99	-1
65	100	1
65	103	-1
65	104	1
65	106	-1
65	109	1
65	112	1
65	117	-1
65	120	1
65	122	1
65	126	1
65	136	-1
65	137	-1
65	138	1
65	139	-1
65	140	1
65	141	1
65	142	1
65	143	1
65	144	-1
65	147	-1
65	148	-1
65	149	-1
65	151	1
65	153	-1
65	154	1
65	155	-1
65	157	-1
65	160	1
65	162	1
65	163	-1
65	165	-1
65	166	-1
65	167	1
65	168	-1
65	171	1
65	172	-1
65	175	1
65	176	1
65	178	-1
65	179	-1
65	180	-1
65	181	1
65	182	-1
65	184	-1
65	186	1
65	187	1
65	189	1
65	190	-1
65	193	-1
65	200	1
65	201	1
65	202	1
65	208	-1
65	212	1
65	214	-1
65	216	1
65	218	1
65	220	1
65	222	1
65	224	1
65	225	-1
65	226	-1
65	227	-1
65	228	1
65	230	1
65	235	1
65	236	-1
65	238	-1
65	241	1
65	242	1
65	243	1
65	247	1
66	67	-1
66	68	1
66	69	-1
66	71	1
66	72	1
66	79	-1
66	82	1
66	83	1
66	84	1
66	89	1
66	93	1
66	94	-1
66	95	1
66	97	-1
66	98	-1
66	102	1
66	103	-1
66	104	1
66	108	-1
66	114	-1
66	115	-1
66	116	1
66	117	-1
66	118	-1
66	119	1
66	121	1
66	122	1
66	124	-1
66	128	-1
66	129	1
66	130	1
66	131	1
66	134	-1
66	137	-1
66	139	1
66	140	-1
66	142	-1
66	143	1
66	144	1
66	145	1
66	150	-1
66	151	-1
66	152	-1
66	155	1
66	157	-1
66	158	1
66	159	1
66	160	-1
66	161	1
66	162	-1
66	163	-1
66	168	1
66	169	1
66	170	-1
66	172	1
66	173	1
66	176	-1
66	177	-1
66	178	-1
66	180	1
66	182	1
66	183	-1
66	184	-1
66	185	-1
66	186	1
66	187	-1
66	189	-1
66	190	1
66	192	1
66	193	1
66	194	-1
66	195	-1
66	198	-1
66	201	-1
66	202	-1
66	204	-1
66	206	1
66	208	1
66	210	-1
66	211	-1
66	213	1
66	218	-1
66	223	1
66	224	1
66	225	1
66	226	-1
66	228	1
66	229	-1
66	231	-1
66	232	-1
66	233	1
66	234	-1
66	236	-1
66	243	1
66	245	1
66	246	-1
66	248	1
67	68	1
67	69	1
67	71	-1
67	74	1
67	76	-1
67	77	-1
67	78	-1
67	80	-1
67	83	-1
67	84	1
67	87	1
67	90	-1
67	91	-1
67	94	1
67	95	-1
67	98	-1
67	99	1
67	101	1
67	102	-1
67	104	1
67	107	-1
67	108	-1
67	110	-1
67	113	1
67	115	1
67	118	1
67	119	1
67	121	1
67	122	-1
67	123	1
67	127	-1
67	129	-1
67	141	-1
67	146	-1
67	148	1
67	153	-1
67	154	1
67	158	-1
67	159	-1
67	161	1
67	163	-1
67	165	-1
67	166	1
67	167	1
67	168	1
67	170	1
67	172	1
67	175	1
67	176	-1
67	177	1
67	179	1
67	185	-1
67	186	1
67	191	-1
67	192	1
67	193	1
67	198	1
67	199	-1
67	201	-1
67	202	1
67	205	1
67	207	-1
67	210	-1
67	214	-1
67	215	1
67	219	-1
67	220	-1
67	221	-1
67	227	-1
67	228	-1
67	231	1
67	233	-1
67	238	-1
67	241	-1
67	246	1
67	249	1
68	69	1
68	71	-1
68	72	1
68	76	1
68	77	-1
68	78	1
68	79	1
68	80	-1
68	81	1
68	82	-1
68	84	-1
68	86	-1
68	87	1
68	88	-1
68	93	1
68	94	-1
68	95	1
68	98	1
68	106	1
68	109	1
68	111	-1
68	112	1
68	113	1
68	115	-1
68	116	1
68	117	1
68	121	1
68	125	-1
68	126	-1
68	130	-1
68	132	1
68	135	1
68	136	-1
68	137	-1
68	139	-1
68	142	-1
68	143	1
68	144	-1
68	145	1
68	146	1
68	150	-1
68	151	-1
68	152	1
68	155	1
68	156	-1
68	158	1
68	160	1
68	164	1
68	166	-1
68	168	-1
68	170	1
68	171	1
68	172	-1
68	173	-1
68	175	1
68	177	-1
68	178	1
68	180	1
68	182	-1
68	186	-1
68	189	-1
68	193	1
68	195	-1
68	196	1
68	198	1
68	200	1
68	203	1
68	204	1
68	205	-1
68	207	1
68	208	-1
68	210	-1
68	212	-1
68	213	1
68	215	1
68	219	-1
68	222	1
68	223	1
68	226	-1
68	227	-1
68	228	1
68	231	-1
68	238	-1
68	241	-1
68	242	1
68	245	-1
68	248	1
69	73	1
69	76	-1
69	80	1
69	82	-1
69	84	-1
69	86	1
69	87	1
69	89	1
69	90	1
69	91	-1
69	93	1
69	94	1
69	96	-1
69	97	1
69	99	-1
69	102	-1
69	104	1
69	105	1
69	106	-1
69	108	1
69	112	1
69	113	1
69	115	-1
69	117	1
69	118	1
69	119	1
69	121	-1
69	123	-1
69	124	1
69	127	-1
69	132	1
69	134	-1
69	137	-1
69	140	-1
69	141	1
69	142	1
69	143	-1
69	144	-1
69	145	-1
69	148	-1
69	151	1
69	156	1
69	158	1
69	160	-1
69	166	-1
69	167	1
69	170	1
69	172	1
69	173	-1
69	175	-1
69	177	-1
69	181	1
69	184	1
69	187	1
69	189	1
69	193	1
69	194	-1
69	195	-1
69	197	-1
69	200	-1
69	201	-1
69	202	1
69	203	-1
69	204	-1
69	205	1
69	207	-1
69	208	1
69	209	-1
69	213	-1
69	215	-1
69	218	1
69	219	-1
69	220	1
69	223	1
69	226	1
69	229	-1
69	230	-1
69	231	1
69	233	-1
69	234	1
69	236	-1
69	237	-1
69	238	1
69	239	-1
69	240	1
69	241	-1
69	242	-1
69	245	-1
69	248	1
69	249	1
70	72	1
70	74	1
70	81	1
70	82	-1
70	83	1
70	86	-1
70	87	1
70	88	1
70	90	-1
70	91	1
70	96	1
70	99	1
70	100	-1
70	101	1
70	102	-1
70	103	-1
70	110	-1
70	111	-1
70	112	1
70	113	1
70	115	-1
70	116	1
70	117	-1
70	122	-1
70	123	1
70	124	1
70	126	1
70	128	-1
70	130	-1
70	132	-1
70	133	-1
70	137	-1
70	142	-1
70	145	-1
70	147	1
70	150	1
70	153	1
70	155	1
70	156	1
70	158	-1
70	159	-1
70	160	1
70	162	1
70	165	1
70	171	1
70	172	1
70	175	-1
70	180	-1
70	182	-1
70	183	1
70	184	-1
70	185	-1
70	186	-1
70	188	-1
70	190	1
70	196	-1
70	198	-1
70	207	-1
70	210	-1
70	213	1
70	215	1
70	216	1
70	218	1
70	221	-1
70	222	-1
70	223	-1
70	225	1
70	226	1
70	231	-1
70	232	1
70	234	1
70	235	1
70	236	-1
70	237	-1
70	240	-1
70	242	-1
70	243	1
70	244	1
70	246	1
70	248	-1
70	249	-1
71	72	-1
71	74	-1
71	75	1
71	77	1
71	78	-1
71	81	-1
71	82	1
71	83	1
71	89	-1
71	91	1
71	94	1
71	95	-1
71	101	1
71	106	-1
71	108	1
71	111	1
71	112	1
71	115	1
71	116	1
71	117	1
71	120	1
71	126	1
71	127	1
71	129	1
71	131	1
71	133	1
71	140	-1
71	141	-1
71	143	1
71	144	1
71	146	1
71	147	-1
71	148	-1
71	149	-1
71	150	1
71	151	1
71	152	-1
71	155	1
71	156	-1
71	157	-1
71	160	1
71	161	1
71	162	1
71	164	1
71	165	1
71	168	-1
71	170	1
71	171	-1
71	175	-1
71	179	1
71	186	-1
71	188	-1
71	189	1
71	194	-1
71	195	1
71	197	1
71	200	1
71	201	1
71	202	1
71	204	-1
71	206	1
71	208	1
71	209	-1
71	210	-1
71	213	1
71	217	-1
71	220	-1
71	223	1
71	228	1
71	230	1
71	232	1
71	238	1
71	239	1
71	246	1
71	247	1
71	248	1
71	249	-1
72	76	1
72	84	1
72	85	-1
72	86	-1
72	90	1
72	93	1
72	94	1
72	95	-1
72	97	-1
72	98	1
72	101	1
72	103	1
72	104	1
72	108	-1
72	109	-1
72	117	1
72	118	1
72	120	1
72	121	1
72	125	-1
72	126	-1
72	127	-1
72	130	-1
72	132	-1
72	135	-1
72	137	1
72	140	-1
72	141	-1
72	143	1
72	144	1
72	147	-1
72	148	1
72	152	1
72	155	1
72	156	1
72	158	-1
72	160	1
72	163	-1
72	168	1
72	169	-1
72	173	-1
72	176	1
72	180	1
72	181	-1
72	182	-1
72	183	-1
72	190	-1
72	192	-1
72	193	-1
72	196	1
72	197	1
72	198	1
72	201	1
72	202	1
72	203	-1
72	205	1
72	206	-1
72	209	-1
72	212	1
72	215	1
72	216	-1
72	219	-1
72	221	1
72	222	1
72	223	1
72	224	-1
72	229	-1
72	230	1
72	233	-1
72	237	1
72	240	1
72	243	1
72	244	1
72	245	1
72	247	-1
72	249	1
73	74	1
73	75	-1
73	81	1
73	82	-1
73	83	-1
73	84	-1
73	85	1
73	88	-1
73	91	1
73	94	1
73	96	-1
73	98	1
73	101	-1
73	105	1
73	108	1
73	111	-1
73	113	-1
73	114	-1
73	118	-1
73	119	-1
73	125	-1
73	126	1
73	129	-1
73	130	-1
73	131	-1
73	133	-1
73	134	-1
73	135	1
73	136	1
73	141	-1
73	144	1
73	146	1
73	147	1
73	154	1
73	157	-1
73	164	1
73	165	-1
73	166	1
73	169	-1
73	170	-1
73	171	1
73	176	-1
73	179	1
73	181	1
73	183	-1
73	188	1
73	189	1
73	190	-1
73	191	-1
73	192	1
73	194	1
73	196	1
73	197	-1
73	199	1
73	200	-1
73	201	-1
73	206	-1
73	207	-1
73	211	1
73	213	-1
73	214	1
73	215	1
73	218	1
73	219	1
73	220	-1
73	223	-1
73	224	-1
73	225	1
73	226	-1
73	227	1
73	228	-1
73	229	1
73	230	1
73	231	-1
73	232	-1
73	233	1
73	235	-1
73	237	1
73	242	1
73	244	-1
73	245	1
73	246	1
73	247	1
73	249	-1
74	75	1
74	76	1
74	79	1
74	82	1
74	83	-1
74	85	-1
74	86	-1
74	88	-1
74	91	1
74	93	1
74	96	1
74	97	-1
74	98	1
74	100	-1
74	106	-1
74	107	1
74	111	-1
74	113	-1
74	127	-1
74	129	1
74	131	1
74	132	1
74	134	-1
74	135	-1
74	138	1
74	139	-1
74	141	1
74	142	1
74	143	1
74	145	-1
74	149	1
74	150	1
74	153	-1
74	154	1
74	156	-1
74	157	1
74	160	1
74	161	1
74	164	-1
74	165	1
74	168	-1
74	169	-1
74	174	-1
74	175	-1
74	177	-1
74	178	1
74	179	-1
74	182	1
74	183	-1
74	189	1
74	190	1
74	192	-1
74	195	1
74	196	-1
74	197	-1
74	198	1
74	202	1
74	204	1
74	205	1
74	206	-1
74	209	-1
74	210	-1
74	212	-1
74	213	-1
74	214	-1
74	218	-1
74	222	-1
74	223	1
74	224	1
74	226	1
74	227	-1
74	229	1
74	231	1
74	237	-1
74	239	-1
74	240	1
74	241	-1
74	242	-1
74	246	1
74	247	-1
74	249	-1
75	77	-1
75	81	-1
75	82	-1
75	83	-1
75	86	-1
75	89	-1
75	90	-1
75	93	-1
75	94	-1
75	95	1
75	96	1
75	97	1
75	101	-1
75	102	1
75	103	-1
75	106	1
75	107	1
75	108	1
75	110	1
75	113	1
75	117	1
75	118	1
75	125	1
75	127	-1
75	133	-1
75	134	-1
75	138	-1
75	146	1
75	148	-1
75	149	-1
75	150	-1
75	151	-1
75	152	-1
75	154	1
75	155	1
75	156	1
75	157	-1
75	159	-1
75	161	-1
75	162	-1
75	163	-1
75	167	-1
75	170	1
75	172	1
75	174	1
75	175	1
75	176	1
75	178	-1
75	179	1
75	181	1
75	183	1
75	185	-1
75	187	-1
75	188	1
75	189	-1
75	190	-1
75	193	-1
75	197	-1
75	198	1
75	199	-1
75	200	-1
75	202	1
75	204	1
75	205	-1
75	206	1
75	207	-1
75	209	-1
75	211	1
75	212	-1
75	215	1
75	216	-1
75	221	-1
75	222	-1
75	224	-1
75	225	1
75	228	-1
75	229	-1
75	232	1
75	234	1
75	235	-1
75	237	1
75	240	1
75	242	1
75	243	-1
75	245	-1
75	246	1
75	247	-1
75	248	1
76	77	-1
76	78	-1
76	81	1
76	82	-1
76	84	-1
76	90	-1
76	91	-1
76	92	1
76	93	1
76	100	1
76	104	-1
76	105	-1
76	106	1
76	107	-1
76	108	-1
76	110	-1
76	111	1
76	113	1
76	115	1
76	117	-1
76	118	1
76	119	-1
76	120	1
76	122	1
76	124	-1
76	125	1
76	127	-1
76	132	-1
76	133	1
76	136	-1
76	139	1
76	142	-1
76	143	1
76	144	-1
76	146	-1
76	147	1
76	148	1
76	149	-1
76	151	-1
76	152	-1
76	156	1
76	157	-1
76	158	1
76	160	1
76	162	1
76	165	1
76	166	1
76	170	-1
76	173	-1
76	175	1
76	178	-1
76	179	-1
76	180	-1
76	181	1
76	187	-1
76	193	-1
76	195	1
76	200	-1
76	202	1
76	203	-1
76	208	1
76	210	1
76	211	1
76	212	1
76	213	1
76	215	-1
76	217	-1
76	218	-1
76	219	1
76	220	-1
76	223	-1
76	224	-1
76	225	1
76	227	-1
76	236	-1
76	239	-1
76	241	-1
76	242	-1
76	245	1
76	247	-1
76	248	-1
77	80	1
77	84	1
77	87	1
77	89	1
77	90	-1
77	92	-1
77	93	1
77	98	-1
77	99	-1
77	101	1
77	102	1
77	103	-1
77	104	-1
77	105	1
77	106	1
77	108	1
77	109	-1
77	111	1
77	118	-1
77	119	1
77	121	1
77	123	-1
77	124	-1
77	125	-1
77	126	-1
77	127	1
77	128	-1
77	129	-1
77	130	1
77	134	1
77	136	-1
77	140	1
77	141	1
77	142	1
77	143	-1
77	144	1
77	146	-1
77	149	-1
77	150	-1
77	152	-1
77	153	1
77	154	1
77	159	1
77	163	1
77	164	-1
77	168	-1
77	171	1
77	172	1
77	178	1
77	179	1
77	181	1
77	182	1
77	183	-1
77	184	1
77	186	1
77	188	-1
77	191	-1
77	193	1
77	194	-1
77	195	1
77	197	-1
77	198	1
77	201	1
77	203	-1
77	206	1
77	212	1
77	213	-1
77	214	1
77	218	1
77	219	1
77	220	1
77	221	1
77	222	1
77	223	-1
77	226	1
77	227	1
77	229	1
77	231	-1
77	232	-1
77	234	1
77	238	1
77	240	-1
77	241	1
77	242	-1
77	243	1
77	245	-1
77	246	1
77	248	1
77	249	-1
78	79	1
78	80	-1
78	81	1
78	83	-1
78	85	-1
78	86	-1
78	87	-1
78	88	1
78	89	1
78	91	-1
78	95	1
78	103	-1
78	104	-1
78	109	1
78	112	-1
78	113	1
78	115	1
78	117	-1
78	118	1
78	119	-1
78	121	-1
78	123	1
78	124	-1
78	125	1
78	126	-1
78	129	-1
78	131	1
78	132	1
78	134	-1
78	135	1
78	139	-1
78	142	-1
78	143	1
78	145	1
78	146	-1
78	147	1
78	148	-1
78	149	1
78	150	-1
78	151	1
78	154	1
78	157	-1
78	158	1
78	159	-1
78	161	-1
78	163	-1
78	165	-1
78	168	1
78	169	1
78	170	1
78	171	1
78	173	1
78	174	-1
78	176	1
78	178	1
78	179	1
78	183	-1
78	186	-1
78	187	1
78	188	1
78	191	1
78	192	1
78	193	1
78	194	-1
78	197	1
78	199	-1
78	200	-1
78	201	-1
78	204	1
78	205	1
78	206	1
78	209	1
78	211	1
78	215	1
78	216	-1
78	218	-1
78	220	1
78	222	1
78	223	-1
78	225	1
78	227	1
78	228	1
78	239	-1
78	241	-1
78	242	1
78	243	1
78	244	1
78	247	1
78	249	1
79	83	1
79	84	-1
79	86	1
79	87	1
79	88	-1
79	89	1
79	90	1
79	92	1
79	97	-1
79	98	-1
79	101	-1
79	104	1
79	105	1
79	106	1
79	107	1
79	108	-1
79	111	-1
79	112	-1
79	113	1
79	114	-1
79	115	-1
79	118	1
79	120	1
79	121	1
79	122	1
79	124	-1
79	126	1
79	127	1
79	130	1
79	131	1
79	134	1
79	135	1
79	138	1
79	143	-1
79	144	1
79	145	1
79	146	1
79	147	-1
79	149	-1
79	152	1
79	153	-1
79	154	-1
79	155	-1
79	156	1
79	157	-1
79	158	1
79	161	-1
79	162	-1
79	165	-1
79	167	-1
79	169	1
79	171	-1
79	174	-1
79	177	-1
79	178	1
79	185	-1
79	190	1
79	191	-1
79	194	-1
79	195	-1
79	196	-1
79	199	-1
79	200	-1
79	201	1
79	202	1
79	203	-1
79	204	1
79	206	-1
79	210	1
79	212	-1
79	221	1
79	223	-1
79	225	-1
79	226	1
79	227	-1
79	229	-1
79	239	1
79	242	-1
79	244	1
79	246	-1
79	247	1
79	249	1
80	82	1
80	84	1
80	85	-1
80	86	-1
80	88	1
80	90	1
80	91	1
80	93	1
80	97	1
80	98	-1
80	102	1
80	107	-1
80	108	-1
80	109	1
80	111	1
80	112	-1
80	113	-1
80	114	1
80	115	-1
80	118	-1
80	119	1
80	120	1
80	121	-1
80	122	-1
80	123	1
80	125	-1
80	127	-1
80	128	1
80	129	-1
80	131	-1
80	132	-1
80	134	-1
80	137	1
80	138	-1
80	139	-1
80	140	-1
80	141	-1
80	142	-1
80	143	-1
80	145	-1
80	149	1
80	150	-1
80	154	-1
80	155	-1
80	156	-1
80	157	-1
80	159	1
80	160	-1
80	162	1
80	168	-1
80	172	1
80	174	1
80	175	-1
80	176	1
80	181	-1
80	182	1
80	183	-1
80	185	-1
80	187	-1
80	188	-1
80	190	-1
80	191	1
80	192	-1
80	194	-1
80	195	-1
80	196	-1
80	197	1
80	198	1
80	199	-1
80	200	1
80	202	1
80	203	1
80	204	1
80	206	1
80	209	1
80	211	1
80	215	1
80	219	-1
80	220	-1
80	221	1
80	223	1
80	227	1
80	230	-1
80	232	-1
80	233	1
80	234	-1
80	235	1
80	237	-1
80	238	-1
80	239	-1
80	240	-1
80	241	1
80	242	1
80	244	1
80	245	-1
80	249	1
81	85	-1
81	87	1
81	88	-1
81	89	1
81	91	-1
81	92	-1
81	95	-1
81	96	1
81	98	1
81	99	-1
81	102	1
81	105	1
81	107	1
81	108	-1
81	110	1
81	111	-1
81	115	-1
81	118	1
81	120	-1
81	123	1
81	125	1
81	126	-1
81	127	1
81	129	1
81	130	1
81	131	1
81	133	1
81	136	1
81	144	1
81	147	1
81	150	-1
81	154	1
81	155	1
81	157	-1
81	160	1
81	161	1
81	163	-1
81	168	1
81	169	1
81	170	-1
81	172	-1
81	173	1
81	174	-1
81	175	1
81	177	-1
81	178	-1
81	180	1
81	181	-1
81	182	-1
81	186	-1
81	187	1
81	191	-1
81	192	1
81	193	-1
81	195	1
81	197	1
81	198	1
81	200	1
81	202	1
81	205	1
81	207	1
81	209	1
81	210	-1
81	216	-1
81	217	-1
81	218	-1
81	220	-1
81	221	-1
81	222	-1
81	223	-1
81	227	1
81	228	1
81	229	-1
81	230	1
81	234	1
81	235	1
81	236	-1
81	237	-1
81	238	-1
81	239	1
81	243	1
81	244	-1
81	245	1
82	83	-1
82	85	-1
82	88	1
82	97	-1
82	98	-1
82	100	1
82	101	-1
82	102	-1
82	103	-1
82	107	1
82	109	-1
82	110	1
82	114	-1
82	116	-1
82	117	-1
82	118	-1
82	120	1
82	121	-1
82	123	1
82	125	-1
82	127	1
82	129	1
82	130	1
82	131	1
82	135	1
82	139	1
82	140	1
82	143	1
82	146	-1
82	147	-1
82	148	-1
82	150	-1
82	154	-1
82	155	1
82	157	1
82	158	1
82	159	1
82	164	-1
82	165	1
82	168	1
82	169	1
82	170	-1
82	171	-1
82	173	1
82	175	-1
82	176	1
82	178	1
82	179	-1
82	180	-1
82	184	1
82	185	-1
82	187	-1
82	191	1
82	192	-1
82	193	1
82	200	-1
82	201	1
82	203	-1
82	205	1
82	206	1
82	208	-1
82	211	1
82	213	-1
82	214	1
82	215	1
82	216	1
82	217	1
82	219	-1
82	220	-1
82	223	-1
82	226	1
82	227	1
82	228	-1
82	229	-1
82	230	-1
82	232	-1
82	233	1
82	234	-1
82	237	-1
82	239	-1
82	240	-1
82	241	1
82	243	1
82	245	-1
82	246	-1
82	248	1
82	249	-1
83	84	1
83	89	-1
83	90	-1
83	95	1
83	96	1
83	98	1
83	103	-1
83	105	1
83	112	-1
83	114	1
83	115	-1
83	116	-1
83	119	1
83	120	-1
83	122	-1
83	123	-1
83	126	-1
83	128	1
83	130	-1
83	131	-1
83	133	-1
83	135	1
83	136	1
83	141	-1
83	143	1
83	145	-1
83	147	-1
83	148	-1
83	149	1
83	150	-1
83	151	-1
83	152	-1
83	154	-1
83	155	1
83	156	1
83	158	-1
83	159	1
83	160	-1
83	162	-1
83	163	1
83	164	1
83	167	1
83	169	1
83	170	1
83	171	1
83	172	1
83	175	1
83	180	1
83	183	1
83	184	1
83	185	-1
83	188	1
83	190	1
83	191	-1
83	192	1
83	193	1
83	194	1
83	195	-1
83	196	-1
83	198	1
83	199	1
83	201	1
83	204	-1
83	211	1
83	212	-1
83	215	-1
83	216	-1
83	217	-1
83	222	-1
83	224	1
83	227	-1
83	231	1
83	233	1
83	238	-1
83	239	-1
83	243	1
83	245	1
83	247	-1
83	248	1
84	85	1
84	87	-1
84	90	1
84	92	-1
84	93	-1
84	96	-1
84	97	1
84	98	-1
84	100	1
84	117	-1
84	118	-1
84	119	-1
84	120	1
84	121	-1
84	123	1
84	124	1
84	125	-1
84	129	-1
84	131	-1
84	132	-1
84	133	1
84	136	-1
84	140	1
84	141	-1
84	144	1
84	149	1
84	154	1
84	156	1
84	157	-1
84	158	1
84	159	1
84	160	-1
84	161	-1
84	162	1
84	163	-1
84	166	-1
84	168	1
84	176	-1
84	178	-1
84	179	-1
84	182	1
84	183	1
84	186	1
84	187	-1
84	188	1
84	191	-1
84	193	1
84	194	-1
84	199	1
84	200	-1
84	202	-1
84	203	1
84	206	1
84	207	-1
84	208	1
84	212	1
84	213	-1
84	215	1
84	216	-1
84	217	-1
84	218	-1
84	219	-1
84	222	-1
84	224	-1
84	225	-1
84	226	1
84	227	1
84	229	1
84	231	1
84	233	1
84	234	-1
84	239	1
84	241	-1
84	242	1
84	243	-1
84	245	-1
84	246	1
85	86	-1
85	87	-1
85	89	-1
85	90	1
85	93	-1
85	94	1
85	96	1
85	98	1
85	101	-1
85	109	1
85	110	-1
85	111	1
85	112	-1
85	113	1
85	114	1
85	115	-1
85	121	-1
85	122	1
85	123	1
85	125	1
85	127	-1
85	131	-1
85	132	1
85	133	1
85	136	-1
85	141	1
85	142	1
85	143	1
85	144	-1
85	147	-1
85	148	-1
85	152	1
85	153	1
85	155	1
85	156	-1
85	157	1
85	159	1
85	160	1
85	161	-1
85	162	-1
85	167	-1
85	168	-1
85	170	1
85	171	-1
85	172	1
85	177	1
85	178	-1
85	179	-1
85	181	1
85	182	-1
85	185	1
85	186	-1
85	187	1
85	189	-1
85	195	-1
85	196	-1
85	197	1
85	199	1
85	200	-1
85	205	1
85	206	1
85	207	-1
85	210	1
85	213	1
85	216	-1
85	219	-1
85	221	-1
85	226	-1
85	235	1
85	236	-1
85	238	1
85	239	1
85	240	-1
85	241	1
85	242	1
85	244	-1
85	245	-1
85	246	-1
85	247	1
85	248	-1
86	87	-1
86	89	1
86	90	-1
86	93	-1
86	97	-1
86	98	-1
86	104	-1
86	106	-1
86	107	1
86	110	1
86	111	-1
86	115	-1
86	116	1
86	120	-1
86	122	1
86	123	-1
86	128	-1
86	132	-1
86	133	-1
86	138	-1
86	141	1
86	144	1
86	146	-1
86	153	-1
86	155	-1
86	156	-1
86	160	1
86	165	1
86	167	1
86	168	-1
86	171	-1
86	172	-1
86	173	1
86	175	1
86	176	-1
86	179	-1
86	181	1
86	182	-1
86	183	1
86	184	-1
86	185	1
86	186	-1
86	188	-1
86	192	-1
86	193	1
86	194	-1
86	195	-1
86	197	-1
86	202	-1
86	204	-1
86	205	1
86	209	1
86	210	-1
86	211	-1
86	213	1
86	215	1
86	218	-1
86	219	1
86	221	-1
86	222	-1
86	225	1
86	226	-1
86	227	-1
86	229	-1
86	237	-1
86	238	-1
86	240	-1
86	242	-1
86	247	1
87	89	-1
87	90	1
87	94	1
87	95	-1
87	96	-1
87	99	1
87	102	-1
87	104	1
87	106	-1
87	107	-1
87	108	-1
87	110	-1
87	112	1
87	113	1
87	118	1
87	121	-1
87	122	-1
87	124	1
87	127	1
87	130	1
87	131	1
87	132	1
87	133	1
87	134	1
87	135	-1
87	138	-1
87	139	1
87	140	-1
87	141	1
87	142	-1
87	143	-1
87	149	-1
87	151	1
87	152	-1
87	153	1
87	154	1
87	155	1
87	157	1
87	158	-1
87	160	-1
87	161	1
87	163	-1
87	166	1
87	168	-1
87	177	-1
87	180	-1
87	185	-1
87	186	-1
87	188	-1
87	191	1
87	192	-1
87	193	1
87	195	1
87	197	1
87	199	1
87	200	-1
87	201	-1
87	203	-1
87	205	1
87	206	1
87	207	1
87	209	-1
87	210	1
87	213	-1
87	214	1
87	218	-1
87	220	1
87	221	1
87	223	-1
87	224	-1
87	226	1
87	228	1
87	229	-1
87	231	-1
87	235	1
87	236	-1
87	238	-1
87	239	-1
87	242	-1
87	247	-1
87	248	1
87	249	1
88	90	1
88	91	-1
88	93	1
88	94	1
88	95	1
88	96	-1
88	97	-1
88	98	-1
88	99	-1
88	100	1
88	101	1
88	102	1
88	103	-1
88	107	1
88	108	-1
88	112	1
88	113	-1
88	114	1
88	115	-1
88	116	-1
88	117	-1
88	120	-1
88	122	1
88	124	1
88	125	1
88	128	1
88	129	-1
88	132	-1
88	134	-1
88	135	1
88	138	-1
88	140	1
88	141	-1
88	144	1
88	148	1
88	149	1
88	153	1
88	155	-1
88	160	-1
88	161	1
88	164	-1
88	166	-1
88	167	1
88	168	-1
88	169	-1
88	170	1
88	173	1
88	176	-1
88	178	-1
88	182	-1
88	184	1
88	188	1
88	190	1
88	191	-1
88	196	1
88	197	-1
88	198	1
88	199	-1
88	200	1
88	205	1
88	206	-1
88	208	-1
88	211	1
88	213	1
88	214	1
88	215	-1
88	216	1
88	217	1
88	218	-1
88	220	-1
88	222	1
88	224	1
88	225	-1
88	226	1
88	230	1
88	234	1
88	235	1
88	236	1
88	238	-1
88	240	1
88	241	-1
88	242	-1
88	243	-1
88	246	-1
88	247	-1
89	90	1
89	92	1
89	97	1
89	101	-1
89	106	-1
89	109	1
89	110	-1
89	111	-1
89	112	1
89	113	-1
89	116	-1
89	118	1
89	120	-1
89	121	-1
89	123	1
89	124	-1
89	127	-1
89	128	-1
89	129	-1
89	131	-1
89	133	-1
89	134	1
89	135	1
89	138	1
89	143	1
89	144	-1
89	147	1
89	148	1
89	153	1
89	154	1
89	155	1
89	156	-1
89	157	1
89	158	1
89	159	1
89	161	1
89	164	-1
89	165	-1
89	166	-1
89	168	-1
89	172	1
89	173	1
89	174	-1
89	175	-1
89	179	-1
89	180	1
89	182	1
89	186	1
89	188	1
89	191	-1
89	194	-1
89	196	1
89	197	1
89	201	-1
89	203	1
89	205	-1
89	206	1
89	207	1
89	209	-1
89	210	-1
89	211	-1
89	212	-1
89	215	-1
89	216	-1
89	219	-1
89	220	-1
89	221	-1
89	222	1
89	224	-1
89	225	1
89	227	-1
89	229	-1
89	231	1
89	232	1
89	233	-1
89	235	-1
89	238	-1
89	240	1
89	242	1
89	248	1
89	249	-1
90	92	-1
90	95	-1
90	96	-1
90	97	-1
90	99	-1
90	101	-1
90	102	1
90	104	-1
90	107	-1
90	108	-1
90	111	1
90	112	1
90	117	-1
90	118	1
90	119	1
90	125	1
90	126	-1
90	128	-1
90	130	1
90	131	-1
90	132	1
90	136	-1
90	138	-1
90	139	-1
90	141	-1
90	144	1
90	145	-1
90	146	1
90	147	-1
90	149	-1
90	158	-1
90	159	-1
90	164	1
90	165	-1
90	166	1
90	167	1
90	170	1
90	171	1
90	172	-1
90	173	-1
90	176	-1
90	177	1
90	178	1
90	179	1
90	180	1
90	181	1
90	182	1
90	183	-1
90	185	1
90	186	1
90	187	-1
90	189	1
90	190	1
90	192	1
90	193	1
90	194	1
90	198	-1
90	199	1
90	202	1
90	204	-1
90	205	-1
90	206	1
90	207	1
90	208	-1
90	210	1
90	212	-1
90	213	1
90	214	1
90	217	1
90	221	-1
90	222	-1
90	224	-1
90	231	-1
90	233	1
90	234	1
90	236	-1
90	237	1
90	240	-1
90	241	1
90	245	-1
90	249	1
91	93	-1
91	98	-1
91	101	1
91	102	-1
91	104	1
91	105	-1
91	106	1
91	107	1
91	110	-1
91	112	1
91	113	1
91	115	1
91	116	1
91	118	-1
91	119	-1
91	121	1
91	122	-1
91	125	1
91	128	-1
91	129	1
91	132	-1
91	134	1
91	137	1
91	139	1
91	140	-1
91	142	-1
91	145	1
91	148	-1
91	150	-1
91	154	1
91	156	-1
91	160	-1
91	161	1
91	164	-1
91	165	-1
91	167	-1
91	169	1
91	170	1
91	172	1
91	174	-1
91	175	-1
91	177	-1
91	180	-1
91	181	1
91	182	1
91	183	-1
91	188	-1
91	191	-1
91	192	-1
91	195	-1
91	198	1
91	201	1
91	202	-1
91	203	-1
91	207	1
91	209	1
91	210	1
91	213	1
91	215	-1
91	217	1
91	221	-1
91	222	-1
91	223	-1
91	224	-1
91	225	1
91	226	1
91	227	-1
91	229	-1
91	231	-1
91	232	-1
91	233	-1
91	234	1
91	235	1
91	236	1
91	237	-1
91	241	-1
91	242	1
91	243	-1
91	244	1
91	245	1
91	247	-1
91	249	1
92	94	1
92	98	-1
92	100	-1
92	103	1
92	107	1
92	109	1
92	111	1
92	113	-1
92	114	-1
92	116	1
92	118	-1
92	119	-1
92	120	1
92	121	-1
92	127	-1
92	128	-1
92	136	-1
92	138	-1
92	139	-1
92	140	-1
92	141	-1
92	144	1
92	145	1
92	146	-1
92	147	-1
92	148	1
92	149	1
92	151	1
92	153	1
92	156	-1
92	157	-1
92	158	1
92	160	-1
92	161	1
92	164	1
92	167	-1
92	168	-1
92	169	1
92	170	1
92	171	-1
92	173	-1
92	174	-1
92	175	-1
92	176	-1
92	179	1
92	181	1
92	185	1
92	186	-1
92	191	-1
92	193	1
92	196	1
92	198	1
92	199	1
92	202	1
92	203	1
92	204	1
92	205	-1
92	206	-1
92	208	-1
92	209	1
92	210	-1
92	215	-1
92	218	1
92	219	1
92	222	-1
92	223	1
92	226	1
92	232	1
92	233	-1
92	234	-1
92	236	-1
92	237	-1
92	239	-1
92	240	-1
92	242	1
92	243	1
92	245	-1
92	248	1
92	249	1
93	94	1
93	95	-1
93	99	1
93	101	1
93	105	-1
93	106	1
93	108	1
93	109	-1
93	111	-1
93	118	-1
93	119	-1
93	121	-1
93	129	-1
93	130	-1
93	131	-1
93	134	1
93	139	1
93	140	1
93	141	1
93	142	-1
93	143	-1
93	147	-1
93	149	-1
93	150	1
93	152	1
93	153	-1
93	155	1
93	156	-1
93	157	1
93	160	-1
93	161	1
93	162	1
93	163	-1
93	164	1
93	165	1
93	167	1
93	170	1
93	171	-1
93	179	-1
93	180	-1
93	181	-1
93	185	1
93	186	1
93	190	-1
93	191	-1
93	196	1
93	199	1
93	201	-1
93	205	1
93	207	-1
93	211	1
93	212	-1
93	213	1
93	215	1
93	216	1
93	218	-1
93	219	1
93	222	1
93	223	-1
93	224	-1
93	225	1
93	226	-1
93	228	-1
93	229	-1
93	230	-1
93	234	-1
93	235	1
93	236	1
93	240	1
93	246	1
94	95	-1
94	97	-1
94	98	1
94	99	-1
94	100	1
94	101	1
94	102	-1
94	104	1
94	105	-1
94	106	1
94	108	-1
94	109	1
94	112	1
94	113	1
94	114	1
94	116	1
94	117	1
94	120	1
94	121	-1
94	122	1
94	123	-1
94	124	1
94	130	-1
94	132	1
94	134	1
94	137	-1
94	139	-1
94	143	-1
94	144	-1
94	146	1
94	147	1
94	148	-1
94	151	1
94	153	-1
94	155	-1
94	157	-1
94	160	1
94	161	1
94	162	-1
94	164	1
94	167	1
94	169	1
94	171	-1
94	173	1
94	175	1
94	176	-1
94	177	-1
94	178	1
94	180	-1
94	185	-1
94	186	1
94	187	-1
94	190	1
94	191	1
94	193	1
94	194	1
94	195	-1
94	196	-1
94	198	1
94	199	1
94	204	-1
94	205	1
94	206	1
94	207	-1
94	210	-1
94	211	-1
94	212	1
94	213	1
94	215	1
94	216	1
94	218	1
94	220	-1
94	221	1
94	224	1
94	227	-1
94	228	-1
94	229	1
94	231	-1
94	233	1
94	235	-1
94	239	1
94	240	-1
94	243	1
94	244	1
94	249	1
95	96	1
95	97	-1
95	98	1
95	100	-1
95	102	1
95	103	-1
95	106	-1
95	108	-1
95	110	-1
95	112	-1
95	113	1
95	114	1
95	115	1
95	119	-1
95	122	1
95	123	1
95	127	-1
95	128	-1
95	130	1
95	132	1
95	133	1
95	134	-1
95	136	-1
95	138	1
95	141	-1
95	142	1
95	144	-1
95	146	1
95	150	1
95	153	1
95	154	-1
95	156	1
95	158	-1
95	160	1
95	161	1
95	162	1
95	167	1
95	171	-1
95	172	1
95	174	-1
95	175	-1
95	176	1
95	177	1
95	179	-1
95	182	1
95	183	1
95	184	1
95	185	1
95	186	-1
95	187	1
95	188	-1
95	189	1
95	191	1
95	192	-1
95	194	1
95	198	-1
95	200	1
95	202	1
95	203	1
95	204	-1
95	205	-1
95	206	1
95	208	1
95	211	-1
95	212	1
95	216	-1
95	221	-1
95	222	-1
95	224	1
95	225	1
95	226	1
95	227	1
95	229	-1
95	230	-1
95	232	-1
95	233	-1
95	234	-1
95	236	-1
95	237	1
95	239	-1
95	244	1
95	246	1
95	248	-1
96	99	1
96	100	1
96	101	1
96	102	-1
96	103	1
96	108	-1
96	110	-1
96	113	-1
96	114	1
96	116	1
96	117	-1
96	119	1
96	120	-1
96	121	1
96	122	-1
96	123	-1
96	124	1
96	127	-1
96	128	-1
96	129	-1
96	130	-1
96	131	1
96	132	-1
96	135	1
96	136	-1
96	139	-1
96	140	1
96	141	1
96	142	-1
96	143	1
96	144	1
96	147	-1
96	151	1
96	155	1
96	156	1
96	161	-1
96	163	1
96	164	-1
96	165	1
96	168	-1
96	173	-1
96	174	1
96	175	1
96	177	-1
96	179	-1
96	180	1
96	181	1
96	182	1
96	184	-1
96	187	-1
96	190	-1
96	191	-1
96	192	1
96	193	1
96	195	-1
96	196	-1
96	198	1
96	199	-1
96	203	1
96	204	1
96	205	-1
96	206	1
96	207	1
96	208	1
96	209	1
96	210	-1
96	211	-1
96	214	-1
96	215	1
96	217	1
96	218	1
96	222	-1
96	223	-1
96	224	-1
96	225	-1
96	226	-1
96	229	-1
96	232	-1
96	235	-1
96	239	1
96	241	1
96	242	-1
96	244	-1
96	246	1
97	99	-1
97	100	1
97	102	1
97	103	-1
97	104	-1
97	106	1
97	107	-1
97	108	-1
97	113	-1
97	114	-1
97	120	-1
97	121	1
97	122	1
97	123	1
97	128	-1
97	135	1
97	138	1
97	139	-1
97	141	-1
97	144	-1
97	145	1
97	146	-1
97	150	1
97	153	-1
97	155	-1
97	157	1
97	158	1
97	160	-1
97	163	-1
97	164	1
97	165	-1
97	166	-1
97	167	1
97	168	1
97	169	1
97	172	-1
97	175	1
97	176	1
97	178	-1
97	179	-1
97	180	-1
97	184	-1
97	185	-1
97	186	-1
97	188	1
97	190	1
97	191	-1
97	192	1
97	193	1
97	194	-1
97	198	-1
97	201	-1
97	202	-1
97	204	1
97	206	-1
97	207	1
97	208	1
97	214	-1
97	215	1
97	216	1
97	217	1
97	218	1
97	227	1
97	229	1
97	230	1
97	231	1
97	232	-1
97	233	-1
97	234	1
97	236	-1
97	237	1
97	238	-1
97	240	-1
97	241	-1
97	242	-1
97	243	1
97	245	1
98	100	-1
98	101	-1
98	102	-1
98	103	1
98	108	-1
98	109	1
98	110	1
98	111	-1
98	116	-1
98	118	-1
98	119	1
98	120	1
98	122	1
98	125	-1
98	126	1
98	128	1
98	129	1
98	130	-1
98	137	-1
98	139	1
98	141	-1
98	142	1
98	143	1
98	144	1
98	147	-1
98	149	1
98	152	-1
98	153	-1
98	154	-1
98	155	1
98	156	1
98	158	-1
98	163	1
98	167	1
98	168	-1
98	169	1
98	170	1
98	172	1
98	173	-1
98	174	1
98	176	-1
98	179	-1
98	180	1
98	185	1
98	187	-1
98	188	-1
98	189	1
98	190	1
98	191	-1
98	192	-1
98	193	-1
98	194	1
98	196	-1
98	198	1
98	201	1
98	202	1
98	203	-1
98	205	-1
98	206	-1
98	210	-1
98	213	-1
98	214	-1
98	215	-1
98	216	-1
98	219	-1
98	220	-1
98	222	1
98	223	1
98	227	1
98	228	-1
98	229	1
98	230	-1
98	231	-1
98	232	-1
98	234	1
98	235	1
98	237	1
98	239	1
98	241	1
98	242	1
98	247	1
98	249	-1
99	103	1
99	104	-1
99	106	1
99	109	-1
99	110	1
99	112	1
99	113	-1
99	117	-1
99	120	1
99	122	-1
99	124	1
99	125	1
99	127	-1
99	129	1
99	131	-1
99	132	1
99	133	-1
99	134	-1
99	135	-1
99	136	-1
99	140	-1
99	141	-1
99	145	1
99	148	-1
99	149	1
99	152	1
99	153	-1
99	155	1
99	160	-1
99	166	1
99	172	1
99	173	-1
99	175	1
99	176	-1
99	178	1
99	180	1
99	182	1
99	183	1
99	186	1
99	191	1
99	192	1
99	194	1
99	195	1
99	200	1
99	203	1
99	207	-1
99	210	-1
99	211	1
99	213	1
99	214	1
99	215	1
99	223	1
99	225	-1
99	226	1
99	227	1
99	232	-1
99	233	1
99	235	-1
99	236	-1
99	242	1
99	247	-1
99	249	1
100	101	-1
100	102	-1
100	105	1
100	107	-1
100	108	1
100	112	1
100	115	-1
100	116	-1
100	117	1
100	123	-1
100	124	-1
100	125	1
100	126	1
100	130	1
100	131	1
100	133	-1
100	135	1
100	138	-1
100	143	1
100	145	-1
100	146	-1
100	151	-1
100	152	1
100	154	-1
100	155	1
100	161	-1
100	163	1
100	164	-1
100	165	1
100	168	1
100	171	-1
100	172	1
100	174	1
100	177	-1
100	178	-1
100	179	1
100	181	-1
100	182	1
100	183	-1
100	184	1
100	185	-1
100	186	-1
100	187	-1
100	188	1
100	191	-1
100	195	1
100	196	1
100	197	-1
100	199	1
100	200	1
100	202	1
100	203	1
100	206	1
100	211	-1
100	212	1
100	213	1
100	215	1
100	216	-1
100	221	-1
100	223	-1
100	224	1
100	229	-1
100	232	-1
100	233	1
100	234	1
100	237	1
100	239	1
100	241	-1
100	242	1
100	248	1
100	249	-1
101	102	1
101	104	1
101	108	-1
101	109	-1
101	110	1
101	114	1
101	115	-1
101	116	-1
101	119	-1
101	120	-1
101	121	1
101	123	1
101	125	1
101	126	1
101	127	1
101	129	-1
101	130	1
101	132	-1
101	133	-1
101	134	1
101	138	-1
101	139	1
101	141	1
101	143	1
101	145	-1
101	146	-1
101	147	1
101	148	-1
101	150	-1
101	151	-1
101	154	-1
101	156	1
101	157	1
101	160	1
101	162	-1
101	163	1
101	164	-1
101	167	-1
101	169	-1
101	172	-1
101	174	1
101	176	-1
101	179	-1
101	181	-1
101	185	1
101	188	-1
101	194	-1
101	196	-1
101	198	-1
101	201	1
101	205	1
101	206	1
101	207	1
101	211	1
101	213	-1
101	214	1
101	215	-1
101	216	-1
101	217	-1
101	219	-1
101	221	1
101	222	1
101	224	-1
101	227	-1
101	228	-1
101	229	1
101	230	1
101	231	1
101	233	1
101	234	1
101	235	-1
101	240	1
101	242	-1
101	244	1
101	246	1
101	247	-1
101	248	1
101	249	-1
102	103	1
102	104	-1
102	105	1
102	107	-1
102	111	-1
102	112	-1
102	113	1
102	114	-1
102	118	1
102	123	1
102	124	1
102	125	-1
102	127	1
102	128	1
102	130	-1
102	132	1
102	136	-1
102	137	1
102	138	1
102	139	1
102	144	1
102	148	-1
102	149	1
102	151	1
102	153	-1
102	154	1
102	156	-1
102	157	-1
102	158	1
102	159	1
102	160	-1
102	161	1
102	163	-1
102	168	1
102	169	-1
102	171	1
102	173	-1
102	174	1
102	177	1
102	179	-1
102	181	1
102	182	-1
102	186	1
102	187	1
102	188	1
102	190	-1
102	192	-1
102	193	-1
102	196	1
102	199	-1
102	201	-1
102	205	-1
102	206	1
102	207	1
102	208	-1
102	209	-1
102	210	-1
102	211	1
102	215	1
102	220	-1
102	222	1
102	224	1
102	225	1
102	229	1
102	230	-1
102	234	1
102	239	-1
102	243	-1
102	247	-1
103	107	1
103	108	1
103	109	-1
103	110	-1
103	111	1
103	112	-1
103	114	-1
103	115	-1
103	117	1
103	118	-1
103	120	1
103	124	-1
103	125	-1
103	126	-1
103	127	1
103	128	1
103	129	-1
103	130	1
103	131	-1
103	133	-1
103	138	1
103	141	-1
103	143	-1
103	146	1
103	147	-1
103	148	-1
103	149	-1
103	156	-1
103	161	-1
103	166	1
103	167	-1
103	168	-1
103	169	1
103	170	-1
103	175	-1
103	177	1
103	180	-1
103	182	1
103	185	1
103	186	1
103	187	-1
103	194	1
103	196	1
103	197	1
103	199	1
103	200	1
103	201	-1
103	203	1
103	204	1
103	208	1
103	209	-1
103	212	1
103	213	1
103	216	-1
103	219	1
103	220	-1
103	222	-1
103	224	-1
103	227	1
103	228	-1
103	229	1
103	231	-1
103	233	1
103	235	-1
103	236	1
103	238	-1
103	240	1
103	241	-1
103	244	1
103	246	-1
103	248	-1
104	105	1
104	106	-1
104	107	1
104	111	1
104	114	1
104	115	-1
104	117	-1
104	118	-1
104	119	-1
104	121	-1
104	123	1
104	127	-1
104	128	1
104	130	-1
104	131	-1
104	134	1
104	135	-1
104	136	1
104	139	-1
104	140	1
104	143	1
104	144	-1
104	145	-1
104	147	-1
104	150	-1
104	151	1
104	155	1
104	156	1
104	157	1
104	160	1
104	162	1
104	163	-1
104	165	1
104	166	-1
104	168	-1
104	169	-1
104	170	1
104	171	1
104	175	1
104	178	1
104	179	1
104	183	1
104	185	1
104	187	-1
104	189	1
104	190	-1
104	192	1
104	197	1
104	199	-1
104	200	1
104	201	1
104	202	-1
104	205	1
104	208	-1
104	209	-1
104	215	1
104	220	-1
104	222	-1
104	223	1
104	225	1
104	226	-1
104	228	-1
104	230	-1
104	233	1
104	235	1
104	237	1
104	238	-1
104	239	-1
104	243	-1
104	244	-1
104	245	-1
104	246	-1
104	249	1
105	106	-1
105	108	1
105	110	-1
105	115	-1
105	118	-1
105	119	-1
105	120	1
105	126	1
105	129	-1
105	132	-1
105	135	-1
105	136	1
105	140	-1
105	144	1
105	145	-1
105	146	-1
105	147	-1
105	148	-1
105	150	-1
105	153	-1
105	156	1
105	164	-1
105	166	-1
105	169	-1
105	173	-1
105	174	-1
105	175	1
105	177	1
105	181	1
105	182	1
105	183	-1
105	184	-1
105	185	1
105	187	-1
105	188	1
105	195	-1
105	196	1
105	198	1
105	203	1
105	208	1
105	209	1
105	210	1
105	213	1
105	215	1
105	219	-1
105	220	-1
105	222	1
105	223	-1
105	225	1
105	227	-1
105	228	-1
105	229	-1
105	230	-1
105	232	-1
105	233	1
105	239	1
105	240	1
105	241	1
105	245	1
105	249	1
106	107	1
106	110	-1
106	113	-1
106	115	1
106	118	-1
106	119	-1
106	121	-1
106	132	-1
106	136	-1
106	140	-1
106	142	1
106	143	1
106	145	1
106	148	1
106	149	-1
106	151	1
106	152	1
106	153	1
106	154	1
106	156	1
106	157	1
106	158	-1
106	161	-1
106	162	-1
106	166	1
106	167	-1
106	168	-1
106	169	-1
106	170	-1
106	171	-1
106	172	-1
106	174	-1
106	175	-1
106	176	1
106	177	-1
106	179	-1
106	181	1
106	184	-1
106	187	1
106	189	1
106	190	-1
106	191	-1
106	192	-1
106	193	-1
106	194	-1
106	195	-1
106	196	1
106	197	1
106	198	1
106	201	-1
106	203	-1
106	205	-1
106	206	-1
106	207	1
106	208	1
106	210	-1
106	212	-1
106	213	-1
106	215	-1
106	217	1
106	218	1
106	219	1
106	220	1
106	222	-1
106	223	-1
106	225	1
106	226	1
106	230	1
106	231	1
106	232	1
106	233	-1
106	237	-1
106	239	1
106	240	-1
106	241	1
106	242	1
106	244	1
106	246	-1
106	247	-1
106	248	-1
107	108	-1
107	110	1
107	111	-1
107	122	1
107	123	-1
107	124	-1
107	125	-1
107	129	-1
107	133	1
107	134	-1
107	136	-1
107	137	1
107	142	1
107	146	1
107	147	-1
107	148	-1
107	151	-1
107	155	-1
107	156	1
107	157	1
107	158	-1
107	162	1
107	166	1
107	167	1
107	168	-1
107	170	-1
107	171	1
107	172	-1
107	173	1
107	174	-1
107	176	-1
107	177	1
107	178	-1
107	180	1
107	181	-1
107	182	1
107	185	-1
107	189	-1
107	190	1
107	191	-1
107	192	1
107	195	1
107	198	1
107	199	-1
107	200	-1
107	201	1
107	203	-1
107	204	1
107	206	-1
107	209	1
107	210	-1
107	212	-1
107	213	1
107	215	-1
107	217	1
107	218	-1
107	220	1
107	221	-1
107	222	-1
107	224	1
107	226	1
107	227	1
107	229	1
107	230	-1
107	231	1
107	233	-1
107	234	-1
107	235	-1
107	240	-1
107	241	-1
107	242	-1
107	243	1
107	244	1
107	246	-1
108	109	-1
108	110	-1
108	112	-1
108	114	-1
108	115	-1
108	116	1
108	117	1
108	119	-1
108	120	-1
108	124	-1
108	129	1
108	130	1
108	139	-1
108	140	1
108	146	-1
108	147	1
108	149	-1
108	150	-1
108	151	-1
108	155	1
108	157	1
108	163	-1
108	164	-1
108	165	-1
108	168	1
108	170	-1
108	171	1
108	172	1
108	173	-1
108	174	-1
108	175	-1
108	176	-1
108	178	-1
108	181	1
108	182	-1
108	184	1
108	188	-1
108	190	1
108	194	1
108	195	-1
108	196	1
108	197	-1
108	198	-1
108	200	-1
108	201	-1
108	203	-1
108	205	1
108	207	1
108	209	-1
108	210	1
108	211	1
108	212	1
108	214	1
108	215	1
108	216	1
108	217	1
108	218	-1
108	219	-1
108	221	1
108	222	1
108	223	-1
108	224	1
108	230	1
108	231	1
108	232	1
108	233	-1
108	234	-1
108	237	-1
108	239	-1
108	240	1
108	241	-1
108	243	1
108	244	-1
108	246	-1
108	248	1
108	249	1
109	110	-1
109	115	-1
109	116	1
109	119	-1
109	121	-1
109	122	-1
109	123	1
109	126	-1
109	128	-1
109	129	-1
109	130	1
109	131	1
109	132	-1
109	133	1
109	137	-1
109	138	-1
109	139	-1
109	140	1
109	141	-1
109	142	-1
109	143	-1
109	144	1
109	145	-1
109	147	-1
109	148	-1
109	149	1
109	150	1
109	151	-1
109	156	1
109	157	-1
109	161	1
109	163	1
109	164	1
109	168	-1
109	170	-1
109	171	-1
109	172	-1
109	174	1
109	175	-1
109	183	-1
109	184	1
109	188	1
109	191	1
109	192	-1
109	194	1
109	195	1
109	199	1
109	200	-1
109	203	-1
109	206	-1
109	207	-1
109	210	1
109	211	-1
109	213	-1
109	214	-1
109	215	-1
109	216	1
109	218	1
109	220	1
109	223	-1
109	224	-1
109	227	1
109	228	1
109	230	1
109	232	1
109	237	-1
109	238	1
109	239	1
109	241	1
109	244	1
109	246	-1
109	249	1
110	111	-1
110	112	-1
110	115	-1
110	116	1
110	118	-1
110	119	-1
110	120	1
110	121	1
110	122	1
110	123	-1
110	124	-1
110	128	-1
110	129	1
110	130	-1
110	132	-1
110	134	1
110	135	1
110	137	-1
110	140	-1
110	141	1
110	143	-1
110	145	-1
110	146	1
110	148	1
110	149	-1
110	151	1
110	152	1
110	154	-1
110	155	1
110	157	-1
110	159	-1
110	160	1
110	162	-1
110	163	1
110	164	-1
110	165	1
110	166	1
110	168	-1
110	171	1
110	172	1
110	173	1
110	175	1
110	176	-1
110	179	-1
110	180	1
110	182	-1
110	185	-1
110	186	1
110	189	1
110	195	1
110	197	1
110	198	-1
110	201	1
110	202	-1
110	203	1
110	206	1
110	207	-1
110	210	1
110	216	1
110	217	-1
110	222	1
110	224	1
110	225	1
110	226	1
110	227	1
110	228	-1
110	229	1
110	230	-1
110	231	1
110	233	1
110	234	-1
110	238	-1
110	239	1
110	241	-1
110	242	1
110	247	1
111	113	1
111	116	1
111	121	1
111	122	1
111	129	-1
111	136	-1
111	138	-1
111	141	1
111	145	-1
111	147	1
111	149	1
111	151	-1
111	152	1
111	154	1
111	155	-1
111	156	1
111	158	1
111	159	1
111	164	-1
111	168	1
111	170	1
111	172	-1
111	174	1
111	175	-1
111	176	1
111	177	-1
111	178	1
111	179	-1
111	181	-1
111	182	-1
111	185	-1
111	186	-1
111	189	-1
111	190	-1
111	191	-1
111	195	1
111	196	-1
111	198	1
111	200	1
111	202	1
111	203	-1
111	204	1
111	205	-1
111	206	-1
111	207	-1
111	210	-1
111	212	1
111	214	-1
111	221	1
111	224	-1
111	225	1
111	228	1
111	229	1
111	230	1
111	232	1
111	235	1
111	238	-1
111	239	1
111	240	-1
111	242	-1
111	247	-1
112	113	-1
112	114	1
112	116	-1
112	118	1
112	119	-1
112	120	-1
112	121	1
112	123	1
112	124	-1
112	125	1
112	126	1
112	127	1
112	131	-1
112	132	-1
112	133	1
112	135	-1
112	136	1
112	138	1
112	139	-1
112	140	-1
112	142	-1
112	143	-1
112	145	1
112	147	-1
112	149	1
112	151	1
112	152	-1
112	154	1
112	157	-1
112	158	1
112	162	1
112	165	1
112	166	1
112	168	-1
112	172	-1
112	173	-1
112	175	1
112	177	1
112	178	1
112	179	-1
112	183	-1
112	185	-1
112	190	-1
112	191	1
112	192	1
112	193	-1
112	194	-1
112	195	-1
112	199	1
112	201	1
112	202	1
112	205	1
112	206	-1
112	212	-1
112	213	1
112	214	1
112	216	-1
112	217	-1
112	218	-1
112	220	1
112	223	-1
112	226	1
112	227	-1
112	228	-1
112	229	-1
112	232	1
112	234	1
112	235	-1
112	237	1
112	243	-1
113	117	-1
113	120	1
113	121	1
113	127	-1
113	130	1
113	131	-1
113	133	-1
113	134	1
113	135	-1
113	136	-1
113	138	1
113	139	-1
113	141	-1
113	142	1
113	143	1
113	145	-1
113	146	1
113	147	1
113	148	-1
113	153	1
113	156	-1
113	157	-1
113	159	-1
113	160	-1
113	162	-1
113	165	1
113	168	1
113	173	-1
113	174	-1
113	175	-1
113	176	1
113	177	-1
113	178	1
113	179	1
113	183	-1
113	184	1
113	186	1
113	187	1
113	188	1
113	191	-1
113	192	-1
113	193	-1
113	195	-1
113	196	-1
113	197	-1
113	200	-1
113	201	-1
113	203	1
113	204	1
113	205	1
113	207	-1
113	209	1
113	210	1
113	212	1
113	213	1
113	215	-1
113	218	-1
113	219	-1
113	220	1
113	221	-1
113	222	1
113	225	1
113	230	-1
113	231	1
113	232	-1
113	234	-1
113	237	-1
113	238	-1
113	239	-1
113	240	-1
113	244	1
113	245	-1
113	247	1
114	115	-1
114	116	1
114	118	-1
114	120	1
114	123	1
114	125	-1
114	127	-1
114	135	-1
114	136	1
114	137	1
114	139	-1
114	140	1
114	141	1
114	142	-1
114	146	-1
114	148	1
114	149	-1
114	150	1
114	152	-1
114	153	-1
114	154	1
114	159	-1
114	161	-1
114	162	-1
114	163	-1
114	164	-1
114	165	1
114	171	1
114	174	-1
114	176	1
114	177	1
114	178	-1
114	180	-1
114	181	1
114	182	1
114	185	-1
114	188	1
114	189	-1
114	196	1
114	198	1
114	199	-1
114	200	-1
114	205	-1
114	208	-1
114	209	-1
114	210	-1
114	211	1
114	212	-1
114	213	1
114	215	-1
114	221	1
114	224	-1
114	226	1
114	230	-1
114	231	1
114	233	-1
114	237	-1
114	238	-1
114	242	1
114	245	-1
114	247	-1
114	249	-1
115	116	-1
115	117	-1
115	118	1
115	119	1
115	122	1
115	123	-1
115	128	-1
115	133	1
115	136	-1
115	137	1
115	138	-1
115	139	-1
115	141	-1
115	143	1
115	144	1
115	145	-1
115	146	1
115	147	1
115	148	-1
115	151	1
115	152	-1
115	156	-1
115	157	1
115	158	-1
115	159	1
115	160	-1
115	164	-1
115	165	1
115	167	1
115	169	-1
115	170	1
115	173	1
115	176	-1
115	177	-1
115	179	-1
115	180	1
115	181	-1
115	183	1
115	184	1
115	185	-1
115	187	1
115	191	-1
115	193	-1
115	195	1
115	196	1
115	197	1
115	206	1
115	208	-1
115	209	1
115	211	-1
115	214	-1
115	215	1
115	217	-1
115	219	-1
115	221	1
115	222	-1
115	224	1
115	225	1
115	227	1
115	230	1
115	232	-1
115	233	1
115	236	-1
115	241	1
115	243	1
115	244	-1
115	245	1
115	246	-1
116	117	-1
116	118	-1
116	121	1
116	122	1
116	123	-1
116	124	1
116	126	1
116	127	-1
116	130	1
116	134	-1
116	137	-1
116	138	1
116	139	1
116	140	1
116	141	-1
116	147	-1
116	148	1
116	151	-1
116	152	-1
116	159	-1
116	162	-1
116	163	1
116	164	-1
116	165	1
116	166	1
116	168	-1
116	171	1
116	172	-1
116	173	1
116	177	1
116	179	1
116	180	1
116	181	1
116	182	-1
116	184	-1
116	187	-1
116	188	-1
116	189	-1
116	190	-1
116	191	-1
116	192	-1
116	194	-1
116	195	1
116	196	1
116	198	1
116	199	1
116	202	-1
116	203	1
116	209	-1
116	210	-1
116	212	-1
116	213	-1
116	216	-1
116	217	-1
116	221	-1
116	223	1
116	226	1
116	227	1
116	228	1
116	229	-1
116	230	-1
116	231	-1
116	232	1
116	233	-1
116	236	-1
116	237	-1
116	238	1
116	239	-1
116	240	1
116	241	1
116	242	-1
116	243	1
116	245	-1
116	246	-1
116	247	-1
117	119	1
117	127	1
117	130	1
117	131	1
117	132	-1
117	133	1
117	134	-1
117	137	1
117	138	1
117	139	1
117	141	1
117	144	-1
117	149	-1
117	150	-1
117	156	1
117	157	1
117	158	1
117	159	-1
117	167	1
117	168	1
117	170	1
117	173	-1
117	175	1
117	176	1
117	177	1
117	178	1
117	179	-1
117	182	1
117	183	1
117	186	1
117	190	-1
117	191	-1
117	192	-1
117	195	1
117	198	1
117	200	-1
117	201	1
117	204	1
117	208	1
117	209	-1
117	211	1
117	212	-1
117	213	1
117	214	1
117	217	1
117	218	-1
117	221	-1
117	223	-1
117	224	1
117	226	-1
117	227	-1
117	228	-1
117	229	1
117	230	1
117	232	1
117	234	1
117	237	-1
117	241	1
117	245	1
117	249	-1
118	119	-1
118	123	-1
118	125	-1
118	126	1
118	127	1
118	128	1
118	129	1
118	130	1
118	131	1
118	132	1
118	133	1
118	134	1
118	135	-1
118	137	1
118	143	1
118	144	-1
118	145	1
118	146	1
118	149	1
118	150	-1
118	151	-1
118	154	-1
118	155	-1
118	156	1
118	157	1
118	158	1
118	161	-1
118	165	1
118	168	-1
118	169	-1
118	170	1
118	173	-1
118	174	-1
118	175	1
118	176	-1
118	182	1
118	184	1
118	187	-1
118	189	-1
118	190	-1
118	191	-1
118	192	-1
118	194	1
118	196	-1
118	197	-1
118	198	-1
118	200	-1
118	203	1
118	204	1
118	205	-1
118	206	1
118	207	1
118	208	1
118	210	1
118	212	-1
118	213	1
118	214	-1
118	216	-1
118	219	-1
118	221	1
118	224	-1
118	225	1
118	228	1
118	231	1
118	232	1
118	233	-1
118	234	-1
118	235	-1
118	238	-1
118	239	1
118	240	-1
118	241	-1
118	248	-1
118	249	1
119	122	1
119	124	-1
119	126	1
119	127	1
119	128	-1
119	132	-1
119	135	1
119	136	1
119	140	-1
119	143	1
119	144	1
119	146	1
119	149	1
119	152	1
119	155	-1
119	156	-1
119	158	-1
119	161	-1
119	163	1
119	165	-1
119	167	-1
119	170	1
119	176	-1
119	178	1
119	181	-1
119	182	-1
119	183	-1
119	184	1
119	185	1
119	187	1
119	188	1
119	192	1
119	194	-1
119	195	-1
119	196	-1
119	200	1
119	202	1
119	204	1
119	206	-1
119	207	1
119	209	-1
119	210	1
119	212	1
119	213	1
119	215	-1
119	216	-1
119	217	-1
119	222	1
119	223	-1
119	224	-1
119	225	-1
119	226	-1
119	227	1
119	229	-1
119	231	-1
119	235	1
119	236	1
119	237	1
119	241	1
119	242	1
119	243	1
119	244	1
119	245	1
119	249	-1
120	122	1
120	123	-1
120	124	1
120	126	-1
120	127	1
120	128	-1
120	130	1
120	132	1
120	134	1
120	135	-1
120	136	1
120	137	-1
120	138	1
120	139	1
120	140	1
120	141	-1
120	143	-1
120	144	-1
120	146	1
120	148	1
120	149	1
120	153	1
120	155	-1
120	159	1
120	160	1
120	161	-1
120	162	1
120	163	-1
120	164	1
120	166	-1
120	171	1
120	173	1
120	179	1
120	181	1
120	183	1
120	185	1
120	186	-1
120	189	1
120	194	1
120	196	1
120	198	-1
120	199	-1
120	204	1
120	205	-1
120	206	-1
120	207	1
120	208	-1
120	210	1
120	213	-1
120	215	1
120	221	-1
120	222	1
120	223	-1
120	225	-1
120	226	1
120	227	1
120	228	1
120	229	-1
120	232	-1
120	233	1
120	235	-1
120	237	1
120	239	1
120	240	1
120	243	1
120	244	1
120	247	1
120	248	1
121	122	1
121	124	-1
121	125	-1
121	126	-1
121	128	-1
121	134	1
121	136	-1
121	137	-1
121	140	-1
121	149	-1
121	151	-1
121	152	1
121	155	1
121	158	-1
121	160	1
121	162	-1
121	164	1
121	165	1
121	167	-1
121	170	-1
121	171	-1
121	173	1
121	174	1
121	175	-1
121	178	-1
121	181	1
121	182	-1
121	187	1
121	188	-1
121	189	-1
121	190	-1
121	193	-1
121	199	-1
121	200	-1
121	201	-1
121	202	-1
121	203	-1
121	205	-1
121	207	1
121	208	-1
121	209	-1
121	210	1
121	211	-1
121	214	1
121	215	1
121	217	-1
121	218	-1
121	227	-1
121	228	-1
121	229	1
121	230	1
121	231	1
121	232	-1
121	234	1
121	236	-1
121	237	-1
121	238	1
121	239	1
121	240	-1
121	241	1
121	244	1
121	247	-1
122	125	-1
122	126	-1
122	127	1
122	128	1
122	130	-1
122	132	-1
122	133	1
122	134	-1
122	136	1
122	137	-1
122	138	1
122	139	1
122	140	-1
122	149	-1
122	150	1
122	152	-1
122	154	1
122	155	-1
122	156	1
122	157	-1
122	158	1
122	159	1
122	163	1
122	164	1
122	167	-1
122	169	-1
122	170	-1
122	171	1
122	172	-1
122	180	-1
122	181	1
122	182	-1
122	186	1
122	187	-1
122	189	-1
122	191	-1
122	194	1
122	197	-1
122	198	1
122	203	1
122	205	-1
122	206	-1
122	207	-1
122	209	-1
122	210	1
122	211	1
122	213	1
122	214	1
122	217	1
122	220	1
122	224	-1
122	227	1
122	229	-1
122	232	1
122	233	-1
122	234	1
122	235	1
122	239	-1
122	241	1
122	243	1
122	247	1
122	248	1
122	249	-1
123	127	1
123	129	1
123	130	1
123	135	1
123	136	-1
123	139	-1
123	140	-1
123	141	1
123	142	-1
123	143	1
123	144	-1
123	146	-1
123	147	-1
123	150	1
123	152	1
123	153	-1
123	154	-1
123	156	-1
123	157	1
123	159	1
123	160	-1
123	161	1
123	162	-1
123	163	-1
123	164	-1
123	165	-1
123	166	1
123	167	1
123	169	-1
123	171	-1
123	173	-1
123	176	1
123	177	-1
123	178	-1
123	181	1
123	183	-1
123	185	1
123	187	-1
123	191	-1
123	192	1
123	193	-1
123	194	-1
123	199	1
123	201	-1
123	203	1
123	207	1
123	210	-1
123	212	-1
123	216	1
123	219	-1
123	220	-1
123	221	1
123	222	1
123	224	1
123	225	1
123	228	-1
123	230	1
123	231	1
123	232	-1
123	233	1
123	234	1
123	236	-1
123	237	-1
123	239	-1
123	241	1
123	242	1
123	243	-1
123	244	-1
123	247	-1
123	248	-1
123	249	-1
124	125	1
124	126	-1
124	129	-1
124	130	-1
124	131	1
124	132	1
124	133	-1
124	134	1
124	136	-1
124	138	-1
124	139	-1
124	143	-1
124	144	1
124	145	-1
124	148	1
124	150	1
124	151	1
124	152	-1
124	153	1
124	154	-1
124	155	-1
124	158	-1
124	161	1
124	163	1
124	164	1
124	166	1
124	169	-1
124	170	1
124	174	-1
124	177	1
124	178	1
124	180	-1
124	183	1
124	184	-1
124	185	1
124	186	1
124	188	1
124	190	1
124	194	-1
124	195	1
124	196	-1
124	197	1
124	198	1
124	199	-1
124	200	-1
124	206	-1
124	207	1
124	208	-1
124	213	-1
124	214	-1
124	215	-1
124	216	1
124	217	-1
124	220	-1
124	221	1
124	222	-1
124	224	-1
124	225	-1
124	227	-1
124	229	1
124	230	1
124	231	1
124	235	-1
124	236	-1
124	239	1
124	240	1
124	241	1
124	242	-1
124	244	1
124	247	1
124	249	1
125	126	1
125	128	1
125	130	-1
125	131	1
125	133	1
125	137	-1
125	138	-1
125	139	-1
125	144	1
125	145	1
125	146	-1
125	148	1
125	149	1
125	150	-1
125	151	1
125	153	1
125	154	1
125	160	-1
125	164	1
125	168	1
125	169	-1
125	171	1
125	172	1
125	173	-1
125	174	-1
125	175	-1
125	177	1
125	182	-1
125	183	-1
125	185	1
125	186	1
125	189	1
125	190	-1
125	192	1
125	193	1
125	194	1
125	195	-1
125	196	-1
125	199	-1
125	200	1
125	202	1
125	203	1
125	204	-1
125	205	-1
125	208	-1
125	210	1
125	212	-1
125	218	-1
125	219	-1
125	220	1
125	221	-1
125	222	-1
125	226	-1
125	227	1
125	229	-1
125	231	1
125	232	1
125	234	-1
125	238	-1
125	240	-1
125	245	-1
125	246	1
126	128	-1
126	129	1
126	130	-1
126	134	-1
126	138	-1
126	141	-1
126	143	1
126	145	-1
126	146	-1
126	147	-1
126	150	1
126	152	1
126	153	-1
126	154	1
126	157	-1
126	158	-1
126	160	1
126	161	-1
126	163	-1
126	168	1
126	174	-1
126	175	-1
126	178	1
126	179	-1
126	180	1
126	181	1
126	182	1
126	183	-1
126	184	-1
126	185	1
126	186	-1
126	189	-1
126	190	1
126	191	1
126	192	-1
126	193	-1
126	198	-1
126	200	-1
126	203	1
126	205	1
126	206	1
126	209	-1
126	213	1
126	214	-1
126	216	1
126	219	-1
126	220	-1
126	221	-1
126	222	-1
126	226	-1
126	229	1
126	235	-1
126	236	1
126	238	1
126	243	1
126	245	1
126	247	-1
126	248	-1
126	249	-1
127	133	1
127	134	1
127	135	1
127	136	-1
127	140	1
127	142	-1
127	143	-1
127	149	1
127	153	1
127	154	1
127	155	1
127	158	-1
127	162	-1
127	165	1
127	167	1
127	171	-1
127	172	1
127	176	1
127	177	1
127	181	-1
127	182	1
127	183	-1
127	184	-1
127	185	1
127	186	1
127	188	1
127	189	1
127	190	1
127	192	-1
127	193	1
127	194	-1
127	195	-1
127	200	-1
127	201	-1
127	202	1
127	204	1
127	206	-1
127	208	-1
127	209	-1
127	214	-1
127	215	1
127	216	-1
127	218	-1
127	219	1
127	220	-1
127	224	-1
127	226	-1
127	228	1
127	230	-1
127	231	1
127	232	1
127	233	1
127	237	1
127	239	1
127	240	-1
127	243	1
127	244	1
127	245	-1
127	246	1
127	248	-1
127	249	-1
128	130	-1
128	131	1
128	132	-1
128	134	1
128	137	-1
128	142	-1
128	143	1
128	145	-1
128	147	-1
128	148	-1
128	149	1
128	150	-1
128	151	1
128	152	-1
128	155	-1
128	158	-1
128	159	1
128	161	1
128	164	1
128	166	1
128	170	-1
128	173	-1
128	176	1
128	177	-1
128	180	-1
128	181	1
128	182	-1
128	185	1
128	186	1
128	188	-1
128	192	1
128	193	1
128	194	1
128	200	1
128	203	-1
128	208	-1
128	209	1
128	210	1
128	211	1
128	213	-1
128	214	-1
128	215	1
128	219	-1
128	220	1
128	222	1
128	224	-1
128	226	1
128	227	1
128	231	-1
128	234	-1
128	235	-1
128	236	1
128	237	-1
128	239	-1
128	241	1
128	242	-1
128	245	1
128	246	1
128	247	1
129	130	-1
129	134	1
129	136	1
129	139	1
129	140	-1
129	141	-1
129	147	-1
129	148	-1
129	151	-1
129	153	-1
129	154	-1
129	157	1
129	158	-1
129	159	1
129	160	-1
129	161	-1
129	162	1
129	163	1
129	165	1
129	166	1
129	169	1
129	173	-1
129	174	1
129	176	-1
129	180	1
129	182	1
129	184	-1
129	185	-1
129	188	-1
129	192	1
129	193	-1
129	197	1
129	200	-1
129	201	1
129	202	-1
129	204	-1
129	205	-1
129	206	-1
129	207	-1
129	209	-1
129	215	1
129	216	1
129	219	1
129	220	-1
129	222	1
129	223	1
129	224	1
129	229	1
129	231	-1
129	232	1
129	234	-1
129	238	1
129	239	-1
129	240	1
129	242	-1
129	243	-1
129	245	-1
129	247	1
129	248	1
130	133	1
130	134	-1
130	135	1
130	138	-1
130	139	1
130	140	1
130	141	-1
130	145	-1
130	146	-1
130	147	-1
130	148	-1
130	152	-1
130	153	1
130	157	1
130	158	1
130	161	-1
130	162	1
130	163	-1
130	164	1
130	166	1
130	168	1
130	170	1
130	172	-1
130	174	1
130	181	-1
130	182	-1
130	183	1
130	184	1
130	186	1
130	187	1
130	190	-1
130	191	-1
130	192	1
130	194	-1
130	195	1
130	196	1
130	197	1
130	198	1
130	200	-1
130	203	-1
130	204	1
130	206	-1
130	207	-1
130	208	-1
130	209	-1
130	213	-1
130	214	1
130	215	1
130	220	-1
130	222	1
130	223	1
130	225	-1
130	226	-1
130	227	-1
130	229	1
130	230	1
130	232	-1
130	233	-1
130	234	1
130	237	1
130	239	1
130	241	1
130	242	1
130	243	-1
130	246	-1
130	248	1
130	249	-1
131	132	1
131	133	1
131	135	-1
131	136	-1
131	137	1
131	140	1
131	141	-1
131	142	-1
131	144	1
131	146	-1
131	147	-1
131	148	1
131	152	1
131	155	-1
131	156	1
131	158	-1
131	159	-1
131	161	-1
131	164	1
131	167	-1
131	169	1
131	171	-1
131	173	-1
131	174	1
131	175	-1
131	176	1
131	177	1
131	179	-1
131	180	-1
131	183	-1
131	185	-1
131	187	-1
131	190	1
131	191	1
131	194	1
131	200	1
131	201	1
131	205	-1
131	206	-1
131	210	-1
131	211	-1
131	215	-1
131	216	1
131	217	1
131	219	-1
131	220	1
131	222	-1
131	224	-1
131	227	-1
131	229	-1
131	230	-1
131	233	1
131	234	1
131	235	1
131	236	-1
131	238	1
131	243	1
131	246	1
131	247	1
131	248	-1
132	133	1
132	136	-1
132	140	-1
132	141	-1
132	142	-1
132	143	-1
132	144	-1
132	145	1
132	147	-1
132	148	-1
132	153	1
132	156	1
132	157	-1
132	160	-1
132	161	-1
132	162	-1
132	163	-1
132	165	-1
132	166	-1
132	167	1
132	173	-1
132	174	1
132	175	-1
132	177	-1
132	178	-1
132	180	-1
132	181	-1
132	184	-1
132	187	1
132	190	-1
132	192	-1
132	195	1
132	196	-1
132	197	1
132	198	-1
132	199	-1
132	202	-1
132	203	1
132	204	-1
132	208	-1
132	209	1
132	213	-1
132	215	1
132	220	-1
132	226	1
132	228	1
132	230	1
132	231	1
132	232	-1
132	233	-1
132	236	1
132	243	1
132	244	1
132	247	1
132	249	1
133	134	1
133	136	-1
133	141	1
133	143	-1
133	145	1
133	151	1
133	152	1
133	155	1
133	157	-1
133	158	1
133	159	1
133	165	1
133	166	-1
133	167	1
133	168	-1
133	169	-1
133	172	1
133	176	1
133	177	1
133	181	1
133	182	-1
133	183	-1
133	184	-1
133	193	1
133	194	-1
133	195	1
133	196	-1
133	197	1
133	198	1
133	199	-1
133	200	-1
133	204	1
133	206	1
133	209	1
133	211	-1
133	214	1
133	215	-1
133	216	1
133	217	-1
133	218	1
133	219	1
133	220	-1
133	223	1
133	224	1
133	229	-1
133	230	1
133	232	-1
133	236	1
133	238	1
133	241	-1
133	244	1
133	245	1
133	246	-1
133	248	1
133	249	-1
134	135	1
134	136	-1
134	138	-1
134	140	-1
134	143	-1
134	146	1
134	147	1
134	150	1
134	152	1
134	155	1
134	156	-1
134	157	-1
134	159	1
134	161	-1
134	162	1
134	163	1
134	164	-1
134	165	1
134	166	1
134	171	-1
134	172	-1
134	173	-1
134	176	1
134	179	-1
134	180	-1
134	181	-1
134	186	1
134	187	-1
134	192	-1
134	193	-1
134	196	1
134	198	1
134	199	-1
134	200	-1
134	201	1
134	202	-1
134	207	-1
134	208	-1
134	210	1
134	211	-1
134	213	1
134	215	-1
134	217	1
134	219	1
134	220	1
134	221	1
134	222	1
134	231	1
134	236	-1
134	238	1
134	240	-1
134	241	-1
134	242	1
134	247	1
135	137	-1
135	139	1
135	141	1
135	142	1
135	143	-1
135	145	1
135	146	1
135	147	-1
135	148	1
135	156	1
135	157	-1
135	159	1
135	162	1
135	163	-1
135	165	-1
135	167	1
135	168	1
135	169	1
135	172	-1
135	173	-1
135	176	-1
135	178	-1
135	179	1
135	180	1
135	181	1
135	182	-1
135	184	1
135	185	1
135	186	-1
135	187	1
135	188	1
135	191	1
135	192	1
135	193	-1
135	194	1
135	195	-1
135	197	1
135	198	-1
135	200	1
135	202	-1
135	205	-1
135	207	1
135	208	-1
135	211	1
135	215	-1
135	216	-1
135	219	-1
135	221	-1
135	222	1
135	223	-1
135	224	1
135	225	-1
135	227	-1
135	232	1
135	233	-1
135	235	1
135	237	-1
135	243	-1
135	244	1
135	248	-1
135	249	1
136	137	1
136	138	-1
136	139	-1
136	140	1
136	141	1
136	142	1
136	143	-1
136	146	-1
136	147	1
136	149	1
136	150	1
136	151	-1
136	154	1
136	155	1
136	157	1
136	159	-1
136	160	1
136	163	-1
136	168	1
136	169	1
136	170	-1
136	171	-1
136	172	1
136	176	-1
136	178	-1
136	180	-1
136	181	-1
136	182	1
136	183	1
136	184	1
136	185	1
136	186	1
136	187	-1
136	188	1
136	189	1
136	190	-1
136	192	-1
136	193	1
136	195	1
136	199	-1
136	200	1
136	201	-1
136	202	-1
136	205	1
136	208	-1
136	209	1
136	211	1
136	212	-1
136	213	-1
136	214	1
136	215	-1
136	220	1
136	222	-1
136	223	1
136	227	-1
136	230	1
136	231	-1
136	232	-1
136	234	1
136	235	1
136	236	-1
136	238	-1
136	239	-1
136	240	1
136	242	1
136	246	-1
136	247	-1
136	249	-1
137	138	-1
137	139	-1
137	146	-1
137	147	-1
137	148	-1
137	152	1
137	158	1
137	162	1
137	163	1
137	165	1
137	167	-1
137	168	1
137	169	1
137	170	1
137	171	-1
137	174	-1
137	176	-1
137	178	1
137	179	1
137	182	1
137	184	-1
137	191	1
137	192	1
137	193	1
137	197	-1
137	199	-1
137	200	-1
137	202	1
137	203	-1
137	204	-1
137	205	1
137	209	-1
137	210	1
137	211	1
137	213	1
137	214	-1
137	217	1
137	218	-1
137	219	-1
137	220	1
137	221	1
137	223	-1
137	226	-1
137	229	1
137	230	-1
137	232	-1
137	234	-1
137	235	-1
137	236	1
137	237	1
137	239	1
137	243	-1
137	246	1
137	249	1
138	139	-1
138	140	-1
138	141	1
138	142	-1
138	143	-1
138	144	-1
138	145	-1
138	148	1
138	152	-1
138	153	1
138	154	-1
138	155	1
138	159	-1
138	160	-1
138	162	1
138	165	-1
138	166	-1
138	167	1
138	168	-1
138	170	-1
138	174	-1
138	176	1
138	179	-1
138	180	-1
138	186	1
138	188	1
138	190	-1
138	191	-1
138	193	1
138	195	-1
138	198	-1
138	199	1
138	200	1
138	201	1
138	202	-1
138	204	-1
138	205	-1
138	206	1
138	210	1
138	212	-1
138	214	1
138	217	1
138	218	-1
138	226	-1
138	227	-1
138	229	-1
138	230	1
138	232	-1
138	234	-1
138	236	-1
138	237	-1
138	239	-1
138	241	-1
138	242	-1
138	245	-1
138	247	1
138	249	1
139	141	1
139	142	-1
139	143	-1
139	144	1
139	151	1
139	153	1
139	154	-1
139	156	-1
139	161	1
139	163	1
139	164	1
139	167	-1
139	172	1
139	176	-1
139	177	-1
139	178	1
139	180	-1
139	182	1
139	183	-1
139	184	1
139	185	1
139	186	1
139	187	-1
139	188	1
139	189	1
139	194	-1
139	195	1
139	197	1
139	198	-1
139	199	-1
139	200	-1
139	204	-1
139	208	-1
139	212	1
139	216	-1
139	219	1
139	221	1
139	222	1
139	223	1
139	225	1
139	226	1
139	230	1
139	233	-1
139	234	1
139	237	1
139	238	1
139	240	1
139	243	-1
139	244	1
139	247	1
139	249	1
140	141	-1
140	142	-1
140	144	-1
140	145	-1
140	148	1
140	150	1
140	151	-1
140	152	1
140	154	-1
140	156	-1
140	157	1
140	158	1
140	159	-1
140	160	-1
140	162	1
140	164	1
140	165	1
140	171	-1
140	173	1
140	174	1
140	180	1
140	181	1
140	184	1
140	185	1
140	186	1
140	193	1
140	194	-1
140	195	1
140	196	-1
140	197	1
140	198	-1
140	200	1
140	201	1
140	202	1
140	204	1
140	207	1
140	208	-1
140	211	1
140	214	1
140	216	1
140	218	1
140	220	-1
140	222	-1
140	224	1
140	225	-1
140	226	1
140	229	1
140	230	1
140	232	-1
140	235	1
140	238	-1
140	241	-1
140	249	-1
141	144	-1
141	147	1
141	149	1
141	153	1
141	155	1
141	161	-1
141	162	-1
141	164	1
141	168	1
141	173	-1
141	174	-1
141	175	1
141	178	1
141	179	-1
141	181	-1
141	183	1
141	184	1
141	187	1
141	188	1
141	190	-1
141	192	-1
141	193	1
141	195	1
141	197	-1
141	198	-1
141	200	-1
141	203	1
141	204	1
141	205	1
141	210	1
141	214	-1
141	215	1
141	216	1
141	217	1
141	222	1
141	223	1
141	224	1
141	225	1
141	227	1
141	228	1
141	230	1
141	231	-1
141	233	1
141	234	-1
141	236	1
141	238	-1
141	239	1
141	241	-1
141	243	-1
141	244	1
141	246	-1
141	248	-1
142	143	-1
142	144	1
142	147	-1
142	150	-1
142	153	-1
142	155	-1
142	157	-1
142	158	-1
142	159	1
142	161	1
142	162	-1
142	163	1
142	165	1
142	168	1
142	170	-1
142	174	1
142	182	-1
142	184	-1
142	185	1
142	186	-1
142	187	1
142	188	1
142	189	1
142	192	1
142	194	1
142	196	1
142	198	-1
142	201	-1
142	202	1
142	203	1
142	204	-1
142	206	1
142	213	1
142	214	1
142	216	1
142	217	-1
142	220	-1
142	221	-1
142	222	-1
142	224	-1
142	229	1
142	230	1
142	232	1
142	233	-1
142	236	-1
142	237	1
142	240	1
142	241	1
142	243	1
142	244	1
142	249	1
143	146	1
143	147	1
143	150	-1
143	152	1
143	154	-1
143	155	1
143	156	1
143	158	1
143	160	-1
143	161	1
143	164	1
143	166	1
143	168	1
143	170	-1
143	175	1
143	177	-1
143	178	-1
143	185	1
143	187	-1
143	188	-1
143	191	-1
143	192	-1
143	193	-1
143	197	-1
143	201	-1
143	203	1
143	205	1
143	207	1
143	209	-1
143	210	1
143	213	-1
143	214	1
143	217	-1
143	219	-1
143	222	1
143	223	-1
143	224	1
143	226	-1
143	228	-1
143	231	1
143	232	1
143	233	-1
143	234	-1
143	236	-1
143	237	1
143	240	-1
143	241	-1
143	242	-1
143	243	1
143	244	-1
143	245	1
143	247	1
144	147	-1
144	152	-1
144	154	-1
144	155	1
144	157	1
144	161	-1
144	162	1
144	163	-1
144	165	-1
144	167	1
144	169	1
144	172	-1
144	176	-1
144	178	-1
144	179	1
144	180	-1
144	181	1
144	182	-1
144	185	1
144	186	-1
144	191	-1
144	192	-1
144	193	-1
144	195	-1
144	196	-1
144	198	-1
144	199	1
144	200	-1
144	201	1
144	205	-1
144	207	1
144	210	1
144	213	1
144	214	-1
144	215	-1
144	218	-1
144	221	1
144	227	1
144	228	1
144	229	-1
144	231	1
144	237	-1
144	238	-1
144	240	-1
144	244	-1
144	245	-1
144	246	1
144	248	1
145	147	-1
145	148	1
145	151	-1
145	152	1
145	153	1
145	154	1
145	157	1
145	161	1
145	162	-1
145	164	-1
145	166	-1
145	173	1
145	174	1
145	175	-1
145	176	1
145	179	1
145	180	-1
145	181	-1
145	184	1
145	185	-1
145	190	-1
145	192	-1
145	193	1
145	195	1
145	197	-1
145	198	-1
145	200	1
145	202	1
145	203	1
145	205	-1
145	208	1
145	209	1
145	210	1
145	212	1
145	214	-1
145	215	1
145	218	-1
145	219	-1
145	220	1
145	221	-1
145	222	1
145	224	1
145	225	-1
145	226	-1
145	227	1
145	228	-1
145	229	1
145	231	-1
145	232	1
145	233	-1
145	235	-1
145	237	1
145	238	1
145	239	1
145	241	-1
145	242	1
145	243	-1
145	245	1
145	247	-1
145	248	-1
145	249	1
146	148	1
146	150	1
146	151	1
146	152	-1
146	157	1
146	158	1
146	163	-1
146	167	1
146	171	1
146	174	1
146	176	-1
146	178	1
146	179	1
146	180	-1
146	181	-1
146	183	1
146	184	-1
146	186	-1
146	187	1
146	188	1
146	192	1
146	193	1
146	194	1
146	202	-1
146	209	1
146	210	-1
146	214	1
146	216	1
146	219	-1
146	221	-1
146	223	-1
146	228	-1
146	229	-1
146	230	-1
146	231	1
146	233	-1
146	236	-1
146	238	1
146	244	-1
146	245	1
146	247	1
146	248	1
147	148	1
147	149	1
147	150	-1
147	155	-1
147	157	-1
147	158	-1
147	159	1
147	163	1
147	164	1
147	165	-1
147	166	-1
147	167	-1
147	170	-1
147	171	1
147	172	-1
147	173	1
147	174	1
147	175	1
147	176	1
147	177	-1
147	180	1
147	182	-1
147	183	1
147	185	1
147	186	-1
147	190	-1
147	191	1
147	192	1
147	194	1
147	195	1
147	196	-1
147	200	1
147	203	1
147	204	-1
147	205	-1
147	207	-1
147	209	-1
147	214	-1
147	215	1
147	218	-1
147	220	1
147	221	-1
147	226	1
147	227	-1
147	228	-1
147	230	1
147	231	-1
147	233	1
147	234	1
147	235	-1
147	236	1
147	237	1
147	238	1
147	240	-1
147	242	-1
147	244	1
148	150	1
148	155	1
148	156	1
148	157	1
148	158	1
148	161	-1
148	162	-1
148	163	1
148	165	1
148	166	1
148	168	1
148	170	-1
148	171	1
148	173	1
148	175	-1
148	176	-1
148	180	1
148	182	1
148	184	1
148	187	1
148	188	1
148	190	-1
148	193	-1
148	195	-1
148	196	1
148	201	-1
148	202	-1
148	206	1
148	209	-1
148	211	1
148	212	-1
148	216	-1
148	217	1
148	219	1
148	220	1
148	221	1
148	225	-1
148	229	-1
148	231	-1
148	232	1
148	235	1
148	240	-1
148	242	1
148	243	-1
148	244	1
148	247	-1
148	249	-1
149	153	1
149	155	-1
149	156	1
149	157	-1
149	159	-1
149	161	1
149	162	-1
149	163	1
149	164	1
149	166	1
149	167	-1
149	171	1
149	174	1
149	176	-1
149	177	-1
149	179	-1
149	180	-1
149	181	-1
149	184	1
149	187	-1
149	188	-1
149	189	-1
149	190	1
149	192	-1
149	195	1
149	198	-1
149	199	-1
149	200	1
149	202	1
149	204	1
149	208	-1
149	209	-1
149	213	1
149	215	-1
149	216	1
149	217	-1
149	219	1
149	220	-1
149	222	-1
149	224	1
149	225	-1
149	226	-1
149	227	-1
149	228	-1
149	230	-1
149	231	-1
149	233	1
149	236	-1
149	243	1
149	244	-1
149	245	1
149	247	1
150	151	-1
150	153	-1
150	154	1
150	156	1
150	157	-1
150	158	1
150	159	1
150	160	-1
150	164	-1
150	166	-1
150	169	1
150	170	1
150	171	-1
150	172	-1
150	173	-1
150	180	1
150	183	-1
150	184	1
150	185	-1
150	187	1
150	190	-1
150	192	1
150	193	1
150	194	1
150	195	1
150	197	-1
150	198	-1
150	199	1
150	200	-1
150	201	1
150	204	1
150	205	1
150	206	1
150	207	1
150	208	-1
150	209	-1
150	214	-1
150	216	1
150	218	-1
150	219	1
150	222	1
150	223	-1
150	226	-1
150	227	-1
150	228	1
150	229	1
150	231	1
150	232	1
150	236	-1
150	237	1
150	239	-1
150	241	1
150	242	1
150	243	-1
150	245	-1
150	246	1
150	247	-1
150	248	1
151	152	-1
151	155	1
151	156	-1
151	158	-1
151	159	1
151	162	-1
151	169	1
151	170	-1
151	171	-1
151	173	-1
151	175	1
151	176	-1
151	180	1
151	182	1
151	183	-1
151	184	1
151	185	-1
151	188	-1
151	189	-1
151	190	-1
151	191	-1
151	192	-1
151	193	1
151	195	1
151	197	1
151	208	-1
151	210	1
151	211	1
151	213	1
151	215	-1
151	216	-1
151	217	1
151	220	-1
151	225	-1
151	226	-1
151	228	1
151	230	-1
151	233	-1
151	235	1
151	240	1
151	242	1
151	246	-1
151	247	1
151	248	1
152	154	-1
152	155	-1
152	158	1
152	159	1
152	160	1
152	163	-1
152	164	-1
152	165	-1
152	169	1
152	171	-1
152	173	1
152	177	1
152	178	-1
152	179	-1
152	182	1
152	184	1
152	187	-1
152	189	-1
152	191	1
152	192	-1
152	193	1
152	194	1
152	196	1
152	198	-1
152	199	-1
152	200	1
152	202	-1
152	203	1
152	204	1
152	206	-1
152	207	1
152	208	1
152	209	1
152	210	-1
152	212	1
152	216	-1
152	217	-1
152	218	-1
152	224	1
152	227	-1
152	228	1
152	230	1
152	231	-1
152	233	1
152	235	1
152	237	-1
152	239	1
152	241	1
152	242	1
152	243	-1
152	246	-1
152	247	-1
152	248	-1
152	249	1
153	154	1
153	155	-1
153	156	1
153	159	-1
153	160	-1
153	161	1
153	163	1
153	165	1
153	166	-1
153	169	1
153	176	-1
153	177	1
153	178	1
153	182	1
153	183	1
153	185	1
153	187	1
153	188	1
153	190	1
153	193	1
153	194	-1
153	195	-1
153	196	-1
153	198	-1
153	199	-1
153	201	1
153	203	1
153	204	-1
153	205	1
153	207	-1
153	209	-1
153	210	1
153	211	1
153	212	1
153	214	1
153	215	1
153	219	1
153	220	-1
153	221	1
153	223	1
153	225	-1
153	226	1
153	227	-1
153	229	1
153	231	1
153	232	-1
153	237	-1
153	238	-1
153	241	-1
153	247	-1
153	249	-1
154	155	1
154	156	1
154	157	-1
154	158	1
154	159	1
154	160	1
154	161	-1
154	162	1
154	163	-1
154	165	1
154	168	1
154	173	-1
154	175	-1
154	176	1
154	178	1
154	179	-1
154	180	1
154	181	-1
154	184	-1
154	187	1
154	190	-1
154	191	1
154	193	1
154	194	1
154	195	-1
154	196	-1
154	197	1
154	199	-1
154	200	1
154	201	-1
154	204	-1
154	205	-1
154	206	1
154	208	1
154	209	1
154	210	-1
154	212	-1
154	216	-1
154	217	-1
154	224	1
154	226	-1
154	227	-1
154	230	-1
154	231	1
154	232	1
154	233	-1
154	242	1
154	243	1
155	156	-1
155	157	1
155	159	-1
155	162	1
155	164	-1
155	165	-1
155	167	-1
155	168	-1
155	169	1
155	172	-1
155	174	1
155	175	-1
155	177	-1
155	179	1
155	181	1
155	186	1
155	187	-1
155	188	-1
155	189	1
155	190	1
155	191	1
155	192	1
155	194	1
155	195	1
155	198	1
155	199	1
155	203	-1
155	209	-1
155	210	-1
155	214	-1
155	217	-1
155	218	1
155	219	1
155	220	-1
155	221	1
155	222	-1
155	227	1
155	228	-1
155	230	1
155	231	-1
155	232	-1
155	234	-1
155	236	1
155	237	-1
155	240	-1
155	244	1
155	245	1
155	246	-1
155	247	-1
155	249	1
156	157	-1
156	160	-1
156	161	-1
156	162	-1
156	166	-1
156	167	1
156	169	1
156	171	1
156	175	1
156	176	-1
156	177	1
156	179	1
156	180	-1
156	181	-1
156	182	1
156	184	1
156	186	1
156	187	1
156	188	1
156	189	-1
156	192	1
156	193	1
156	195	-1
156	196	-1
156	197	1
156	201	1
156	202	-1
156	207	1
156	208	1
156	210	1
156	211	1
156	212	-1
156	213	1
156	214	1
156	218	1
156	220	-1
156	227	1
156	229	1
156	230	1
156	231	1
156	232	1
156	235	1
156	237	1
156	239	1
156	240	1
156	242	1
156	243	1
156	245	-1
157	159	-1
157	161	-1
157	165	1
157	167	1
157	168	-1
157	173	1
157	175	1
157	178	-1
157	179	1
157	180	-1
157	181	-1
157	182	1
157	185	1
157	186	-1
157	187	-1
157	189	-1
157	194	-1
157	196	1
157	197	1
157	199	1
157	200	-1
157	204	1
157	205	-1
157	208	1
157	212	1
157	213	1
157	220	-1
157	221	1
157	223	1
157	224	1
157	226	1
157	227	1
157	228	-1
157	229	1
157	230	-1
157	231	1
157	232	1
157	233	1
157	234	1
157	235	1
157	239	1
157	240	1
157	244	1
157	245	-1
157	246	-1
157	247	-1
157	248	1
157	249	1
158	159	1
158	160	1
158	162	1
158	166	1
158	167	1
158	168	1
158	169	-1
158	171	1
158	172	1
158	177	-1
158	179	1
158	182	-1
158	184	-1
158	187	-1
158	188	1
158	190	-1
158	193	1
158	194	-1
158	199	-1
158	200	-1
158	201	1
158	202	1
158	203	-1
158	213	1
158	216	1
158	217	-1
158	218	1
158	221	-1
158	222	1
158	223	1
158	224	1
158	225	-1
158	228	-1
158	230	1
158	232	1
158	233	1
158	234	-1
158	235	-1
158	236	1
158	238	1
158	242	-1
158	243	-1
158	245	-1
158	246	-1
158	248	-1
158	249	-1
159	160	1
159	162	-1
159	171	-1
159	172	-1
159	175	1
159	178	-1
159	179	1
159	181	1
159	182	1
159	184	1
159	185	-1
159	189	-1
159	193	-1
159	194	1
159	196	1
159	202	-1
159	205	-1
159	207	1
159	216	-1
159	217	1
159	218	1
159	220	-1
159	221	1
159	222	1
159	223	1
159	224	-1
159	225	-1
159	230	1
159	231	1
159	232	1
159	234	-1
159	235	-1
159	236	1
159	238	-1
159	240	1
159	247	-1
159	248	-1
160	161	-1
160	163	1
160	164	1
160	165	-1
160	166	1
160	167	1
160	168	1
160	169	-1
160	171	-1
160	172	-1
160	175	1
160	178	-1
160	179	-1
160	182	-1
160	183	1
160	184	-1
160	185	1
160	187	-1
160	190	-1
160	193	-1
160	196	1
160	199	1
160	201	1
160	202	-1
160	204	1
160	205	1
160	207	1
160	208	1
160	210	-1
160	212	-1
160	213	1
160	215	-1
160	217	-1
160	219	1
160	221	1
160	222	1
160	227	1
160	228	1
160	230	-1
160	231	-1
160	233	1
160	234	-1
160	238	1
160	243	1
160	245	1
160	246	1
160	247	-1
160	248	-1
160	249	-1
161	162	1
161	165	1
161	167	-1
161	168	1
161	169	1
161	172	1
161	174	-1
161	175	1
161	180	1
161	181	1
161	183	1
161	184	1
161	187	-1
161	188	1
161	189	1
161	192	-1
161	193	-1
161	194	1
161	195	1
161	196	-1
161	199	-1
161	200	-1
161	201	-1
161	202	-1
161	203	1
161	205	-1
161	207	1
161	208	-1
161	209	1
161	210	1
161	212	-1
161	214	1
161	215	1
161	218	-1
161	219	-1
161	220	-1
161	222	-1
161	223	1
161	225	1
161	226	1
161	227	1
161	229	-1
161	231	1
161	232	-1
161	233	-1
161	236	-1
161	238	-1
161	240	-1
161	242	1
161	243	-1
161	245	1
161	246	1
161	248	1
162	163	1
162	164	-1
162	166	-1
162	167	-1
162	168	-1
162	169	-1
162	170	-1
162	171	-1
162	172	1
162	177	1
162	180	1
162	181	1
162	182	1
162	187	1
162	189	1
162	190	-1
162	194	-1
162	195	-1
162	196	-1
162	198	-1
162	199	-1
162	201	-1
162	202	-1
162	203	-1
162	204	-1
162	205	1
162	206	1
162	207	-1
162	212	1
162	215	1
162	216	1
162	217	-1
162	218	-1
162	219	-1
162	220	1
162	224	1
162	230	-1
162	233	-1
162	238	-1
162	239	1
162	240	-1
162	241	1
162	243	1
162	247	1
162	248	1
163	164	-1
163	165	1
163	166	1
163	170	1
163	176	-1
163	177	1
163	178	-1
163	179	-1
163	180	1
163	182	1
163	183	1
163	185	1
163	189	1
163	193	1
163	195	-1
163	198	1
163	202	-1
163	210	1
163	211	-1
163	212	1
163	213	-1
163	214	-1
163	215	-1
163	216	-1
163	217	1
163	220	-1
163	221	-1
163	222	-1
163	225	-1
163	228	-1
163	230	1
163	233	1
163	234	1
163	235	-1
163	236	-1
163	237	-1
163	239	-1
163	240	1
163	241	1
163	242	-1
163	243	-1
163	244	-1
163	245	-1
163	248	1
164	171	-1
164	174	-1
164	175	-1
164	177	-1
164	179	-1
164	180	-1
164	184	-1
164	187	1
164	189	1
164	191	1
164	193	1
164	194	-1
164	196	1
164	198	1
164	205	-1
164	206	-1
164	207	1
164	208	-1
164	211	1
164	214	-1
164	216	-1
164	217	1
164	218	-1
164	219	-1
164	220	1
164	222	1
164	223	-1
164	224	-1
164	225	1
164	226	-1
164	227	1
164	229	-1
164	231	-1
164	232	1
164	233	-1
164	234	-1
164	236	1
164	237	-1
164	239	1
164	240	1
164	241	-1
164	245	1
165	169	-1
165	170	-1
165	178	-1
165	182	1
165	186	1
165	189	-1
165	193	1
165	196	-1
165	201	1
165	202	-1
165	203	1
165	205	-1
165	206	1
165	209	1
165	210	-1
165	211	-1
165	212	1
165	216	1
165	217	1
165	218	1
165	220	-1
165	223	-1
165	225	1
165	227	1
165	228	-1
165	229	1
165	232	-1
165	233	1
165	234	1
165	235	1
165	238	-1
165	239	-1
165	242	-1
165	245	-1
165	247	1
165	248	1
166	167	-1
166	169	-1
166	170	-1
166	173	-1
166	174	1
166	178	1
166	179	-1
166	181	-1
166	184	-1
166	185	-1
166	188	1
166	189	1
166	191	-1
166	192	-1
166	193	1
166	195	-1
166	196	-1
166	198	-1
166	199	-1
166	200	1
166	201	1
166	202	-1
166	204	1
166	205	1
166	206	1
166	210	-1
166	211	-1
166	213	-1
166	215	1
166	216	-1
166	217	1
166	218	-1
166	221	1
166	223	1
166	224	-1
166	225	-1
166	226	1
166	227	1
166	228	-1
166	229	-1
166	231	-1
166	232	1
166	233	1
166	234	1
166	235	-1
166	236	-1
166	237	1
166	238	1
166	239	1
166	241	-1
166	242	-1
166	245	-1
166	246	-1
166	247	1
166	249	-1
167	168	1
167	170	-1
167	174	-1
167	175	-1
167	178	-1
167	179	-1
167	180	-1
167	182	1
167	183	1
167	184	1
167	185	1
167	187	1
167	188	1
167	189	-1
167	194	-1
167	198	1
167	200	1
167	202	1
167	203	-1
167	205	-1
167	206	1
167	209	-1
167	211	1
167	212	1
167	216	-1
167	218	-1
167	219	-1
167	220	-1
167	223	-1
167	229	1
167	231	-1
167	235	1
167	236	-1
167	239	1
167	241	1
167	244	1
167	245	1
167	246	1
167	247	-1
168	172	1
168	174	1
168	175	-1
168	176	-1
168	179	1
168	182	-1
168	183	-1
168	184	-1
168	185	1
168	188	-1
168	193	1
168	194	-1
168	195	-1
168	198	1
168	199	1
168	200	-1
168	201	1
168	202	1
168	206	-1
168	207	-1
168	210	-1
168	216	-1
168	220	1
168	222	1
168	223	-1
168	226	1
168	227	-1
168	228	1
168	232	-1
168	233	-1
168	234	-1
168	235	-1
168	236	-1
168	237	1
168	238	-1
168	240	1
168	242	-1
168	244	-1
168	245	-1
168	246	-1
168	248	-1
168	249	1
169	170	1
169	172	-1
169	173	-1
169	175	1
169	176	-1
169	177	-1
169	178	-1
169	179	1
169	180	1
169	181	1
169	182	1
169	183	1
169	185	-1
169	186	1
169	190	-1
169	195	-1
169	197	-1
169	198	-1
169	201	1
169	202	-1
169	203	-1
169	204	1
169	209	-1
169	210	1
169	212	-1
169	217	1
169	218	-1
169	219	-1
169	223	1
169	224	1
169	225	-1
169	227	1
169	231	1
169	232	-1
169	233	-1
169	234	-1
169	235	1
169	239	-1
169	240	-1
169	241	-1
169	247	1
169	248	-1
170	171	1
170	172	1
170	174	-1
170	177	-1
170	180	-1
170	184	-1
170	185	1
170	186	-1
170	188	1
170	190	1
170	191	-1
170	192	-1
170	193	1
170	195	1
170	197	1
170	198	1
170	200	1
170	201	-1
170	203	-1
170	205	1
170	206	-1
170	207	1
170	209	-1
170	210	-1
170	211	1
170	212	-1
170	213	-1
170	214	1
170	216	1
170	218	-1
170	220	1
170	221	1
170	224	1
170	226	1
170	228	-1
170	229	1
170	232	-1
170	233	-1
170	234	1
170	239	1
170	241	-1
170	242	1
170	244	-1
170	245	-1
170	247	-1
170	248	1
170	249	1
171	173	1
171	174	-1
171	177	1
171	178	1
171	180	1
171	183	-1
171	185	1
171	186	1
171	188	-1
171	189	1
171	190	1
171	193	-1
171	195	-1
171	196	1
171	198	1
171	199	1
171	200	-1
171	202	-1
171	203	-1
171	204	-1
171	206	-1
171	207	-1
171	208	-1
171	211	1
171	214	-1
171	215	1
171	218	-1
171	220	-1
171	224	-1
171	225	1
171	229	-1
171	233	1
171	234	1
171	235	-1
171	236	-1
171	237	1
171	239	1
171	240	-1
171	242	1
171	245	1
171	247	-1
172	173	1
172	175	-1
172	179	-1
172	180	-1
172	182	1
172	183	1
172	184	1
172	185	1
172	186	-1
172	187	1
172	188	-1
172	190	-1
172	194	-1
172	195	-1
172	196	1
172	197	-1
172	198	-1
172	199	1
172	200	-1
172	202	-1
172	205	-1
172	208	-1
172	209	-1
172	210	-1
172	212	1
172	213	1
172	215	-1
172	216	-1
172	217	1
172	218	1
172	219	1
172	222	-1
172	223	-1
172	224	-1
172	232	-1
172	234	1
172	235	1
172	237	-1
172	239	-1
172	241	1
172	244	-1
172	246	1
173	174	-1
173	175	1
173	176	1
173	177	-1
173	178	-1
173	180	-1
173	184	1
173	185	1
173	186	-1
173	187	1
173	188	-1
173	189	1
173	191	-1
173	192	1
173	194	1
173	195	-1
173	198	-1
173	199	-1
173	204	-1
173	205	1
173	206	-1
173	210	1
173	215	1
173	217	-1
173	219	1
173	220	-1
173	221	1
173	223	-1
173	226	-1
173	228	1
173	229	1
173	230	1
173	231	1
173	233	-1
173	237	1
173	242	1
173	244	-1
173	246	-1
173	248	-1
174	175	1
174	176	-1
174	177	1
174	178	-1
174	180	1
174	181	-1
174	185	-1
174	187	1
174	188	1
174	190	1
174	193	-1
174	194	1
174	198	1
174	200	1
174	205	1
174	206	1
174	208	1
174	212	1
174	213	1
174	214	-1
174	216	-1
174	218	1
174	219	1
174	221	-1
174	222	1
174	225	1
174	226	-1
174	227	-1
174	228	1
174	230	1
174	231	1
174	232	-1
174	235	1
174	236	-1
174	238	-1
174	241	1
174	242	-1
174	244	-1
174	249	-1
175	178	1
175	180	1
175	181	1
175	185	1
175	186	1
175	187	1
175	188	-1
175	189	1
175	190	1
175	191	-1
175	192	-1
175	198	-1
175	201	1
175	204	1
175	207	1
175	211	-1
175	212	1
175	217	-1
175	221	1
175	223	1
175	224	-1
175	226	-1
175	227	-1
175	230	1
175	231	-1
175	233	1
175	234	-1
175	235	-1
175	236	1
175	241	1
175	245	-1
176	178	1
176	179	-1
176	180	-1
176	181	-1
176	184	-1
176	185	1
176	187	-1
176	190	1
176	194	1
176	195	-1
176	201	-1
176	205	-1
176	209	-1
176	214	-1
176	215	-1
176	216	-1
176	221	-1
176	222	-1
176	228	-1
176	229	1
176	230	1
176	231	1
176	233	1
176	234	1
176	236	1
176	238	1
176	246	1
176	247	-1
176	249	1
177	178	1
177	179	1
177	181	1
177	183	1
177	186	-1
177	187	-1
177	188	-1
177	190	-1
177	192	-1
177	195	-1
177	199	1
177	200	-1
177	201	-1
177	203	1
177	204	1
177	205	-1
177	206	1
177	209	-1
177	211	1
177	212	1
177	214	1
177	219	-1
177	221	-1
177	223	1
177	225	1
177	226	1
177	229	-1
177	234	-1
177	235	1
177	236	-1
177	237	-1
177	239	1
177	240	1
177	245	1
177	246	-1
177	247	1
177	249	-1
178	180	1
178	181	1
178	182	-1
178	183	-1
178	184	1
178	186	-1
178	188	-1
178	190	-1
178	191	-1
178	192	1
178	193	1
178	194	-1
178	196	-1
178	197	-1
178	198	-1
178	200	1
178	202	1
178	206	1
178	207	1
178	208	1
178	210	-1
178	213	-1
178	214	1
178	215	-1
178	217	1
178	218	1
178	220	-1
178	221	-1
178	222	-1
178	223	-1
178	228	1
178	229	1
178	235	-1
178	236	1
178	238	-1
178	241	-1
178	242	1
178	246	-1
178	248	1
179	181	-1
179	182	1
179	184	1
179	185	-1
179	187	1
179	189	1
179	192	-1
179	193	-1
179	194	1
179	195	1
179	196	-1
179	198	1
179	199	1
179	202	1
179	203	-1
179	204	-1
179	210	1
179	211	-1
179	212	-1
179	213	1
179	214	-1
179	215	1
179	220	-1
179	221	1
179	223	1
179	225	-1
179	227	-1
179	228	1
179	229	1
179	231	1
179	233	1
179	235	-1
179	239	1
179	240	1
179	241	-1
179	243	1
179	247	-1
179	249	1
180	181	-1
180	187	-1
180	190	1
180	191	1
180	195	1
180	196	-1
180	197	1
180	202	1
180	204	-1
180	206	1
180	208	-1
180	209	1
180	210	1
180	211	-1
180	213	1
180	214	-1
180	215	-1
180	218	-1
180	219	1
180	220	1
180	221	1
180	223	-1
180	224	-1
180	225	1
180	226	-1
180	227	1
180	232	1
180	233	-1
180	235	-1
180	236	-1
180	239	1
180	242	1
180	244	1
180	245	1
180	246	1
180	247	-1
180	248	-1
181	182	1
181	183	1
181	184	-1
181	186	-1
181	187	1
181	191	1
181	195	-1
181	198	1
181	199	1
181	201	1
181	202	-1
181	205	-1
181	206	-1
181	208	1
181	210	1
181	213	1
181	214	1
181	216	-1
181	219	-1
181	221	-1
181	222	-1
181	223	1
181	224	1
181	225	-1
181	226	-1
181	227	1
181	229	1
181	230	-1
181	232	-1
181	237	1
181	240	-1
181	242	1
181	243	1
181	244	-1
181	245	1
182	186	1
182	187	1
182	188	1
182	189	1
182	191	-1
182	193	-1
182	198	-1
182	199	1
182	201	1
182	202	-1
182	205	1
182	206	1
182	207	1
182	209	-1
182	210	1
182	211	-1
182	212	-1
182	213	-1
182	215	1
182	216	-1
182	217	1
182	218	1
182	219	-1
182	221	-1
182	224	-1
182	225	-1
182	226	-1
182	227	1
182	231	1
182	232	-1
182	236	1
182	237	1
182	239	1
182	243	-1
182	244	1
182	246	1
182	248	-1
182	249	1
183	185	1
183	186	-1
183	187	1
183	189	-1
183	191	1
183	193	1
183	194	1
183	195	-1
183	196	1
183	198	-1
183	199	1
183	200	1
183	205	1
183	206	1
183	207	-1
183	209	1
183	212	1
183	215	-1
183	217	1
183	221	1
183	223	-1
183	224	1
183	226	-1
183	229	-1
183	234	1
183	235	1
183	237	-1
183	238	1
183	239	-1
183	243	-1
183	244	1
183	246	-1
183	247	-1
183	249	1
184	187	-1
184	188	1
184	192	-1
184	193	1
184	196	-1
184	197	1
184	198	-1
184	199	-1
184	200	-1
184	201	1
184	202	-1
184	206	-1
184	207	1
184	208	-1
184	211	-1
184	218	-1
184	220	-1
184	222	1
184	226	-1
184	227	1
184	228	-1
184	229	-1
184	233	-1
184	234	-1
184	236	1
184	237	-1
184	238	1
184	241	1
184	243	-1
184	244	-1
184	246	-1
184	248	-1
184	249	-1
185	188	-1
185	189	-1
185	190	1
185	195	-1
185	197	1
185	200	1
185	202	-1
185	203	-1
185	204	-1
185	205	1
185	207	1
185	208	1
185	216	-1
185	218	-1
185	225	1
185	226	-1
185	227	-1
185	229	1
185	231	-1
185	239	1
185	246	1
186	188	1
186	189	1
186	191	-1
186	194	-1
186	195	1
186	196	-1
186	197	1
186	199	1
186	201	1
186	204	-1
186	206	-1
186	207	1
186	208	-1
186	209	1
186	211	1
186	212	1
186	213	1
186	214	-1
186	215	1
186	218	-1
186	219	-1
186	220	1
186	221	1
186	225	-1
186	228	1
186	231	-1
186	233	-1
186	234	-1
186	235	1
186	240	1
186	241	-1
186	243	1
186	247	-1
186	248	1
187	197	-1
187	198	-1
187	200	1
187	201	-1
187	205	-1
187	207	1
187	208	1
187	212	-1
187	214	1
187	217	1
187	219	-1
187	220	1
187	224	1
187	225	1
187	226	-1
187	227	-1
187	228	-1
187	229	-1
187	230	1
187	233	1
187	234	-1
187	238	1
187	240	-1
187	241	-1
187	242	1
187	243	-1
187	248	-1
187	249	-1
188	190	-1
188	194	1
188	195	1
188	198	1
188	199	-1
188	200	1
188	201	1
188	202	1
188	204	-1
188	206	1
188	208	-1
188	213	-1
188	219	-1
188	220	1
188	221	-1
188	222	1
188	224	1
188	226	-1
188	227	-1
188	230	-1
188	231	-1
188	236	-1
188	237	1
188	238	1
188	239	1
188	241	-1
188	242	-1
188	243	-1
188	246	1
188	248	1
189	192	1
189	195	1
189	196	-1
189	197	-1
189	200	-1
189	202	-1
189	203	-1
189	204	-1
189	205	-1
189	207	1
189	209	1
189	211	1
189	212	1
189	214	1
189	215	1
189	216	1
189	217	1
189	219	-1
189	221	1
189	222	1
189	223	1
189	225	1
189	226	-1
189	228	-1
189	230	-1
189	232	1
189	233	-1
189	234	-1
189	235	1
189	237	-1
189	238	1
189	243	-1
189	244	1
189	246	-1
189	247	1
189	248	1
190	191	-1
190	192	-1
190	193	-1
190	198	1
190	199	1
190	200	1
190	201	-1
190	202	-1
190	206	1
190	210	-1
190	211	-1
190	214	1
190	215	1
190	221	-1
190	223	-1
190	224	1
190	226	1
190	234	-1
190	239	-1
190	242	-1
190	243	-1
190	245	-1
190	247	1
190	248	1
190	249	1
191	193	-1
191	194	1
191	195	-1
191	196	-1
191	198	1
191	200	-1
191	202	1
191	203	-1
191	205	1
191	208	1
191	209	1
191	210	1
191	212	1
191	215	-1
191	216	-1
191	218	1
191	220	-1
191	221	1
191	222	1
191	224	-1
191	226	-1
191	228	1
191	230	-1
191	231	-1
191	233	1
191	234	1
191	235	1
191	236	1
191	237	-1
191	242	1
191	245	-1
191	246	1
191	249	1
192	193	1
192	197	1
192	199	1
192	200	-1
192	204	1
192	206	-1
192	207	-1
192	209	1
192	211	-1
192	212	1
192	213	1
192	214	1
192	215	-1
192	216	1
192	217	-1
192	219	-1
192	221	-1
192	222	-1
192	224	-1
192	226	1
192	227	-1
192	228	-1
192	230	1
192	231	1
192	232	-1
192	233	1
192	234	-1
192	236	-1
192	237	1
192	240	1
192	243	1
192	244	1
192	247	1
193	196	1
193	197	1
193	198	1
193	200	1
193	203	-1
193	205	1
193	206	-1
193	210	1
193	211	-1
193	212	-1
193	213	-1
193	216	-1
193	222	1
193	224	-1
193	227	-1
193	229	1
193	230	1
193	232	1
193	234	1
193	238	1
193	240	-1
193	241	-1
193	243	1
193	246	-1
193	247	-1
193	249	-1
194	197	1
194	198	-1
194	199	1
194	200	-1
194	201	-1
194	202	1
194	203	1
194	204	-1
194	207	1
194	208	1
194	210	1
194	211	1
194	212	1
194	215	1
194	216	1
194	217	-1
194	223	1
194	224	1
194	225	1
194	227	-1
194	228	-1
194	229	1
194	230	1
194	231	1
194	232	1
194	235	1
194	236	1
194	237	1
194	240	-1
194	241	-1
194	243	1
194	245	1
194	246	-1
195	196	1
195	199	1
195	209	-1
195	211	1
195	212	-1
195	213	1
195	215	-1
195	217	-1
195	218	1
195	219	1
195	221	-1
195	223	1
195	224	-1
195	227	1
195	230	-1
195	231	1
195	232	1
195	234	-1
195	237	-1
195	239	-1
195	240	1
195	242	1
195	247	1
195	248	1
196	197	1
196	198	-1
196	199	1
196	205	1
196	206	-1
196	207	1
196	208	-1
196	210	1
196	211	1
196	213	1
196	214	1
196	217	-1
196	218	1
196	219	1
196	221	-1
196	222	-1
196	223	1
196	225	1
196	226	1
196	227	1
196	232	1
196	233	-1
196	237	-1
196	238	-1
196	240	1
196	242	-1
196	243	1
196	245	1
196	247	-1
196	248	1
196	249	-1
197	199	1
197	200	1
197	202	-1
197	205	-1
197	207	-1
197	208	-1
197	210	1
197	212	1
197	213	-1
197	215	-1
197	219	-1
197	223	-1
197	225	-1
197	228	1
197	229	-1
197	231	-1
197	232	-1
197	236	-1
197	239	-1
197	243	-1
197	244	-1
197	246	-1
198	199	-1
198	205	-1
198	208	-1
198	212	-1
198	213	1
198	216	-1
198	217	-1
198	218	-1
198	220	1
198	221	1
198	222	-1
198	224	-1
198	225	-1
198	226	-1
198	228	1
198	231	-1
198	232	-1
198	233	1
198	235	-1
198	236	1
198	237	-1
198	238	1
198	239	-1
198	240	1
198	243	1
198	245	-1
198	248	1
199	202	1
199	206	-1
199	207	-1
199	208	1
199	211	1
199	213	1
199	215	-1
199	217	1
199	219	1
199	221	1
199	225	1
199	226	-1
199	227	-1
199	229	-1
199	240	1
199	246	1
199	249	-1
200	202	1
200	203	1
200	204	1
200	208	1
200	211	1
200	212	1
200	216	-1
200	219	-1
200	220	-1
200	226	1
200	229	1
200	231	1
200	233	1
200	239	1
200	240	-1
200	244	-1
200	245	1
200	247	1
201	203	-1
201	205	1
201	206	-1
201	207	1
201	208	1
201	210	-1
201	212	1
201	214	1
201	218	1
201	220	1
201	224	-1
201	225	-1
201	228	1
201	230	-1
201	231	-1
201	232	1
201	236	1
201	237	-1
201	239	1
201	240	-1
201	241	-1
202	203	-1
202	205	1
202	210	1
202	213	1
202	214	1
202	218	1
202	220	1
202	223	-1
202	227	-1
202	228	1
202	229	-1
202	230	1
202	231	1
202	233	1
202	234	1
202	235	-1
202	240	1
202	247	1
203	207	-1
203	209	1
203	213	-1
203	214	1
203	216	-1
203	217	-1
203	222	-1
203	226	-1
203	227	-1
203	228	1
203	229	-1
203	232	-1
203	234	1
203	235	-1
203	236	-1
203	238	-1
203	240	-1
203	243	-1
203	244	-1
203	245	1
203	248	1
203	249	-1
204	210	1
204	213	1
204	214	1
204	216	1
204	221	-1
204	222	-1
204	224	-1
204	226	-1
204	227	1
204	228	1
204	229	1
204	235	1
204	236	-1
204	239	-1
204	240	1
204	242	1
204	244	-1
204	245	1
204	247	-1
204	248	-1
204	249	-1
205	212	1
205	214	1
205	217	-1
205	218	-1
205	220	-1
205	221	1
205	223	1
205	225	-1
205	226	1
205	228	1
205	231	-1
205	233	1
205	235	1
205	237	1
205	239	-1
205	240	-1
205	241	-1
205	242	-1
205	243	-1
205	248	1
205	249	-1
206	207	-1
206	210	-1
206	211	-1
206	214	1
206	215	-1
206	216	-1
206	217	-1
206	222	-1
206	224	-1
206	225	-1
206	227	1
206	229	1
206	231	1
206	232	-1
206	234	-1
206	235	1
206	236	-1
206	237	-1
206	238	1
206	241	-1
206	242	1
206	247	-1
206	249	-1
207	209	1
207	210	1
207	212	1
207	213	-1
207	214	-1
207	216	1
207	217	1
207	218	-1
207	219	-1
207	221	1
207	222	-1
207	225	1
207	229	1
207	233	1
207	237	-1
207	241	-1
207	243	-1
207	244	-1
207	245	1
207	247	1
207	249	1
208	209	1
208	211	-1
208	213	1
208	215	1
208	218	1
208	223	-1
208	224	-1
208	225	-1
208	229	-1
208	231	1
208	233	-1
208	234	1
208	236	-1
208	238	1
208	242	-1
208	243	1
208	245	1
209	211	1
209	212	1
209	220	1
209	222	1
209	223	1
209	224	1
209	228	1
209	231	1
209	234	1
209	235	1
209	236	1
209	237	-1
209	239	-1
209	241	-1
209	242	-1
209	245	-1
210	211	-1
210	212	1
210	213	-1
210	214	1
210	216	-1
210	219	-1
210	222	1
210	224	1
210	225	-1
210	228	1
210	230	-1
210	231	-1
210	232	1
210	233	1
210	235	-1
210	236	1
210	237	1
210	238	-1
210	241	1
210	242	1
210	244	1
210	246	1
210	247	1
210	248	-1
211	212	1
211	218	-1
211	222	1
211	225	-1
211	227	1
211	229	1
211	230	1
211	231	1
211	232	1
211	233	-1
211	234	-1
211	235	-1
211	237	1
211	238	-1
211	242	1
211	243	1
211	244	1
211	245	1
211	247	1
211	249	-1
212	213	-1
212	214	-1
212	219	1
212	220	-1
212	223	1
212	227	-1
212	232	-1
212	233	-1
212	236	1
212	238	-1
212	240	-1
212	242	1
212	243	1
212	245	-1
212	246	-1
213	215	1
213	216	1
213	217	-1
213	218	-1
213	219	-1
213	220	-1
213	223	1
213	227	1
213	232	-1
213	233	-1
213	234	1
213	236	-1
213	240	-1
213	241	-1
213	244	-1
213	246	-1
213	247	-1
213	249	-1
214	216	1
214	218	1
214	220	-1
214	223	1
214	229	1
214	233	-1
214	237	-1
214	238	-1
214	240	-1
214	243	-1
214	246	-1
215	218	-1
215	220	1
215	222	1
215	226	1
215	228	1
215	230	-1
215	231	-1
215	233	-1
215	234	1
215	235	1
215	237	-1
215	238	1
215	241	-1
215	242	1
215	243	-1
215	246	-1
215	247	1
215	248	1
215	249	1
216	218	-1
216	219	1
216	222	-1
216	225	1
216	226	1
216	228	-1
216	229	1
216	232	-1
216	236	1
216	242	-1
216	243	1
216	244	-1
216	247	1
216	249	-1
217	222	1
217	223	1
217	225	-1
217	233	-1
217	236	-1
217	238	-1
217	239	-1
217	240	-1
217	241	-1
217	242	1
217	243	1
217	247	1
217	248	1
217	249	1
218	220	-1
218	225	-1
218	229	-1
218	230	1
218	232	1
218	235	-1
218	237	1
218	240	1
218	244	1
218	245	-1
218	247	-1
219	220	-1
219	221	1
219	226	-1
219	227	1
219	229	1
219	230	1
219	231	-1
219	233	-1
219	234	-1
219	238	-1
219	240	-1
219	241	1
219	247	-1
220	221	-1
220	222	1
220	225	1
220	226	1
220	228	-1
220	229	1
220	230	-1
220	232	-1
220	234	1
220	235	-1
220	237	1
220	238	-1
220	243	1
220	244	1
220	245	1
220	249	1
221	223	1
221	226	1
221	228	-1
221	230	-1
221	232	1
221	234	-1
221	235	1
221	237	-1
221	238	-1
221	241	1
221	242	-1
221	244	-1
221	245	-1
222	224	-1
222	225	-1
222	228	-1
222	229	1
222	231	1
222	235	-1
222	237	1
222	238	-1
222	239	-1
222	240	1
222	241	-1
222	242	-1
222	243	1
222	244	1
222	245	-1
222	248	-1
222	249	-1
223	228	-1
223	231	1
223	232	1
223	233	-1
223	238	-1
223	239	1
223	240	-1
223	247	-1
223	248	1
223	249	1
224	225	-1
224	227	-1
224	230	-1
224	233	-1
224	234	-1
224	235	-1
224	236	1
224	246	1
224	247	-1
225	226	-1
225	227	1
225	229	-1
225	230	-1
225	232	1
225	235	-1
225	237	1
225	238	1
225	243	-1
225	244	1
225	245	1
225	247	-1
225	248	-1
225	249	1
226	227	1
226	228	-1
226	230	1
226	232	-1
226	235	-1
226	236	-1
226	237	1
226	238	1
226	239	1
226	242	-1
226	243	1
226	245	-1
226	246	1
226	248	-1
226	249	-1
227	230	1
227	231	-1
227	238	-1
227	240	1
227	241	1
227	242	1
227	243	1
227	247	1
228	235	1
228	239	-1
228	240	1
228	241	-1
228	244	1
228	246	1
228	248	1
229	230	1
229	232	1
229	243	1
229	248	-1
230	231	-1
230	232	1
230	233	1
230	236	1
230	237	1
230	239	1
230	242	1
230	243	-1
230	245	-1
230	246	1
230	247	1
231	232	1
231	235	1
231	239	1
231	242	1
231	244	-1
231	246	1
231	247	1
231	249	-1
232	233	-1
232	240	-1
232	241	1
232	242	1
232	245	1
232	247	-1
233	234	-1
233	237	1
233	238	-1
233	241	-1
233	242	-1
233	243	-1
233	245	1
233	247	1
233	248	-1
233	249	-1
234	236	-1
234	238	1
234	240	1
234	241	-1
234	245	-1
234	247	-1
234	249	-1
235	236	-1
235	237	-1
235	238	-1
235	239	-1
235	240	1
235	244	-1
235	246	-1
235	248	1
236	239	1
236	240	1
236	241	-1
236	242	1
236	243	-1
236	244	1
236	246	1
236	248	1
236	249	1
237	238	-1
237	240	1
237	242	-1
237	244	-1
237	245	-1
237	246	1
237	247	1
237	248	1
238	240	1
238	241	1
238	244	1
238	245	1
238	246	1
238	249	1
239	242	-1
239	245	-1
239	247	-1
239	248	1
240	242	1
240	243	1
240	246	-1
240	249	1
241	242	-1
241	244	1
241	245	1
241	248	1
242	243	1
242	244	-1
242	245	-1
242	247	-1
243	244	-1
243	246	1
243	247	1
243	249	1
244	245	1
244	246	-1
244	248	1
245	246	-1
245	247	-1
245	248	1
246	248	1
246	249	1
247	248	-1
248	249	-1
