# 500
0	1	-1
0	2	1
0	4	1
0	5	1
0	6	-1
0	7	1
0	8	-1
0	10	1
0	11	1
0	12	1
0	13	1
0	15	-1
0	16	-1
0	17	1
0	18	1
0	19	1
0	20	1
0	21	1
0	22	-1
0	24	1
0	25	1
0	27	1
0	28	1
0	30	1
0	33	-1
0	35	1
0	36	1
0	37	1
0	39	-1
0	40	-1
0	41	-1
0	44	1
0	46	-1
0	47	-1
0	48	1
0	49	-1
0	50	1
0	52	-1
0	55	1
0	58	-1
0	59	-1
0	60	-1
0	61	-1
0	62	-1
0	63	1
0	64	1
0	65	1
0	67	-1
0	68	1
0	69	-1
0	72	-1
0	73	1
0	75	-1
0	78	-1
0	79	-1
0	80	-1
0	81	1
0	82	-1
0	84	-1
0	85	1
0	86	1
0	87	-1
0	88	-1
0	90	-1
0	92	1
0	93	-1
0	96	-1
0	98	1
0	99	-1
0	101	1
0	103	-1
0	104	-1
0	105	-1
0	108	1
0	110	-1
0	112	1
0	113	-1
0	114	-1
0	116	-1
0	117	-1
0	118	-1
0	119	1
0	120	-1
0	122	1
0	124	-1
0	127	-1
0	129	1
0	130	-1
0	133	1
0	136	-1
0	137	-1
0	141	-1
0	143	-1
0	144	-1
0	145	1
0	146	1
0	147	1
0	148	-1
0	149	-1
0	152	-1
0	153	-1
0	154	1
0	158	-1
0	162	-1
0	167	-1
0	169	1
0	170	-1
0	173	-1
0	174	-1
0	175	1
0	176	1
0	177	1
0	179	-1
0	181	-1
0	183	-1
0	184	1
0	186	-1
0	187	1
0	189	1
0	190	-1
0	191	-1
0	193	-1
0	195	1
0	197	1
0	199	-1
0	201	-1
0	203	-1
0	204	1
0	205	1
0	206	-1
0	207	1
0	212	1
0	216	-1
0	218	-1
0	219	1
0	223	-1
0	227	1
0	229	-1
0	230	1
0	232	-1
0	233	-1
0	234	1
0	236	-1
0	237	-1
0	239	-1
0	246	1
0	248	-1
0	249	1
0	252	-1
0	253	-1
0	254	1
0	255	-1
0	257	1
0	259	-1
0	263	1
0	265	-1
0	268	1
0	272	1
0	277	1
0	279	1
0	285	-1
0	288	-1
0	289	1
0	291	-1
0	295	1
0	296	1
0	297	1
0	299	1
0	301	1
0	302	1
0	303	1
0	305	1
0	309	1
0	312	1
0	314	1
0	315	1
0	316	-1
0	320	1
0	321	1
0	323	1
0	324	-1
0	327	1
0	328	-1
0	330	-1
0	331	-1
0	334	-1
0	338	1
0	340	-1
0	342	-1
0	344	-1
0	348	1
0	349	1
0	350	-1
0	351	1
0	354	-1
0	355	-1
0	356	1
0	359	1
0	361	-1
0	369	-1
0	370	-1
0	373	-1
0	375	1
0	376	1
0	378	-1
0	381	-1
0	382	1
0	385	1
0	386	1
0	389	-1
0	390	-1
0	392	1
0	395	1
0	396	1
0	397	1
0	399	1
0	401	-1
0	402	-1
0	403	-1
0	411	1
0	412	1
0	417	-1
0	422	-1
0	423	1
0	424	-1
0	426	-1
0	428	1
0	431	1
0	432	-1
0	435	1
0	437	-1
0	441	-1
0	445	1
0	446	-1
0	447	1
0	448	-1
0	449	-1
0	452	-1
0	455	1
0	457	1
0	459	1
0	461	1
0	462	-1
0	463	-1
0	464	-1
0	466	1
0	467	-1
0	468	1
0	469	1
0	470	1
0	471	1
0	476	1
0	479	-1
0	481	-1
0	482	1
0	485	1
0	486	1
0	487	1
0	488	1
0	490	-1
0	491	-1
0	494	-1
1	2	-1
1	3	-1
1	4	1
1	5	-1
1	6	1
1	7	1
1	9	1
1	10	-1
1	11	-1
1	15	1
1	16	1
1	18	1
1	19	-1
1	20	1
1	22	1
1	23	-1
1	24	1
1	25	1
1	26	-1
1	28	-1
1	29	-1
1	30	1
1	32	1
1	33	1
1	35	-1
1	36	1
1	37	1
1	39	-1
1	40	1
1	41	1
1	42	-1
1	43	-1
1	44	1
1	45	-1
1	48	-1
1	50	-1
1	51	-1
1	54	-1
1	55	1
1	56	-1
1	57	-1
1	58	-1
1	59	1
1	60	-1
1	61	1
1	62	-1
1	63	-1
1	64	-1
1	67	1
1	68	-1
1	70	1
1	71	1
1	72	1
1	75	-1
1	76	-1
1	78	-1
1	79	-1
1	80	-1
1	82	-1
1	84	-1
1	85	-1
1	86	-1
1	88	-1
1	89	1
1	90	-1
1	91	1
1	93	-1
1	94	-1
1	96	-1
1	98	1
1	99	1
1	100	-1
1	101	-1
1	104	1
1	106	1
1	109	1
1	112	1
1	117	1
1	119	1
1	121	-1
1	122	-1
1	123	1
1	126	-1
1	127	1
1	135	-1
1	140	1
1	142	1
1	143	1
1	146	1
1	147	1
1	148	1
1	150	-1
1	151	-1
1	152	1
1	154	-1
1	160	-1
1	165	1
1	167	-1
1	169	1
1	171	1
1	172	-1
1	173	-1
1	174	1
1	175	1
1	176	-1
1	177	1
1	179	-1
1	183	-1
1	190	1
1	193	-1
1	194	1
1	195	1
1	197	1
1	201	-1
1	204	1
1	205	1
1	206	1
1	208	-1
1	209	1
1	210	1
1	211	1
1	214	-1
1	215	1
1	218	-1
1	220	1
1	222	-1
1	223	-1
1	224	-1
1	226	-1
1	227	1
1	229	1
1	230	1
1	233	1
1	234	-1
1	237	1
1	238	1
1	240	-1
1	245	-1
1	246	-1
1	247	-1
1	248	-1
1	249	-1
1	250	1
1	251	-1
1	252	-1
1	253	1
1	255	1
1	256	1
1	257	-1
1	258	1
1	262	1
1	268	-1
1	270	-1
1	271	-1
1	272	1
1	273	1
1	275	1
1	276	1
1	277	-1
1	278	-1
1	279	1
1	280	-1
1	281	-1
1	282	-1
1	283	-1
1	284	-1
1	285	-1
1	287	-1
1	288	-1
1	289	-1
1	291	1
1	292	1
1	293	1
1	295	-1
1	298	-1
1	299	-1
1	300	-1
1	301	1
1	302	1
1	303	1
1	307	-1
1	311	-1
1	316	-1
1	317	-1
1	318	1
1	319	1
1	320	-1
1	321	-1
1	323	1
1	324	1
1	325	1
1	332	1
1	334	-1
1	336	1
1	338	1
1	340	1
1	341	1
1	342	1
1	343	-1
1	345	1
1	351	1
1	352	1
1	357	-1
1	358	1
1	359	1
1	360	-1
1	361	1
1	362	1
1	363	-1
1	364	-1
1	365	-1
1	368	1
1	372	-1
1	373	1
1	375	1
1	376	1
1	377	1
1	379	1
1	381	-1
1	382	1
1	383	1
1	384	-1
1	385	-1
1	390	1
1	392	1
1	393	1
1	394	-1
1	395	1
1	396	-1
1	398	-1
1	399	-1
1	400	-1
1	404	1
1	405	1
1	406	-1
1	408	-1
1	409	1
1	413	-1
1	414	-1
1	415	-1
1	416	1
1	417	-1
1	419	1
1	422	1
1	423	-1
1	425	-1
1	427	-1
1	428	-1
1	429	1
1	432	-1
1	437	-1
1	438	1
1	439	-1
1	440	1
1	441	1
1	449	-1
1	450	-1
1	451	1
1	452	1
1	453	-1
1	454	1
1	455	1
1	458	1
1	460	-1
1	462	-1
1	463	1
1	466	-1
1	468	1
1	469	1
1	470	-1
1	472	-1
1	477	1
1	479	-1
1	480	1
1	483	-1
1	485	-1
1	486	-1
1	487	1
1	490	-1
1	491	-1
1	492	1
1	493	-1
1	495	1
1	496	-1
1	497	1
1	498	1
1	499	-1
2	3	-1
2	4	1
2	5	-1
2	7	-1
2	8	1
2	9	-1
2	10	1
2	11	1
2	12	1
2	13	1
2	14	1
2	16	-1
2	18	1
2	19	1
2	20	1
2	22	1
2	24	-1
2	26	1
2	27	1
2	28	1
2	31	1
2	32	1
2	33	-1
2	34	-1
2	35	-1
2	36	-1
2	37	-1
2	38	1
2	39	1
2	40	-1
2	41	1
2	42	-1
2	43	1
2	44	-1
2	45	1
2	46	1
2	47	-1
2	48	-1
2	49	1
2	50	-1
2	53	1
2	54	1
2	55	-1
2	56	-1
2	57	-1
2	58	-1
2	59	-1
2	60	-1
2	61	1
2	62	-1
2	63	1
2	64	-1
2	67	-1
2	68	-1
2	69	1
2	70	-1
2	71	-1
2	72	-1
2	73	1
2	74	1
2	75	-1
2	76	-1
2	78	-1
2	79	-1
2	80	1
2	81	-1
2	82	-1
2	83	-1
2	85	1
2	88	-1
2	89	1
2	90	-1
2	91	-1
2	93	-1
2	95	-1
2	97	-1
2	98	1
2	99	1
2	101	1
2	103	-1
2	111	-1
2	116	1
2	118	-1
2	119	-1
2	122	-1
2	123	-1
2	125	-1
2	126	1
2	130	-1
2	131	1
2	132	-1
2	133	-1
2	136	1
2	138	-1
2	141	-1
2	144	1
2	149	1
2	150	-1
2	151	1
2	154	-1
2	155	-1
2	158	-1
2	161	-1
2	162	1
2	166	1
2	169	-1
2	173	1
2	178	1
2	180	1
2	181	-1
2	182	-1
2	183	1
2	184	1
2	187	1
2	189	-1
2	190	1
2	191	1
2	194	1
2	196	1
2	197	-1
2	198	1
2	202	-1
2	210	-1
2	211	-1
2	213	1
2	217	1
2	219	1
2	221	1
2	222	1
2	225	-1
2	227	-1
2	228	-1
2	230	1
2	231	1
2	233	1
2	234	1
2	236	-1
2	237	-1
2	238	1
2	240	1
2	241	-1
2	242	-1
2	246	1
2	247	1
2	248	-1
2	249	1
2	250	1
2	252	-1
2	253	1
2	254	1
2	255	-1
2	258	1
2	260	1
2	261	1
2	262	-1
2	263	1
2	266	-1
2	267	-1
2	268	1
2	274	1
2	280	-1
2	283	-1
2	284	1
2	285	-1
2	289	-1
2	294	-1
2	295	-1
2	298	1
2	301	-1
2	302	-1
2	303	1
2	307	-1
2	308	1
2	310	1
2	312	-1
2	313	1
2	314	-1
2	315	1
2	320	1
2	321	-1
2	323	1
2	324	1
2	325	-1
2	326	-1
2	332	-1
2	335	1
2	336	1
2	338	1
2	340	1
2	341	1
2	344	-1
2	348	-1
2	351	-1
2	352	1
2	353	1
2	355	-1
2	362	1
2	367	-1
2	368	-1
2	369	1
2	370	-1
2	371	-1
2	372	-1
2	373	1
2	375	1
2	376	-1
2	377	1
2	379	1
2	381	-1
2	385	-1
2	386	1
2	387	1
2	388	-1
2	390	1
2	399	-1
2	401	-1
2	402	1
2	404	-1
2	408	-1
2	409	-1
2	418	-1
2	420	1
2	421	-1
2	423	-1
2	426	-1
2	435	1
2	436	1
2	437	1
2	438	1
2	440	1
2	447	1
2	449	-1
2	450	-1
2	451	1
2	452	-1
2	455	1
2	456	-1
2	457	1
2	458	-1
2	461	1
2	464	1
2	465	-1
2	467	-1
2	468	1
2	469	-1
2	470	-1
2	471	-1
2	477	-1
2	484	1
2	488	-1
2	492	-1
2	494	-1
2	495	-1
2	496	1
2	497	-1
2	499	1
3	4	-1
3	5	1
3	6	-1
3	7	-1
3	8	-1
3	10	1
3	11	1
3	12	-1
3	13	1
3	14	1
3	15	-1
3	16	1
3	19	-1
3	20	1
3	21	-1
3	22	1
3	23	-1
3	24	-1
3	26	1
3	27	-1
3	28	1
3	29	-1
3	30	1
3	31	-1
3	32	1
3	33	1
3	34	-1
3	35	-1
3	36	1
3	37	1
3	38	-1
3	39	1
3	40	1
3	41	1
3	43	1
3	44	-1
3	45	1
3	47	1
3	49	-1
3	50	1
3	51	-1
3	52	-1
3	53	-1
3	54	1
3	55	1
3	58	-1
3	59	1
3	60	-1
3	62	-1
3	63	-1
3	64	-1
3	65	1
3	67	-1
3	69	-1
3	71	1
3	72	-1
3	73	-1
3	76	1
3	77	1
3	79	1
3	82	-1
3	83	-1
3	84	-1
3	85	1
3	86	-1
3	87	1
3	88	1
3	90	-1
3	91	1
3	93	-1
3	95	-1
3	96	-1
3	98	-1
3	99	1
3	101	1
3	102	-1
3	104	1
3	105	1
3	109	1
3	111	-1
3	113	1
3	115	1
3	116	-1
3	119	1
3	120	1
3	121	-1
3	122	-1
3	124	-1
3	125	-1
3	126	-1
3	128	-1
3	129	-1
3	130	-1
3	131	1
3	133	1
3	134	1
3	135	1
3	138	1
3	140	1
3	141	-1
3	146	-1
3	147	1
3	148	-1
3	149	1
3	153	-1
3	156	1
3	157	1
3	163	-1
3	165	-1
3	166	1
3	167	-1
3	169	1
3	171	-1
3	176	1
3	177	-1
3	179	1
3	180	1
3	187	1
3	193	-1
3	194	1
3	199	1
3	200	1
3	202	-1
3	203	-1
3	205	-1
3	206	-1
3	207	1
3	209	1
3	210	1
3	212	1
3	213	1
3	215	1
3	217	1
3	221	1
3	225	1
3	230	1
3	231	1
3	234	-1
3	235	1
3	236	1
3	239	-1
3	240	1
3	241	1
3	244	1
3	245	1
3	247	-1
3	250	-1
3	251	-1
3	256	1
3	261	1
3	262	1
3	263	-1
3	264	-1
3	265	-1
3	269	1
3	271	-1
3	273	-1
3	274	-1
3	277	-1
3	278	1
3	280	-1
3	284	1
3	286	-1
3	288	1
3	289	1
3	291	-1
3	294	-1
3	297	-1
3	299	1
3	300	1
3	301	1
3	303	-1
3	304	-1
3	305	-1
3	308	-1
3	310	1
3	311	-1
3	313	1
3	314	-1
3	315	-1
3	317	1
3	319	1
3	320	-1
3	321	-1
3	322	-1
3	325	-1
3	326	-1
3	329	1
3	331	-1
3	333	1
3	334	-1
3	339	-1
3	343	-1
3	344	-1
3	348	-1
3	354	1
3	355	1
3	358	-1
3	364	-1
3	365	1
3	369	1
3	373	-1
3	376	-1
3	378	-1
3	379	1
3	381	-1
3	384	-1
3	385	-1
3	387	-1
3	389	1
3	390	-1
3	391	1
3	392	1
3	393	-1
3	395	1
3	402	1
3	404	1
3	405	1
3	406	-1
3	408	1
3	409	1
3	410	-1
3	411	1
3	413	1
3	414	1
3	416	-1
3	417	1
3	418	-1
3	419	1
3	421	-1
3	423	-1
3	428	-1
3	431	1
3	432	1
3	433	-1
3	434	1
3	435	1
3	437	-1
3	438	1
3	443	1
3	445	-1
3	452	-1
3	453	-1
3	457	-1
3	458	1
3	460	-1
3	461	-1
3	462	1
3	464	-1
3	465	-1
3	466	-1
3	468	1
3	470	-1
3	471	1
3	472	1
3	473	1
3	474	1
3	475	1
3	476	-1
3	477	-1
3	478	1
3	479	-1
3	481	1
3	484	-1
3	485	1
3	486	1
3	487	1
3	488	-1
3	491	-1
3	492	1
3	494	-1
3	495	-1
3	496	1
3	497	-1
3	499	1
4	6	-1
4	7	1
4	8	1
4	9	1
4	10	-1
4	11	1
4	13	-1
4	15	-1
4	16	1
4	17	1
4	18	1
4	19	1
4	20	1
4	21	-1
4	22	-1
4	23	1
4	24	1
4	25	1
4	26	1
4	27	-1
4	28	1
4	30	1
4	31	1
4	32	1
4	34	1
4	35	1
4	36	1
4	38	1
4	40	1
4	42	-1
4	43	1
4	44	-1
4	46	1
4	47	-1
4	48	1
4	50	-1
4	51	1
4	52	1
4	53	-1
4	54	-1
4	56	-1
4	57	-1
4	58	-1
4	59	-1
4	60	-1
4	61	1
4	62	-1
4	63	1
4	64	-1
4	65	1
4	66	-1
4	67	1
4	69	-1
4	70	1
4	71	-1
4	72	-1
4	73	-1
4	74	1
4	75	1
4	77	-1
4	78	-1
4	80	-1
4	81	-1
4	82	1
4	83	1
4	84	1
4	86	-1
4	87	-1
4	88	1
4	89	-1
4	91	-1
4	92	1
4	93	1
4	94	1
4	97	-1
4	98	1
4	99	1
4	100	1
4	101	-1
4	103	1
4	107	-1
4	108	1
4	109	-1
4	111	-1
4	112	1
4	116	1
4	119	1
4	120	-1
4	122	-1
4	126	1
4	128	1
4	130	1
4	131	1
4	134	-1
4	136	1
4	137	1
4	140	1
4	141	-1
4	142	1
4	143	1
4	146	1
4	147	-1
4	148	1
4	149	1
4	152	-1
4	153	1
4	155	-1
4	156	1
4	161	1
4	164	1
4	165	1
4	166	-1
4	168	1
4	169	-1
4	170	1
4	174	-1
4	175	-1
4	177	1
4	178	-1
4	179	1
4	180	1
4	183	-1
4	184	-1
4	186	-1
4	190	-1
4	192	-1
4	194	1
4	196	-1
4	198	-1
4	199	-1
4	201	-1
4	202	-1
4	204	-1
4	205	-1
4	209	-1
4	210	1
4	212	1
4	214	-1
4	215	-1
4	216	-1
4	217	-1
4	221	1
4	222	1
4	223	1
4	226	1
4	228	-1
4	230	1
4	232	-1
4	234	1
4	240	1
4	241	1
4	244	-1
4	245	-1
4	247	-1
4	248	-1
4	251	1
4	252	1
4	254	1
4	256	-1
4	257	1
4	258	-1
4	261	-1
4	264	-1
4	265	1
4	267	1
4	269	1
4	271	-1
4	272	1
4	273	1
4	274	-1
4	276	-1
4	279	-1
4	281	1
4	284	1
4	285	-1
4	287	-1
4	288	-1
4	291	1
4	292	-1
4	295	-1
4	296	1
4	297	1
4	298	-1
4	299	1
4	300	1
4	302	1
4	304	1
4	305	1
4	306	-1
4	308	1
4	315	1
4	317	-1
4	318	-1
4	322	-1
4	330	1
4	331	-1
4	335	-1
4	337	1
4	339	1
4	341	1
4	342	1
4	345	1
4	347	-1
4	348	-1
4	349	1
4	350	-1
4	351	1
4	352	1
4	353	1
4	354	1
4	355	1
4	357	1
4	358	-1
4	359	-1
4	360	1
4	363	1
4	364	-1
4	365	-1
4	367	1
4	371	-1
4	375	1
4	378	1
4	380	1
4	383	1
4	384	-1
4	387	1
4	388	-1
4	394	1
4	398	-1
4	400	1
4	402	1
4	406	-1
4	407	-1
4	411	-1
4	412	1
4	413	-1
4	414	-1
4	415	1
4	416	1
4	417	1
4	420	-1
4	424	-1
4	431	-1
4	433	-1
4	435	-1
4	438	1
4	442	1
4	443	1
4	446	1
4	447	1
4	448	-1
4	453	-1
4	455	1
4	456	-1
4	457	-1
4	461	-1
4	462	1
4	464	1
4	466	-1
4	467	-1
4	468	1
4	469	-1
4	473	-1
4	474	-1
4	477	1
4	482	-1
4	483	-1
4	484	1
4	487	-1
4	488	-1
4	489	-1
4	490	1
4	491	1
4	492	1
4	495	-1
4	496	-1
4	497	-1
4	499	-1
5	7	1
5	8	1
5	9	1
5	10	-1
5	11	1
5	14	-1
5	16	1
5	17	1
5	18	1
5	19	1
5	20	-1
5	21	1
5	22	1
5	23	-1
5	24	1
5	27	1
5	29	1
5	30	1
5	33	1
5	34	1
5	35	1
5	37	1
5	38	1
5	39	1
5	40	1
5	41	-1
5	43	1
5	44	1
5	45	1
5	46	-1
5	47	-1
5	48	1
5	50	1
5	51	1
5	53	-1
5	54	1
5	56	-1
5	57	-1
5	58	-1
5	59	-1
5	60	-1
5	64	-1
5	65	1
5	66	-1
5	69	-1
5	72	-1
5	74	-1
5	75	1
5	76	-1
5	78	-1
5	80	-1
5	83	-1
5	85	-1
5	86	1
5	87	1
5	88	1
5	90	-1
5	91	1
5	92	1
5	93	-1
5	94	-1
5	95	1
5	96	-1
5	97	1
5	98	-1
5	99	-1
5	100	-1
5	101	-1
5	102	-1
5	103	1
5	104	1
5	106	-1
5	107	1
5	115	1
5	116	-1
5	118	-1
5	119	1
5	120	1
5	122	1
5	124	1
5	130	-1
5	131	1
5	134	1
5	138	1
5	140	-1
5	142	-1
5	143	-1
5	146	1
5	148	-1
5	149	-1
5	153	1
5	155	-1
5	159	1
5	160	-1
5	163	-1
5	164	-1
5	165	1
5	166	-1
5	171	-1
5	175	-1
5	177	1
5	178	-1
5	179	-1
5	181	1
5	182	-1
5	183	1
5	184	1
5	185	-1
5	186	1
5	187	1
5	188	-1
5	192	1
5	193	1
5	194	1
5	198	1
5	199	1
5	201	1
5	202	-1
5	204	-1
5	205	1
5	208	-1
5	209	1
5	211	1
5	212	-1
5	214	1
5	215	-1
5	216	-1
5	221	-1
5	227	-1
5	229	-1
5	230	1
5	231	-1
5	233	-1
5	238	-1
5	239	-1
5	241	-1
5	242	1
5	244	-1
5	245	-1
5	246	1
5	248	-1
5	249	1
5	251	-1
5	254	1
5	256	-1
5	258	1
5	260	-1
5	261	1
5	263	1
5	265	-1
5	267	1
5	268	-1
5	273	-1
5	275	1
5	277	-1
5	283	-1
5	284	-1
5	285	1
5	287	1
5	289	1
5	292	1
5	294	1
5	295	1
5	297	1
5	299	-1
5	300	1
5	313	1
5	317	-1
5	318	1
5	319	1
5	321	1
5	326	1
5	331	1
5	332	1
5	333	1
5	334	1
5	335	1
5	337	1
5	339	-1
5	340	1
5	344	-1
5	345	1
5	346	1
5	348	-1
5	349	-1
5	352	-1
5	354	1
5	356	-1
5	358	1
5	359	-1
5	360	1
5	362	1
5	364	-1
5	366	1
5	369	-1
5	370	1
5	371	-1
5	372	-1
5	374	1
5	376	1
5	377	-1
5	379	-1
5	382	1
5	387	1
5	390	-1
5	391	1
5	395	1
5	396	1
5	397	-1
5	400	1
5	402	1
5	403	1
5	406	-1
5	409	1
5	410	-1
5	413	-1
5	414	-1
5	415	-1
5	418	-1
5	419	-1
5	420	1
5	422	-1
5	424	-1
5	425	1
5	426	-1
5	428	-1
5	429	-1
5	431	1
5	433	-1
5	435	-1
5	436	-1
5	437	1
5	441	1
5	443	1
5	444	-1
5	445	1
5	446	-1
5	448	1
5	449	1
5	450	-1
5	452	-1
5	453	1
5	458	-1
5	460	1
5	461	1
5	473	-1
5	474	1
5	475	1
5	476	-1
5	478	1
5	481	1
5	482	-1
5	483	-1
5	484	-1
5	485	1
5	487	1
5	489	-1
5	490	-1
5	492	1
5	494	-1
6	8	1
6	9	1
6	13	1
6	14	-1
6	15	-1
6	16	1
6	17	1
6	18	1
6	19	1
6	21	1
6	22	-1
6	24	-1
6	25	1
6	26	-1
6	27	-1
6	28	-1
6	29	-1
6	30	-1
6	33	1
6	35	1
6	36	1
6	37	1
6	39	-1
6	40	1
6	41	-1
6	42	-1
6	43	1
6	44	1
6	46	1
6	49	-1
6	50	-1
6	51	-1
6	52	-1
6	53	-1
6	54	-1
6	55	1
6	56	-1
6	57	1
6	60	-1
6	61	-1
6	62	-1
6	63	1
6	64	-1
6	65	1
6	67	-1
6	68	-1
6	69	-1
6	70	-1
6	72	-1
6	74	1
6	75	-1
6	77	-1
6	81	1
6	83	-1
6	87	-1
6	88	-1
6	89	1
6	90	-1
6	93	-1
6	94	1
6	95	-1
6	96	-1
6	98	1
6	99	-1
6	100	1
6	104	-1
6	105	1
6	106	1
6	107	-1
6	113	1
6	117	-1
6	118	1
6	120	-1
6	122	1
6	123	1
6	130	1
6	132	-1
6	133	-1
6	134	-1
6	137	1
6	143	1
6	145	1
6	146	-1
6	150	-1
6	151	1
6	152	-1
6	153	-1
6	158	1
6	159	1
6	160	1
6	161	-1
6	162	-1
6	163	-1
6	164	-1
6	165	1
6	167	1
6	168	1
6	169	1
6	172	1
6	173	1
6	174	-1
6	175	-1
6	178	-1
6	179	-1
6	180	-1
6	182	1
6	184	-1
6	186	-1
6	187	-1
6	189	1
6	191	1
6	192	1
6	194	-1
6	196	-1
6	198	1
6	202	-1
6	203	1
6	207	1
6	209	-1
6	210	1
6	217	-1
6	218	-1
6	219	1
6	220	-1
6	221	-1
6	223	1
6	225	1
6	226	-1
6	228	1
6	229	-1
6	233	1
6	234	-1
6	235	-1
6	236	1
6	237	1
6	239	1
6	242	1
6	243	-1
6	247	-1
6	248	1
6	249	-1
6	250	-1
6	251	-1
6	252	-1
6	255	-1
6	256	-1
6	259	1
6	261	-1
6	262	1
6	263	-1
6	264	-1
6	266	1
6	267	1
6	268	1
6	270	1
6	271	1
6	272	1
6	273	1
6	275	-1
6	276	-1
6	277	1
6	278	1
6	285	1
6	290	1
6	293	1
6	295	-1
6	298	1
6	302	-1
6	303	1
6	304	1
6	306	-1
6	310	1
6	313	1
6	316	1
6	318	-1
6	320	1
6	325	1
6	326	1
6	327	1
6	328	1
6	331	-1
6	332	-1
6	333	1
6	336	1
6	337	1
6	338	-1
6	339	1
6	340	-1
6	345	-1
6	347	-1
6	348	1
6	349	1
6	353	1
6	354	-1
6	355	-1
6	356	1
6	357	1
6	358	-1
6	359	1
6	360	1
6	361	1
6	363	-1
6	364	-1
6	365	-1
6	367	1
6	371	-1
6	373	1
6	375	-1
6	378	1
6	379	1
6	380	-1
6	381	-1
6	383	-1
6	384	-1
6	385	-1
6	386	1
6	387	-1
6	389	1
6	390	1
6	393	-1
6	394	-1
6	395	-1
6	396	-1
6	397	1
6	399	-1
6	401	-1
6	405	1
6	407	-1
6	413	1
6	415	1
6	416	1
6	417	1
6	418	1
6	419	-1
6	420	-1
6	422	-1
6	424	-1
6	425	-1
6	426	1
6	427	-1
6	433	-1
6	435	-1
6	436	-1
6	440	1
6	441	-1
6	442	1
6	443	1
6	444	1
6	445	1
6	446	-1
6	447	1
6	448	-1
6	450	-1
6	454	-1
6	456	1
6	457	-1
6	458	1
6	459	-1
6	460	1
6	465	-1
6	466	1
6	467	-1
6	468	1
6	472	1
6	473	1
6	477	-1
6	478	1
6	479	1
6	480	1
6	481	-1
6	482	1
6	484	1
6	485	1
6	486	-1
6	490	1
6	493	-1
6	494	1
6	495	-1
6	497	1
6	498	1
7	9	1
7	10	-1
7	11	1
7	13	-1
7	14	-1
7	15	1
7	16	-1
7	17	1
7	18	-1
7	19	-1
7	20	1
7	22	-1
7	23	-1
7	24	1
7	25	-1
7	28	1
7	32	1
7	33	1
7	34	1
7	35	-1
7	36	1
7	37	1
7	38	-1
7	40	1
7	42	1
7	43	1
7	44	-1
7	45	-1
7	46	1
7	47	1
7	49	1
7	50	1
7	52	-1
7	53	-1
7	54	1
7	55	1
7	57	-1
7	58	-1
7	59	-1
7	60	-1
7	61	1
7	62	-1
7	65	-1
7	66	-1
7	67	-1
7	69	1
7	71	1
7	73	-1
7	74	-1
7	75	-1
7	76	1
7	77	-1
7	78	-1
7	80	1
7	81	-1
7	83	1
7	84	1
7	86	-1
7	87	-1
7	88	1
7	89	-1
7	90	1
7	91	1
7	92	-1
7	93	1
7	95	-1
7	96	1
7	97	1
7	98	-1
7	99	1
7	102	1
7	108	1
7	110	-1
7	111	1
7	113	-1
7	118	1
7	120	1
7	121	-1
7	122	-1
7	123	1
7	127	1
7	128	-1
7	129	1
7	130	-1
7	131	1
7	133	-1
7	134	1
7	136	-1
7	140	-1
7	141	1
7	143	-1
7	144	-1
7	148	-1
7	153	-1
7	157	-1
7	159	1
7	163	-1
7	164	-1
7	166	1
7	167	-1
7	171	-1
7	172	1
7	174	-1
7	175	-1
7	176	1
7	177	1
7	180	-1
7	183	1
7	184	-1
7	185	1
7	189	-1
7	191	1
7	193	1
7	194	-1
7	195	-1
7	197	1
7	201	1
7	202	1
7	203	-1
7	205	-1
7	206	-1
7	210	1
7	211	-1
7	213	1
7	216	1
7	217	-1
7	221	1
7	223	-1
7	224	1
7	226	1
7	227	-1
7	229	-1
7	230	1
7	231	-1
7	232	-1
7	235	1
7	239	-1
7	244	1
7	245	-1
7	247	-1
7	248	-1
7	249	1
7	254	1
7	255	1
7	259	1
7	260	1
7	261	1
7	262	-1
7	263	1
7	267	1
7	268	-1
7	269	1
7	270	1
7	271	1
7	273	1
7	274	-1
7	276	1
7	277	-1
7	279	1
7	280	-1
7	282	-1
7	283	-1
7	290	1
7	291	1
7	292	-1
7	295	-1
7	296	-1
7	297	-1
7	301	1
7	304	-1
7	305	-1
7	306	-1
7	307	1
7	308	1
7	309	-1
7	312	1
7	315	1
7	317	-1
7	318	-1
7	322	1
7	323	-1
7	325	-1
7	327	1
7	330	-1
7	333	1
7	335	-1
7	336	1
7	338	-1
7	340	-1
7	341	1
7	344	-1
7	345	1
7	346	1
7	347	1
7	348	-1
7	349	1
7	350	-1
7	353	1
7	357	1
7	359	1
7	360	-1
7	361	1
7	362	1
7	363	-1
7	364	-1
7	365	-1
7	368	-1
7	370	-1
7	372	-1
7	373	-1
7	374	-1
7	376	-1
7	377	1
7	380	-1
7	381	-1
7	382	1
7	384	-1
7	385	1
7	389	1
7	390	1
7	391	-1
7	393	-1
7	398	1
7	399	-1
7	400	1
7	403	-1
7	404	1
7	406	-1
7	409	1
7	410	1
7	411	1
7	413	-1
7	414	1
7	419	-1
7	420	1
7	421	1
7	423	1
7	425	-1
7	426	1
7	427	-1
7	428	-1
7	429	1
7	430	1
7	431	-1
7	435	-1
7	436	1
7	437	-1
7	443	1
7	444	-1
7	445	1
7	446	-1
7	447	-1
7	449	1
7	450	-1
7	453	-1
7	454	-1
7	455	1
7	456	1
7	458	-1
7	459	-1
7	461	-1
7	465	-1
7	466	-1
7	468	-1
7	471	1
7	473	1
7	475	1
7	478	1
7	480	1
7	481	1
7	485	1
7	487	1
7	490	-1
7	493	1
7	494	-1
7	497	1
7	499	1
8	11	-1
8	12	-1
8	14	-1
8	15	-1
8	16	1
8	17	1
8	18	1
8	19	1
8	21	-1
8	22	1
8	23	1
8	24	1
8	25	1
8	26	1
8	28	-1
8	29	1
8	30	-1
8	31	1
8	32	1
8	33	-1
8	35	-1
8	37	-1
8	38	1
8	39	-1
8	41	1
8	42	1
8	43	1
8	44	1
8	45	1
8	46	1
8	47	-1
8	48	1
8	50	-1
8	52	1
8	53	-1
8	56	-1
8	57	-1
8	58	-1
8	60	1
8	62	1
8	63	-1
8	65	1
8	66	-1
8	68	-1
8	70	1
8	71	-1
8	72	-1
8	75	-1
8	76	-1
8	77	1
8	78	-1
8	81	1
8	83	1
8	84	1
8	85	-1
8	87	1
8	88	-1
8	90	1
8	94	-1
8	95	-1
8	96	1
8	97	-1
8	98	1
8	99	1
8	100	1
8	101	1
8	104	-1
8	106	1
8	108	-1
8	109	1
8	111	1
8	113	-1
8	114	1
8	115	1
8	116	1
8	117	-1
8	119	-1
8	121	1
8	123	1
8	126	1
8	128	-1
8	130	-1
8	131	1
8	132	1
8	134	1
8	137	-1
8	138	-1
8	148	-1
8	151	1
8	153	1
8	155	-1
8	156	-1
8	157	-1
8	159	1
8	162	1
8	164	-1
8	167	1
8	168	1
8	170	1
8	171	-1
8	179	-1
8	180	-1
8	182	1
8	183	1
8	188	1
8	190	1
8	191	1
8	192	-1
8	193	-1
8	195	1
8	198	-1
8	199	1
8	201	1
8	203	-1
8	204	-1
8	206	-1
8	207	1
8	208	1
8	209	1
8	214	-1
8	216	1
8	218	1
8	220	-1
8	221	1
8	223	-1
8	224	1
8	225	1
8	228	1
8	229	1
8	233	-1
8	234	1
8	235	-1
8	237	1
8	242	1
8	243	1
8	245	1
8	246	1
8	251	-1
8	254	1
8	261	1
8	262	1
8	263	-1
8	264	-1
8	266	-1
8	269	-1
8	271	-1
8	272	1
8	278	-1
8	281	-1
8	282	-1
8	283	-1
8	284	1
8	285	-1
8	287	1
8	288	1
8	290	-1
8	292	1
8	296	-1
8	297	1
8	304	-1
8	307	1
8	308	-1
8	310	1
8	311	-1
8	315	-1
8	318	1
8	321	1
8	322	1
8	323	1
8	325	1
8	326	1
8	327	-1
8	328	-1
8	330	1
8	331	1
8	332	-1
8	335	-1
8	336	1
8	339	1
8	340	-1
8	342	-1
8	344	1
8	345	1
8	346	-1
8	351	1
8	353	-1
8	354	1
8	355	-1
8	357	-1
8	358	-1
8	359	-1
8	361	1
8	363	-1
8	365	-1
8	366	-1
8	367	-1
8	372	-1
8	374	-1
8	376	1
8	378	1
8	382	-1
8	384	1
8	385	1
8	387	-1
8	389	1
8	390	1
8	392	-1
8	393	1
8	395	-1
8	396	-1
8	397	1
8	398	-1
8	401	1
8	402	-1
8	404	1
8	405	-1
8	407	1
8	408	-1
8	410	1
8	411	-1
8	412	1
8	414	1
8	415	-1
8	418	-1
8	419	1
8	421	-1
8	423	-1
8	426	-1
8	432	-1
8	433	1
8	434	-1
8	435	-1
8	436	1
8	438	-1
8	439	1
8	442	1
8	443	-1
8	444	-1
8	446	1
8	449	1
8	450	1
8	452	-1
8	453	-1
8	455	1
8	457	1
8	459	1
8	461	1
8	463	-1
8	464	1
8	465	1
8	467	1
8	471	-1
8	472	1
8	473	1
8	475	-1
8	476	-1
8	477	-1
8	478	-1
8	480	1
8	481	-1
8	482	-1
8	486	1
8	487	1
8	488	1
8	489	1
8	490	1
8	494	-1
8	495	-1
8	497	1
8	498	1
8	499	1
9	11	-1
9	12	1
9	13	-1
9	14	1
9	15	-1
9	16	-1
9	18	-1
9	19	-1
9	20	1
9	21	1
9	22	1
9	23	-1
9	24	1
9	25	1
9	26	1
9	27	1
9	29	1
9	32	1
9	33	1
9	34	1
9	35	-1
9	36	1
9	37	1
9	38	1
9	40	-1
9	41	1
9	42	-1
9	43	1
9	45	-1
9	46	1
9	48	-1
9	49	1
9	51	-1
9	53	-1
9	55	-1
9	56	1
9	59	1
9	60	-1
9	62	-1
9	63	1
9	64	-1
9	66	-1
9	68	-1
9	69	1
9	70	1
9	71	-1
9	72	-1
9	73	-1
9	74	-1
9	75	-1
9	77	-1
9	78	1
9	79	-1
9	80	1
9	81	-1
9	82	-1
9	83	-1
9	84	-1
9	85	1
9	86	1
9	87	-1
9	88	-1
9	89	-1
9	90	-1
9	91	1
9	92	1
9	93	-1
9	94	-1
9	95	1
9	96	1
9	97	-1
9	98	1
9	99	1
9	100	-1
9	101	-1
9	103	1
9	105	-1
9	106	-1
9	109	-1
9	111	-1
9	113	-1
9	115	-1
9	118	1
9	121	-1
9	123	1
9	125	-1
9	128	1
9	129	-1
9	130	-1
9	131	-1
9	133	1
9	134	1
9	136	-1
9	138	-1
9	140	-1
9	142	-1
9	143	1
9	145	1
9	146	-1
9	147	1
9	148	-1
9	150	-1
9	152	1
9	154	-1
9	155	-1
9	156	1
9	164	-1
9	167	-1
9	171	1
9	172	-1
9	176	-1
9	177	-1
9	178	1
9	182	1
9	183	-1
9	185	1
9	186	1
9	187	1
9	191	1
9	192	1
9	193	-1
9	194	1
9	200	1
9	201	1
9	202	1
9	203	-1
9	206	1
9	211	1
9	214	-1
9	216	-1
9	219	1
9	223	1
9	224	-1
9	225	1
9	228	-1
9	229	1
9	230	-1
9	232	-1
9	233	-1
9	242	1
9	246	1
9	249	1
9	253	-1
9	256	1
9	259	-1
9	260	1
9	261	1
9	269	-1
9	273	1
9	275	-1
9	278	-1
9	280	-1
9	281	1
9	282	1
9	285	-1
9	286	1
9	288	-1
9	290	1
9	291	-1
9	293	1
9	297	-1
9	299	-1
9	300	1
9	301	-1
9	303	1
9	306	1
9	308	1
9	310	1
9	311	1
9	312	-1
9	313	-1
9	314	-1
9	315	-1
9	318	1
9	320	1
9	321	1
9	326	1
9	328	-1
9	330	-1
9	332	-1
9	333	-1
9	337	-1
9	341	1
9	344	1
9	355	1
9	358	1
9	359	1
9	362	-1
9	363	-1
9	364	1
9	366	-1
9	367	-1
9	368	1
9	371	-1
9	378	-1
9	382	1
9	390	-1
9	392	-1
9	394	-1
9	397	-1
9	400	1
9	401	-1
9	403	1
9	407	-1
9	408	1
9	411	-1
9	413	1
9	414	-1
9	416	1
9	423	-1
9	426	1
9	427	-1
9	429	-1
9	431	1
9	432	-1
9	433	-1
9	434	1
9	435	1
9	437	1
9	440	-1
9	443	-1
9	444	-1
9	448	1
9	449	-1
9	453	1
9	454	1
9	457	-1
9	458	-1
9	460	-1
9	461	-1
9	463	1
9	466	-1
9	468	1
9	469	1
9	471	-1
9	472	-1
9	473	1
9	474	1
9	478	1
9	479	-1
9	481	-1
9	482	-1
9	486	-1
9	487	1
9	493	1
9	495	1
9	496	1
9	498	1
9	499	1
10	11	1
10	14	-1
10	15	-1
10	16	1
10	18	-1
10	20	-1
10	21	1
10	22	-1
10	23	1
10	24	-1
10	25	1
10	26	1
10	28	1
10	29	1
10	31	1
10	32	-1
10	33	1
10	34	-1
10	35	1
10	36	-1
10	39	-1
10	40	1
10	41	1
10	42	-1
10	43	-1
10	44	-1
10	45	1
10	46	-1
10	48	1
10	49	1
10	50	-1
10	51	1
10	52	1
10	53	-1
10	54	-1
10	55	-1
10	56	-1
10	57	-1
10	58	1
10	59	-1
10	60	-1
10	62	1
10	63	-1
10	64	1
10	65	1
10	66	-1
10	67	1
10	68	-1
10	69	1
10	70	1
10	71	-1
10	72	1
10	75	-1
10	76	-1
10	77	-1
10	78	-1
10	79	-1
10	80	-1
10	82	-1
10	83	-1
10	84	1
10	85	-1
10	86	-1
10	87	1
10	88	1
10	89	-1
10	90	-1
10	91	1
10	92	-1
10	93	-1
10	94	-1
10	95	-1
10	96	-1
10	97	1
10	99	1
10	104	-1
10	106	-1
10	112	-1
10	114	1
10	115	1
10	117	1
10	118	-1
10	120	1
10	121	-1
10	122	1
10	126	-1
10	128	-1
10	129	-1
10	133	1
10	134	1
10	136	1
10	141	1
10	142	1
10	143	-1
10	144	1
10	147	-1
10	150	1
10	154	-1
10	157	-1
10	158	-1
10	159	1
10	163	1
10	165	1
10	166	1
10	167	-1
10	169	-1
10	170	-1
10	171	1
10	174	1
10	175	1
10	178	-1
10	179	-1
10	181	-1
10	185	1
10	186	-1
10	187	1
10	188	1
10	189	-1
10	190	-1
10	191	-1
10	192	-1
10	193	-1
10	195	-1
10	196	1
10	198	-1
10	199	1
10	201	1
10	202	-1
10	203	1
10	205	-1
10	208	-1
10	210	1
10	214	-1
10	218	1
10	219	-1
10	220	-1
10	224	1
10	225	1
10	226	1
10	228	1
10	230	1
10	231	-1
10	235	-1
10	237	-1
10	238	-1
10	239	1
10	240	-1
10	242	-1
10	248	-1
10	250	1
10	251	-1
10	253	-1
10	255	-1
10	256	-1
10	258	-1
10	260	1
10	261	1
10	266	-1
10	269	1
10	274	-1
10	277	1
10	282	-1
10	283	1
10	287	1
10	288	1
10	289	1
10	293	-1
10	295	1
10	296	1
10	299	-1
10	304	1
10	306	1
10	309	1
10	312	1
10	316	1
10	317	-1
10	318	1
10	321	-1
10	322	1
10	328	1
10	329	-1
10	331	1
10	335	1
10	338	-1
10	339	-1
10	342	-1
10	346	1
10	347	1
10	349	-1
10	350	1
10	354	-1
10	356	-1
10	357	1
10	359	-1
10	360	1
10	361	-1
10	363	-1
10	364	-1
10	365	1
10	367	1
10	368	1
10	370	-1
10	372	-1
10	373	-1
10	376	1
10	380	-1
10	382	1
10	387	-1
10	388	1
10	389	-1
10	391	1
10	392	1
10	393	-1
10	394	1
10	395	1
10	396	1
10	397	1
10	398	-1
10	399	1
10	400	1
10	401	-1
10	402	1
10	404	-1
10	405	-1
10	406	1
10	407	-1
10	409	-1
10	414	1
10	415	-1
10	416	1
10	418	-1
10	422	-1
10	425	-1
10	429	1
10	433	-1
10	434	-1
10	435	1
10	436	1
10	437	-1
10	440	1
10	442	-1
10	446	1
10	448	1
10	450	1
10	451	-1
10	455	-1
10	457	-1
10	458	-1
10	462	-1
10	465	1
10	467	1
10	468	-1
10	470	1
10	475	1
10	476	1
10	481	-1
10	482	1
10	484	-1
10	486	1
10	490	-1
10	491	1
10	493	1
10	494	1
10	496	-1
10	498	-1
11	12	1
11	13	-1
11	14	-1
11	15	-1
11	17	1
11	19	1
11	20	-1
11	21	-1
11	23	1
11	25	1
11	26	1
11	27	-1
11	28	-1
11	29	1
11	30	1
11	31	-1
11	32	-1
11	33	-1
11	36	1
11	39	1
11	40	1
11	41	-1
11	42	-1
11	43	-1
11	44	-1
11	45	1
11	46	1
11	47	1
11	48	1
11	49	1
11	50	1
11	52	-1
11	53	-1
11	54	1
11	55	1
11	56	-1
11	57	-1
11	59	-1
11	60	-1
11	61	1
11	62	-1
11	63	-1
11	64	-1
11	65	-1
11	66	-1
11	67	1
11	70	1
11	71	1
11	72	1
11	74	-1
11	75	-1
11	76	-1
11	77	-1
11	78	-1
11	79	-1
11	80	1
11	81	-1
11	82	-1
11	83	1
11	84	-1
11	85	-1
11	86	-1
11	87	-1
11	88	-1
11	89	1
11	90	-1
11	92	1
11	94	-1
11	96	-1
11	97	-1
11	98	-1
11	100	-1
11	101	1
11	103	1
11	105	-1
11	107	-1
11	108	1
11	109	-1
11	110	1
11	113	-1
11	114	1
11	116	-1
11	118	1
11	119	1
11	121	-1
11	122	1
11	123	1
11	124	-1
11	125	-1
11	129	1
11	133	-1
11	134	-1
11	135	1
11	139	-1
11	142	-1
11	146	1
11	147	-1
11	150	1
11	154	-1
11	155	1
11	156	1
11	159	1
11	162	1
11	163	-1
11	169	-1
11	170	-1
11	173	-1
11	180	-1
11	186	-1
11	188	-1
11	190	1
11	195	1
11	196	-1
11	202	1
11	205	-1
11	207	-1
11	209	-1
11	210	-1
11	212	-1
11	213	-1
11	214	-1
11	216	1
11	217	-1
11	220	-1
11	223	1
11	224	1
11	225	-1
11	227	-1
11	229	1
11	231	-1
11	233	-1
11	235	-1
11	236	-1
11	238	-1
11	241	-1
11	243	-1
11	244	1
11	245	1
11	246	1
11	249	1
11	250	1
11	251	-1
11	254	-1
11	256	1
11	259	1
11	262	-1
11	264	1
11	270	1
11	271	1
11	272	-1
11	273	-1
11	275	1
11	276	1
11	277	-1
11	281	1
11	282	-1
11	284	1
11	286	-1
11	290	-1
11	291	-1
11	292	-1
11	293	-1
11	294	-1
11	296	-1
11	297	1
11	299	1
11	300	-1
11	301	1
11	303	-1
11	305	-1
11	309	-1
11	311	1
11	312	1
11	313	1
11	316	1
11	319	-1
11	320	-1
11	322	1
11	325	1
11	326	1
11	327	-1
11	329	-1
11	332	1
11	336	1
11	340	-1
11	342	1
11	343	-1
11	344	-1
11	346	-1
11	347	1
11	350	1
11	354	-1
11	355	-1
11	360	-1
11	361	-1
11	362	-1
11	363	-1
11	364	-1
11	366	1
11	368	-1
11	369	-1
11	372	-1
11	373	-1
11	374	1
11	376	1
11	377	1
11	378	1
11	382	-1
11	386	-1
11	387	1
11	390	-1
11	392	-1
11	393	-1
11	394	-1
11	396	1
11	397	-1
11	398	1
11	400	1
11	401	-1
11	405	1
11	406	1
11	409	-1
11	410	-1
11	411	1
11	413	-1
11	416	1
11	425	-1
11	426	-1
11	429	-1
11	433	-1
11	435	1
11	436	-1
11	438	-1
11	440	1
11	444	-1
11	445	1
11	447	1
11	449	-1
11	450	1
11	454	1
11	455	1
11	460	-1
11	461	1
11	463	1
11	464	-1
11	465	1
11	470	-1
11	472	1
11	473	-1
11	475	1
11	477	1
11	479	1
11	483	1
11	485	-1
11	486	1
11	488	1
11	489	-1
11	490	1
11	491	1
11	492	1
11	493	-1
12	13	1
12	14	-1
12	15	-1
12	16	1
12	17	-1
12	18	1
12	20	1
12	21	1
12	22	1
12	23	1
12	24	1
12	25	-1
12	26	1
12	27	-1
12	28	-1
12	29	1
12	30	-1
12	32	1
12	33	1
12	34	1
12	37	1
12	39	1
12	40	1
12	41	1
12	42	-1
12	43	1
12	44	1
12	45	1
12	46	1
12	47	1
12	48	1
12	49	-1
12	50	-1
12	52	-1
12	54	1
12	55	1
12	56	-1
12	57	1
12	58	-1
12	59	-1
12	60	1
12	62	-1
12	63	-1
12	65	-1
12	66	-1
12	67	1
12	69	1
12	70	1
12	71	-1
12	72	1
12	74	-1
12	76	-1
12	77	-1
12	78	-1
12	79	-1
12	80	-1
12	81	-1
12	83	-1
12	84	-1
12	85	1
12	86	1
12	87	-1
12	88	-1
12	89	-1
12	90	-1
12	91	-1
12	92	1
12	93	1
12	94	-1
12	95	-1
12	96	-1
12	97	1
12	98	1
12	101	-1
12	102	-1
12	103	1
12	108	-1
12	109	1
12	111	-1
12	112	-1
12	113	1
12	116	1
12	117	-1
12	122	-1
12	123	1
12	126	-1
12	129	1
12	133	-1
12	135	1
12	136	-1
12	140	1
12	141	-1
12	142	1
12	147	1
12	148	-1
12	151	1
12	155	-1
12	159	1
12	161	-1
12	162	1
12	164	1
12	165	-1
12	166	1
12	168	-1
12	172	-1
12	175	1
12	176	-1
12	177	-1
12	180	1
12	182	1
12	183	-1
12	184	1
12	186	-1
12	187	1
12	193	1
12	194	1
12	195	1
12	200	-1
12	203	1
12	204	-1
12	206	1
12	207	1
12	209	1
12	210	1
12	211	-1
12	213	-1
12	216	1
12	218	1
12	221	1
12	223	1
12	228	1
12	230	1
12	231	-1
12	233	1
12	234	-1
12	235	-1
12	236	1
12	237	1
12	238	1
12	239	-1
12	240	1
12	241	-1
12	242	-1
12	243	-1
12	247	1
12	250	1
12	251	1
12	253	1
12	254	1
12	256	1
12	257	1
12	259	-1
12	261	-1
12	262	1
12	264	-1
12	265	1
12	267	1
12	268	1
12	271	1
12	272	-1
12	273	1
12	276	1
12	279	-1
12	281	-1
12	282	1
12	286	-1
12	288	-1
12	290	-1
12	291	-1
12	292	-1
12	293	1
12	296	-1
12	297	1
12	299	-1
12	301	1
12	302	1
12	304	1
12	305	1
12	306	1
12	309	-1
12	311	1
12	312	-1
12	315	-1
12	318	1
12	319	-1
12	322	1
12	324	1
12	326	-1
12	328	-1
12	332	-1
12	333	1
12	334	1
12	340	1
12	341	1
12	344	1
12	345	1
12	348	1
12	350	1
12	352	-1
12	354	-1
12	355	-1
12	356	-1
12	358	1
12	361	-1
12	362	1
12	368	-1
12	369	1
12	370	1
12	372	-1
12	375	-1
12	379	-1
12	381	1
12	382	-1
12	384	-1
12	386	1
12	388	-1
12	389	1
12	390	-1
12	391	1
12	397	-1
12	405	1
12	406	1
12	407	1
12	409	1
12	411	-1
12	412	-1
12	414	1
12	416	-1
12	418	1
12	420	-1
12	423	1
12	424	-1
12	425	1
12	427	-1
12	429	1
12	430	1
12	431	1
12	434	-1
12	436	1
12	439	1
12	440	-1
12	443	1
12	446	-1
12	447	-1
12	450	1
12	455	-1
12	458	1
12	459	-1
12	462	-1
12	463	1
12	464	-1
12	465	1
12	466	-1
12	468	-1
12	469	-1
12	470	-1
12	477	-1
12	478	-1
12	479	1
12	480	-1
12	484	-1
12	486	1
12	490	-1
12	491	-1
12	492	1
12	493	-1
12	495	1
12	496	-1
12	498	-1
13	14	-1
13	15	1
13	16	-1
13	17	1
13	18	1
13	19	-1
13	20	-1
13	21	-1
13	22	-1
13	24	-1
13	25	1
13	26	1
13	27	1
13	28	1
13	29	1
13	31	1
13	32	1
13	33	-1
13	34	-1
13	35	1
13	36	-1
13	37	1
13	38	1
13	39	1
13	41	1
13	42	1
13	44	1
13	45	1
13	46	1
13	49	-1
13	52	1
13	53	1
13	55	-1
13	56	-1
13	59	-1
13	60	1
13	61	-1
13	62	-1
13	63	-1
13	64	-1
13	66	-1
13	71	-1
13	72	1
13	73	-1
13	74	-1
13	75	1
13	76	1
13	77	-1
13	78	-1
13	79	-1
13	80	-1
13	81	-1
13	82	-1
13	83	1
13	84	-1
13	86	-1
13	87	-1
13	88	-1
13	89	-1
13	90	-1
13	91	-1
13	92	1
13	93	1
13	94	-1
13	95	1
13	96	1
13	97	1
13	98	-1
13	99	1
13	101	1
13	102	1
13	111	-1
13	115	1
13	116	1
13	117	1
13	118	1
13	120	1
13	125	1
13	126	1
13	129	-1
13	130	-1
13	134	-1
13	138	1
13	141	-1
13	142	1
13	143	1
13	145	1
13	146	1
13	150	-1
13	151	1
13	153	1
13	155	-1
13	156	-1
13	158	1
13	159	-1
13	160	1
13	161	1
13	162	1
13	167	-1
13	172	-1
13	177	-1
13	179	1
13	181	-1
13	183	-1
13	185	1
13	188	-1
13	193	1
13	196	1
13	199	1
13	201	1
13	202	1
13	203	1
13	205	1
13	206	-1
13	207	1
13	208	1
13	209	-1
13	215	-1
13	217	-1
13	218	1
13	219	-1
13	222	-1
13	224	-1
13	225	1
13	226	1
13	228	1
13	229	-1
13	230	1
13	231	-1
13	232	1
13	235	-1
13	237	-1
13	239	-1
13	243	-1
13	247	-1
13	251	1
13	252	1
13	256	1
13	259	1
13	263	-1
13	264	-1
13	265	-1
13	266	1
13	270	-1
13	274	-1
13	275	-1
13	278	1
13	280	-1
13	281	1
13	282	-1
13	284	1
13	291	-1
13	292	1
13	293	-1
13	294	1
13	296	-1
13	297	-1
13	299	1
13	306	-1
13	307	1
13	308	1
13	309	-1
13	312	-1
13	313	1
13	315	-1
13	316	-1
13	317	1
13	321	-1
13	322	-1
13	323	1
13	325	1
13	328	-1
13	334	1
13	337	-1
13	339	1
13	340	1
13	341	-1
13	342	1
13	343	-1
13	344	-1
13	345	1
13	346	-1
13	350	-1
13	352	-1
13	353	1
13	355	1
13	357	1
13	358	1
13	362	1
13	364	-1
13	365	-1
13	366	1
13	368	1
13	370	1
13	372	-1
13	373	-1
13	375	-1
13	376	1
13	377	1
13	382	-1
13	383	-1
13	384	-1
13	385	-1
13	386	1
13	389	1
13	390	-1
13	394	-1
13	395	1
13	398	1
13	400	-1
13	401	-1
13	402	1
13	403	1
13	405	1
13	411	-1
13	412	-1
13	413	-1
13	418	1
13	421	-1
13	422	1
13	427	-1
13	429	1
13	430	-1
13	432	1
13	435	1
13	436	1
13	439	1
13	441	-1
13	444	1
13	447	1
13	451	1
13	452	-1
13	454	-1
13	458	1
13	459	1
13	460	-1
13	463	1
13	465	1
13	468	1
13	469	1
13	472	1
13	473	1
13	476	-1
13	478	-1
13	479	1
13	480	-1
13	481	-1
13	482	-1
13	484	-1
13	485	-1
13	486	-1
13	488	-1
13	489	-1
13	491	-1
13	494	1
13	496	1
13	497	-1
14	16	-1
14	17	1
14	18	-1
14	19	-1
14	20	1
14	22	1
14	23	1
14	24	1
14	25	1
14	27	-1
14	28	1
14	30	1
14	31	1
14	34	-1
14	35	1
14	36	1
14	37	1
14	39	-1
14	40	-1
14	41	1
14	42	-1
14	43	-1
14	45	1
14	47	1
14	48	1
14	49	-1
14	51	-1
14	52	1
14	53	1
14	54	1
14	55	-1
14	56	-1
14	57	-1
14	58	-1
14	59	1
14	60	-1
14	61	1
14	62	-1
14	63	-1
14	64	1
14	66	-1
14	67	-1
14	68	1
14	69	-1
14	70	1
14	71	-1
14	72	-1
14	73	1
14	74	1
14	75	-1
14	76	-1
14	77	1
14	78	-1
14	79	1
14	82	-1
14	85	-1
14	86	1
14	88	-1
14	89	-1
14	90	1
14	91	-1
14	92	-1
14	93	1
14	95	-1
14	96	1
14	98	-1
14	99	-1
14	103	-1
14	105	-1
14	106	1
14	107	-1
14	110	1
14	111	-1
14	112	1
14	113	-1
14	115	1
14	119	1
14	120	-1
14	121	1
14	122	-1
14	128	-1
14	129	1
14	130	-1
14	132	1
14	133	-1
14	136	1
14	138	1
14	140	1
14	141	-1
14	142	-1
14	143	1
14	145	-1
14	146	1
14	147	1
14	148	-1
14	149	1
14	151	-1
14	152	-1
14	155	1
14	157	1
14	163	1
14	164	-1
14	165	1
14	166	-1
14	167	-1
14	170	-1
14	172	-1
14	175	1
14	176	1
14	178	-1
14	185	1
14	186	1
14	187	1
14	188	-1
14	189	-1
14	190	1
14	193	1
14	194	1
14	195	-1
14	196	1
14	201	-1
14	202	-1
14	205	1
14	206	-1
14	208	1
14	209	1
14	210	-1
14	211	-1
14	213	1
14	216	1
14	217	-1
14	218	-1
14	219	1
14	221	1
14	222	1
14	223	-1
14	224	1
14	226	1
14	228	1
14	231	-1
14	233	1
14	240	1
14	243	1
14	245	-1
14	247	1
14	250	1
14	251	1
14	252	1
14	258	-1
14	259	1
14	261	1
14	264	-1
14	266	1
14	269	1
14	270	-1
14	271	-1
14	272	-1
14	277	-1
14	280	1
14	283	1
14	284	1
14	285	-1
14	286	1
14	290	-1
14	291	-1
14	294	-1
14	298	1
14	299	-1
14	302	1
14	304	-1
14	305	-1
14	306	-1
14	308	-1
14	310	-1
14	311	-1
14	314	-1
14	316	-1
14	318	-1
14	319	1
14	320	-1
14	321	-1
14	322	-1
14	329	-1
14	331	1
14	332	1
14	333	-1
14	334	1
14	336	1
14	337	-1
14	338	1
14	339	-1
14	340	-1
14	342	-1
14	343	1
14	344	-1
14	345	-1
14	346	1
14	348	-1
14	349	1
14	350	-1
14	352	-1
14	353	1
14	355	1
14	356	1
14	357	1
14	358	1
14	361	-1
14	363	1
14	364	-1
14	366	1
14	367	-1
14	370	1
14	377	1
14	379	-1
14	380	-1
14	381	-1
14	383	1
14	384	1
14	387	-1
14	389	-1
14	390	1
14	391	1
14	395	1
14	398	-1
14	399	1
14	400	1
14	402	-1
14	403	-1
14	404	-1
14	406	-1
14	407	-1
14	408	1
14	409	-1
14	410	-1
14	411	1
14	412	1
14	413	1
14	414	-1
14	415	-1
14	417	1
14	421	-1
14	424	1
14	433	-1
14	434	-1
14	435	1
14	436	1
14	437	1
14	438	-1
14	441	-1
14	442	-1
14	446	-1
14	447	1
14	449	1
14	452	-1
14	453	-1
14	455	-1
14	458	-1
14	460	1
14	464	1
14	465	1
14	468	-1
14	469	-1
14	471	-1
14	473	-1
14	474	-1
14	476	1
14	480	1
14	483	1
14	486	-1
14	487	-1
14	489	1
14	490	1
14	491	-1
14	492	1
14	497	-1
14	498	1
15	17	-1
15	19	1
15	20	1
15	21	-1
15	22	-1
15	23	1
15	25	1
15	26	1
15	27	-1
15	28	-1
15	29	1
15	32	1
15	34	1
15	35	-1
15	36	1
15	37	1
15	38	1
15	39	1
15	41	-1
15	42	1
15	43	1
15	45	-1
15	46	-1
15	48	-1
15	49	-1
15	50	1
15	51	-1
15	52	-1
15	53	-1
15	54	1
15	55	1
15	56	-1
15	57	1
15	58	1
15	59	-1
15	62	-1
15	63	-1
15	64	-1
15	66	-1
15	67	-1
15	68	1
15	69	1
15	70	-1
15	72	-1
15	73	-1
15	74	-1
15	75	-1
15	76	1
15	77	1
15	78	-1
15	79	-1
15	80	-1
15	81	-1
15	83	-1
15	84	-1
15	85	-1
15	86	-1
15	88	-1
15	89	1
15	90	-1
15	91	-1
15	92	-1
15	94	-1
15	95	-1
15	97	-1
15	100	1
15	102	-1
15	103	1
15	105	1
15	107	-1
15	108	-1
15	111	1
15	112	1
15	114	-1
15	119	-1
15	120	1
15	123	-1
15	125	-1
15	126	-1
15	128	1
15	129	1
15	132	1
15	134	-1
15	135	-1
15	138	-1
15	139	1
15	140	1
15	141	1
15	143	-1
15	144	-1
15	148	-1
15	149	-1
15	150	-1
15	151	-1
15	152	-1
15	153	1
15	155	-1
15	157	1
15	158	1
15	160	1
15	162	-1
15	165	-1
15	167	1
15	168	-1
15	172	1
15	176	1
15	177	-1
15	179	-1
15	180	-1
15	182	1
15	185	-1
15	187	1
15	188	1
15	191	1
15	192	-1
15	197	1
15	200	-1
15	201	-1
15	202	-1
15	203	1
15	204	-1
15	205	1
15	206	-1
15	207	-1
15	210	-1
15	213	1
15	215	-1
15	216	1
15	217	-1
15	220	-1
15	224	1
15	225	-1
15	226	1
15	230	1
15	231	1
15	234	-1
15	236	-1
15	243	1
15	244	1
15	246	-1
15	247	1
15	248	-1
15	249	1
15	250	-1
15	258	-1
15	262	1
15	263	-1
15	264	-1
15	265	-1
15	267	-1
15	268	-1
15	271	-1
15	275	1
15	278	-1
15	280	-1
15	281	-1
15	282	-1
15	285	1
15	286	1
15	287	1
15	288	-1
15	289	-1
15	292	-1
15	294	-1
15	295	1
15	296	-1
15	299	1
15	300	1
15	302	1
15	304	1
15	305	-1
15	306	-1
15	309	1
15	310	-1
15	313	-1
15	315	-1
15	316	1
15	321	1
15	325	1
15	326	-1
15	327	1
15	328	-1
15	333	-1
15	334	-1
15	336	1
15	339	-1
15	343	-1
15	344	1
15	346	-1
15	353	1
15	354	-1
15	356	1
15	357	-1
15	360	-1
15	364	1
15	366	1
15	369	1
15	372	-1
15	374	-1
15	375	-1
15	380	-1
15	381	-1
15	382	1
15	385	1
15	386	-1
15	387	-1
15	388	1
15	389	-1
15	392	1
15	393	1
15	395	-1
15	397	1
15	398	-1
15	403	-1
15	410	-1
15	411	-1
15	412	1
15	415	-1
15	419	-1
15	423	-1
15	427	1
15	428	-1
15	429	-1
15	430	-1
15	435	-1
15	439	1
15	441	1
15	442	1
15	443	-1
15	444	-1
15	446	-1
15	447	1
15	452	-1
15	454	1
15	455	-1
15	456	1
15	458	1
15	459	1
15	462	1
15	463	-1
15	464	1
15	467	1
15	468	1
15	469	-1
15	475	1
15	476	-1
15	477	1
15	478	-1
15	481	-1
15	482	1
15	483	-1
15	484	1
15	485	1
15	486	-1
15	488	-1
15	489	1
15	490	1
15	491	1
15	493	1
15	496	1
15	497	-1
15	498	1
16	17	1
16	18	1
16	19	-1
16	20	1
16	21	-1
16	22	-1
16	23	1
16	24	1
16	25	1
16	26	1
16	27	1
16	28	1
16	29	-1
16	30	1
16	31	-1
16	33	1
16	34	-1
16	35	1
16	38	1
16	39	-1
16	40	1
16	42	1
16	43	1
16	45	-1
16	46	-1
16	47	1
16	48	1
16	49	-1
16	51	-1
16	52	-1
16	54	1
16	55	-1
16	57	1
16	58	-1
16	59	1
16	60	1
16	61	-1
16	62	-1
16	63	-1
16	64	1
16	65	-1
16	67	1
16	68	1
16	69	-1
16	70	-1
16	71	-1
16	72	-1
16	75	1
16	76	-1
16	77	-1
16	79	1
16	80	-1
16	81	1
16	83	-1
16	84	1
16	85	1
16	86	-1
16	88	-1
16	90	1
16	92	-1
16	93	-1
16	94	-1
16	96	-1
16	97	1
16	99	-1
16	100	1
16	102	-1
16	104	-1
16	105	-1
16	108	-1
16	109	-1
16	110	-1
16	111	1
16	115	1
16	117	-1
16	118	1
16	119	-1
16	120	1
16	122	1
16	123	1
16	124	-1
16	125	-1
16	127	1
16	131	1
16	133	1
16	134	-1
16	135	1
16	138	1
16	139	1
16	141	1
16	146	1
16	147	1
16	149	1
16	151	1
16	152	1
16	153	1
16	154	-1
16	155	-1
16	157	-1
16	158	-1
16	161	-1
16	164	1
16	165	1
16	166	-1
16	169	-1
16	173	1
16	175	-1
16	176	1
16	177	-1
16	179	1
16	180	1
16	185	1
16	186	1
16	187	-1
16	189	1
16	190	1
16	195	-1
16	197	1
16	199	1
16	204	-1
16	205	-1
16	206	1
16	207	-1
16	208	1
16	209	1
16	210	1
16	211	-1
16	217	-1
16	218	1
16	220	-1
16	222	1
16	223	1
16	225	1
16	226	-1
16	227	1
16	228	1
16	230	-1
16	233	-1
16	235	-1
16	238	-1
16	239	-1
16	241	1
16	242	-1
16	244	-1
16	246	-1
16	249	1
16	250	1
16	252	-1
16	253	1
16	254	1
16	255	-1
16	256	-1
16	257	-1
16	263	-1
16	264	-1
16	267	1
16	270	-1
16	272	1
16	275	-1
16	277	-1
16	278	-1
16	279	1
16	281	-1
16	285	-1
16	287	-1
16	288	-1
16	289	-1
16	290	1
16	291	1
16	292	-1
16	295	-1
16	296	1
16	297	1
16	298	-1
16	300	1
16	301	1
16	302	-1
16	303	1
16	305	1
16	306	-1
16	308	-1
16	309	1
16	310	-1
16	311	-1
16	316	1
16	318	1
16	319	-1
16	320	-1
16	321	1
16	323	-1
16	324	1
16	325	-1
16	326	1
16	328	-1
16	332	-1
16	333	1
16	334	1
16	335	-1
16	337	-1
16	341	1
16	345	1
16	346	1
16	347	1
16	348	-1
16	349	1
16	352	1
16	353	-1
16	354	-1
16	356	-1
16	357	-1
16	358	1
16	363	-1
16	365	-1
16	368	1
16	369	-1
16	371	1
16	374	-1
16	379	1
16	380	-1
16	386	-1
16	387	1
16	389	-1
16	391	1
16	393	-1
16	394	-1
16	395	1
16	398	-1
16	399	-1
16	400	1
16	401	-1
16	404	1
16	407	-1
16	408	-1
16	409	1
16	410	-1
16	412	-1
16	413	-1
16	414	1
16	415	1
16	416	1
16	417	1
16	420	1
16	422	-1
16	425	1
16	426	1
16	427	-1
16	428	1
16	430	1
16	431	-1
16	432	-1
16	438	-1
16	439	-1
16	440	1
16	441	1
16	442	-1
16	443	-1
16	448	-1
16	449	1
16	450	-1
16	452	-1
16	453	-1
16	454	-1
16	455	1
16	456	1
16	457	-1
16	458	-1
16	459	1
16	463	1
16	464	-1
16	465	-1
16	471	1
16	478	1
16	479	-1
16	482	1
16	483	1
16	485	-1
16	487	1
16	489	1
16	490	-1
16	492	1
16	494	1
16	495	1
16	496	-1
17	19	1
17	20	-1
17	21	1
17	23	-1
17	24	1
17	25	1
17	26	-1
17	27	1
17	28	-1
17	29	1
17	30	1
17	31	-1
17	32	1
17	35	1
17	36	-1
17	37	-1
17	39	-1
17	40	1
17	41	1
17	42	1
17	44	1
17	45	1
17	46	-1
17	47	1
17	49	1
17	50	-1
17	52	-1
17	54	1
17	55	-1
17	56	-1
17	57	-1
17	58	-1
17	59	-1
17	61	-1
17	62	1
17	64	-1
17	65	1
17	66	1
17	67	1
17	68	-1
17	69	-1
17	70	-1
17	71	-1
17	72	-1
17	73	-1
17	76	-1
17	77	-1
17	78	-1
17	80	-1
17	81	-1
17	82	1
17	84	-1
17	86	1
17	87	-1
17	88	-1
17	90	1
17	91	1
17	92	-1
17	94	1
17	98	-1
17	99	1
17	100	-1
17	102	-1
17	103	-1
17	105	-1
17	109	1
17	110	1
17	111	-1
17	114	1
17	115	1
17	117	-1
17	118	1
17	119	1
17	122	1
17	123	-1
17	126	1
17	128	1
17	129	-1
17	130	1
17	132	1
17	135	-1
17	137	-1
17	140	-1
17	141	-1
17	146	1
17	147	1
17	148	1
17	149	-1
17	150	-1
17	153	1
17	154	-1
17	155	-1
17	158	-1
17	160	-1
17	161	-1
17	163	1
17	164	1
17	165	1
17	173	1
17	174	-1
17	175	1
17	180	-1
17	181	1
17	182	1
17	184	-1
17	185	-1
17	189	-1
17	194	1
17	195	1
17	196	-1
17	197	-1
17	199	1
17	200	1
17	202	1
17	203	1
17	206	-1
17	207	1
17	208	-1
17	210	-1
17	211	1
17	212	1
17	216	1
17	217	1
17	220	-1
17	221	1
17	223	1
17	224	1
17	226	-1
17	227	1
17	228	-1
17	230	-1
17	232	-1
17	233	1
17	234	1
17	235	1
17	236	1
17	237	1
17	239	1
17	245	-1
17	248	1
17	252	-1
17	255	1
17	256	1
17	258	1
17	259	1
17	262	1
17	265	1
17	267	1
17	268	-1
17	270	-1
17	271	1
17	273	-1
17	277	-1
17	280	-1
17	281	-1
17	284	-1
17	286	-1
17	291	-1
17	293	1
17	294	1
17	296	-1
17	297	-1
17	298	1
17	302	1
17	303	1
17	305	-1
17	307	1
17	310	-1
17	311	-1
17	313	-1
17	314	-1
17	317	-1
17	318	1
17	319	1
17	320	1
17	322	-1
17	325	1
17	326	-1
17	328	-1
17	329	-1
17	331	1
17	333	1
17	334	-1
17	335	1
17	338	1
17	341	1
17	342	-1
17	344	1
17	345	-1
17	347	-1
17	348	-1
17	353	1
17	357	-1
17	358	1
17	361	1
17	364	-1
17	366	-1
17	368	-1
17	370	-1
17	372	-1
17	373	-1
17	374	-1
17	375	-1
17	377	-1
17	383	1
17	386	1
17	387	1
17	389	-1
17	390	-1
17	391	1
17	392	-1
17	395	1
17	403	1
17	404	1
17	405	1
17	410	1
17	412	-1
17	414	-1
17	415	-1
17	416	-1
17	417	1
17	419	-1
17	420	1
17	422	1
17	423	1
17	424	1
17	426	1
17	428	1
17	429	-1
17	431	1
17	432	1
17	435	1
17	437	-1
17	438	-1
17	439	-1
17	443	1
17	444	-1
17	445	1
17	447	1
17	449	1
17	450	-1
17	452	1
17	453	1
17	454	-1
17	457	-1
17	463	-1
17	466	-1
17	467	1
17	469	1
17	472	1
17	473	-1
17	479	-1
17	480	-1
17	482	1
17	484	1
17	485	1
17	487	-1
17	489	-1
17	492	-1
17	493	-1
17	494	-1
18	19	1
18	20	-1
18	21	1
18	23	1
18	24	1
18	25	1
18	26	1
18	27	1
18	28	1
18	33	-1
18	34	1
18	36	1
18	37	1
18	38	1
18	39	1
18	41	1
18	43	1
18	44	1
18	45	1
18	47	1
18	48	1
18	49	-1
18	50	-1
18	51	1
18	52	1
18	53	1
18	54	-1
18	55	-1
18	56	-1
18	57	-1
18	58	-1
18	59	-1
18	61	-1
18	63	-1
18	64	-1
18	65	-1
18	66	-1
18	67	1
18	68	-1
18	69	-1
18	70	-1
18	71	-1
18	72	1
18	73	-1
18	74	-1
18	75	-1
18	76	-1
18	79	1
18	80	-1
18	81	1
18	82	-1
18	83	-1
18	84	-1
18	85	1
18	86	-1
18	87	-1
18	89	-1
18	91	-1
18	92	1
18	93	-1
18	94	1
18	95	1
18	96	-1
18	97	1
18	98	-1
18	100	1
18	101	1
18	102	1
18	103	1
18	104	1
18	107	1
18	112	-1
18	115	1
18	119	-1
18	123	-1
18	125	1
18	127	1
18	133	-1
18	136	1
18	138	-1
18	141	-1
18	144	-1
18	146	1
18	147	-1
18	148	1
18	149	-1
18	150	1
18	151	-1
18	152	1
18	155	1
18	156	-1
18	157	-1
18	159	-1
18	160	1
18	163	-1
18	164	-1
18	166	1
18	169	1
18	171	1
18	173	-1
18	174	-1
18	176	1
18	177	-1
18	178	-1
18	183	-1
18	185	1
18	186	-1
18	187	-1
18	188	-1
18	191	1
18	194	-1
18	195	1
18	197	-1
18	199	-1
18	201	1
18	204	-1
18	205	-1
18	206	-1
18	208	-1
18	210	-1
18	212	1
18	213	-1
18	216	-1
18	217	-1
18	218	1
18	220	-1
18	221	-1
18	222	-1
18	224	1
18	227	1
18	228	-1
18	230	1
18	232	1
18	233	-1
18	236	-1
18	237	-1
18	238	-1
18	240	-1
18	241	-1
18	243	1
18	248	1
18	249	1
18	255	1
18	258	-1
18	262	1
18	266	-1
18	267	1
18	269	1
18	270	1
18	274	1
18	276	-1
18	278	1
18	279	1
18	282	1
18	288	-1
18	292	1
18	293	1
18	298	1
18	299	-1
18	302	-1
18	303	-1
18	306	-1
18	308	1
18	311	1
18	317	-1
18	318	-1
18	321	-1
18	322	-1
18	323	-1
18	324	-1
18	325	1
18	328	1
18	330	1
18	332	1
18	334	1
18	335	-1
18	337	-1
18	339	1
18	340	-1
18	341	1
18	343	-1
18	344	1
18	345	-1
18	346	-1
18	348	-1
18	349	1
18	350	-1
18	351	-1
18	353	-1
18	355	1
18	359	-1
18	362	-1
18	364	-1
18	365	1
18	366	1
18	369	1
18	370	1
18	371	1
18	372	1
18	373	-1
18	375	-1
18	377	1
18	381	-1
18	383	-1
18	384	-1
18	385	-1
18	390	-1
18	393	1
18	395	-1
18	396	-1
18	397	1
18	398	-1
18	400	-1
18	405	1
18	406	-1
18	407	1
18	408	-1
18	410	1
18	411	-1
18	413	-1
18	414	-1
18	417	1
18	418	-1
18	425	1
18	426	-1
18	427	-1
18	429	1
18	432	1
18	434	1
18	436	-1
18	437	-1
18	439	1
18	445	-1
18	447	1
18	449	-1
18	450	-1
18	451	1
18	455	1
18	457	1
18	458	-1
18	460	1
18	464	-1
18	465	1
18	466	1
18	467	1
18	470	-1
18	472	-1
18	473	-1
18	477	-1
18	479	-1
18	480	-1
18	482	-1
18	483	1
18	485	-1
18	486	-1
18	488	-1
18	489	1
18	492	1
18	494	-1
18	497	1
18	499	1
19	21	-1
19	22	-1
19	23	1
19	25	1
19	26	1
19	27	1
19	28	1
19	29	1
19	30	1
19	31	-1
19	32	-1
19	33	-1
19	34	1
19	35	1
19	37	1
19	38	1
19	39	1
19	40	1
19	41	1
19	42	1
19	43	1
19	44	1
19	45	1
19	46	1
19	51	-1
19	52	-1
19	53	-1
19	55	-1
19	56	1
19	57	1
19	58	1
19	60	1
19	61	-1
19	62	1
19	63	1
19	65	-1
19	67	1
19	68	-1
19	70	-1
19	71	1
19	72	1
19	74	1
19	76	1
19	77	-1
19	78	-1
19	79	-1
19	82	-1
19	84	1
19	85	-1
19	86	-1
19	87	-1
19	88	1
19	89	-1
19	90	-1
19	91	1
19	92	-1
19	93	-1
19	95	-1
19	96	-1
19	98	-1
19	99	-1
19	102	-1
19	104	-1
19	105	1
19	106	1
19	110	-1
19	112	1
19	113	-1
19	114	-1
19	115	1
19	116	1
19	117	1
19	123	-1
19	124	1
19	130	-1
19	132	1
19	135	1
19	136	-1
19	139	-1
19	142	1
19	144	-1
19	146	1
19	151	1
19	152	1
19	155	1
19	157	-1
19	160	1
19	161	1
19	162	-1
19	163	-1
19	164	-1
19	166	-1
19	167	1
19	170	1
19	180	1
19	184	-1
19	187	1
19	188	1
19	193	-1
19	194	1
19	195	1
19	199	-1
19	200	1
19	201	1
19	202	-1
19	203	1
19	205	-1
19	206	-1
19	207	1
19	208	-1
19	209	-1
19	211	1
19	213	1
19	214	1
19	215	-1
19	217	1
19	218	1
19	220	-1
19	221	1
19	223	-1
19	224	-1
19	226	1
19	227	1
19	232	1
19	234	1
19	235	1
19	237	1
19	238	1
19	242	1
19	247	1
19	250	1
19	253	-1
19	254	1
19	256	1
19	259	-1
19	262	-1
19	264	-1
19	265	-1
19	266	-1
19	269	1
19	270	1
19	276	1
19	277	1
19	279	-1
19	280	-1
19	285	1
19	286	-1
19	291	1
19	292	1
19	298	1
19	299	1
19	300	1
19	302	1
19	307	-1
19	308	-1
19	309	1
19	311	1
19	317	1
19	318	1
19	319	1
19	320	1
19	322	1
19	323	-1
19	324	-1
19	327	-1
19	330	1
19	332	-1
19	333	1
19	334	-1
19	335	1
19	336	-1
19	337	-1
19	338	-1
19	339	1
19	340	-1
19	341	1
19	342	-1
19	343	-1
19	344	-1
19	345	-1
19	348	-1
19	349	-1
19	350	-1
19	353	1
19	354	-1
19	357	-1
19	358	1
19	359	-1
19	361	-1
19	365	1
19	366	-1
19	367	1
19	368	-1
19	371	-1
19	372	-1
19	373	1
19	379	-1
19	387	1
19	389	-1
19	390	1
19	392	-1
19	394	1
19	396	1
19	398	-1
19	399	1
19	400	1
19	404	1
19	406	1
19	407	-1
19	412	1
19	414	1
19	419	-1
19	420	-1
19	423	1
19	425	1
19	427	1
19	428	1
19	429	1
19	431	-1
19	432	-1
19	433	-1
19	434	-1
19	437	1
19	440	-1
19	442	-1
19	443	-1
19	446	-1
19	448	-1
19	449	1
19	454	-1
19	456	-1
19	457	1
19	458	-1
19	459	1
19	462	-1
19	464	1
19	465	1
19	466	-1
19	467	-1
19	468	-1
19	469	-1
19	471	1
19	473	-1
19	474	1
19	482	1
19	484	-1
19	486	1
19	487	1
19	488	1
19	490	-1
19	495	-1
19	497	-1
19	498	1
20	21	1
20	23	1
20	25	1
20	27	1
20	28	1
20	32	-1
20	35	-1
20	36	1
20	37	1
20	38	-1
20	39	1
20	40	-1
20	41	1
20	44	1
20	45	-1
20	47	1
20	48	-1
20	49	1
20	50	-1
20	51	1
20	52	-1
20	54	1
20	55	-1
20	57	-1
20	59	-1
20	60	-1
20	61	-1
20	62	-1
20	63	1
20	65	-1
20	66	-1
20	67	-1
20	68	-1
20	69	1
20	70	1
20	71	-1
20	72	1
20	73	1
20	75	-1
20	76	1
20	78	-1
20	79	-1
20	80	-1
20	81	-1
20	82	-1
20	83	1
20	84	1
20	86	-1
20	87	-1
20	89	-1
20	90	-1
20	91	-1
20	92	-1
20	93	1
20	94	-1
20	96	-1
20	97	-1
20	98	-1
20	99	-1
20	104	-1
20	106	-1
20	107	-1
20	108	1
20	111	-1
20	114	1
20	115	-1
20	118	1
20	119	-1
20	121	1
20	122	-1
20	124	-1
20	125	-1
20	127	1
20	129	-1
20	130	-1
20	132	-1
20	133	-1
20	134	-1
20	140	-1
20	141	-1
20	142	1
20	143	1
20	144	1
20	145	1
20	147	1
20	148	-1
20	149	-1
20	152	-1
20	155	1
20	156	-1
20	158	-1
20	159	-1
20	161	1
20	165	1
20	167	-1
20	170	-1
20	172	1
20	173	-1
20	174	-1
20	177	-1
20	178	1
20	179	1
20	182	1
20	184	-1
20	185	1
20	189	1
20	193	1
20	194	1
20	195	-1
20	199	1
20	200	-1
20	202	1
20	204	1
20	206	-1
20	209	-1
20	210	1
20	212	-1
20	217	1
20	218	1
20	220	1
20	221	-1
20	228	-1
20	229	1
20	231	-1
20	239	-1
20	242	-1
20	243	-1
20	246	-1
20	247	1
20	248	1
20	251	-1
20	252	1
20	254	-1
20	256	1
20	258	-1
20	260	-1
20	262	-1
20	263	1
20	265	-1
20	266	-1
20	267	1
20	269	1
20	271	-1
20	272	-1
20	279	-1
20	282	-1
20	285	-1
20	286	-1
20	287	1
20	288	1
20	293	1
20	295	-1
20	296	1
20	297	1
20	300	-1
20	301	1
20	304	-1
20	306	1
20	307	1
20	309	-1
20	313	-1
20	315	-1
20	319	-1
20	320	-1
20	321	-1
20	322	-1
20	323	-1
20	325	1
20	327	1
20	329	1
20	333	1
20	334	1
20	335	1
20	336	-1
20	337	-1
20	340	-1
20	341	1
20	342	1
20	343	-1
20	344	-1
20	345	-1
20	347	-1
20	352	-1
20	353	1
20	355	-1
20	357	-1
20	358	1
20	359	1
20	360	1
20	361	-1
20	365	-1
20	369	-1
20	370	-1
20	371	-1
20	372	-1
20	373	1
20	376	-1
20	378	1
20	380	-1
20	381	-1
20	383	1
20	385	-1
20	388	1
20	389	1
20	390	-1
20	392	1
20	394	-1
20	398	-1
20	401	-1
20	404	1
20	405	1
20	406	-1
20	408	1
20	409	-1
20	412	1
20	414	1
20	415	-1
20	416	1
20	417	-1
20	418	-1
20	419	1
20	423	1
20	424	1
20	428	-1
20	430	-1
20	434	1
20	435	-1
20	440	-1
20	442	1
20	444	-1
20	445	-1
20	446	1
20	449	1
20	451	1
20	455	-1
20	457	-1
20	463	1
20	464	1
20	465	1
20	466	-1
20	468	-1
20	472	-1
20	474	-1
20	475	-1
20	477	-1
20	478	-1
20	480	-1
20	481	1
20	482	1
20	483	1
20	487	-1
20	488	-1
20	489	1
20	490	-1
20	492	1
20	493	1
20	496	1
20	497	1
21	22	1
21	24	1
21	25	1
21	26	1
21	27	-1
21	28	-1
21	29	1
21	31	1
21	32	1
21	33	1
21	35	-1
21	36	1
21	37	-1
21	39	1
21	40	1
21	41	1
21	42	-1
21	43	1
21	44	-1
21	45	1
21	47	-1
21	49	-1
21	50	1
21	52	1
21	53	-1
21	54	-1
21	55	-1
21	56	-1
21	58	1
21	59	-1
21	60	1
21	62	-1
21	63	-1
21	64	-1
21	65	-1
21	66	-1
21	67	1
21	68	-1
21	69	1
21	70	-1
21	71	-1
21	73	-1
21	74	1
21	75	-1
21	76	-1
21	77	1
21	79	1
21	80	-1
21	81	1
21	82	-1
21	84	1
21	85	-1
21	86	-1
21	88	1
21	89	1
21	91	-1
21	92	-1
21	93	-1
21	94	-1
21	95	1
21	96	1
21	97	-1
21	98	1
21	99	-1
21	100	-1
21	105	-1
21	106	-1
21	107	-1
21	113	1
21	114	-1
21	119	1
21	120	1
21	121	-1
21	123	-1
21	128	1
21	130	1
21	132	1
21	134	1
21	136	-1
21	138	1
21	140	1
21	141	1
21	142	1
21	144	1
21	146	-1
21	148	1
21	149	1
21	151	-1
21	152	1
21	153	-1
21	159	1
21	160	1
21	161	1
21	162	1
21	167	1
21	170	-1
21	174	-1
21	176	1
21	179	-1
21	182	-1
21	183	-1
21	184	-1
21	185	-1
21	186	-1
21	187	-1
21	188	-1
21	192	-1
21	194	-1
21	196	1
21	197	-1
21	198	-1
21	201	1
21	202	-1
21	205	1
21	207	-1
21	212	1
21	213	-1
21	214	1
21	217	-1
21	219	1
21	221	1
21	223	1
21	224	-1
21	226	1
21	227	-1
21	228	-1
21	230	-1
21	231	-1
21	232	-1
21	235	-1
21	236	1
21	238	1
21	240	1
21	241	-1
21	243	-1
21	244	1
21	245	1
21	246	1
21	247	1
21	249	1
21	250	1
21	251	-1
21	253	1
21	254	1
21	255	1
21	257	1
21	258	1
21	260	-1
21	262	-1
21	263	-1
21	265	1
21	267	1
21	270	1
21	271	1
21	274	1
21	275	1
21	276	1
21	278	-1
21	280	1
21	283	1
21	287	-1
21	288	1
21	289	-1
21	291	-1
21	293	1
21	294	1
21	296	1
21	300	1
21	301	-1
21	302	-1
21	303	-1
21	305	1
21	307	-1
21	308	1
21	309	1
21	310	-1
21	311	1
21	312	1
21	315	-1
21	316	-1
21	317	-1
21	318	1
21	324	-1
21	325	1
21	326	-1
21	328	-1
21	329	-1
21	330	1
21	332	-1
21	333	-1
21	335	1
21	338	-1
21	344	1
21	345	1
21	347	1
21	348	1
21	350	-1
21	351	1
21	353	-1
21	356	-1
21	359	1
21	364	1
21	365	1
21	367	1
21	368	1
21	370	-1
21	371	1
21	372	1
21	374	1
21	375	1
21	376	-1
21	377	-1
21	378	1
21	379	1
21	381	-1
21	385	1
21	386	-1
21	387	1
21	388	1
21	389	-1
21	390	1
21	392	-1
21	393	-1
21	394	1
21	395	1
21	399	-1
21	406	1
21	408	-1
21	409	-1
21	414	1
21	415	-1
21	420	1
21	421	-1
21	424	1
21	430	1
21	433	1
21	435	-1
21	436	1
21	440	1
21	441	1
21	442	-1
21	443	-1
21	446	-1
21	448	1
21	449	1
21	451	-1
21	452	1
21	454	1
21	461	1
21	463	1
21	468	-1
21	469	1
21	470	-1
21	471	1
21	473	-1
21	474	-1
21	475	1
21	476	-1
21	478	-1
21	479	-1
21	481	-1
21	482	-1
21	483	1
21	485	-1
21	486	-1
21	487	1
21	491	1
21	492	1
21	494	-1
21	495	-1
21	498	1
21	499	1
22	24	1
22	28	1
22	29	-1
22	31	1
22	32	1
22	33	1
22	34	1
22	35	1
22	37	-1
22	38	-1
22	39	1
22	41	1
22	42	1
22	43	-1
22	44	-1
22	45	1
22	46	1
22	47	1
22	48	-1
22	49	1
22	50	-1
22	51	-1
22	52	1
22	53	-1
22	55	-1
22	58	-1
22	59	1
22	60	-1
22	62	-1
22	63	-1
22	65	-1
22	66	-1
22	67	-1
22	68	-1
22	69	1
22	70	1
22	72	1
22	73	-1
22	74	-1
22	75	-1
22	76	-1
22	77	-1
22	78	1
22	79	-1
22	81	-1
22	82	-1
22	83	1
22	86	1
22	87	-1
22	88	1
22	90	1
22	91	-1
22	94	-1
22	95	1
22	96	-1
22	97	-1
22	98	-1
22	99	-1
22	100	1
22	101	1
22	102	1
22	103	1
22	104	-1
22	106	-1
22	107	-1
22	109	-1
22	110	-1
22	113	-1
22	115	-1
22	116	1
22	118	-1
22	120	1
22	121	1
22	124	1
22	125	1
22	126	-1
22	128	1
22	129	-1
22	131	-1
22	132	-1
22	133	-1
22	134	1
22	135	1
22	136	1
22	140	1
22	141	-1
22	142	-1
22	143	-1
22	144	-1
22	147	1
22	148	1
22	149	1
22	151	-1
22	152	1
22	156	-1
22	157	1
22	158	1
22	160	1
22	161	1
22	164	-1
22	165	1
22	166	1
22	168	-1
22	169	-1
22	173	1
22	174	1
22	176	1
22	177	1
22	178	-1
22	179	-1
22	180	1
22	181	-1
22	182	-1
22	183	-1
22	185	-1
22	187	1
22	188	-1
22	189	-1
22	191	1
22	193	-1
22	194	1
22	197	1
22	199	-1
22	201	1
22	202	1
22	204	1
22	205	1
22	208	-1
22	209	1
22	211	-1
22	214	1
22	215	1
22	216	1
22	219	1
22	220	-1
22	221	-1
22	222	-1
22	229	1
22	231	-1
22	235	1
22	236	-1
22	240	1
22	241	-1
22	243	1
22	244	-1
22	245	1
22	249	1
22	251	-1
22	253	1
22	255	1
22	256	1
22	258	-1
22	262	1
22	263	-1
22	265	-1
22	266	1
22	268	1
22	269	-1
22	273	-1
22	277	-1
22	279	1
22	283	1
22	286	1
22	289	-1
22	294	-1
22	295	-1
22	296	-1
22	297	1
22	298	1
22	299	-1
22	303	1
22	304	-1
22	307	1
22	308	1
22	310	1
22	311	1
22	313	-1
22	316	1
22	318	1
22	319	-1
22	321	1
22	322	-1
22	323	-1
22	326	1
22	329	-1
22	330	1
22	331	1
22	333	1
22	337	-1
22	338	-1
22	339	-1
22	340	1
22	341	1
22	342	-1
22	345	1
22	347	1
22	349	-1
22	350	-1
22	351	1
22	354	1
22	357	-1
22	359	1
22	362	1
22	363	1
22	364	-1
22	369	1
22	370	1
22	372	1
22	375	-1
22	377	-1
22	379	1
22	381	-1
22	387	-1
22	390	1
22	394	1
22	395	-1
22	396	1
22	399	1
22	400	-1
22	401	1
22	403	1
22	407	-1
22	408	1
22	411	-1
22	412	1
22	414	-1
22	415	-1
22	417	1
22	418	-1
22	421	1
22	424	1
22	427	1
22	430	-1
22	431	1
22	434	1
22	435	-1
22	436	1
22	437	1
22	439	-1
22	442	-1
22	445	-1
22	447	1
22	448	1
22	451	1
22	453	-1
22	454	1
22	455	1
22	456	-1
22	457	1
22	459	1
22	462	-1
22	464	1
22	467	1
22	473	1
22	477	1
22	480	-1
22	481	1
22	482	1
22	484	-1
22	486	1
22	488	1
22	490	1
22	491	1
22	495	-1
22	496	-1
22	497	1
22	498	-1
22	499	1
23	24	-1
23	26	-1
23	27	1
23	28	-1
23	29	1
23	30	1
23	31	1
23	32	-1
23	33	1
23	34	-1
23	35	1
23	36	-1
23	37	1
23	39	1
23	40	1
23	41	-1
23	42	1
23	45	1
23	46	1
23	48	-1
23	49	-1
23	50	1
23	51	-1
23	53	-1
23	54	1
23	56	-1
23	57	-1
23	58	-1
23	59	-1
23	60	-1
23	61	1
23	62	1
23	63	-1
23	64	-1
23	65	-1
23	66	-1
23	67	-1
23	68	-1
23	69	1
23	70	-1
23	71	1
23	72	1
23	73	1
23	74	-1
23	75	-1
23	76	-1
23	77	1
23	79	-1
23	81	-1
23	82	-1
23	83	-1
23	86	-1
23	87	1
23	89	1
23	90	-1
23	91	1
23	92	1
23	94	-1
23	95	1
23	97	-1
23	98	-1
23	99	1
23	101	1
23	104	1
23	105	1
23	106	1
23	107	1
23	109	-1
23	110	-1
23	111	1
23	113	1
23	117	1
23	118	1
23	121	-1
23	123	-1
23	124	-1
23	125	1
23	126	1
23	133	1
23	134	-1
23	135	-1
23	136	-1
23	138	1
23	146	1
23	147	1
23	152	1
23	153	1
23	159	-1
23	160	1
23	161	-1
23	162	-1
23	164	-1
23	165	-1
23	166	1
23	168	-1
23	171	-1
23	172	1
23	176	-1
23	177	-1
23	179	-1
23	180	1
23	182	-1
23	186	-1
23	187	-1
23	188	1
23	189	-1
23	191	1
23	193	1
23	194	1
23	195	-1
23	198	-1
23	199	1
23	200	1
23	201	1
23	203	1
23	204	-1
23	206	-1
23	207	-1
23	209	1
23	212	1
23	214	-1
23	216	1
23	219	-1
23	220	-1
23	223	-1
23	224	1
23	226	-1
23	231	1
23	232	-1
23	235	-1
23	236	1
23	238	-1
23	239	1
23	241	1
23	243	-1
23	245	1
23	246	-1
23	247	-1
23	250	1
23	251	1
23	252	-1
23	253	-1
23	255	1
23	256	-1
23	258	1
23	259	1
23	260	-1
23	266	-1
23	268	-1
23	271	-1
23	272	1
23	273	-1
23	275	1
23	278	1
23	279	-1
23	283	-1
23	286	1
23	289	-1
23	291	1
23	292	1
23	293	1
23	294	1
23	300	-1
23	302	-1
23	304	1
23	305	-1
23	306	-1
23	311	1
23	312	-1
23	315	1
23	316	1
23	320	1
23	321	1
23	322	1
23	323	1
23	325	1
23	327	1
23	328	-1
23	329	1
23	333	-1
23	334	1
23	335	-1
23	338	1
23	341	-1
23	342	1
23	343	1
23	344	1
23	345	-1
23	346	-1
23	348	-1
23	349	1
23	359	1
23	360	-1
23	361	-1
23	363	1
23	367	-1
23	369	1
23	370	1
23	372	1
23	374	-1
23	376	1
23	380	-1
23	381	1
23	382	1
23	385	-1
23	387	1
23	389	-1
23	390	-1
23	391	-1
23	395	1
23	396	1
23	398	-1
23	403	1
23	406	-1
23	407	-1
23	408	1
23	412	1
23	416	1
23	417	1
23	422	1
23	423	-1
23	426	1
23	427	1
23	428	-1
23	429	1
23	433	1
23	437	1
23	440	1
23	441	1
23	442	-1
23	448	-1
23	449	1
23	454	-1
23	457	1
23	458	1
23	459	1
23	462	1
23	464	1
23	467	-1
23	469	1
23	470	-1
23	471	-1
23	472	-1
23	473	1
23	476	1
23	478	-1
23	479	-1
23	480	1
23	484	1
23	485	1
23	488	-1
23	491	1
23	492	1
23	494	1
23	495	1
24	28	-1
24	29	1
24	30	1
24	31	1
24	32	1
24	34	1
24	35	1
24	36	1
24	37	1
24	38	1
24	39	-1
24	40	-1
24	42	1
24	43	1
24	44	1
24	46	-1
24	47	-1
24	48	1
24	49	-1
24	50	-1
24	54	-1
24	56	-1
24	57	-1
24	58	-1
24	59	-1
24	60	-1
24	61	1
24	63	1
24	64	-1
24	65	-1
24	66	-1
24	67	1
24	68	1
24	69	-1
24	70	-1
24	71	-1
24	72	-1
24	73	-1
24	74	1
24	75	-1
24	76	-1
24	78	-1
24	79	1
24	80	1
24	81	-1
24	83	-1
24	84	1
24	85	-1
24	86	-1
24	87	1
24	88	-1
24	89	-1
24	90	1
24	91	1
24	92	1
24	93	-1
24	97	-1
24	98	1
24	99	-1
24	102	1
24	106	-1
24	108	1
24	110	-1
24	114	1
24	115	1
24	116	-1
24	118	1
24	120	-1
24	122	1
24	123	-1
24	127	-1
24	128	-1
24	129	1
24	130	-1
24	132	-1
24	133	1
24	134	1
24	135	-1
24	136	1
24	137	-1
24	140	-1
24	141	1
24	142	1
24	143	-1
24	147	1
24	151	-1
24	156	1
24	159	1
24	160	1
24	165	-1
24	167	-1
24	168	-1
24	170	-1
24	172	1
24	174	-1
24	175	-1
24	176	1
24	177	-1
24	179	1
24	180	-1
24	182	1
24	183	-1
24	184	-1
24	185	-1
24	187	-1
24	191	1
24	194	-1
24	196	1
24	197	1
24	198	1
24	199	-1
24	200	-1
24	202	-1
24	203	-1
24	206	1
24	208	-1
24	209	1
24	210	1
24	211	1
24	213	1
24	214	1
24	215	1
24	218	1
24	219	1
24	222	1
24	223	1
24	224	-1
24	227	1
24	232	1
24	233	-1
24	235	1
24	237	-1
24	238	-1
24	239	1
24	241	-1
24	242	-1
24	243	1
24	248	-1
24	251	1
24	253	1
24	254	1
24	256	-1
24	258	-1
24	259	1
24	261	-1
24	263	1
24	264	-1
24	266	-1
24	270	-1
24	275	-1
24	280	-1
24	284	-1
24	286	-1
24	287	-1
24	289	1
24	293	1
24	296	1
24	298	1
24	307	-1
24	309	-1
24	310	-1
24	311	-1
24	312	1
24	313	1
24	319	1
24	321	1
24	322	-1
24	324	-1
24	326	-1
24	327	1
24	329	1
24	331	-1
24	338	1
24	343	1
24	349	-1
24	351	-1
24	352	-1
24	361	-1
24	362	1
24	364	1
24	365	1
24	366	1
24	367	-1
24	368	1
24	369	-1
24	370	1
24	371	-1
24	376	-1
24	377	-1
24	380	1
24	381	-1
24	382	-1
24	383	-1
24	384	-1
24	385	1
24	386	-1
24	391	-1
24	393	1
24	396	1
24	398	-1
24	399	1
24	405	-1
24	406	1
24	408	1
24	409	1
24	410	-1
24	415	1
24	423	1
24	425	-1
24	427	1
24	428	1
24	429	-1
24	430	1
24	431	-1
24	434	1
24	435	-1
24	438	-1
24	442	-1
24	443	1
24	444	1
24	445	1
24	446	1
24	449	-1
24	450	-1
24	451	-1
24	452	1
24	454	-1
24	455	1
24	456	-1
24	457	-1
24	458	-1
24	459	-1
24	463	-1
24	465	1
24	466	-1
24	472	1
24	474	1
24	475	1
24	477	-1
24	478	-1
24	480	1
24	481	1
24	482	1
24	483	1
24	484	1
24	486	-1
24	487	-1
24	488	1
24	489	-1
24	490	-1
24	491	-1
24	492	-1
24	494	-1
24	496	1
24	497	1
24	499	-1
25	26	-1
25	29	-1
25	30	1
25	32	1
25	33	-1
25	36	1
25	37	1
25	38	1
25	39	1
25	40	1
25	41	1
25	43	-1
25	44	-1
25	45	-1
25	46	1
25	48	1
25	51	-1
25	53	1
25	54	-1
25	55	-1
25	56	-1
25	57	-1
25	58	-1
25	59	-1
25	60	-1
25	61	-1
25	62	-1
25	63	1
25	64	1
25	65	-1
25	66	1
25	67	-1
25	69	-1
25	70	-1
25	71	-1
25	72	1
25	74	1
25	76	-1
25	77	-1
25	78	-1
25	79	-1
25	80	1
25	81	-1
25	82	-1
25	84	1
25	85	1
25	86	1
25	87	1
25	89	1
25	90	1
25	91	-1
25	92	-1
25	93	1
25	95	-1
25	96	1
25	97	1
25	98	-1
25	99	-1
25	102	1
25	104	1
25	105	-1
25	107	-1
25	108	1
25	112	-1
25	114	-1
25	115	-1
25	116	1
25	117	1
25	119	1
25	120	1
25	123	1
25	124	1
25	125	-1
25	127	-1
25	130	1
25	132	1
25	134	1
25	138	-1
25	140	-1
25	142	1
25	143	-1
25	145	1
25	148	-1
25	149	-1
25	153	-1
25	159	-1
25	160	1
25	164	-1
25	167	1
25	169	-1
25	171	-1
25	172	1
25	175	1
25	177	1
25	179	-1
25	182	-1
25	185	-1
25	186	-1
25	187	-1
25	189	1
25	191	-1
25	195	-1
25	198	-1
25	199	1
25	200	1
25	206	1
25	207	-1
25	210	-1
25	212	-1
25	213	-1
25	214	1
25	215	1
25	217	1
25	218	1
25	219	1
25	221	1
25	222	1
25	223	-1
25	229	-1
25	230	-1
25	232	1
25	235	1
25	237	-1
25	240	1
25	243	1
25	244	1
25	249	-1
25	251	1
25	253	-1
25	257	1
25	259	-1
25	261	1
25	262	-1
25	266	1
25	271	1
25	272	1
25	275	1
25	277	-1
25	278	-1
25	279	1
25	280	1
25	281	1
25	283	-1
25	284	-1
25	287	1
25	288	-1
25	291	-1
25	292	-1
25	295	-1
25	296	-1
25	299	-1
25	300	-1
25	302	-1
25	309	-1
25	310	-1
25	312	-1
25	313	1
25	314	1
25	315	1
25	317	-1
25	318	-1
25	320	-1
25	321	1
25	323	1
25	324	-1
25	330	-1
25	331	1
25	333	-1
25	335	1
25	336	1
25	337	-1
25	341	-1
25	342	1
25	344	-1
25	345	-1
25	347	-1
25	348	-1
25	349	1
25	352	-1
25	353	1
25	356	1
25	358	1
25	362	-1
25	363	-1
25	366	-1
25	369	-1
25	371	1
25	373	1
25	377	1
25	379	1
25	380	1
25	382	1
25	383	1
25	385	-1
25	387	1
25	390	1
25	391	1
25	393	1
25	394	1
25	395	1
25	397	-1
25	398	1
25	401	1
25	403	-1
25	404	1
25	407	1
25	409	1
25	413	-1
25	416	-1
25	418	1
25	419	1
25	421	1
25	422	1
25	424	-1
25	425	1
25	426	-1
25	427	1
25	428	-1
25	429	1
25	435	1
25	441	1
25	450	1
25	451	1
25	454	-1
25	456	1
25	459	1
25	465	1
25	466	1
25	468	1
25	470	-1
25	472	-1
25	473	1
25	474	-1
25	475	-1
25	477	-1
25	479	1
25	480	1
25	481	-1
25	482	-1
25	483	-1
25	485	-1
25	488	1
25	491	1
25	492	1
25	493	1
25	494	-1
25	499	1
26	28	1
26	29	-1
26	32	-1
26	33	1
26	34	1
26	35	1
26	37	-1
26	39	-1
26	40	-1
26	41	1
26	42	1
26	43	-1
26	44	1
26	45	-1
26	46	1
26	48	1
26	49	1
26	50	1
26	52	1
26	53	-1
26	54	-1
26	55	-1
26	56	1
26	57	1
26	58	-1
26	59	-1
26	60	-1
26	61	1
26	63	-1
26	65	-1
26	67	-1
26	70	-1
26	71	1
26	72	1
26	73	1
26	74	-1
26	75	1
26	76	-1
26	77	-1
26	79	-1
26	81	-1
26	83	-1
26	84	-1
26	85	1
26	86	1
26	88	1
26	89	-1
26	90	1
26	91	-1
26	92	-1
26	93	1
26	94	-1
26	95	-1
26	97	-1
26	98	1
26	99	-1
26	101	-1
26	103	-1
26	108	-1
26	109	-1
26	110	1
26	111	1
26	115	-1
26	118	-1
26	119	-1
26	120	1
26	123	1
26	128	1
26	131	1
26	132	1
26	133	1
26	134	-1
26	135	-1
26	136	-1
26	141	1
26	142	1
26	144	-1
26	146	1
26	147	1
26	150	-1
26	153	1
26	154	1
26	155	1
26	161	1
26	165	-1
26	166	-1
26	167	1
26	172	1
26	173	1
26	183	-1
26	184	-1
26	185	-1
26	186	-1
26	187	-1
26	188	1
26	189	1
26	191	1
26	192	-1
26	193	-1
26	194	-1
26	201	1
26	205	-1
26	208	-1
26	210	1
26	211	-1
26	212	-1
26	213	1
26	214	1
26	215	-1
26	216	1
26	217	1
26	218	-1
26	219	1
26	220	1
26	221	1
26	223	1
26	225	1
26	228	1
26	229	-1
26	230	-1
26	232	-1
26	233	1
26	235	1
26	239	-1
26	240	1
26	246	1
26	249	-1
26	251	-1
26	253	1
26	255	-1
26	258	1
26	259	-1
26	260	1
26	263	1
26	265	1
26	267	1
26	268	1
26	273	-1
26	275	1
26	280	-1
26	281	-1
26	284	1
26	285	1
26	287	1
26	289	-1
26	290	-1
26	291	1
26	292	-1
26	293	-1
26	294	-1
26	297	1
26	303	1
26	305	1
26	306	1
26	307	-1
26	308	1
26	309	1
26	312	1
26	314	-1
26	316	-1
26	317	1
26	319	-1
26	321	1
26	323	-1
26	324	1
26	325	1
26	326	1
26	327	1
26	328	1
26	331	1
26	332	-1
26	333	1
26	339	-1
26	340	-1
26	342	-1
26	347	1
26	348	-1
26	351	-1
26	353	1
26	354	1
26	356	1
26	358	1
26	362	-1
26	363	1
26	364	-1
26	366	-1
26	371	-1
26	376	1
26	377	-1
26	379	-1
26	380	-1
26	383	1
26	384	-1
26	385	-1
26	386	1
26	388	1
26	393	-1
26	394	-1
26	395	1
26	396	-1
26	398	1
26	399	1
26	403	1
26	405	-1
26	406	-1
26	407	-1
26	408	1
26	409	1
26	410	1
26	417	-1
26	419	-1
26	420	-1
26	424	-1
26	427	-1
26	428	-1
26	429	1
26	430	-1
26	432	1
26	433	1
26	438	1
26	439	-1
26	442	1
26	443	1
26	444	-1
26	447	-1
26	449	-1
26	450	1
26	454	1
26	456	1
26	458	-1
26	460	1
26	461	1
26	467	-1
26	470	1
26	472	-1
26	474	-1
26	475	1
26	478	1
26	479	1
26	481	1
26	482	-1
26	487	1
26	488	-1
26	490	-1
26	492	-1
26	494	1
26	496	1
26	498	1
26	499	1
27	28	-1
27	29	1
27	30	-1
27	31	1
27	33	1
27	35	-1
27	36	1
27	37	1
27	38	1
27	39	1
27	40	1
27	43	-1
27	44	-1
27	45	1
27	46	-1
27	47	-1
27	48	1
27	51	1
27	52	-1
27	53	-1
27	55	-1
27	56	-1
27	57	1
27	58	1
27	59	-1
27	60	1
27	61	1
27	62	1
27	64	-1
27	65	-1
27	66	-1
27	68	-1
27	70	1
27	71	1
27	72	-1
27	73	-1
27	74	-1
27	75	-1
27	76	1
27	77	-1
27	79	-1
27	80	-1
27	81	-1
27	82	-1
27	83	-1
27	85	-1
27	87	1
27	89	-1
27	92	1
27	94	-1
27	96	1
27	97	-1
27	98	1
27	99	-1
27	100	1
27	101	-1
27	102	1
27	103	1
27	104	-1
27	114	1
27	116	-1
27	120	-1
27	122	-1
27	125	1
27	126	1
27	127	-1
27	128	-1
27	129	1
27	131	-1
27	132	1
27	134	1
27	135	1
27	138	1
27	139	-1
27	140	-1
27	141	-1
27	142	1
27	143	-1
27	144	-1
27	145	1
27	146	-1
27	148	-1
27	149	1
27	160	-1
27	161	1
27	162	-1
27	163	-1
27	164	1
27	165	-1
27	166	1
27	168	-1
27	169	-1
27	170	-1
27	173	-1
27	177	1
27	181	1
27	182	-1
27	184	1
27	185	1
27	186	1
27	187	-1
27	190	-1
27	191	-1
27	193	-1
27	194	-1
27	198	1
27	200	1
27	201	1
27	207	-1
27	209	1
27	210	1
27	211	-1
27	214	-1
27	215	1
27	216	-1
27	217	1
27	219	-1
27	220	1
27	223	1
27	224	-1
27	225	-1
27	226	-1
27	228	1
27	229	-1
27	230	-1
27	231	1
27	232	-1
27	233	1
27	234	1
27	236	-1
27	237	1
27	238	1
27	244	-1
27	251	1
27	252	1
27	253	-1
27	255	-1
27	257	1
27	258	1
27	259	1
27	260	1
27	264	1
27	272	-1
27	275	1
27	276	1
27	279	-1
27	280	1
27	282	-1
27	283	1
27	285	1
27	286	1
27	289	1
27	290	-1
27	292	-1
27	294	-1
27	295	1
27	299	-1
27	300	-1
27	301	1
27	303	-1
27	305	-1
27	307	1
27	310	-1
27	311	1
27	312	-1
27	313	-1
27	315	-1
27	319	1
27	321	-1
27	323	-1
27	325	1
27	326	1
27	328	-1
27	329	-1
27	331	1
27	333	-1
27	334	1
27	335	1
27	336	-1
27	338	1
27	345	-1
27	346	-1
27	347	-1
27	353	1
27	354	1
27	357	1
27	358	1
27	360	1
27	361	-1
27	362	1
27	363	-1
27	364	-1
27	367	1
27	370	1
27	372	-1
27	373	1
27	376	1
27	377	1
27	378	-1
27	380	-1
27	381	1
27	383	1
27	388	1
27	389	1
27	392	-1
27	394	-1
27	395	-1
27	396	-1
27	399	1
27	400	-1
27	401	-1
27	402	1
27	407	1
27	409	-1
27	412	-1
27	414	-1
27	415	1
27	416	-1
27	422	1
27	425	-1
27	426	-1
27	427	-1
27	428	-1
27	431	1
27	434	1
27	440	-1
27	441	1
27	442	1
27	446	-1
27	447	1
27	454	1
27	455	-1
27	458	-1
27	460	-1
27	462	1
27	463	-1
27	464	-1
27	466	1
27	467	-1
27	468	1
27	469	-1
27	472	1
27	473	-1
27	482	1
27	483	1
27	485	1
27	486	-1
27	487	-1
27	488	-1
27	490	1
27	491	1
27	497	1
28	29	1
28	30	1
28	31	1
28	33	1
28	34	1
28	35	1
28	36	1
28	37	1
28	38	1
28	39	-1
28	40	-1
28	42	-1
28	43	1
28	44	-1
28	45	1
28	46	-1
28	48	-1
28	50	-1
28	51	-1
28	52	-1
28	53	-1
28	55	-1
28	56	-1
28	57	-1
28	58	1
28	59	-1
28	60	-1
28	62	1
28	63	-1
28	64	-1
28	67	1
28	68	-1
28	69	1
28	70	-1
28	72	-1
28	73	1
28	74	1
28	75	-1
28	76	-1
28	77	-1
28	78	-1
28	79	-1
28	80	-1
28	81	-1
28	82	1
28	83	-1
28	84	-1
28	85	1
28	88	1
28	89	-1
28	93	-1
28	94	-1
28	96	-1
28	99	-1
28	102	-1
28	103	-1
28	104	1
28	105	-1
28	106	1
28	107	-1
28	111	1
28	113	-1
28	114	1
28	116	-1
28	118	1
28	121	-1
28	122	1
28	125	-1
28	128	1
28	130	1
28	133	-1
28	134	-1
28	135	-1
28	136	-1
28	139	1
28	144	-1
28	145	1
28	146	-1
28	147	1
28	148	1
28	153	1
28	154	-1
28	157	1
28	158	-1
28	162	1
28	163	-1
28	165	-1
28	167	-1
28	168	1
28	171	1
28	177	-1
28	178	1
28	180	-1
28	182	1
28	183	-1
28	184	-1
28	186	-1
28	188	-1
28	189	1
28	190	1
28	192	1
28	194	-1
28	195	-1
28	197	-1
28	198	-1
28	202	1
28	203	1
28	214	1
28	215	-1
28	216	1
28	221	-1
28	222	1
28	227	-1
28	228	-1
28	229	1
28	234	-1
28	236	1
28	237	-1
28	238	1
28	244	1
28	248	1
28	250	1
28	253	-1
28	254	1
28	256	1
28	258	-1
28	259	1
28	260	1
28	261	-1
28	262	1
28	264	-1
28	266	-1
28	267	-1
28	268	-1
28	269	1
28	271	-1
28	277	-1
28	278	-1
28	279	-1
28	284	-1
28	286	1
28	289	1
28	294	1
28	299	1
28	300	-1
28	302	1
28	303	1
28	304	-1
28	305	1
28	307	1
28	309	-1
28	310	-1
28	311	-1
28	313	1
28	317	-1
28	319	-1
28	322	1
28	323	1
28	324	-1
28	326	-1
28	327	1
28	328	-1
28	329	1
28	330	-1
28	338	-1
28	344	-1
28	348	-1
28	349	-1
28	355	-1
28	356	1
28	358	-1
28	359	1
28	361	1
28	362	-1
28	364	1
28	365	-1
28	366	-1
28	367	-1
28	370	1
28	371	-1
28	372	-1
28	376	1
28	378	-1
28	379	1
28	380	-1
28	382	1
28	383	1
28	384	1
28	387	-1
28	388	-1
28	389	1
28	390	1
28	394	-1
28	399	1
28	400	1
28	402	1
28	404	1
28	405	1
28	407	-1
28	411	-1
28	413	-1
28	414	1
28	416	-1
28	421	-1
28	424	1
28	426	1
28	428	-1
28	429	-1
28	430	-1
28	433	1
28	434	-1
28	436	1
28	438	1
28	440	1
28	442	-1
28	443	1
28	446	-1
28	448	-1
28	449	1
28	450	1
28	453	1
28	456	1
28	458	-1
28	461	1
28	462	1
28	464	1
28	472	-1
28	473	-1
28	474	-1
28	478	-1
28	479	-1
28	480	-1
28	481	1
28	483	-1
28	486	1
28	491	1
28	495	-1
28	496	1
28	498	-1
28	499	1
29	31	-1
29	32	-1
29	34	-1
29	35	1
29	36	-1
29	39	1
29	40	1
29	41	-1
29	42	1
29	44	1
29	45	-1
29	46	1
29	48	1
29	49	1
29	50	1
29	51	-1
29	52	-1
29	53	1
29	54	1
29	55	-1
29	56	1
29	57	1
29	58	1
29	61	-1
29	63	-1
29	64	-1
29	65	1
29	67	1
29	68	1
29	73	1
29	74	-1
29	75	-1
29	76	1
29	77	-1
29	78	1
29	79	-1
29	80	-1
29	81	1
29	83	-1
29	85	-1
29	86	-1
29	87	-1
29	88	1
29	89	-1
29	90	-1
29	91	-1
29	92	-1
29	95	1
29	96	1
29	97	-1
29	98	1
29	100	1
29	101	-1
29	102	1
29	104	-1
29	106	1
29	109	1
29	110	-1
29	112	-1
29	113	-1
29	116	-1
29	118	1
29	120	1
29	123	1
29	124	-1
29	126	1
29	128	1
29	129	1
29	130	-1
29	135	1
29	137	1
29	138	-1
29	141	-1
29	142	1
29	145	1
29	147	-1
29	148	-1
29	149	-1
29	150	-1
29	152	-1
29	153	1
29	155	1
29	156	-1
29	158	-1
29	162	1
29	163	1
29	164	-1
29	167	-1
29	168	-1
29	169	-1
29	173	1
29	174	-1
29	179	-1
29	180	1
29	181	1
29	183	-1
29	186	1
29	187	1
29	189	1
29	190	-1
29	192	-1
29	195	1
29	197	1
29	199	-1
29	201	-1
29	206	-1
29	207	1
29	209	-1
29	210	-1
29	212	-1
29	214	1
29	216	-1
29	217	1
29	218	1
29	219	1
29	223	-1
29	224	1
29	225	1
29	226	1
29	227	-1
29	236	1
29	237	1
29	239	-1
29	241	-1
29	243	-1
29	244	1
29	245	-1
29	248	-1
29	249	-1
29	250	1
29	251	-1
29	252	1
29	253	-1
29	254	1
29	255	1
29	256	1
29	258	-1
29	260	-1
29	262	-1
29	263	1
29	264	-1
29	266	1
29	270	1
29	275	-1
29	276	1
29	278	-1
29	280	-1
29	282	-1
29	283	-1
29	284	-1
29	285	-1
29	287	-1
29	289	1
29	291	-1
29	293	1
29	295	-1
29	298	1
29	301	1
29	302	-1
29	307	-1
29	309	-1
29	310	-1
29	311	-1
29	312	-1
29	313	-1
29	314	-1
29	315	1
29	318	-1
29	319	1
29	321	1
29	322	1
29	324	1
29	326	-1
29	329	1
29	332	-1
29	334	-1
29	337	1
29	339	1
29	342	-1
29	343	-1
29	345	1
29	346	-1
29	347	1
29	348	1
29	349	-1
29	352	1
29	355	-1
29	356	1
29	358	-1
29	359	-1
29	362	1
29	363	1
29	364	1
29	367	1
29	369	1
29	370	-1
29	371	-1
29	374	1
29	377	-1
29	378	-1
29	381	-1
29	385	1
29	388	1
29	390	-1
29	391	-1
29	397	1
29	400	-1
29	403	1
29	406	1
29	408	-1
29	412	-1
29	413	-1
29	414	-1
29	415	-1
29	416	-1
29	418	1
29	419	1
29	421	1
29	423	-1
29	426	1
29	430	-1
29	431	-1
29	434	1
29	435	-1
29	437	1
29	440	-1
29	445	1
29	449	1
29	450	1
29	451	1
29	453	-1
29	454	1
29	455	-1
29	456	1
29	457	1
29	465	-1
29	466	-1
29	467	1
29	468	1
29	469	-1
29	471	1
29	473	1
29	478	-1
29	480	1
29	481	1
29	482	-1
29	483	1
29	485	-1
29	486	1
29	487	1
29	489	1
29	490	-1
29	491	1
29	493	-1
29	494	1
29	497	1
29	498	1
29	499	1
30	32	1
30	33	1
30	34	-1
30	35	1
30	36	1
30	39	1
30	41	1
30	43	-1
30	45	1
30	46	1
30	47	1
30	48	1
30	49	1
30	50	-1
30	52	-1
30	54	-1
30	55	-1
30	56	-1
30	58	-1
30	60	1
30	62	1
30	63	-1
30	64	1
30	66	1
30	68	1
30	69	-1
30	70	-1
30	71	-1
30	72	-1
30	73	-1
30	74	-1
30	75	1
30	76	1
30	77	-1
30	78	-1
30	79	1
30	80	-1
30	81	-1
30	84	-1
30	85	-1
30	86	-1
30	87	-1
30	88	-1
30	90	1
30	91	-1
30	92	-1
30	94	-1
30	95	-1
30	97	1
30	99	-1
30	101	1
30	106	-1
30	112	-1
30	114	-1
30	117	-1
30	120	1
30	124	1
30	133	1
30	135	-1
30	137	-1
30	139	1
30	141	1
30	142	-1
30	145	-1
30	146	-1
30	147	-1
30	149	1
30	150	1
30	151	-1
30	152	-1
30	153	-1
30	156	1
30	162	1
30	163	-1
30	164	-1
30	165	1
30	166	1
30	170	-1
30	174	-1
30	176	1
30	177	1
30	178	1
30	179	-1
30	180	-1
30	182	-1
30	188	-1
30	190	1
30	191	1
30	192	-1
30	193	-1
30	195	1
30	197	1
30	198	1
30	199	1
30	204	1
30	205	-1
30	207	-1
30	213	-1
30	214	1
30	217	1
30	219	1
30	221	-1
30	222	1
30	226	1
30	231	-1
30	232	-1
30	234	-1
30	235	1
30	237	-1
30	243	-1
30	246	-1
30	248	-1
30	249	-1
30	250	1
30	252	-1
30	253	-1
30	254	1
30	256	1
30	257	1
30	258	1
30	259	1
30	261	1
30	266	-1
30	267	-1
30	272	-1
30	273	-1
30	275	1
30	277	-1
30	278	1
30	279	-1
30	280	1
30	281	1
30	282	1
30	283	1
30	284	1
30	296	-1
30	298	1
30	299	1
30	303	-1
30	305	1
30	306	1
30	310	1
30	312	1
30	313	-1
30	314	1
30	316	1
30	317	1
30	320	-1
30	322	-1
30	324	-1
30	326	-1
30	327	-1
30	332	1
30	335	-1
30	337	-1
30	342	1
30	343	1
30	344	1
30	350	1
30	352	-1
30	354	1
30	356	1
30	358	1
30	360	1
30	363	1
30	364	1
30	366	1
30	371	1
30	372	-1
30	374	1
30	375	-1
30	380	-1
30	381	1
30	383	1
30	391	1
30	392	1
30	393	-1
30	394	1
30	396	1
30	400	-1
30	402	1
30	403	1
30	404	1
30	405	-1
30	406	-1
30	407	1
30	409	1
30	410	-1
30	413	-1
30	414	1
30	416	1
30	418	1
30	421	1
30	424	-1
30	425	1
30	426	-1
30	427	-1
30	430	1
30	432	1
30	434	-1
30	436	1
30	437	1
30	438	-1
30	439	1
30	443	-1
30	446	-1
30	447	-1
30	448	1
30	453	1
30	455	-1
30	457	1
30	458	-1
30	459	-1
30	460	1
30	464	1
30	467	-1
30	469	1
30	470	1
30	471	-1
30	472	1
30	476	1
30	478	-1
30	485	1
30	487	-1
30	488	-1
30	489	-1
30	490	1
30	491	1
30	492	-1
30	493	1
30	494	-1
30	495	-1
30	497	-1
30	499	-1
31	33	-1
31	34	-1
31	35	-1
31	36	1
31	37	1
31	38	-1
31	39	-1
31	40	1
31	41	1
31	42	1
31	43	1
31	45	1
31	46	1
31	47	-1
31	48	1
31	49	-1
31	50	1
31	51	1
31	52	1
31	53	-1
31	54	-1
31	55	-1
31	56	1
31	57	-1
31	58	-1
31	59	1
31	61	1
31	62	-1
31	63	1
31	66	1
31	67	1
31	68	-1
31	69	1
31	70	-1
31	71	-1
31	73	1
31	74	-1
31	75	-1
31	76	-1
31	78	-1
31	80	-1
31	81	1
31	82	1
31	83	-1
31	84	-1
31	85	-1
31	87	1
31	88	1
31	89	-1
31	90	-1
31	93	-1
31	95	-1
31	96	-1
31	97	-1
31	98	-1
31	99	-1
31	101	1
31	104	1
31	107	-1
31	112	-1
31	113	1
31	115	-1
31	116	1
31	117	-1
31	118	1
31	120	1
31	122	1
31	125	1
31	129	-1
31	133	1
31	134	1
31	138	-1
31	141	1
31	142	-1
31	143	1
31	145	1
31	146	1
31	147	1
31	150	-1
31	152	1
31	153	1
31	155	1
31	161	-1
31	163	1
31	165	-1
31	168	-1
31	177	1
31	178	-1
31	179	1
31	186	1
31	187	-1
31	188	-1
31	190	-1
31	194	-1
31	195	-1
31	196	-1
31	198	1
31	202	-1
31	203	-1
31	204	-1
31	206	1
31	207	1
31	208	-1
31	211	1
31	212	-1
31	215	-1
31	217	1
31	220	-1
31	225	-1
31	226	-1
31	230	1
31	232	-1
31	233	1
31	234	-1
31	235	-1
31	236	1
31	238	-1
31	242	1
31	244	-1
31	245	-1
31	247	1
31	251	-1
31	255	1
31	256	1
31	259	1
31	260	-1
31	261	1
31	263	-1
31	266	-1
31	267	-1
31	269	-1
31	270	1
31	271	1
31	273	-1
31	277	1
31	280	-1
31	281	1
31	282	-1
31	287	1
31	288	-1
31	290	-1
31	291	-1
31	292	-1
31	293	-1
31	295	1
31	297	-1
31	301	1
31	302	1
31	305	1
31	306	-1
31	308	-1
31	310	1
31	311	1
31	312	-1
31	314	1
31	317	1
31	322	-1
31	323	-1
31	326	1
31	327	1
31	329	-1
31	330	1
31	331	1
31	332	-1
31	336	-1
31	338	-1
31	339	-1
31	348	1
31	349	1
31	352	-1
31	354	-1
31	355	1
31	357	-1
31	359	-1
31	362	1
31	365	1
31	366	-1
31	371	1
31	372	-1
31	374	1
31	375	1
31	376	1
31	377	1
31	378	1
31	383	-1
31	384	1
31	386	1
31	388	-1
31	389	-1
31	391	-1
31	392	-1
31	393	1
31	395	-1
31	398	-1
31	399	-1
31	401	1
31	402	1
31	403	-1
31	405	1
31	406	-1
31	411	1
31	412	-1
31	413	1
31	414	1
31	415	1
31	416	1
31	418	-1
31	419	-1
31	420	1
31	421	-1
31	423	-1
31	424	-1
31	425	1
31	426	-1
31	429	1
31	431	-1
31	432	-1
31	433	-1
31	434	1
31	435	-1
31	436	1
31	438	-1
31	440	-1
31	441	-1
31	442	-1
31	443	-1
31	449	1
31	450	1
31	458	-1
31	461	-1
31	463	-1
31	466	-1
31	467	1
31	469	1
31	471	-1
31	472	-1
31	473	1
31	475	-1
31	476	1
31	477	-1
31	479	-1
31	482	-1
31	484	1
31	485	-1
31	486	-1
31	489	-1
31	491	-1
31	492	1
31	493	-1
31	499	1
32	33	-1
32	34	1
32	35	1
32	36	1
32	37	1
32	39	1
32	40	1
32	41	1
32	42	1
32	43	1
32	44	1
32	45	1
32	46	1
32	47	1
32	48	-1
32	49	1
32	50	1
32	51	1
32	52	-1
32	55	1
32	58	-1
32	59	1
32	60	1
32	62	1
32	63	1
32	64	-1
32	67	1
32	68	1
32	70	1
32	72	-1
32	73	1
32	74	1
32	75	1
32	76	-1
32	77	-1
32	78	1
32	81	-1
32	82	1
32	84	-1
32	85	-1
32	87	-1
32	88	-1
32	89	-1
32	92	-1
32	93	-1
32	94	-1
32	99	-1
32	100	1
32	101	1
32	102	1
32	103	-1
32	104	1
32	106	1
32	108	1
32	110	1
32	111	-1
32	112	-1
32	113	1
32	122	-1
32	123	1
32	125	1
32	127	-1
32	131	-1
32	139	1
32	141	1
32	142	1
32	145	1
32	146	1
32	147	1
32	149	-1
32	150	-1
32	152	-1
32	154	-1
32	157	-1
32	158	-1
32	159	1
32	161	-1
32	162	1
32	163	1
32	164	1
32	165	1
32	167	1
32	168	-1
32	170	1
32	176	-1
32	179	1
32	180	1
32	182	1
32	183	1
32	184	-1
32	187	1
32	188	1
32	190	1
32	193	-1
32	194	-1
32	196	-1
32	198	-1
32	200	1
32	201	1
32	205	1
32	207	-1
32	209	1
32	211	1
32	212	1
32	216	-1
32	217	-1
32	218	-1
32	220	1
32	232	-1
32	234	-1
32	235	-1
32	236	-1
32	239	1
32	241	-1
32	245	1
32	246	1
32	250	1
32	253	1
32	254	1
32	258	-1
32	260	1
32	261	1
32	262	-1
32	267	-1
32	270	1
32	271	-1
32	274	1
32	275	1
32	277	1
32	280	-1
32	284	1
32	286	1
32	289	-1
32	290	1
32	292	1
32	293	1
32	299	-1
32	300	-1
32	301	-1
32	302	1
32	312	-1
32	313	1
32	314	-1
32	315	1
32	319	-1
32	322	1
32	323	-1
32	324	-1
32	325	-1
32	329	1
32	330	-1
32	333	1
32	336	1
32	338	-1
32	340	-1
32	346	-1
32	348	-1
32	349	-1
32	350	1
32	354	1
32	355	1
32	356	-1
32	357	1
32	358	1
32	359	1
32	365	-1
32	367	1
32	370	-1
32	371	-1
32	372	-1
32	374	1
32	378	-1
32	383	1
32	384	-1
32	386	-1
32	387	-1
32	389	-1
32	390	1
32	393	-1
32	394	1
32	395	1
32	396	-1
32	400	1
32	402	1
32	404	-1
32	405	-1
32	406	1
32	410	-1
32	414	1
32	415	1
32	417	-1
32	419	1
32	421	1
32	422	1
32	423	-1
32	424	-1
32	427	1
32	428	-1
32	431	-1
32	433	1
32	435	1
32	438	-1
32	443	-1
32	445	1
32	446	1
32	447	1
32	449	1
32	451	-1
32	453	1
32	454	-1
32	455	-1
32	457	1
32	459	1
32	462	1
32	468	1
32	469	1
32	472	1
32	473	-1
32	474	1
32	481	-1
32	487	-1
32	489	1
32	490	-1
32	492	-1
32	493	1
32	494	1
32	495	-1
32	498	1
32	499	1
33	34	-1
33	35	1
33	37	1
33	38	1
33	39	1
33	40	1
33	41	-1
33	42	-1
33	43	1
33	46	-1
33	48	1
33	49	1
33	50	-1
33	51	1
33	52	1
33	53	-1
33	57	-1
33	58	-1
33	60	-1
33	62	1
33	65	-1
33	66	-1
33	67	-1
33	69	1
33	70	1
33	71	-1
33	72	-1
33	74	-1
33	75	-1
33	76	1
33	79	-1
33	80	-1
33	81	1
33	82	-1
33	83	-1
33	84	-1
33	86	-1
33	88	-1
33	90	-1
33	91	-1
33	94	-1
33	95	1
33	96	1
33	97	-1
33	98	-1
33	99	-1
33	100	-1
33	101	1
33	106	1
33	110	1
33	113	-1
33	114	1
33	119	-1
33	121	-1
33	124	-1
33	125	-1
33	126	1
33	127	1
33	128	-1
33	131	-1
33	134	-1
33	142	-1
33	145	-1
33	147	1
33	149	-1
33	155	-1
33	156	-1
33	158	1
33	162	-1
33	163	1
33	166	1
33	167	-1
33	171	-1
33	173	-1
33	175	-1
33	178	1
33	181	-1
33	183	-1
33	184	1
33	185	-1
33	190	1
33	191	1
33	193	1
33	195	-1
33	197	1
33	198	1
33	200	-1
33	204	1
33	205	1
33	206	-1
33	207	1
33	208	1
33	209	1
33	211	-1
33	214	1
33	217	-1
33	218	1
33	219	1
33	220	-1
33	223	-1
33	224	1
33	227	-1
33	228	-1
33	229	-1
33	230	1
33	231	1
33	232	-1
33	233	1
33	236	1
33	238	-1
33	240	1
33	245	1
33	248	-1
33	249	1
33	250	-1
33	254	-1
33	255	-1
33	258	-1
33	260	1
33	261	1
33	263	1
33	266	1
33	267	1
33	268	-1
33	269	-1
33	271	-1
33	272	-1
33	274	-1
33	277	1
33	278	1
33	279	-1
33	282	-1
33	285	-1
33	286	1
33	287	-1
33	289	1
33	290	-1
33	293	1
33	295	1
33	297	-1
33	300	-1
33	303	1
33	304	-1
33	306	-1
33	307	-1
33	309	1
33	310	-1
33	312	-1
33	313	-1
33	315	-1
33	316	1
33	317	1
33	319	-1
33	320	1
33	324	1
33	325	1
33	326	-1
33	328	1
33	329	-1
33	330	-1
33	333	-1
33	336	1
33	337	1
33	338	1
33	339	-1
33	340	-1
33	343	1
33	344	-1
33	345	1
33	350	1
33	354	-1
33	355	-1
33	357	-1
33	359	-1
33	362	1
33	363	1
33	365	-1
33	368	1
33	369	-1
33	373	1
33	377	1
33	379	1
33	381	1
33	382	-1
33	385	1
33	391	-1
33	392	-1
33	393	-1
33	394	1
33	402	1
33	403	-1
33	414	-1
33	416	1
33	417	1
33	418	-1
33	419	-1
33	420	1
33	422	1
33	424	-1
33	426	1
33	428	1
33	432	-1
33	435	-1
33	437	1
33	438	-1
33	441	-1
33	443	-1
33	444	-1
33	445	-1
33	450	1
33	451	1
33	452	-1
33	453	1
33	454	-1
33	456	-1
33	464	-1
33	465	1
33	466	1
33	468	-1
33	471	-1
33	472	-1
33	473	-1
33	476	-1
33	477	-1
33	481	1
33	482	1
33	484	-1
33	485	1
33	486	-1
33	489	1
33	491	-1
33	492	1
33	494	-1
33	498	-1
33	499	-1
34	36	1
34	37	1
34	38	-1
34	39	-1
34	40	1
34	41	1
34	42	-1
34	43	-1
34	44	-1
34	45	-1
34	46	-1
34	47	1
34	48	1
34	50	1
34	51	1
34	54	1
34	55	-1
34	56	-1
34	57	1
34	58	-1
34	60	-1
34	61	-1
34	62	-1
34	63	1
34	64	-1
34	65	-1
34	66	-1
34	67	-1
34	68	-1
34	70	-1
34	71	-1
34	73	-1
34	76	-1
34	79	1
34	80	-1
34	81	-1
34	82	1
34	83	-1
34	84	-1
34	86	-1
34	87	-1
34	89	-1
34	90	1
34	91	1
34	92	1
34	93	1
34	96	-1
34	97	1
34	98	-1
34	101	1
34	103	-1
34	104	-1
34	106	-1
34	107	1
34	108	-1
34	110	-1
34	112	-1
34	114	-1
34	115	1
34	116	1
34	118	1
34	120	1
34	123	-1
34	128	-1
34	133	-1
34	135	-1
34	136	-1
34	140	-1
34	141	-1
34	143	-1
34	144	-1
34	146	1
34	149	1
34	156	-1
34	157	1
34	158	1
34	160	-1
34	162	-1
34	163	1
34	166	1
34	167	-1
34	168	-1
34	169	1
34	170	1
34	171	1
34	173	-1
34	177	1
34	178	-1
34	181	1
34	182	1
34	183	1
34	185	1
34	186	1
34	188	1
34	189	1
34	191	-1
34	193	1
34	194	-1
34	196	1
34	197	1
34	198	1
34	201	1
34	203	-1
34	204	-1
34	205	1
34	206	1
34	209	1
34	213	-1
34	215	-1
34	216	-1
34	218	1
34	219	-1
34	220	1
34	223	1
34	225	1
34	227	-1
34	231	1
34	234	1
34	235	1
34	236	1
34	237	-1
34	239	-1
34	242	1
34	243	-1
34	245	1
34	246	1
34	251	-1
34	252	-1
34	253	1
34	254	-1
34	257	1
34	262	-1
34	264	1
34	265	-1
34	266	1
34	268	1
34	272	-1
34	273	1
34	274	-1
34	278	-1
34	279	1
34	282	-1
34	284	1
34	286	1
34	290	-1
34	291	-1
34	297	-1
34	298	1
34	299	1
34	300	1
34	302	1
34	303	-1
34	304	1
34	306	1
34	310	-1
34	311	1
34	313	1
34	317	1
34	320	1
34	321	-1
34	322	1
34	323	-1
34	324	-1
34	328	-1
34	333	-1
34	336	1
34	339	-1
34	342	1
34	343	-1
34	344	1
34	347	1
34	349	1
34	350	1
34	352	1
34	353	-1
34	354	-1
34	355	1
34	364	-1
34	365	-1
34	368	-1
34	376	1
34	378	1
34	380	-1
34	381	1
34	382	-1
34	387	1
34	390	-1
34	391	-1
34	393	1
34	395	-1
34	397	-1
34	398	-1
34	399	-1
34	400	-1
34	403	1
34	404	1
34	406	-1
34	408	1
34	409	-1
34	413	-1
34	415	-1
34	416	-1
34	417	1
34	420	1
34	421	-1
34	424	1
34	425	-1
34	426	-1
34	427	-1
34	428	1
34	430	1
34	431	-1
34	433	1
34	439	1
34	441	1
34	442	-1
34	443	-1
34	449	-1
34	450	-1
34	451	-1
34	453	-1
34	454	-1
34	455	-1
34	457	1
34	458	-1
34	459	-1
34	463	1
34	466	-1
34	467	-1
34	468	-1
34	471	1
34	475	-1
34	476	-1
34	478	-1
34	483	-1
34	484	1
34	485	1
34	486	1
34	487	-1
34	488	-1
34	491	-1
34	492	-1
34	493	1
34	494	-1
34	495	1
34	496	-1
34	499	1
35	36	1
35	38	1
35	39	-1
35	41	-1
35	43	1
35	44	1
35	46	-1
35	48	1
35	49	1
35	51	1
35	52	-1
35	53	1
35	54	1
35	56	-1
35	57	-1
35	58	-1
35	59	1
35	60	1
35	61	-1
35	62	-1
35	63	1
35	64	1
35	66	-1
35	67	-1
35	68	-1
35	69	-1
35	70	-1
35	71	1
35	72	-1
35	73	-1
35	75	1
35	76	-1
35	78	1
35	79	-1
35	82	-1
35	83	1
35	84	-1
35	88	-1
35	89	-1
35	91	-1
35	92	1
35	93	-1
35	95	1
35	96	-1
35	97	-1
35	99	1
35	100	-1
35	102	-1
35	103	1
35	104	1
35	106	-1
35	110	-1
35	120	-1
35	121	1
35	123	1
35	128	-1
35	129	-1
35	130	1
35	131	-1
35	132	1
35	133	1
35	134	-1
35	135	-1
35	137	-1
35	139	1
35	141	-1
35	142	1
35	143	1
35	144	1
35	148	-1
35	149	-1
35	154	1
35	158	1
35	159	1
35	160	-1
35	161	-1
35	165	1
35	167	-1
35	170	-1
35	172	1
35	174	-1
35	175	1
35	176	-1
35	181	1
35	182	-1
35	185	-1
35	186	1
35	187	1
35	192	1
35	193	-1
35	194	-1
35	196	1
35	197	1
35	198	1
35	199	-1
35	201	1
35	202	1
35	203	-1
35	205	1
35	206	-1
35	208	-1
35	209	-1
35	210	-1
35	211	1
35	214	1
35	216	-1
35	217	-1
35	220	1
35	221	-1
35	222	1
35	227	-1
35	230	-1
35	232	-1
35	234	-1
35	236	-1
35	237	-1
35	242	-1
35	243	-1
35	245	-1
35	247	1
35	249	1
35	251	1
35	252	-1
35	255	-1
35	256	-1
35	257	1
35	260	1
35	261	1
35	262	-1
35	263	1
35	264	-1
35	266	-1
35	267	-1
35	268	1
35	269	-1
35	270	-1
35	272	-1
35	276	1
35	278	1
35	279	-1
35	281	-1
35	282	-1
35	290	1
35	292	-1
35	296	1
35	297	1
35	299	-1
35	302	-1
35	303	-1
35	305	-1
35	309	1
35	310	1
35	312	-1
35	317	1
35	318	1
35	319	-1
35	320	-1
35	321	-1
35	324	-1
35	326	1
35	327	-1
35	328	1
35	331	-1
35	332	-1
35	334	1
35	339	1
35	340	-1
35	341	1
35	343	1
35	346	1
35	349	1
35	350	-1
35	351	1
35	357	1
35	359	-1
35	360	1
35	362	1
35	365	1
35	369	1
35	371	1
35	373	1
35	375	1
35	376	1
35	379	-1
35	383	-1
35	384	1
35	385	-1
35	386	-1
35	388	1
35	389	1
35	391	1
35	394	-1
35	396	1
35	397	1
35	398	-1
35	402	-1
35	403	1
35	405	-1
35	407	1
35	408	-1
35	412	1
35	414	1
35	417	-1
35	420	-1
35	423	1
35	424	-1
35	425	-1
35	426	1
35	427	-1
35	429	1
35	431	1
35	432	-1
35	434	-1
35	436	1
35	437	1
35	439	1
35	442	1
35	447	-1
35	453	-1
35	458	1
35	461	-1
35	462	1
35	463	1
35	464	-1
35	465	-1
35	468	-1
35	469	-1
35	470	-1
35	473	-1
35	476	-1
35	478	-1
35	486	1
35	487	1
35	488	1
35	491	1
35	495	1
35	498	-1
35	499	-1
36	37	-1
36	38	1
36	41	-1
36	42	1
36	43	-1
36	44	1
36	45	1
36	46	1
36	47	1
36	48	1
36	49	1
36	50	-1
36	52	-1
36	53	-1
36	54	-1
36	55	-1
36	56	-1
36	59	-1
36	62	-1
36	63	1
36	65	1
36	67	-1
36	68	-1
36	70	-1
36	72	-1
36	73	1
36	75	1
36	76	-1
36	77	1
36	78	-1
36	79	-1
36	80	-1
36	81	-1
36	82	1
36	83	1
36	84	1
36	86	1
36	87	-1
36	89	-1
36	90	-1
36	91	1
36	92	1
36	93	-1
36	94	-1
36	97	-1
36	98	-1
36	103	-1
36	105	1
36	106	-1
36	107	1
36	108	1
36	109	-1
36	112	-1
36	113	-1
36	114	1
36	116	-1
36	117	-1
36	119	1
36	120	-1
36	121	1
36	123	-1
36	124	1
36	128	1
36	129	1
36	130	-1
36	131	-1
36	132	1
36	135	-1
36	141	1
36	142	1
36	143	-1
36	144	1
36	145	-1
36	148	-1
36	149	1
36	153	1
36	155	1
36	157	-1
36	159	-1
36	162	-1
36	163	-1
36	165	1
36	166	-1
36	168	-1
36	169	1
36	170	1
36	172	1
36	173	-1
36	174	1
36	176	-1
36	182	1
36	183	-1
36	184	-1
36	185	-1
36	186	-1
36	189	1
36	192	-1
36	195	-1
36	196	1
36	198	1
36	199	1
36	201	-1
36	207	-1
36	208	-1
36	209	-1
36	210	1
36	211	1
36	216	-1
36	217	1
36	220	1
36	223	1
36	225	1
36	231	-1
36	232	-1
36	233	1
36	234	1
36	235	-1
36	236	1
36	237	-1
36	238	-1
36	241	-1
36	245	-1
36	247	1
36	248	1
36	249	1
36	250	1
36	253	1
36	257	1
36	258	1
36	259	1
36	260	1
36	263	-1
36	264	-1
36	266	-1
36	267	-1
36	268	-1
36	270	1
36	273	-1
36	274	-1
36	277	1
36	278	1
36	281	1
36	282	-1
36	283	-1
36	286	1
36	287	-1
36	289	1
36	291	-1
36	293	-1
36	295	1
36	298	-1
36	299	1
36	302	1
36	308	1
36	310	1
36	312	1
36	314	1
36	315	-1
36	316	1
36	318	-1
36	319	-1
36	320	-1
36	321	1
36	327	1
36	331	-1
36	332	-1
36	340	1
36	341	1
36	343	1
36	344	1
36	346	-1
36	349	-1
36	351	-1
36	353	-1
36	356	-1
36	359	1
36	362	-1
36	365	1
36	366	1
36	367	-1
36	369	-1
36	370	1
36	371	-1
36	374	-1
36	375	-1
36	378	1
36	379	1
36	380	1
36	384	-1
36	385	-1
36	389	-1
36	390	1
36	392	-1
36	394	1
36	395	1
36	396	-1
36	397	1
36	400	-1
36	401	-1
36	402	-1
36	403	1
36	404	-1
36	407	1
36	408	-1
36	410	1
36	411	1
36	412	-1
36	416	1
36	420	-1
36	422	-1
36	424	1
36	428	-1
36	432	-1
36	433	-1
36	434	1
36	439	-1
36	440	1
36	442	1
36	443	1
36	444	-1
36	445	-1
36	446	-1
36	447	-1
36	449	-1
36	452	1
36	453	1
36	454	-1
36	455	-1
36	458	-1
36	462	-1
36	463	1
36	465	1
36	469	-1
36	470	-1
36	471	1
36	472	-1
36	473	1
36	474	-1
36	475	-1
36	477	-1
36	482	1
36	484	1
36	486	1
36	487	1
36	488	-1
36	490	-1
36	491	1
36	493	-1
36	495	1
36	497	-1
36	498	1
37	38	-1
37	39	-1
37	40	1
37	43	1
37	44	1
37	46	1
37	47	1
37	48	-1
37	49	1
37	50	-1
37	51	1
37	52	-1
37	53	1
37	54	-1
37	55	1
37	56	-1
37	59	-1
37	60	-1
37	61	-1
37	62	-1
37	63	-1
37	64	-1
37	65	-1
37	66	-1
37	67	-1
37	68	-1
37	70	1
37	71	-1
37	72	1
37	75	-1
37	76	-1
37	77	-1
37	78	-1
37	79	-1
37	80	-1
37	82	1
37	83	-1
37	84	-1
37	86	-1
37	87	-1
37	88	1
37	89	1
37	90	-1
37	91	1
37	92	-1
37	93	-1
37	94	1
37	95	-1
37	96	-1
37	97	1
37	98	-1
37	100	1
37	101	1
37	103	-1
37	104	1
37	106	1
37	107	1
37	108	-1
37	110	1
37	112	1
37	113	1
37	114	-1
37	116	-1
37	117	1
37	118	1
37	119	1
37	121	1
37	124	1
37	130	-1
37	131	-1
37	132	-1
37	133	1
37	135	1
37	139	1
37	140	1
37	141	-1
37	144	-1
37	148	-1
37	149	1
37	150	-1
37	151	-1
37	152	1
37	154	-1
37	156	1
37	157	1
37	158	-1
37	160	-1
37	162	1
37	163	-1
37	166	1
37	167	-1
37	168	1
37	169	1
37	171	-1
37	173	1
37	174	-1
37	175	1
37	176	1
37	177	1
37	179	1
37	180	1
37	181	1
37	182	1
37	184	1
37	186	1
37	188	1
37	189	-1
37	191	-1
37	192	1
37	194	-1
37	195	1
37	199	1
37	202	1
37	204	-1
37	205	-1
37	209	-1
37	212	1
37	213	-1
37	217	-1
37	220	1
37	221	1
37	224	-1
37	225	1
37	227	-1
37	232	1
37	233	-1
37	235	1
37	236	1
37	237	1
37	239	1
37	240	1
37	242	1
37	243	-1
37	244	1
37	247	1
37	248	-1
37	250	-1
37	251	1
37	252	1
37	253	1
37	254	-1
37	255	1
37	256	-1
37	258	1
37	260	1
37	262	-1
37	263	1
37	270	-1
37	273	-1
37	274	-1
37	276	1
37	277	-1
37	281	-1
37	284	-1
37	286	1
37	287	1
37	289	1
37	291	1
37	297	-1
37	298	-1
37	301	1
37	302	1
37	303	1
37	305	1
37	306	-1
37	307	-1
37	309	-1
37	311	1
37	315	-1
37	316	-1
37	319	-1
37	324	1
37	326	1
37	327	-1
37	329	1
37	331	-1
37	334	1
37	335	-1
37	343	1
37	345	1
37	347	1
37	348	-1
37	350	-1
37	353	-1
37	355	1
37	356	-1
37	359	-1
37	360	-1
37	362	1
37	363	-1
37	366	1
37	369	1
37	371	1
37	372	1
37	373	1
37	375	-1
37	377	1
37	380	-1
37	381	-1
37	382	-1
37	383	1
37	384	1
37	386	1
37	388	1
37	392	-1
37	393	1
37	394	-1
37	396	1
37	397	-1
37	398	1
37	399	1
37	405	-1
37	406	-1
37	410	-1
37	411	-1
37	413	-1
37	415	1
37	416	1
37	418	1
37	420	-1
37	421	1
37	422	-1
37	427	1
37	436	1
37	437	-1
37	439	-1
37	440	-1
37	442	1
37	443	-1
37	445	1
37	448	1
37	449	1
37	453	1
37	455	-1
37	456	1
37	458	-1
37	459	1
37	462	-1
37	464	-1
37	466	1
37	468	-1
37	470	-1
37	471	1
37	475	1
37	477	1
37	479	-1
37	483	1
37	485	1
37	486	1
37	487	-1
37	488	-1
37	489	1
37	490	-1
37	491	-1
37	492	-1
37	493	1
37	494	1
37	495	1
37	496	-1
37	497	1
37	499	-1
38	40	1
38	41	1
38	43	-1
38	44	-1
38	45	1
38	46	1
38	47	-1
38	48	-1
38	49	1
38	50	-1
38	51	-1
38	52	-1
38	53	-1
38	54	-1
38	55	1
38	56	-1
38	57	1
38	58	-1
38	59	1
38	60	1
38	61	-1
38	62	-1
38	63	-1
38	64	-1
38	67	-1
38	68	-1
38	69	-1
38	70	1
38	71	-1
38	72	1
38	73	1
38	74	-1
38	75	-1
38	77	1
38	82	1
38	83	-1
38	84	-1
38	85	-1
38	86	-1
38	87	-1
38	89	-1
38	90	-1
38	91	-1
38	92	-1
38	94	1
38	95	-1
38	96	-1
38	97	-1
38	98	-1
38	99	-1
38	105	-1
38	106	1
38	107	-1
38	108	1
38	109	1
38	111	1
38	112	-1
38	113	1
38	116	1
38	117	1
38	118	1
38	120	-1
38	121	1
38	122	-1
38	124	-1
38	125	1
38	126	1
38	128	-1
38	130	-1
38	131	1
38	132	-1
38	133	1
38	135	-1
38	137	1
38	139	1
38	140	1
38	141	-1
38	142	1
38	147	1
38	150	-1
38	155	1
38	156	1
38	163	1
38	164	-1
38	167	1
38	168	1
38	169	1
38	171	1
38	173	-1
38	178	-1
38	179	-1
38	182	-1
38	184	1
38	191	1
38	192	1
38	193	-1
38	194	-1
38	198	-1
38	199	-1
38	204	-1
38	205	-1
38	206	-1
38	214	-1
38	216	-1
38	217	1
38	219	-1
38	221	1
38	227	-1
38	228	-1
38	230	1
38	236	1
38	238	1
38	239	1
38	243	-1
38	246	-1
38	247	-1
38	248	-1
38	249	-1
38	252	-1
38	253	1
38	254	1
38	255	-1
38	256	1
38	257	1
38	258	-1
38	261	-1
38	263	-1
38	268	-1
38	269	-1
38	272	1
38	273	1
38	274	1
38	276	-1
38	277	-1
38	278	1
38	279	1
38	280	1
38	281	-1
38	282	-1
38	286	-1
38	293	1
38	294	1
38	296	-1
38	297	1
38	299	1
38	301	1
38	302	-1
38	303	1
38	306	1
38	307	1
38	309	1
38	310	-1
38	313	-1
38	315	1
38	316	1
38	317	1
38	318	-1
38	323	-1
38	325	1
38	326	-1
38	328	-1
38	330	-1
38	334	-1
38	336	1
38	337	1
38	338	1
38	340	1
38	341	1
38	342	1
38	343	1
38	347	1
38	348	-1
38	350	1
38	352	1
38	355	-1
38	356	-1
38	358	-1
38	359	-1
38	360	1
38	364	1
38	369	1
38	373	-1
38	375	1
38	376	-1
38	378	-1
38	379	-1
38	380	1
38	381	-1
38	383	1
38	385	-1
38	386	-1
38	387	1
38	390	1
38	392	-1
38	394	1
38	402	1
38	403	-1
38	405	1
38	406	-1
38	408	1
38	410	-1
38	411	-1
38	412	-1
38	413	-1
38	414	1
38	415	1
38	416	1
38	417	-1
38	421	1
38	424	-1
38	427	1
38	428	-1
38	429	-1
38	432	1
38	433	1
38	435	-1
38	436	-1
38	438	-1
38	440	1
38	442	1
38	444	1
38	445	1
38	448	1
38	449	-1
38	450	1
38	452	-1
38	453	-1
38	455	-1
38	458	-1
38	461	-1
38	464	1
38	467	-1
38	468	-1
38	470	1
38	471	-1
38	473	1
38	474	1
38	477	-1
38	478	1
38	480	1
38	482	-1
38	483	-1
38	486	-1
38	487	1
38	488	1
38	494	-1
38	495	-1
38	496	-1
38	497	1
38	499	-1
39	40	1
39	42	1
39	43	1
39	45	-1
39	47	-1
39	48	-1
39	50	1
39	51	1
39	52	-1
39	54	-1
39	55	-1
39	56	1
39	58	-1
39	59	-1
39	61	-1
39	63	1
39	64	-1
39	65	1
39	66	-1
39	67	1
39	70	-1
39	71	-1
39	72	-1
39	73	1
39	74	-1
39	75	1
39	76	-1
39	78	-1
39	80	1
39	81	1
39	82	-1
39	83	1
39	84	-1
39	85	1
39	87	-1
39	88	-1
39	90	-1
39	91	-1
39	92	1
39	93	-1
39	94	-1
39	95	-1
39	96	-1
39	97	-1
39	99	-1
39	100	1
39	104	1
39	105	-1
39	107	1
39	108	-1
39	109	1
39	111	-1
39	112	1
39	114	1
39	117	-1
39	118	1
39	122	-1
39	123	-1
39	127	-1
39	134	1
39	136	1
39	137	1
39	139	-1
39	140	-1
39	142	1
39	143	-1
39	144	-1
39	145	-1
39	146	1
39	147	-1
39	148	-1
39	150	-1
39	154	1
39	158	-1
39	159	1
39	161	1
39	164	1
39	165	-1
39	167	1
39	168	1
39	169	-1
39	170	-1
39	172	1
39	174	1
39	175	-1
39	177	-1
39	178	1
39	180	-1
39	181	-1
39	188	1
39	189	1
39	190	-1
39	193	1
39	194	1
39	197	1
39	199	1
39	201	-1
39	202	1
39	204	1
39	205	1
39	206	1
39	207	-1
39	209	-1
39	210	1
39	217	-1
39	218	1
39	220	-1
39	221	1
39	224	1
39	225	1
39	226	1
39	227	1
39	231	1
39	232	1
39	233	1
39	236	-1
39	237	1
39	238	1
39	242	1
39	243	1
39	245	1
39	247	1
39	248	1
39	250	1
39	251	1
39	252	-1
39	253	-1
39	255	1
39	256	1
39	260	1
39	263	1
39	265	-1
39	266	1
39	267	1
39	268	1
39	272	-1
39	273	-1
39	275	-1
39	276	1
39	278	-1
39	280	-1
39	282	-1
39	285	-1
39	287	1
39	288	-1
39	289	1
39	293	-1
39	295	1
39	297	1
39	299	-1
39	302	1
39	303	1
39	304	1
39	305	1
39	306	-1
39	308	-1
39	309	-1
39	310	-1
39	313	1
39	314	1
39	317	1
39	320	-1
39	321	1
39	322	-1
39	324	-1
39	326	-1
39	331	-1
39	333	-1
39	334	1
39	336	-1
39	339	1
39	341	-1
39	343	1
39	344	1
39	345	1
39	346	-1
39	350	-1
39	351	1
39	352	1
39	353	-1
39	354	1
39	356	-1
39	357	-1
39	364	-1
39	365	1
39	366	1
39	367	1
39	369	1
39	372	-1
39	375	-1
39	377	1
39	380	-1
39	381	1
39	383	-1
39	384	1
39	385	1
39	386	1
39	387	-1
39	388	1
39	391	1
39	392	-1
39	393	1
39	396	-1
39	399	-1
39	401	-1
39	403	-1
39	405	1
39	406	1
39	407	1
39	409	-1
39	410	-1
39	414	-1
39	415	-1
39	416	1
39	417	-1
39	420	-1
39	421	-1
39	422	1
39	427	-1
39	429	-1
39	431	1
39	432	1
39	434	1
39	435	-1
39	438	-1
39	440	1
39	441	1
39	443	-1
39	446	1
39	447	-1
39	449	-1
39	452	1
39	453	-1
39	455	-1
39	456	1
39	457	-1
39	459	-1
39	460	1
39	462	-1
39	465	-1
39	466	-1
39	467	-1
39	469	-1
39	471	1
39	472	-1
39	478	1
39	483	1
39	484	1
39	490	1
39	491	1
39	492	1
39	497	-1
39	498	-1
39	499	-1
40	41	1
40	42	-1
40	43	-1
40	44	1
40	45	1
40	46	1
40	49	1
40	51	1
40	53	-1
40	54	-1
40	55	1
40	56	1
40	57	-1
40	58	-1
40	59	-1
40	61	-1
40	62	-1
40	64	1
40	65	-1
40	66	1
40	67	-1
40	68	1
40	69	-1
40	70	-1
40	72	-1
40	73	1
40	75	-1
40	80	1
40	82	1
40	83	1
40	84	-1
40	85	1
40	86	1
40	87	-1
40	88	1
40	91	-1
40	95	-1
40	96	-1
40	99	-1
40	101	-1
40	102	1
40	103	1
40	109	-1
40	111	1
40	115	-1
40	118	-1
40	119	1
40	123	1
40	126	-1
40	129	-1
40	130	-1
40	131	1
40	132	-1
40	134	1
40	135	1
40	140	1
40	142	1
40	143	-1
40	148	-1
40	151	1
40	153	1
40	154	-1
40	156	-1
40	157	1
40	158	1
40	160	1
40	161	1
40	163	-1
40	164	-1
40	165	1
40	168	1
40	170	-1
40	171	1
40	173	1
40	174	1
40	176	1
40	178	1
40	181	1
40	182	-1
40	183	-1
40	184	-1
40	187	1
40	189	-1
40	190	-1
40	191	-1
40	196	-1
40	197	1
40	199	1
40	200	-1
40	203	-1
40	207	-1
40	208	-1
40	209	1
40	211	1
40	212	-1
40	218	-1
40	219	-1
40	224	1
40	226	1
40	229	-1
40	231	1
40	233	1
40	234	-1
40	235	-1
40	239	-1
40	240	-1
40	241	1
40	242	1
40	244	-1
40	245	1
40	247	-1
40	248	-1
40	250	1
40	252	1
40	253	-1
40	254	1
40	256	-1
40	257	1
40	259	1
40	262	1
40	264	-1
40	266	-1
40	269	1
40	271	-1
40	272	-1
40	273	-1
40	274	-1
40	275	1
40	276	-1
40	278	1
40	280	1
40	281	1
40	282	-1
40	284	-1
40	285	-1
40	288	1
40	289	1
40	291	-1
40	292	1
40	294	-1
40	295	1
40	296	1
40	298	1
40	301	-1
40	302	1
40	303	-1
40	308	1
40	313	1
40	315	-1
40	319	1
40	320	-1
40	321	-1
40	323	1
40	324	1
40	330	-1
40	331	1
40	333	-1
40	334	-1
40	341	-1
40	342	1
40	343	1
40	346	-1
40	347	1
40	348	-1
40	349	1
40	351	-1
40	353	-1
40	354	-1
40	356	1
40	360	1
40	361	1
40	362	1
40	366	1
40	368	-1
40	370	-1
40	374	1
40	375	-1
40	379	1
40	387	1
40	391	1
40	394	1
40	395	-1
40	396	-1
40	398	-1
40	401	-1
40	402	1
40	404	1
40	405	-1
40	411	1
40	412	1
40	413	1
40	419	1
40	420	-1
40	423	-1
40	424	1
40	425	-1
40	426	1
40	428	1
40	429	1
40	430	-1
40	431	1
40	434	1
40	442	1
40	443	-1
40	444	-1
40	449	-1
40	450	-1
40	452	-1
40	453	1
40	455	1
40	456	1
40	460	-1
40	461	-1
40	462	-1
40	464	-1
40	467	1
40	468	1
40	471	-1
40	472	1
40	474	1
40	476	-1
40	478	-1
40	482	1
40	484	-1
40	486	-1
40	487	-1
40	489	-1
40	491	-1
40	494	-1
40	496	1
40	497	1
40	498	-1
41	43	1
41	44	-1
41	45	1
41	47	1
41	48	1
41	49	1
41	50	-1
41	51	1
41	52	1
41	54	-1
41	57	-1
41	58	1
41	59	1
41	60	-1
41	61	-1
41	62	-1
41	63	-1
41	64	-1
41	65	-1
41	66	-1
41	67	1
41	69	1
41	70	-1
41	71	-1
41	72	-1
41	73	-1
41	74	-1
41	75	1
41	76	-1
41	77	-1
41	78	-1
41	79	-1
41	80	-1
41	81	1
41	83	-1
41	84	1
41	85	-1
41	86	-1
41	87	-1
41	88	-1
41	90	1
41	92	-1
41	93	-1
41	94	-1
41	95	-1
41	96	-1
41	97	1
41	98	-1
41	99	-1
41	102	1
41	103	-1
41	104	-1
41	105	-1
41	114	1
41	115	-1
41	117	1
41	118	-1
41	119	1
41	120	-1
41	121	-1
41	123	1
41	125	-1
41	127	1
41	129	-1
41	132	-1
41	134	-1
41	136	-1
41	137	-1
41	138	-1
41	139	-1
41	140	-1
41	142	1
41	143	-1
41	144	1
41	145	-1
41	146	1
41	147	-1
41	148	1
41	151	1
41	153	1
41	154	1
41	155	1
41	156	1
41	159	-1
41	160	-1
41	161	1
41	162	-1
41	163	1
41	164	1
41	167	1
41	170	1
41	172	1
41	175	-1
41	177	1
41	179	-1
41	181	1
41	182	-1
41	183	1
41	186	1
41	188	1
41	189	1
41	192	-1
41	196	-1
41	197	1
41	198	-1
41	199	1
41	201	-1
41	202	-1
41	203	-1
41	204	-1
41	205	-1
41	207	-1
41	209	1
41	212	-1
41	213	-1
41	221	1
41	224	-1
41	229	-1
41	230	-1
41	233	-1
41	239	-1
41	241	-1
41	243	-1
41	247	-1
41	250	1
41	252	1
41	254	1
41	255	1
41	261	1
41	262	1
41	264	1
41	265	1
41	267	-1
41	270	-1
41	271	-1
41	273	1
41	274	-1
41	276	1
41	277	1
41	278	-1
41	279	-1
41	282	1
41	287	-1
41	288	-1
41	289	1
41	291	-1
41	292	-1
41	294	1
41	295	1
41	296	-1
41	297	1
41	298	-1
41	300	1
41	301	1
41	302	1
41	304	-1
41	305	-1
41	306	1
41	309	1
41	311	-1
41	314	1
41	316	-1
41	317	1
41	318	1
41	319	-1
41	320	-1
41	321	-1
41	323	-1
41	325	1
41	327	-1
41	329	-1
41	331	-1
41	332	1
41	335	1
41	337	1
41	341	1
41	343	-1
41	347	1
41	349	1
41	352	1
41	355	1
41	356	1
41	361	1
41	367	1
41	368	1
41	369	1
41	370	1
41	371	1
41	372	1
41	374	1
41	376	1
41	378	-1
41	380	-1
41	384	1
41	385	-1
41	386	-1
41	389	1
41	390	-1
41	391	-1
41	392	-1
41	395	1
41	398	1
41	399	1
41	400	1
41	408	1
41	409	1
41	411	1
41	415	1
41	416	-1
41	418	1
41	419	1
41	422	1
41	423	-1
41	425	-1
41	426	1
41	429	1
41	430	-1
41	432	1
41	433	1
41	434	-1
41	439	1
41	441	-1
41	442	-1
41	445	1
41	446	1
41	447	-1
41	448	1
41	453	-1
41	454	-1
41	457	1
41	458	1
41	460	1
41	461	-1
41	462	-1
41	463	-1
41	464	1
41	465	1
41	466	1
41	467	1
41	469	-1
41	470	1
41	471	1
41	473	1
41	477	1
41	478	1
41	479	-1
41	480	-1
41	482	-1
41	484	1
41	485	-1
41	487	1
41	491	-1
41	496	-1
41	499	-1
42	46	1
42	48	1
42	49	1
42	50	1
42	51	-1
42	53	-1
42	54	-1
42	55	1
42	56	1
42	57	-1
42	59	-1
42	60	-1
42	61	-1
42	62	-1
42	63	-1
42	64	-1
42	65	1
42	66	1
42	67	-1
42	69	-1
42	70	1
42	71	1
42	72	-1
42	73	-1
42	75	1
42	76	-1
42	78	-1
42	79	-1
42	81	-1
42	83	-1
42	84	-1
42	85	-1
42	87	-1
42	88	1
42	91	-1
42	92	-1
42	93	-1
42	94	1
42	96	1
42	97	-1
42	98	1
42	99	-1
42	100	-1
42	101	1
42	104	1
42	106	1
42	109	1
42	110	1
42	114	1
42	116	1
42	120	1
42	122	-1
42	123	1
42	125	1
42	129	1
42	131	-1
42	135	1
42	136	-1
42	137	-1
42	138	1
42	139	-1
42	141	1
42	143	-1
42	145	1
42	146	-1
42	147	-1
42	148	1
42	149	-1
42	151	1
42	152	-1
42	153	1
42	154	-1
42	155	-1
42	156	-1
42	163	-1
42	164	-1
42	165	-1
42	167	1
42	168	1
42	175	-1
42	176	-1
42	180	-1
42	181	-1
42	183	1
42	185	-1
42	186	1
42	187	1
42	188	-1
42	189	1
42	192	1
42	193	-1
42	194	1
42	199	-1
42	200	-1
42	206	-1
42	207	1
42	213	-1
42	219	-1
42	220	1
42	221	-1
42	223	1
42	224	-1
42	225	1
42	226	1
42	227	1
42	229	-1
42	230	-1
42	231	-1
42	234	-1
42	235	1
42	236	1
42	238	1
42	239	1
42	244	1
42	245	-1
42	246	1
42	248	-1
42	249	-1
42	251	1
42	252	1
42	255	-1
42	256	-1
42	257	1
42	258	-1
42	263	1
42	267	-1
42	268	-1
42	270	-1
42	274	-1
42	275	1
42	279	1
42	281	-1
42	287	-1
42	288	-1
42	289	1
42	290	1
42	291	1
42	292	-1
42	295	1
42	297	1
42	298	1
42	299	1
42	301	-1
42	302	-1
42	314	-1
42	315	-1
42	316	1
42	317	1
42	319	1
42	320	-1
42	324	1
42	325	-1
42	327	-1
42	328	-1
42	329	-1
42	330	1
42	332	-1
42	335	-1
42	337	-1
42	339	1
42	340	-1
42	341	-1
42	343	1
42	344	-1
42	346	-1
42	351	1
42	352	-1
42	353	1
42	355	1
42	359	1
42	361	1
42	362	-1
42	363	-1
42	364	1
42	365	1
42	368	1
42	370	-1
42	371	-1
42	372	1
42	374	-1
42	375	-1
42	376	1
42	377	1
42	379	1
42	380	1
42	384	-1
42	392	1
42	394	1
42	397	-1
42	401	1
42	405	-1
42	406	1
42	407	1
42	410	1
42	413	-1
42	414	1
42	416	-1
42	417	1
42	419	1
42	425	1
42	426	-1
42	427	-1
42	430	-1
42	432	1
42	434	1
42	437	-1
42	439	-1
42	440	-1
42	442	-1
42	443	-1
42	444	1
42	445	-1
42	448	1
42	449	1
42	451	-1
42	452	1
42	453	-1
42	454	1
42	456	-1
42	457	-1
42	459	1
42	461	-1
42	462	1
42	464	1
42	466	-1
42	468	1
42	469	1
42	470	1
42	472	1
42	475	-1
42	476	-1
42	480	-1
42	482	-1
42	483	1
42	486	1
42	487	-1
42	491	1
42	492	-1
42	493	1
42	497	-1
42	499	1
43	44	1
43	48	1
43	49	-1
43	51	-1
43	52	1
43	54	-1
43	55	1
43	56	1
43	57	-1
43	58	-1
43	59	-1
43	60	-1
43	61	-1
43	63	1
43	64	-1
43	65	-1
43	66	-1
43	67	-1
43	68	-1
43	69	1
43	70	-1
43	72	1
43	73	-1
43	74	-1
43	76	-1
43	78	-1
43	79	-1
43	81	-1
43	82	-1
43	83	1
43	84	-1
43	86	-1
43	88	-1
43	89	1
43	90	1
43	91	1
43	92	-1
43	93	-1
43	94	-1
43	95	-1
43	96	-1
43	97	-1
43	98	-1
43	99	-1
43	100	-1
43	102	-1
43	103	1
43	105	1
43	106	1
43	107	-1
43	111	1
43	112	-1
43	116	-1
43	118	1
43	119	-1
43	120	1
43	126	1
43	127	1
43	130	-1
43	133	-1
43	137	-1
43	138	-1
43	146	-1
43	150	1
43	151	1
43	153	1
43	155	1
43	156	1
43	157	-1
43	159	1
43	161	-1
43	162	1
43	163	-1
43	164	-1
43	166	1
43	167	-1
43	169	-1
43	172	1
43	175	-1
43	176	-1
43	178	-1
43	179	1
43	180	-1
43	183	-1
43	185	1
43	187	1
43	191	-1
43	192	-1
43	193	-1
43	200	-1
43	202	-1
43	203	-1
43	204	-1
43	208	-1
43	209	-1
43	212	-1
43	214	-1
43	215	1
43	217	-1
43	218	1
43	219	-1
43	221	1
43	224	-1
43	226	-1
43	227	1
43	228	1
43	230	-1
43	232	-1
43	234	-1
43	235	1
43	243	1
43	245	-1
43	247	-1
43	251	1
43	252	1
43	253	-1
43	254	-1
43	257	-1
43	261	1
43	263	-1
43	269	1
43	270	-1
43	275	-1
43	276	-1
43	277	-1
43	279	-1
43	280	1
43	283	-1
43	286	1
43	287	1
43	290	-1
43	291	1
43	292	1
43	296	1
43	297	-1
43	298	-1
43	303	-1
43	304	1
43	305	1
43	307	1
43	309	1
43	313	1
43	315	-1
43	322	1
43	326	1
43	328	1
43	329	1
43	330	-1
43	332	-1
43	335	1
43	337	-1
43	338	-1
43	339	1
43	340	1
43	343	1
43	344	1
43	346	1
43	347	-1
43	349	1
43	350	-1
43	354	1
43	355	1
43	357	1
43	359	-1
43	360	-1
43	366	1
43	368	1
43	369	1
43	370	1
43	372	-1
43	373	-1
43	375	-1
43	378	1
43	380	1
43	386	1
43	387	1
43	388	-1
43	389	-1
43	390	1
43	391	1
43	397	-1
43	398	-1
43	406	-1
43	407	-1
43	408	1
43	410	-1
43	411	-1
43	412	-1
43	413	-1
43	414	1
43	417	-1
43	419	1
43	420	1
43	421	-1
43	422	-1
43	424	-1
43	425	1
43	426	-1
43	429	-1
43	430	1
43	432	-1
43	434	-1
43	435	-1
43	438	1
43	439	1
43	441	1
43	442	-1
43	443	-1
43	446	1
43	447	1
43	448	1
43	450	1
43	452	-1
43	459	-1
43	461	1
43	463	-1
43	469	1
43	471	-1
43	472	-1
43	473	1
43	474	1
43	476	1
43	477	-1
43	478	1
43	479	1
43	480	-1
43	482	-1
43	484	-1
43	486	1
43	487	-1
43	489	1
43	490	1
43	492	-1
43	495	1
43	496	1
43	499	1
44	45	1
44	46	-1
44	47	1
44	49	1
44	50	1
44	51	-1
44	52	1
44	53	-1
44	54	-1
44	55	1
44	57	-1
44	58	-1
44	61	-1
44	62	1
44	64	-1
44	66	-1
44	67	1
44	68	-1
44	71	-1
44	72	-1
44	73	-1
44	74	1
44	76	1
44	78	-1
44	80	1
44	81	-1
44	82	-1
44	83	1
44	84	1
44	85	-1
44	86	1
44	88	-1
44	90	1
44	91	1
44	92	-1
44	93	1
44	94	1
44	95	1
44	96	-1
44	97	1
44	98	-1
44	102	-1
44	104	1
44	106	1
44	108	-1
44	110	-1
44	112	1
44	113	-1
44	118	-1
44	124	1
44	125	1
44	130	-1
44	131	-1
44	132	1
44	136	1
44	137	1
44	141	-1
44	142	1
44	144	1
44	145	1
44	146	1
44	148	-1
44	150	-1
44	154	-1
44	155	1
44	156	1
44	158	1
44	161	-1
44	162	1
44	170	1
44	171	1
44	172	1
44	173	1
44	176	1
44	177	1
44	178	1
44	179	-1
44	181	-1
44	182	-1
44	183	1
44	184	-1
44	185	-1
44	187	-1
44	188	-1
44	189	1
44	191	-1
44	194	-1
44	195	1
44	196	1
44	199	1
44	200	1
44	202	1
44	203	-1
44	206	-1
44	210	1
44	216	-1
44	217	1
44	219	1
44	221	1
44	224	-1
44	225	1
44	227	-1
44	228	-1
44	229	1
44	233	1
44	235	-1
44	237	-1
44	238	1
44	240	-1
44	244	1
44	247	-1
44	248	-1
44	250	-1
44	252	1
44	255	1
44	258	1
44	261	-1
44	262	-1
44	265	1
44	266	-1
44	268	1
44	269	-1
44	270	1
44	276	1
44	277	-1
44	278	1
44	285	-1
44	286	-1
44	287	1
44	288	-1
44	295	-1
44	296	-1
44	300	1
44	303	1
44	304	-1
44	305	1
44	307	1
44	308	1
44	310	-1
44	311	1
44	313	-1
44	316	1
44	320	-1
44	321	1
44	323	-1
44	325	-1
44	326	-1
44	328	1
44	329	1
44	330	-1
44	333	1
44	334	1
44	346	1
44	347	1
44	348	1
44	349	1
44	350	-1
44	352	1
44	353	-1
44	354	-1
44	355	1
44	357	-1
44	358	1
44	359	-1
44	361	-1
44	364	1
44	365	1
44	367	1
44	368	1
44	369	-1
44	372	1
44	374	1
44	376	-1
44	379	1
44	380	1
44	385	-1
44	386	1
44	387	1
44	388	-1
44	389	-1
44	390	1
44	394	1
44	395	-1
44	396	-1
44	398	-1
44	399	1
44	401	-1
44	402	1
44	405	1
44	406	1
44	407	1
44	411	1
44	413	-1
44	415	1
44	419	1
44	420	1
44	421	1
44	425	-1
44	427	1
44	429	-1
44	432	-1
44	433	1
44	434	-1
44	437	1
44	439	-1
44	440	-1
44	441	-1
44	443	1
44	444	1
44	446	-1
44	449	1
44	451	-1
44	452	-1
44	455	-1
44	456	-1
44	458	-1
44	459	-1
44	460	-1
44	461	1
44	463	-1
44	465	-1
44	466	1
44	467	1
44	469	-1
44	470	-1
44	472	-1
44	479	1
44	488	-1
44	489	1
44	492	1
44	494	1
44	495	1
44	497	-1
44	498	-1
44	499	-1
45	46	1
45	48	1
45	49	1
45	50	-1
45	51	-1
45	53	-1
45	54	-1
45	55	-1
45	56	-1
45	58	1
45	59	-1
45	61	1
45	62	-1
45	65	-1
45	66	1
45	70	-1
45	71	-1
45	72	1
45	74	-1
45	75	-1
45	76	1
45	78	-1
45	80	1
45	81	-1
45	82	1
45	83	-1
45	85	-1
45	86	1
45	87	-1
45	88	-1
45	89	1
45	90	-1
45	91	-1
45	92	-1
45	93	-1
45	94	-1
45	95	-1
45	96	-1
45	97	-1
45	98	-1
45	99	1
45	100	1
45	101	1
45	102	1
45	103	-1
45	104	1
45	105	1
45	106	-1
45	107	-1
45	108	-1
45	109	1
45	110	1
45	111	-1
45	112	-1
45	113	-1
45	114	-1
45	116	-1
45	117	-1
45	118	1
45	120	1
45	121	1
45	122	-1
45	124	-1
45	129	-1
45	130	1
45	133	1
45	134	-1
45	135	-1
45	136	1
45	139	-1
45	141	-1
45	144	1
45	145	-1
45	146	1
45	149	1
45	150	-1
45	151	1
45	153	1
45	155	-1
45	156	-1
45	158	-1
45	159	1
45	164	-1
45	167	1
45	169	-1
45	170	-1
45	173	-1
45	175	-1
45	176	1
45	180	1
45	182	1
45	183	-1
45	194	1
45	196	-1
45	197	-1
45	200	1
45	202	-1
45	204	-1
45	209	-1
45	210	-1
45	211	-1
45	212	1
45	213	1
45	215	1
45	217	-1
45	218	1
45	220	-1
45	222	-1
45	228	1
45	229	1
45	230	-1
45	232	-1
45	234	1
45	238	-1
45	241	-1
45	243	1
45	244	1
45	246	-1
45	247	1
45	250	-1
45	253	1
45	254	-1
45	255	-1
45	258	1
45	259	1
45	260	1
45	263	1
45	265	1
45	268	-1
45	269	-1
45	271	1
45	272	-1
45	276	1
45	280	-1
45	282	1
45	283	1
45	285	-1
45	287	-1
45	288	1
45	294	-1
45	297	1
45	298	-1
45	300	1
45	302	1
45	304	-1
45	305	1
45	307	1
45	309	1
45	310	-1
45	312	-1
45	313	-1
45	314	1
45	316	1
45	317	-1
45	319	-1
45	320	-1
45	321	1
45	322	-1
45	325	-1
45	326	1
45	327	-1
45	331	-1
45	332	-1
45	333	1
45	335	1
45	340	1
45	341	1
45	343	-1
45	344	-1
45	346	-1
45	347	-1
45	348	1
45	349	1
45	351	-1
45	352	1
45	353	1
45	355	1
45	358	1
45	359	-1
45	363	-1
45	366	1
45	367	1
45	368	1
45	370	-1
45	371	1
45	372	1
45	376	-1
45	379	1
45	380	1
45	388	1
45	390	1
45	392	-1
45	393	1
45	396	-1
45	401	1
45	403	-1
45	404	-1
45	405	1
45	406	-1
45	407	1
45	408	-1
45	411	-1
45	413	1
45	414	1
45	415	1
45	417	1
45	418	1
45	422	-1
45	425	-1
45	427	1
45	428	1
45	430	-1
45	432	-1
45	433	-1
45	434	1
45	435	1
45	440	1
45	445	-1
45	446	1
45	450	1
45	455	-1
45	456	-1
45	457	1
45	458	1
45	459	1
45	460	1
45	464	-1
45	466	-1
45	467	-1
45	469	-1
45	472	1
45	475	1
45	477	-1
45	478	-1
45	479	-1
45	480	1
45	481	1
45	482	-1
45	486	1
45	487	1
45	488	1
45	489	1
45	491	1
45	494	1
45	497	-1
45	498	-1
45	499	1
46	47	1
46	48	-1
46	49	1
46	50	-1
46	51	-1
46	52	-1
46	53	-1
46	54	-1
46	55	1
46	56	-1
46	57	-1
46	58	1
46	59	1
46	60	-1
46	61	-1
46	62	-1
46	63	-1
46	66	-1
46	68	-1
46	69	1
46	70	-1
46	71	1
46	72	1
46	73	-1
46	74	1
46	75	1
46	77	-1
46	78	-1
46	79	-1
46	82	-1
46	85	-1
46	86	-1
46	87	-1
46	90	-1
46	91	-1
46	92	-1
46	93	-1
46	94	-1
46	95	-1
46	96	-1
46	98	1
46	99	1
46	102	-1
46	103	1
46	105	1
46	106	-1
46	107	1
46	110	-1
46	112	-1
46	113	1
46	114	-1
46	115	1
46	118	-1
46	120	1
46	126	1
46	127	1
46	129	1
46	131	-1
46	132	1
46	133	-1
46	134	-1
46	137	-1
46	138	-1
46	141	1
46	144	1
46	145	1
46	146	-1
46	150	-1
46	153	-1
46	155	1
46	158	-1
46	159	1
46	161	-1
46	163	-1
46	164	-1
46	165	-1
46	166	-1
46	167	-1
46	170	1
46	172	1
46	173	-1
46	174	-1
46	176	1
46	177	-1
46	178	1
46	179	-1
46	180	-1
46	181	1
46	182	-1
46	184	1
46	186	-1
46	188	1
46	190	1
46	191	1
46	194	-1
46	195	-1
46	198	-1
46	200	-1
46	202	1
46	205	1
46	207	1
46	210	1
46	211	1
46	215	-1
46	216	-1
46	218	-1
46	219	1
46	221	-1
46	225	1
46	226	1
46	228	-1
46	232	1
46	233	-1
46	239	-1
46	240	1
46	241	1
46	243	-1
46	244	1
46	245	1
46	247	-1
46	249	1
46	250	1
46	251	-1
46	254	-1
46	256	1
46	258	-1
46	259	-1
46	260	-1
46	265	1
46	266	1
46	270	1
46	271	-1
46	273	-1
46	276	-1
46	277	1
46	279	1
46	285	-1
46	287	1
46	289	1
46	291	1
46	292	-1
46	298	-1
46	300	-1
46	306	1
46	308	-1
46	309	-1
46	310	-1
46	311	1
46	314	1
46	315	1
46	317	-1
46	321	-1
46	322	1
46	323	-1
46	325	1
46	329	-1
46	332	-1
46	338	-1
46	346	1
46	348	1
46	350	-1
46	354	-1
46	357	1
46	358	1
46	359	1
46	361	-1
46	362	-1
46	364	1
46	367	1
46	370	1
46	371	-1
46	372	1
46	373	1
46	374	-1
46	375	-1
46	376	1
46	377	-1
46	380	-1
46	381	1
46	382	1
46	383	1
46	384	-1
46	385	1
46	388	1
46	389	1
46	391	-1
46	395	1
46	397	-1
46	399	-1
46	400	1
46	404	1
46	409	1
46	410	-1
46	412	1
46	413	-1
46	417	1
46	418	-1
46	420	-1
46	422	-1
46	424	1
46	426	1
46	427	1
46	429	1
46	430	-1
46	431	1
46	433	-1
46	437	-1
46	442	1
46	443	-1
46	446	-1
46	449	-1
46	451	1
46	452	1
46	454	-1
46	455	-1
46	456	-1
46	457	-1
46	459	1
46	461	-1
46	463	1
46	464	-1
46	465	-1
46	467	-1
46	468	1
46	469	-1
46	470	1
46	473	-1
46	475	-1
46	478	1
46	479	1
46	480	1
46	483	1
46	484	1
46	485	-1
46	487	-1
46	488	-1
46	493	-1
46	495	-1
46	496	1
46	498	1
47	48	1
47	49	1
47	50	-1
47	51	-1
47	52	-1
47	53	1
47	55	-1
47	56	1
47	58	-1
47	61	-1
47	62	1
47	63	-1
47	64	-1
47	65	1
47	66	1
47	67	-1
47	68	-1
47	70	1
47	71	-1
47	72	-1
47	73	1
47	74	1
47	75	-1
47	76	-1
47	77	-1
47	78	1
47	80	1
47	84	-1
47	85	-1
47	86	-1
47	87	-1
47	89	1
47	90	-1
47	91	1
47	92	-1
47	93	1
47	94	-1
47	96	1
47	97	-1
47	99	-1
47	102	-1
47	105	1
47	108	-1
47	110	-1
47	111	1
47	113	1
47	115	-1
47	117	1
47	121	1
47	122	1
47	124	-1
47	126	1
47	127	-1
47	128	-1
47	130	1
47	131	-1
47	138	1
47	140	-1
47	141	1
47	144	-1
47	145	1
47	147	-1
47	149	1
47	150	-1
47	156	-1
47	159	1
47	160	1
47	161	-1
47	164	1
47	165	1
47	166	-1
47	167	-1
47	170	1
47	173	1
47	176	1
47	177	-1
47	180	1
47	184	1
47	186	-1
47	188	1
47	189	1
47	190	1
47	191	1
47	193	1
47	194	-1
47	196	-1
47	199	1
47	200	1
47	205	1
47	206	-1
47	207	1
47	208	-1
47	209	-1
47	210	1
47	214	1
47	215	1
47	219	-1
47	222	-1
47	225	1
47	228	-1
47	230	-1
47	231	-1
47	233	1
47	234	1
47	236	-1
47	240	-1
47	241	1
47	243	-1
47	245	1
47	248	-1
47	251	-1
47	252	-1
47	253	-1
47	256	1
47	257	-1
47	259	1
47	260	-1
47	264	-1
47	266	-1
47	267	-1
47	268	-1
47	269	-1
47	270	-1
47	271	1
47	276	1
47	283	1
47	284	-1
47	285	1
47	288	1
47	290	1
47	292	1
47	293	1
47	295	1
47	297	1
47	298	1
47	300	-1
47	304	1
47	305	1
47	310	1
47	312	1
47	318	1
47	319	1
47	320	1
47	321	-1
47	322	-1
47	323	-1
47	324	1
47	326	-1
47	331	-1
47	334	-1
47	341	1
47	342	-1
47	344	1
47	345	-1
47	347	-1
47	349	-1
47	350	1
47	354	-1
47	356	-1
47	357	1
47	360	-1
47	361	1
47	362	1
47	365	1
47	366	1
47	367	1
47	368	-1
47	369	-1
47	371	1
47	374	1
47	380	-1
47	381	-1
47	387	1
47	388	1
47	390	1
47	392	1
47	397	-1
47	398	1
47	400	1
47	401	-1
47	404	-1
47	405	1
47	406	1
47	409	1
47	411	1
47	412	1
47	413	1
47	414	1
47	415	1
47	418	-1
47	422	-1
47	423	-1
47	424	-1
47	425	-1
47	427	1
47	428	-1
47	429	1
47	430	1
47	434	1
47	435	1
47	437	1
47	438	1
47	439	-1
47	440	1
47	442	1
47	443	1
47	445	1
47	448	1
47	449	-1
47	450	1
47	454	-1
47	459	1
47	461	-1
47	463	1
47	464	-1
47	465	1
47	467	-1
47	473	1
47	474	-1
47	475	1
47	477	1
47	480	1
47	481	1
47	482	-1
47	484	1
47	487	-1
47	488	1
47	490	-1
47	491	-1
47	494	-1
47	496	1
47	499	1
48	49	-1
48	50	-1
48	52	1
48	54	-1
48	55	1
48	56	1
48	57	1
48	58	1
48	59	-1
48	60	1
48	61	-1
48	62	-1
48	63	-1
48	64	-1
48	65	-1
48	66	1
48	68	-1
48	69	-1
48	71	-1
48	72	1
48	73	1
48	74	-1
48	75	-1
48	77	-1
48	78	-1
48	80	1
48	81	-1
48	82	-1
48	83	1
48	84	-1
48	86	1
48	87	1
48	88	1
48	89	1
48	90	1
48	92	-1
48	93	-1
48	94	-1
48	97	1
48	99	-1
48	100	-1
48	108	-1
48	110	1
48	113	-1
48	114	-1
48	115	1
48	118	-1
48	121	1
48	122	-1
48	123	-1
48	125	-1
48	126	1
48	128	1
48	134	-1
48	136	-1
48	141	-1
48	142	1
48	143	1
48	145	-1
48	147	-1
48	148	-1
48	150	-1
48	152	1
48	155	1
48	160	1
48	161	1
48	166	1
48	169	1
48	171	-1
48	172	-1
48	174	-1
48	177	1
48	178	1
48	180	1
48	181	-1
48	187	-1
48	188	-1
48	190	-1
48	192	1
48	193	-1
48	196	-1
48	197	-1
48	198	-1
48	201	1
48	202	-1
48	203	1
48	204	1
48	205	-1
48	207	-1
48	209	-1
48	210	1
48	212	-1
48	215	1
48	216	1
48	219	-1
48	222	1
48	223	1
48	224	-1
48	225	1
48	228	-1
48	230	1
48	231	-1
48	235	1
48	238	-1
48	239	-1
48	240	1
48	243	-1
48	246	-1
48	252	1
48	255	1
48	256	1
48	257	1
48	260	-1
48	263	-1
48	264	1
48	266	-1
48	268	1
48	270	1
48	271	1
48	276	-1
48	278	-1
48	280	-1
48	284	-1
48	286	1
48	289	-1
48	292	1
48	293	1
48	294	-1
48	295	1
48	297	-1
48	298	1
48	301	1
48	303	-1
48	304	1
48	308	1
48	317	1
48	318	-1
48	319	-1
48	321	1
48	322	1
48	323	-1
48	328	1
48	329	1
48	334	-1
48	337	1
48	341	-1
48	342	1
48	343	-1
48	345	1
48	347	-1
48	348	1
48	349	-1
48	352	1
48	356	-1
48	357	-1
48	359	-1
48	364	1
48	366	1
48	371	-1
48	372	-1
48	373	1
48	374	1
48	377	-1
48	378	1
48	381	1
48	383	-1
48	384	-1
48	386	1
48	387	1
48	389	1
48	390	-1
48	391	-1
48	392	1
48	395	-1
48	396	1
48	397	1
48	405	1
48	408	1
48	410	1
48	416	1
48	417	1
48	418	1
48	419	-1
48	420	-1
48	422	1
48	423	-1
48	425	-1
48	431	1
48	436	-1
48	437	1
48	438	-1
48	448	-1
48	449	1
48	450	-1
48	452	-1
48	453	1
48	454	-1
48	457	-1
48	458	1
48	459	1
48	460	1
48	465	1
48	466	1
48	467	-1
48	470	1
48	472	-1
48	473	1
48	474	1
48	477	-1
48	480	1
48	482	1
48	483	-1
48	486	-1
48	488	-1
48	492	1
48	493	-1
48	494	-1
48	495	-1
48	496	-1
48	498	1
49	52	1
49	54	-1
49	55	-1
49	56	-1
49	57	-1
49	58	-1
49	59	1
49	60	1
49	61	-1
49	62	-1
49	65	-1
49	66	-1
49	67	-1
49	68	-1
49	69	1
49	70	-1
49	71	-1
49	72	1
49	73	-1
49	74	-1
49	76	-1
49	77	1
49	78	-1
49	79	1
49	80	1
49	81	1
49	82	-1
49	83	-1
49	84	-1
49	85	1
49	86	-1
49	87	-1
49	90	-1
49	91	-1
49	92	1
49	93	1
49	95	-1
49	96	1
49	98	-1
49	99	1
49	100	-1
49	101	-1
49	102	1
49	103	1
49	108	-1
49	109	-1
49	110	1
49	111	-1
49	113	-1
49	114	-1
49	115	1
49	117	-1
49	118	-1
49	120	-1
49	121	1
49	122	-1
49	123	-1
49	125	1
49	126	1
49	131	-1
49	132	1
49	135	1
49	136	-1
49	137	1
49	139	-1
49	140	-1
49	141	-1
49	143	1
49	145	1
49	146	-1
49	147	-1
49	148	-1
49	149	-1
49	150	1
49	152	1
49	153	-1
49	154	1
49	155	-1
49	160	-1
49	161	1
49	163	1
49	165	-1
49	168	1
49	171	1
49	174	-1
49	176	1
49	177	-1
49	179	-1
49	180	1
49	181	-1
49	182	-1
49	189	1
49	190	1
49	191	-1
49	192	1
49	196	-1
49	197	1
49	198	-1
49	203	-1
49	206	-1
49	207	-1
49	210	-1
49	211	-1
49	214	1
49	216	-1
49	220	1
49	221	1
49	222	-1
49	223	-1
49	226	1
49	227	-1
49	229	1
49	233	-1
49	234	1
49	237	1
49	239	1
49	241	-1
49	244	1
49	245	1
49	246	1
49	248	1
49	250	-1
49	252	-1
49	253	-1
49	255	-1
49	256	1
49	260	1
49	261	1
49	263	-1
49	265	1
49	267	-1
49	270	1
49	271	-1
49	272	1
49	273	1
49	275	1
49	276	1
49	278	1
49	280	-1
49	281	-1
49	283	-1
49	284	1
49	285	1
49	286	1
49	288	-1
49	290	-1
49	291	-1
49	293	1
49	294	-1
49	296	-1
49	297	-1
49	299	1
49	300	-1
49	302	1
49	303	-1
49	304	-1
49	305	1
49	307	-1
49	312	-1
49	313	-1
49	314	1
49	315	1
49	316	1
49	318	-1
49	320	1
49	321	1
49	322	-1
49	323	1
49	325	-1
49	326	-1
49	327	1
49	329	-1
49	331	-1
49	332	-1
49	333	1
49	334	-1
49	336	-1
49	337	1
49	339	-1
49	342	-1
49	345	1
49	346	1
49	347	1
49	348	-1
49	349	1
49	351	1
49	355	-1
49	356	1
49	357	-1
49	359	-1
49	360	-1
49	365	1
49	369	-1
49	372	1
49	373	-1
49	377	1
49	380	1
49	381	1
49	383	-1
49	384	-1
49	387	-1
49	389	1
49	390	1
49	391	1
49	396	-1
49	398	-1
49	402	-1
49	403	-1
49	407	1
49	408	-1
49	412	1
49	413	-1
49	415	1
49	418	1
49	423	-1
49	424	-1
49	428	1
49	432	1
49	433	-1
49	436	-1
49	442	-1
49	446	1
49	447	-1
49	449	1
49	451	1
49	452	-1
49	453	-1
49	454	1
49	455	-1
49	456	1
49	458	-1
49	460	-1
49	462	-1
49	467	1
49	470	-1
49	471	1
49	474	1
49	478	1
49	480	1
49	481	-1
49	482	-1
49	484	-1
49	486	1
49	487	-1
49	488	-1
49	490	1
49	492	-1
49	494	1
49	495	1
49	496	-1
49	499	1
50	51	1
50	52	1
50	53	1
50	54	-1
50	55	1
50	56	-1
50	57	1
50	58	1
50	60	1
50	61	-1
50	62	-1
50	64	-1
50	65	1
50	66	1
50	68	1
50	69	1
50	70	1
50	71	1
50	72	1
50	73	1
50	74	1
50	75	1
50	76	-1
50	77	-1
50	78	1
50	80	1
50	82	-1
50	83	-1
50	85	-1
50	86	1
50	87	1
50	88	-1
50	89	1
50	90	1
50	91	1
50	93	1
50	97	1
50	98	-1
50	101	-1
50	103	1
50	104	-1
50	106	-1
50	107	-1
50	108	1
50	109	1
50	112	-1
50	114	-1
50	117	1
50	121	1
50	122	1
50	123	1
50	124	-1
50	126	1
50	129	1
50	130	-1
50	131	-1
50	134	1
50	136	-1
50	137	1
50	138	1
50	141	1
50	144	1
50	148	-1
50	151	-1
50	154	-1
50	155	-1
50	159	-1
50	163	-1
50	165	1
50	166	1
50	168	-1
50	170	-1
50	171	1
50	172	-1
50	174	-1
50	175	-1
50	176	1
50	177	1
50	178	1
50	181	1
50	183	-1
50	186	-1
50	191	1
50	194	-1
50	195	1
50	196	1
50	197	-1
50	198	1
50	202	-1
50	204	-1
50	207	1
50	208	-1
50	213	-1
50	216	1
50	217	-1
50	221	-1
50	223	-1
50	226	-1
50	231	-1
50	233	-1
50	235	-1
50	236	-1
50	237	1
50	239	1
50	242	1
50	244	1
50	245	1
50	246	-1
50	250	-1
50	251	-1
50	253	1
50	254	1
50	257	1
50	259	1
50	260	1
50	263	-1
50	264	-1
50	265	1
50	266	-1
50	268	1
50	269	-1
50	270	1
50	271	-1
50	274	-1
50	275	-1
50	276	-1
50	280	1
50	281	-1
50	284	1
50	285	-1
50	289	-1
50	291	-1
50	293	1
50	294	1
50	297	1
50	299	1
50	301	-1
50	305	-1
50	307	1
50	308	1
50	310	-1
50	311	1
50	312	-1
50	315	1
50	316	1
50	319	1
50	322	1
50	323	-1
50	325	1
50	327	1
50	328	1
50	329	1
50	330	-1
50	331	1
50	332	-1
50	333	-1
50	334	1
50	335	1
50	336	1
50	338	-1
50	341	1
50	342	1
50	345	1
50	346	-1
50	347	-1
50	350	-1
50	351	-1
50	352	-1
50	353	1
50	354	-1
50	356	-1
50	357	-1
50	360	-1
50	363	-1
50	366	-1
50	368	-1
50	370	-1
50	375	-1
50	376	-1
50	378	-1
50	380	1
50	383	1
50	387	1
50	389	1
50	391	1
50	393	1
50	395	1
50	398	1
50	400	-1
50	401	1
50	402	1
50	404	1
50	407	1
50	408	-1
50	410	-1
50	414	1
50	415	-1
50	416	-1
50	417	-1
50	420	1
50	421	-1
50	422	1
50	428	1
50	429	-1
50	433	-1
50	438	1
50	439	1
50	442	-1
50	444	-1
50	445	-1
50	446	1
50	449	1
50	453	-1
50	456	1
50	457	1
50	458	1
50	459	1
50	460	-1
50	461	1
50	462	1
50	463	1
50	466	-1
50	467	-1
50	468	-1
50	469	1
50	472	1
50	473	-1
50	474	-1
50	484	1
50	485	1
50	487	1
50	489	1
50	490	-1
50	498	-1
51	52	-1
51	53	1
51	54	1
51	55	1
51	56	1
51	57	1
51	59	1
51	60	1
51	61	-1
51	62	1
51	64	1
51	65	1
51	66	1
51	67	-1
51	68	1
51	69	-1
51	70	1
51	71	1
51	72	1
51	73	1
51	74	1
51	75	-1
51	76	-1
51	77	1
51	78	1
51	79	-1
51	80	-1
51	81	-1
51	83	1
51	84	1
51	85	1
51	86	-1
51	88	-1
51	89	1
51	92	1
51	93	-1
51	95	1
51	99	-1
51	102	1
51	104	1
51	106	-1
51	112	1
51	113	1
51	116	-1
51	117	1
51	118	-1
51	120	1
51	123	-1
51	124	1
51	126	1
51	127	1
51	128	1
51	129	1
51	130	1
51	134	-1
51	138	1
51	140	-1
51	142	-1
51	143	1
51	148	-1
51	149	-1
51	150	1
51	152	-1
51	155	-1
51	156	-1
51	157	1
51	159	1
51	164	-1
51	165	-1
51	169	-1
51	170	-1
51	171	1
51	172	1
51	173	-1
51	175	1
51	180	1
51	181	-1
51	182	1
51	183	1
51	186	1
51	187	-1
51	191	1
51	198	-1
51	201	-1
51	203	1
51	207	1
51	208	-1
51	211	-1
51	213	-1
51	214	1
51	216	-1
51	217	1
51	218	-1
51	220	-1
51	224	-1
51	227	-1
51	228	-1
51	230	-1
51	233	-1
51	235	-1
51	236	1
51	238	-1
51	239	1
51	243	-1
51	246	1
51	247	1
51	248	-1
51	252	-1
51	256	-1
51	258	-1
51	259	-1
51	260	1
51	261	1
51	263	1
51	264	-1
51	265	1
51	267	1
51	268	-1
51	269	-1
51	270	1
51	272	1
51	273	-1
51	277	1
51	281	-1
51	284	1
51	288	-1
51	290	1
51	291	1
51	292	-1
51	294	-1
51	296	1
51	300	-1
51	305	-1
51	306	-1
51	307	1
51	310	1
51	311	-1
51	312	-1
51	313	1
51	315	-1
51	317	-1
51	319	1
51	321	-1
51	322	-1
51	323	-1
51	324	1
51	325	-1
51	329	-1
51	330	1
51	335	-1
51	336	-1
51	339	1
51	340	-1
51	341	1
51	342	-1
51	346	1
51	347	1
51	353	1
51	355	-1
51	357	-1
51	359	-1
51	360	1
51	361	1
51	362	-1
51	363	1
51	364	-1
51	365	-1
51	366	1
51	370	-1
51	371	-1
51	372	-1
51	373	1
51	374	-1
51	378	-1
51	381	-1
51	383	-1
51	384	-1
51	385	-1
51	386	1
51	389	1
51	390	-1
51	391	1
51	394	1
51	395	-1
51	398	-1
51	400	1
51	401	1
51	402	-1
51	403	-1
51	404	1
51	405	-1
51	407	-1
51	410	1
51	413	1
51	417	-1
51	419	-1
51	420	1
51	422	-1
51	427	-1
51	428	1
51	429	-1
51	431	-1
51	432	1
51	433	-1
51	434	1
51	436	-1
51	438	1
51	440	1
51	441	1
51	444	-1
51	446	1
51	447	-1
51	448	1
51	450	1
51	452	-1
51	453	-1
51	455	1
51	460	-1
51	462	-1
51	464	-1
51	465	1
51	466	1
51	467	-1
51	468	-1
51	471	1
51	472	-1
51	474	1
51	476	-1
51	478	1
51	480	1
51	482	1
51	483	1
51	484	1
51	485	-1
51	489	-1
51	491	-1
51	496	1
51	498	-1
52	53	1
52	55	-1
52	56	1
52	57	-1
52	58	1
52	59	-1
52	60	-1
52	61	1
52	64	1
52	66	1
52	67	1
52	69	1
52	71	-1
52	72	1
52	73	-1
52	74	1
52	75	-1
52	76	1
52	77	1
52	79	-1
52	80	-1
52	81	1
52	82	-1
52	83	1
52	87	1
52	88	1
52	89	-1
52	91	1
52	92	1
52	94	-1
52	96	1
52	98	-1
52	99	-1
52	103	-1
52	105	-1
52	106	1
52	107	-1
52	108	-1
52	111	-1
52	112	1
52	113	1
52	114	1
52	115	-1
52	117	1
52	118	-1
52	121	-1
52	123	1
52	124	-1
52	129	-1
52	132	-1
52	135	1
52	136	1
52	137	-1
52	138	-1
52	144	-1
52	148	1
52	150	-1
52	151	-1
52	152	-1
52	155	1
52	156	1
52	157	1
52	159	1
52	161	-1
52	162	1
52	163	1
52	166	1
52	172	1
52	175	-1
52	179	1
52	183	-1
52	190	1
52	191	-1
52	195	1
52	197	1
52	198	1
52	200	-1
52	202	1
52	203	1
52	204	1
52	207	1
52	208	1
52	210	-1
52	213	-1
52	214	-1
52	215	-1
52	217	1
52	218	-1
52	221	1
52	223	1
52	224	1
52	226	1
52	227	-1
52	229	1
52	231	-1
52	232	-1
52	236	-1
52	238	1
52	239	-1
52	243	-1
52	244	1
52	246	-1
52	247	1
52	248	-1
52	249	1
52	250	1
52	251	1
52	252	1
52	254	1
52	256	1
52	258	1
52	260	-1
52	261	1
52	265	1
52	266	1
52	268	1
52	270	-1
52	274	-1
52	278	1
52	279	1
52	283	1
52	285	1
52	287	1
52	290	-1
52	294	1
52	295	1
52	296	-1
52	298	1
52	300	-1
52	305	1
52	307	-1
52	308	-1
52	310	-1
52	314	1
52	315	-1
52	316	1
52	321	1
52	326	1
52	329	1
52	330	1
52	331	-1
52	333	-1
52	336	-1
52	338	-1
52	339	1
52	343	1
52	344	1
52	347	-1
52	350	-1
52	351	1
52	353	1
52	355	1
52	357	-1
52	359	-1
52	362	-1
52	364	1
52	367	1
52	369	1
52	371	-1
52	372	-1
52	375	1
52	377	-1
52	378	-1
52	379	-1
52	380	1
52	383	1
52	389	-1
52	393	1
52	394	-1
52	395	-1
52	396	1
52	398	1
52	402	-1
52	403	-1
52	404	-1
52	405	-1
52	408	-1
52	411	1
52	412	-1
52	413	-1
52	414	1
52	417	1
52	418	-1
52	420	-1
52	422	1
52	423	1
52	426	-1
52	427	1
52	429	-1
52	435	1
52	439	1
52	448	-1
52	453	1
52	454	-1
52	456	-1
52	459	-1
52	461	-1
52	462	-1
52	465	1
52	466	-1
52	468	1
52	472	1
52	473	1
52	474	1
52	477	1
52	478	-1
52	480	1
52	483	-1
52	484	-1
52	487	1
52	488	-1
52	489	-1
52	491	1
52	492	-1
52	493	1
52	495	-1
52	497	1
52	499	-1
53	54	1
53	55	-1
53	57	1
53	58	1
53	60	1
53	61	-1
53	62	-1
53	63	1
53	65	-1
53	66	1
53	67	1
53	70	-1
53	71	-1
53	73	1
53	75	-1
53	76	-1
53	77	1
53	78	1
53	80	1
53	81	-1
53	82	-1
53	84	1
53	85	-1
53	86	-1
53	88	-1
53	89	-1
53	90	1
53	91	1
53	93	1
53	96	1
53	97	-1
53	98	-1
53	99	1
53	100	-1
53	105	-1
53	106	1
53	109	-1
53	110	-1
53	111	-1
53	113	1
53	116	1
53	117	1
53	118	-1
53	119	1
53	121	1
53	122	1
53	125	-1
53	126	-1
53	130	1
53	131	1
53	132	1
53	140	-1
53	143	1
53	146	1
53	148	-1
53	150	1
53	151	1
53	152	1
53	157	-1
53	159	-1
53	162	1
53	164	-1
53	166	-1
53	167	-1
53	168	1
53	169	1
53	171	1
53	172	-1
53	176	-1
53	183	-1
53	187	1
53	188	-1
53	189	1
53	191	1
53	192	1
53	194	-1
53	195	-1
53	196	1
53	197	-1
53	198	1
53	202	1
53	203	-1
53	205	-1
53	207	-1
53	210	1
53	212	-1
53	213	1
53	214	1
53	215	-1
53	218	-1
53	220	-1
53	223	1
53	225	1
53	227	1
53	228	-1
53	230	-1
53	231	-1
53	232	1
53	235	1
53	237	1
53	238	-1
53	240	1
53	242	1
53	243	-1
53	244	-1
53	247	1
53	248	-1
53	249	-1
53	251	1
53	252	-1
53	253	-1
53	254	-1
53	255	-1
53	256	1
53	260	-1
53	261	1
53	262	1
53	265	-1
53	269	1
53	272	1
53	273	1
53	274	-1
53	275	1
53	276	-1
53	277	1
53	278	-1
53	280	-1
53	282	1
53	283	1
53	284	-1
53	287	1
53	288	1
53	291	1
53	293	-1
53	294	1
53	298	1
53	299	-1
53	300	-1
53	301	-1
53	302	-1
53	305	1
53	307	1
53	308	1
53	309	-1
53	310	-1
53	313	1
53	314	-1
53	316	1
53	317	-1
53	319	-1
53	324	1
53	328	-1
53	330	-1
53	332	1
53	333	-1
53	334	1
53	347	1
53	348	-1
53	349	-1
53	351	1
53	352	1
53	353	-1
53	354	-1
53	357	-1
53	358	-1
53	359	-1
53	364	-1
53	366	-1
53	367	1
53	368	1
53	370	1
53	371	1
53	372	-1
53	373	1
53	375	-1
53	376	-1
53	378	-1
53	379	-1
53	387	-1
53	390	1
53	391	1
53	393	1
53	395	1
53	397	-1
53	400	-1
53	401	1
53	402	1
53	404	-1
53	405	-1
53	406	1
53	407	-1
53	408	-1
53	411	1
53	413	-1
53	417	-1
53	418	-1
53	419	1
53	421	1
53	422	-1
53	424	-1
53	425	1
53	430	-1
53	431	-1
53	432	1
53	434	-1
53	435	1
53	437	1
53	438	1
53	440	1
53	441	-1
53	442	1
53	444	1
53	445	-1
53	448	1
53	449	-1
53	451	1
53	452	-1
53	454	1
53	456	1
53	458	1
53	459	1
53	460	-1
53	461	1
53	463	1
53	465	1
53	466	1
53	467	-1
53	470	-1
53	471	1
53	472	1
53	474	-1
53	475	-1
53	476	-1
53	477	1
53	478	1
53	479	1
53	480	-1
53	482	-1
53	483	-1
53	487	1
53	490	-1
53	491	-1
53	497	-1
54	55	-1
54	56	1
54	57	-1
54	58	-1
54	60	1
54	61	1
54	63	1
54	64	1
54	66	1
54	67	1
54	68	1
54	70	-1
54	71	1
54	73	1
54	74	-1
54	75	1
54	76	1
54	77	-1
54	78	1
54	79	1
54	80	1
54	83	-1
54	84	-1
54	85	-1
54	86	-1
54	87	-1
54	88	1
54	89	1
54	90	1
54	91	-1
54	92	-1
54	93	1
54	94	-1
54	95	1
54	96	1
54	97	1
54	98	1
54	99	1
54	101	1
54	102	1
54	105	1
54	107	1
54	111	-1
54	114	-1
54	116	1
54	117	1
54	120	-1
54	122	-1
54	124	1
54	126	1
54	127	-1
54	128	1
54	129	1
54	130	1
54	131	-1
54	132	-1
54	133	-1
54	134	1
54	135	1
54	137	-1
54	141	1
54	144	-1
54	146	-1
54	150	-1
54	153	1
54	154	1
54	155	-1
54	156	-1
54	160	-1
54	161	-1
54	169	1
54	176	-1
54	178	-1
54	179	1
54	180	1
54	182	1
54	185	-1
54	186	1
54	188	-1
54	190	1
54	192	-1
54	193	-1
54	194	-1
54	198	1
54	199	-1
54	200	-1
54	201	1
54	202	1
54	203	-1
54	206	1
54	210	-1
54	211	-1
54	215	1
54	217	-1
54	224	1
54	226	1
54	227	-1
54	228	1
54	229	1
54	230	1
54	237	-1
54	239	1
54	240	1
54	241	1
54	243	-1
54	247	-1
54	248	1
54	250	1
54	251	1
54	253	1
54	254	1
54	255	-1
54	258	-1
54	263	-1
54	265	1
54	267	-1
54	268	1
54	270	1
54	271	-1
54	273	1
54	275	1
54	276	1
54	277	-1
54	278	1
54	279	1
54	281	-1
54	282	-1
54	287	-1
54	288	-1
54	290	-1
54	291	-1
54	292	1
54	294	1
54	297	-1
54	298	-1
54	299	1
54	301	1
54	302	1
54	303	-1
54	304	1
54	305	-1
54	311	1
54	319	1
54	320	1
54	321	1
54	322	1
54	323	-1
54	326	1
54	327	1
54	329	-1
54	332	-1
54	337	-1
54	341	1
54	342	-1
54	344	1
54	352	-1
54	353	1
54	355	-1
54	357	-1
54	358	1
54	359	-1
54	363	-1
54	364	-1
54	365	-1
54	366	-1
54	367	1
54	369	1
54	370	1
54	371	-1
54	372	1
54	374	-1
54	379	1
54	381	-1
54	382	-1
54	383	-1
54	384	-1
54	385	-1
54	388	1
54	390	-1
54	394	-1
54	395	1
54	396	-1
54	400	-1
54	404	1
54	406	-1
54	407	1
54	408	1
54	412	1
54	413	-1
54	414	-1
54	415	-1
54	416	1
54	417	-1
54	419	1
54	420	1
54	421	-1
54	422	1
54	425	-1
54	427	-1
54	429	-1
54	432	-1
54	435	-1
54	436	-1
54	437	-1
54	438	-1
54	440	1
54	441	1
54	443	-1
54	444	1
54	447	-1
54	448	-1
54	450	1
54	452	1
54	453	-1
54	459	-1
54	460	1
54	462	1
54	463	-1
54	464	1
54	465	1
54	466	-1
54	467	-1
54	469	-1
54	474	1
54	475	-1
54	477	-1
54	479	1
54	480	-1
54	482	1
54	483	-1
54	487	-1
54	488	-1
54	492	1
54	496	-1
55	57	1
55	58	1
55	59	1
55	60	-1
55	61	1
55	63	1
55	65	-1
55	69	-1
55	70	-1
55	71	1
55	72	1
55	73	1
55	74	-1
55	75	1
55	76	1
55	77	-1
55	78	-1
55	79	1
55	80	-1
55	81	1
55	85	-1
55	86	1
55	87	1
55	88	1
55	89	-1
55	90	-1
55	92	-1
55	94	-1
55	95	1
55	98	1
55	99	1
55	104	1
55	108	1
55	111	-1
55	113	-1
55	114	-1
55	116	-1
55	119	1
55	122	-1
55	123	1
55	126	-1
55	128	1
55	129	1
55	131	-1
55	132	1
55	133	1
55	136	-1
55	137	-1
55	138	-1
55	140	-1
55	141	-1
55	146	1
55	151	-1
55	155	-1
55	158	-1
55	160	1
55	161	1
55	162	1
55	164	1
55	165	1
55	168	1
55	171	1
55	175	1
55	177	-1
55	180	1
55	181	-1
55	185	-1
55	186	1
55	189	1
55	191	1
55	195	-1
55	200	-1
55	203	1
55	204	-1
55	209	1
55	211	-1
55	214	-1
55	215	1
55	217	1
55	218	-1
55	219	-1
55	223	1
55	226	-1
55	228	1
55	232	-1
55	233	1
55	235	-1
55	236	-1
55	238	-1
55	247	-1
55	251	-1
55	257	1
55	258	1
55	259	-1
55	260	1
55	261	1
55	263	1
55	265	1
55	266	-1
55	267	-1
55	268	-1
55	273	-1
55	275	1
55	278	-1
55	279	1
55	284	-1
55	289	1
55	291	1
55	292	1
55	293	1
55	294	-1
55	295	1
55	296	-1
55	297	-1
55	300	1
55	301	-1
55	302	-1
55	303	1
55	305	1
55	306	-1
55	308	1
55	312	-1
55	313	-1
55	314	1
55	315	1
55	320	1
55	321	-1
55	329	-1
55	330	-1
55	331	-1
55	334	1
55	336	-1
55	338	-1
55	339	-1
55	342	1
55	346	-1
55	347	-1
55	348	-1
55	349	-1
55	351	1
55	354	1
55	356	-1
55	357	-1
55	358	1
55	359	-1
55	362	1
55	363	-1
55	366	1
55	367	-1
55	369	1
55	371	1
55	372	1
55	375	1
55	376	-1
55	377	-1
55	380	1
55	381	-1
55	383	-1
55	385	1
55	389	1
55	394	1
55	395	1
55	397	-1
55	402	-1
55	404	1
55	405	1
55	406	1
55	407	-1
55	411	1
55	416	1
55	417	-1
55	419	-1
55	420	1
55	422	-1
55	423	1
55	424	-1
55	425	-1
55	431	1
55	432	1
55	434	-1
55	438	-1
55	439	1
55	440	1
55	443	-1
55	444	-1
55	445	1
55	447	-1
55	450	-1
55	454	-1
55	455	-1
55	456	-1
55	457	1
55	458	1
55	460	1
55	461	1
55	464	-1
55	467	-1
55	473	-1
55	478	-1
55	479	-1
55	481	1
55	483	-1
55	484	-1
55	485	1
55	486	-1
55	488	1
55	489	-1
55	490	-1
55	491	1
55	494	-1
55	496	1
55	499	-1
56	57	-1
56	58	-1
56	62	-1
56	63	1
56	64	1
56	65	-1
56	66	-1
56	67	1
56	69	-1
56	70	-1
56	71	-1
56	72	-1
56	73	1
56	74	1
56	75	1
56	76	-1
56	77	1
56	78	1
56	79	-1
56	81	1
56	82	1
56	83	1
56	84	1
56	86	1
56	87	-1
56	88	1
56	89	1
56	91	-1
56	92	1
56	94	-1
56	95	1
56	97	1
56	101	1
56	105	1
56	111	-1
56	115	1
56	116	-1
56	119	1
56	120	1
56	121	-1
56	122	1
56	124	-1
56	125	-1
56	126	1
56	129	1
56	131	-1
56	133	1
56	134	-1
56	135	-1
56	136	-1
56	137	-1
56	139	-1
56	141	-1
56	143	1
56	145	1
56	147	1
56	148	1
56	150	1
56	152	1
56	153	1
56	154	-1
56	159	1
56	160	1
56	161	-1
56	163	-1
56	164	1
56	165	-1
56	166	-1
56	168	1
56	172	-1
56	173	-1
56	175	-1
56	177	1
56	180	1
56	181	-1
56	185	-1
56	189	-1
56	191	1
56	196	-1
56	199	1
56	200	-1
56	202	-1
56	204	1
56	205	-1
56	207	1
56	209	-1
56	212	1
56	213	-1
56	216	-1
56	218	-1
56	220	-1
56	223	-1
56	228	-1
56	229	1
56	232	1
56	239	1
56	240	-1
56	241	1
56	242	-1
56	243	-1
56	244	1
56	247	-1
56	248	1
56	249	1
56	250	1
56	253	1
56	255	1
56	256	1
56	259	-1
56	260	-1
56	261	-1
56	263	-1
56	268	1
56	269	1
56	270	1
56	271	-1
56	275	-1
56	278	1
56	282	-1
56	283	1
56	287	-1
56	291	-1
56	292	-1
56	294	1
56	295	1
56	298	-1
56	299	-1
56	300	1
56	301	1
56	302	1
56	303	-1
56	304	1
56	305	1
56	306	-1
56	307	-1
56	308	-1
56	312	1
56	314	-1
56	315	-1
56	317	1
56	319	1
56	320	1
56	321	-1
56	322	-1
56	324	1
56	325	1
56	326	-1
56	327	1
56	328	-1
56	329	1
56	331	1
56	332	-1
56	335	1
56	337	-1
56	338	1
56	341	-1
56	342	1
56	350	1
56	351	-1
56	353	1
56	354	-1
56	356	1
56	359	-1
56	360	-1
56	362	1
56	363	-1
56	364	1
56	366	1
56	367	1
56	369	1
56	372	-1
56	375	-1
56	380	-1
56	381	1
56	382	1
56	383	-1
56	384	1
56	385	1
56	386	1
56	387	-1
56	390	1
56	392	-1
56	401	1
56	403	1
56	404	1
56	408	1
56	410	1
56	412	1
56	413	-1
56	414	-1
56	417	1
56	418	-1
56	419	1
56	421	1
56	423	1
56	425	-1
56	426	1
56	430	1
56	431	-1
56	434	1
56	436	-1
56	440	1
56	441	-1
56	445	1
56	446	-1
56	447	-1
56	449	-1
56	451	1
56	452	1
56	453	-1
56	454	-1
56	455	-1
56	456	-1
56	457	-1
56	459	-1
56	460	1
56	461	1
56	463	-1
56	464	1
56	465	-1
56	470	-1
56	472	1
56	473	-1
56	474	1
56	475	-1
56	479	1
56	483	1
56	484	-1
56	485	1
56	488	-1
56	490	1
56	491	1
56	492	1
56	494	-1
56	496	-1
56	497	1
56	498	1
57	58	-1
57	59	1
57	60	1
57	61	1
57	62	1
57	63	1
57	64	-1
57	68	1
57	70	1
57	74	-1
57	75	1
57	76	1
57	77	1
57	78	1
57	79	1
57	80	-1
57	81	1
57	82	-1
57	83	1
57	84	1
57	85	1
57	86	1
57	88	1
57	89	-1
57	91	1
57	92	1
57	93	-1
57	94	-1
57	97	-1
57	98	-1
57	104	-1
57	106	1
57	108	-1
57	110	-1
57	111	-1
57	112	-1
57	113	-1
57	115	1
57	116	1
57	118	-1
57	119	1
57	121	1
57	127	1
57	128	1
57	129	-1
57	130	1
57	132	1
57	133	1
57	134	-1
57	136	1
57	137	1
57	140	1
57	141	-1
57	143	-1
57	144	-1
57	146	-1
57	147	-1
57	149	-1
57	150	-1
57	151	-1
57	152	1
57	153	-1
57	154	1
57	156	1
57	158	1
57	159	-1
57	160	1
57	161	1
57	162	1
57	166	-1
57	168	-1
57	169	1
57	171	-1
57	174	-1
57	176	1
57	179	1
57	187	1
57	190	1
57	195	-1
57	199	1
57	201	-1
57	202	-1
57	203	-1
57	205	-1
57	206	-1
57	208	-1
57	209	1
57	210	1
57	211	-1
57	213	1
57	215	-1
57	216	-1
57	218	1
57	219	1
57	220	-1
57	221	1
57	223	1
57	226	1
57	227	-1
57	229	-1
57	231	-1
57	232	-1
57	236	1
57	238	-1
57	240	-1
57	241	-1
57	243	-1
57	245	1
57	246	-1
57	248	1
57	250	1
57	252	1
57	255	-1
57	259	1
57	260	-1
57	262	1
57	265	-1
57	268	-1
57	271	1
57	272	1
57	276	1
57	278	1
57	286	1
57	287	-1
57	288	-1
57	289	1
57	290	-1
57	294	-1
57	297	-1
57	298	1
57	300	-1
57	302	1
57	304	1
57	305	-1
57	306	-1
57	307	-1
57	308	-1
57	311	-1
57	312	-1
57	314	-1
57	318	-1
57	321	-1
57	323	-1
57	324	1
57	327	-1
57	329	1
57	331	-1
57	332	1
57	333	1
57	334	-1
57	336	1
57	337	-1
57	338	-1
57	339	-1
57	342	-1
57	345	-1
57	346	-1
57	352	1
57	353	1
57	356	-1
57	360	-1
57	362	1
57	364	1
57	366	-1
57	367	1
57	368	-1
57	369	-1
57	370	1
57	372	-1
57	374	1
57	378	1
57	382	-1
57	383	-1
57	386	1
57	388	-1
57	390	-1
57	391	-1
57	393	-1
57	396	-1
57	397	1
57	398	1
57	400	-1
57	404	1
57	405	-1
57	406	1
57	407	1
57	408	-1
57	411	1
57	412	-1
57	413	1
57	415	-1
57	416	-1
57	422	-1
57	424	1
57	426	1
57	427	1
57	429	-1
57	435	-1
57	436	-1
57	437	1
57	440	-1
57	442	1
57	443	1
57	444	-1
57	447	-1
57	448	1
57	449	1
57	459	-1
57	460	1
57	461	-1
57	462	-1
57	464	-1
57	466	1
57	467	1
57	468	1
57	470	1
57	472	1
57	477	1
57	478	-1
57	479	-1
57	481	1
57	483	1
57	484	1
57	485	1
57	487	-1
57	488	-1
57	489	1
57	490	1
57	493	1
57	494	1
57	495	1
57	496	-1
57	497	-1
58	59	1
58	60	1
58	61	-1
58	62	1
58	63	1
58	64	1
58	66	1
58	67	-1
58	68	1
58	70	1
58	71	-1
58	72	1
58	76	1
58	77	-1
58	78	1
58	79	1
58	81	1
58	82	1
58	83	1
58	84	1
58	86	-1
58	88	-1
58	90	-1
58	91	1
58	92	1
58	93	1
58	94	1
58	95	-1
58	96	1
58	97	-1
58	98	1
58	99	1
58	103	1
58	107	-1
58	110	-1
58	114	-1
58	115	1
58	117	-1
58	118	-1
58	119	-1
58	120	1
58	123	1
58	124	-1
58	125	1
58	130	1
58	131	1
58	136	-1
58	137	1
58	141	-1
58	142	1
58	143	-1
58	147	-1
58	153	1
58	156	-1
58	161	-1
58	163	1
58	170	-1
58	171	-1
58	172	-1
58	173	1
58	176	1
58	177	-1
58	178	1
58	183	-1
58	184	1
58	186	1
58	188	1
58	190	-1
58	191	1
58	192	1
58	195	-1
58	197	-1
58	198	-1
58	199	1
58	201	1
58	202	-1
58	204	1
58	206	-1
58	208	1
58	209	1
58	210	-1
58	211	-1
58	213	-1
58	215	1
58	216	-1
58	217	-1
58	219	1
58	220	-1
58	221	1
58	226	1
58	228	1
58	229	-1
58	230	-1
58	231	-1
58	232	-1
58	233	-1
58	238	-1
58	239	1
58	240	-1
58	241	1
58	244	1
58	245	-1
58	246	-1
58	249	1
58	252	-1
58	253	-1
58	255	1
58	256	1
58	257	-1
58	260	1
58	261	-1
58	264	-1
58	266	-1
58	268	-1
58	270	-1
58	273	-1
58	276	-1
58	277	-1
58	278	1
58	280	1
58	281	-1
58	283	-1
58	285	1
58	287	-1
58	295	-1
58	296	1
58	297	-1
58	302	1
58	304	-1
58	305	-1
58	306	1
58	307	-1
58	308	-1
58	309	-1
58	310	-1
58	311	-1
58	312	1
58	313	-1
58	314	1
58	316	-1
58	317	1
58	319	1
58	320	-1
58	321	1
58	323	1
58	328	1
58	332	1
58	333	-1
58	335	-1
58	339	1
58	340	1
58	342	1
58	345	1
58	349	-1
58	351	-1
58	353	-1
58	355	-1
58	357	1
58	358	1
58	359	-1
58	362	-1
58	364	1
58	365	1
58	366	-1
58	371	-1
58	372	1
58	377	-1
58	379	1
58	381	-1
58	383	1
58	384	-1
58	385	1
58	388	-1
58	389	-1
58	393	1
58	396	1
58	398	-1
58	400	1
58	403	1
58	407	-1
58	408	1
58	409	-1
58	410	1
58	411	-1
58	412	1
58	413	1
58	416	-1
58	417	1
58	419	-1
58	420	1
58	424	-1
58	425	1
58	428	-1
58	435	-1
58	436	1
58	438	1
58	439	1
58	447	-1
58	448	1
58	451	1
58	452	1
58	454	-1
58	456	-1
58	457	-1
58	459	-1
58	460	-1
58	461	1
58	464	1
58	465	1
58	467	1
58	468	1
58	469	1
58	470	1
58	472	-1
58	475	1
58	480	1
58	481	1
58	483	-1
58	484	-1
58	486	1
58	487	-1
58	488	-1
58	489	-1
58	493	-1
58	495	1
58	498	1
59	60	-1
59	63	1
59	64	-1
59	65	1
59	66	-1
59	67	1
59	70	1
59	71	1
59	72	1
59	73	1
59	75	-1
59	76	-1
59	77	1
59	78	1
59	80	1
59	81	-1
59	82	1
59	85	-1
59	86	1
59	88	-1
59	89	-1
59	90	1
59	91	1
59	92	-1
59	93	1
59	94	-1
59	95	-1
59	96	-1
59	97	1
59	98	1
59	100	-1
59	102	1
59	103	1
59	105	1
59	107	1
59	108	-1
59	109	-1
59	111	-1
59	115	-1
59	117	-1
59	118	1
59	120	-1
59	124	-1
59	128	1
59	130	-1
59	131	1
59	134	1
59	136	1
59	137	-1
59	141	-1
59	142	-1
59	144	1
59	145	-1
59	147	1
59	149	1
59	150	1
59	154	-1
59	156	1
59	157	-1
59	158	1
59	160	1
59	161	1
59	165	-1
59	166	-1
59	169	-1
59	170	1
59	171	1
59	173	1
59	175	-1
59	177	-1
59	178	-1
59	180	-1
59	184	1
59	185	-1
59	187	-1
59	188	1
59	197	-1
59	200	-1
59	201	1
59	202	1
59	203	1
59	204	-1
59	207	1
59	209	-1
59	210	-1
59	213	-1
59	214	-1
59	216	-1
59	217	-1
59	220	-1
59	221	-1
59	224	1
59	228	1
59	229	1
59	230	-1
59	233	-1
59	234	-1
59	235	-1
59	236	-1
59	237	-1
59	238	1
59	241	1
59	243	1
59	244	-1
59	246	-1
59	248	-1
59	249	-1
59	250	1
59	251	1
59	253	-1
59	255	-1
59	259	1
59	264	1
59	265	-1
59	267	1
59	269	-1
59	270	-1
59	271	-1
59	274	-1
59	275	1
59	276	-1
59	278	1
59	280	-1
59	281	1
59	283	-1
59	284	1
59	285	-1
59	291	1
59	292	-1
59	296	1
59	298	1
59	305	-1
59	307	-1
59	310	-1
59	312	-1
59	315	-1
59	317	-1
59	318	1
59	319	1
59	320	1
59	321	1
59	323	1
59	326	1
59	328	-1
59	329	1
59	330	-1
59	333	-1
59	335	1
59	337	-1
59	338	1
59	339	1
59	341	1
59	342	-1
59	346	1
59	349	-1
59	350	-1
59	351	-1
59	353	-1
59	357	1
59	358	1
59	360	1
59	363	1
59	364	1
59	365	1
59	368	1
59	371	1
59	374	1
59	376	1
59	377	1
59	378	1
59	382	-1
59	384	-1
59	387	-1
59	390	1
59	392	-1
59	394	-1
59	395	-1
59	396	1
59	397	-1
59	398	1
59	400	1
59	401	1
59	402	1
59	403	1
59	406	-1
59	407	1
59	411	-1
59	412	1
59	415	-1
59	417	-1
59	420	1
59	422	1
59	424	1
59	426	1
59	430	-1
59	431	-1
59	432	1
59	434	-1
59	435	1
59	436	1
59	439	1
59	440	1
59	446	1
59	453	1
59	454	1
59	455	1
59	457	-1
59	459	1
59	460	1
59	461	-1
59	462	-1
59	463	1
59	465	1
59	470	-1
59	476	-1
59	478	-1
59	481	-1
59	484	-1
59	485	-1
59	489	1
59	491	1
59	494	1
59	496	-1
59	497	-1
59	499	1
60	61	1
60	64	1
60	65	1
60	66	-1
60	67	1
60	68	1
60	70	1
60	71	1
60	72	-1
60	74	1
60	75	1
60	76	1
60	77	1
60	78	1
60	79	1
60	80	1
60	81	-1
60	82	-1
60	83	1
60	84	-1
60	85	-1
60	87	1
60	88	1
60	89	1
60	91	-1
60	92	1
60	93	1
60	94	-1
60	95	-1
60	96	1
60	99	1
60	105	-1
60	106	1
60	107	1
60	110	1
60	111	-1
60	112	1
60	114	1
60	115	-1
60	117	-1
60	121	1
60	122	1
60	123	1
60	124	1
60	125	1
60	127	-1
60	130	1
60	131	-1
60	133	1
60	135	1
60	137	-1
60	139	-1
60	140	-1
60	143	-1
60	144	1
60	146	1
60	147	1
60	149	-1
60	150	-1
60	151	-1
60	153	-1
60	154	-1
60	156	1
60	157	1
60	158	1
60	159	1
60	160	-1
60	161	-1
60	162	-1
60	164	-1
60	168	1
60	169	-1
60	174	1
60	175	1
60	176	1
60	177	-1
60	178	-1
60	179	1
60	181	-1
60	185	-1
60	187	-1
60	188	-1
60	189	1
60	191	1
60	195	-1
60	196	1
60	199	-1
60	200	-1
60	201	1
60	202	1
60	203	1
60	205	-1
60	206	1
60	207	-1
60	209	1
60	210	-1
60	211	-1
60	212	-1
60	214	1
60	215	1
60	217	-1
60	219	-1
60	221	1
60	222	-1
60	223	1
60	225	1
60	226	1
60	227	1
60	233	-1
60	234	1
60	239	-1
60	241	-1
60	242	1
60	244	-1
60	245	1
60	247	-1
60	248	-1
60	251	1
60	252	-1
60	255	1
60	257	1
60	258	-1
60	260	-1
60	263	-1
60	264	1
60	266	1
60	267	-1
60	268	-1
60	269	-1
60	270	-1
60	272	-1
60	274	1
60	276	1
60	277	-1
60	285	-1
60	287	1
60	291	1
60	294	1
60	295	-1
60	298	1
60	299	-1
60	300	-1
60	301	-1
60	302	1
60	303	-1
60	305	1
60	306	1
60	310	-1
60	311	1
60	313	1
60	316	1
60	319	1
60	322	1
60	324	1
60	326	1
60	327	-1
60	328	1
60	329	1
60	330	1
60	332	1
60	336	1
60	337	1
60	340	1
60	343	1
60	344	1
60	349	1
60	351	1
60	352	-1
60	353	-1
60	357	-1
60	358	-1
60	359	1
60	362	1
60	363	1
60	364	1
60	366	1
60	368	1
60	372	1
60	373	1
60	374	1
60	375	-1
60	376	1
60	381	1
60	382	-1
60	383	-1
60	384	1
60	386	1
60	387	-1
60	391	1
60	392	-1
60	394	-1
60	396	1
60	404	-1
60	405	1
60	408	-1
60	409	-1
60	410	1
60	411	-1
60	412	1
60	415	-1
60	416	1
60	417	1
60	418	-1
60	420	1
60	425	-1
60	427	-1
60	428	1
60	430	-1
60	431	-1
60	435	-1
60	436	1
60	437	1
60	438	-1
60	440	1
60	441	-1
60	442	-1
60	444	-1
60	445	-1
60	446	1
60	449	1
60	450	1
60	456	1
60	457	-1
60	459	1
60	460	1
60	461	1
60	462	-1
60	463	-1
60	471	-1
60	472	1
60	474	1
60	477	1
60	480	1
60	483	1
60	486	-1
60	489	-1
60	490	1
60	492	1
60	497	1
61	62	-1
61	63	1
61	65	-1
61	66	1
61	69	1
61	70	-1
61	71	-1
61	72	1
61	74	-1
61	76	1
61	77	1
61	79	-1
61	80	1
61	82	-1
61	83	1
61	84	1
61	85	-1
61	86	-1
61	87	1
61	88	-1
61	89	1
61	90	1
61	91	1
61	92	1
61	93	1
61	94	1
61	96	1
61	97	1
61	99	1
61	101	1
61	102	1
61	103	-1
61	104	-1
61	107	-1
61	108	1
61	112	-1
61	113	1
61	114	1
61	116	1
61	119	-1
61	122	-1
61	123	1
61	124	-1
61	125	1
61	126	-1
61	128	-1
61	131	-1
61	133	-1
61	134	1
61	136	1
61	137	-1
61	143	1
61	147	1
61	148	-1
61	149	-1
61	150	-1
61	151	-1
61	154	-1
61	155	1
61	162	-1
61	167	1
61	168	-1
61	170	-1
61	171	-1
61	172	-1
61	173	1
61	174	1
61	176	1
61	178	1
61	180	-1
61	181	1
61	184	-1
61	185	-1
61	186	1
61	187	1
61	191	1
61	192	1
61	193	1
61	194	-1
61	197	1
61	202	1
61	203	1
61	208	-1
61	214	1
61	215	-1
61	216	1
61	218	-1
61	220	1
61	222	1
61	224	-1
61	227	-1
61	229	-1
61	230	-1
61	235	-1
61	237	1
61	239	1
61	241	1
61	243	1
61	244	-1
61	246	-1
61	247	1
61	249	-1
61	250	1
61	251	-1
61	258	1
61	261	-1
61	262	1
61	263	1
61	266	-1
61	269	-1
61	270	1
61	272	-1
61	273	1
61	275	-1
61	276	1
61	277	-1
61	278	-1
61	279	1
61	280	1
61	281	-1
61	286	-1
61	287	-1
61	288	-1
61	292	1
61	293	-1
61	294	-1
61	296	-1
61	298	1
61	301	-1
61	303	-1
61	305	-1
61	309	1
61	310	1
61	312	-1
61	315	1
61	321	1
61	323	-1
61	324	-1
61	325	1
61	327	1
61	328	-1
61	336	-1
61	338	1
61	341	1
61	343	1
61	344	-1
61	349	-1
61	350	1
61	353	-1
61	354	1
61	358	1
61	359	-1
61	360	1
61	361	-1
61	362	-1
61	363	1
61	365	1
61	367	-1
61	368	1
61	369	-1
61	371	1
61	374	-1
61	379	-1
61	383	-1
61	387	1
61	388	1
61	389	-1
61	390	1
61	391	1
61	396	1
61	397	1
61	398	1
61	400	1
61	404	1
61	407	-1
61	408	1
61	410	1
61	412	1
61	417	1
61	418	1
61	420	-1
61	421	-1
61	425	1
61	432	1
61	433	-1
61	435	1
61	436	-1
61	439	-1
61	441	-1
61	443	-1
61	444	1
61	445	1
61	449	-1
61	452	1
61	457	-1
61	458	1
61	459	1
61	462	-1
61	464	-1
61	465	1
61	467	-1
61	469	1
61	470	-1
61	471	-1
61	473	-1
61	475	1
61	477	1
61	478	1
61	479	-1
61	480	-1
61	481	1
61	484	1
61	485	1
61	486	1
61	487	1
61	489	-1
61	491	1
61	495	-1
61	496	1
62	63	-1
62	65	1
62	66	1
62	67	1
62	68	1
62	70	1
62	71	1
62	72	1
62	75	1
62	77	1
62	78	1
62	79	1
62	80	1
62	81	1
62	82	-1
62	83	1
62	84	-1
62	87	1
62	88	1
62	89	1
62	90	-1
62	91	1
62	92	-1
62	93	1
62	94	1
62	95	1
62	96	1
62	97	-1
62	98	1
62	99	-1
62	100	-1
62	102	1
62	104	-1
62	105	1
62	106	1
62	107	-1
62	108	1
62	110	1
62	111	1
62	112	1
62	113	-1
62	114	-1
62	116	-1
62	119	1
62	122	-1
62	124	-1
62	127	-1
62	128	1
62	130	1
62	132	1
62	134	1
62	135	-1
62	136	1
62	137	-1
62	140	-1
62	141	-1
62	145	1
62	146	1
62	152	-1
62	153	1
62	159	-1
62	160	1
62	161	1
62	162	1
62	163	1
62	166	-1
62	167	-1
62	168	1
62	170	1
62	171	-1
62	172	-1
62	176	1
62	177	-1
62	178	-1
62	180	-1
62	182	-1
62	183	-1
62	184	-1
62	185	1
62	186	1
62	189	-1
62	195	-1
62	196	1
62	198	-1
62	200	1
62	205	1
62	208	1
62	211	1
62	213	-1
62	214	-1
62	215	1
62	219	1
62	222	-1
62	223	1
62	224	-1
62	225	1
62	226	1
62	227	-1
62	228	-1
62	230	1
62	231	-1
62	232	-1
62	235	-1
62	236	-1
62	237	1
62	240	-1
62	241	1
62	242	-1
62	243	-1
62	245	-1
62	246	1
62	248	-1
62	249	-1
62	251	1
62	253	1
62	254	1
62	256	-1
62	259	1
62	263	-1
62	264	-1
62	265	-1
62	268	-1
62	271	1
62	272	1
62	273	-1
62	276	1
62	277	-1
62	278	-1
62	280	1
62	286	-1
62	287	1
62	288	1
62	289	-1
62	291	-1
62	292	1
62	293	1
62	301	-1
62	302	1
62	303	-1
62	304	-1
62	305	1
62	309	1
62	310	-1
62	311	-1
62	313	1
62	318	-1
62	319	-1
62	323	1
62	324	-1
62	325	1
62	326	-1
62	329	1
62	332	-1
62	333	-1
62	339	-1
62	341	1
62	346	-1
62	348	1
62	349	1
62	351	-1
62	352	-1
62	358	-1
62	361	1
62	362	-1
62	363	-1
62	366	-1
62	367	1
62	368	1
62	369	1
62	370	1
62	373	1
62	374	1
62	377	-1
62	381	1
62	382	1
62	383	-1
62	384	1
62	385	1
62	387	1
62	388	1
62	389	-1
62	393	1
62	394	1
62	395	1
62	396	-1
62	397	-1
62	398	-1
62	400	1
62	402	-1
62	405	-1
62	406	-1
62	409	1
62	410	-1
62	412	1
62	415	-1
62	416	-1
62	417	1
62	418	-1
62	422	1
62	423	-1
62	424	-1
62	428	-1
62	429	1
62	431	1
62	432	1
62	433	1
62	436	1
62	437	1
62	439	1
62	440	-1
62	441	-1
62	443	-1
62	445	-1
62	446	-1
62	447	1
62	450	1
62	451	-1
62	456	-1
62	457	-1
62	458	-1
62	460	-1
62	462	-1
62	464	-1
62	466	-1
62	467	1
62	473	-1
62	476	-1
62	478	-1
62	481	-1
62	482	-1
62	484	-1
62	485	1
62	486	1
62	489	-1
62	490	-1
62	496	-1
62	498	1
62	499	1
63	65	1
63	66	1
63	70	-1
63	71	-1
63	72	1
63	73	-1
63	74	1
63	75	1
63	76	-1
63	77	1
63	78	-1
63	79	1
63	80	1
63	82	1
63	83	1
63	85	1
63	86	1
63	88	1
63	89	1
63	90	-1
63	91	-1
63	92	1
63	93	1
63	95	1
63	96	-1
63	98	-1
63	99	-1
63	100	-1
63	102	-1
63	103	1
63	105	1
63	106	-1
63	107	-1
63	110	1
63	111	-1
63	112	1
63	113	-1
63	115	-1
63	116	-1
63	117	-1
63	118	-1
63	120	-1
63	124	1
63	126	-1
63	127	-1
63	128	-1
63	129	-1
63	130	1
63	133	1
63	136	-1
63	137	1
63	145	-1
63	146	1
63	147	1
63	149	1
63	150	1
63	152	-1
63	153	1
63	156	1
63	164	1
63	165	-1
63	167	-1
63	168	1
63	173	1
63	176	-1
63	177	1
63	178	1
63	179	1
63	184	1
63	185	1
63	187	1
63	189	1
63	192	1
63	193	-1
63	198	1
63	199	-1
63	200	-1
63	203	-1
63	205	-1
63	207	1
63	208	-1
63	210	-1
63	212	1
63	214	1
63	215	1
63	217	-1
63	220	1
63	222	-1
63	224	1
63	226	-1
63	229	-1
63	231	1
63	232	1
63	236	1
63	237	-1
63	238	-1
63	239	1
63	240	-1
63	248	1
63	250	-1
63	251	-1
63	256	1
63	259	1
63	265	1
63	269	1
63	272	1
63	274	-1
63	275	1
63	276	1
63	277	-1
63	279	-1
63	280	1
63	281	1
63	282	-1
63	283	-1
63	288	-1
63	289	-1
63	290	1
63	291	-1
63	292	1
63	293	-1
63	295	1
63	298	-1
63	301	1
63	304	1
63	305	1
63	306	1
63	307	1
63	308	-1
63	310	-1
63	312	1
63	313	1
63	320	1
63	322	1
63	323	-1
63	324	1
63	325	1
63	326	-1
63	328	1
63	330	1
63	331	-1
63	335	1
63	336	1
63	337	-1
63	338	-1
63	341	-1
63	343	-1
63	344	1
63	346	1
63	347	1
63	349	-1
63	350	1
63	351	-1
63	353	1
63	354	1
63	355	1
63	357	1
63	361	1
63	364	-1
63	366	-1
63	367	-1
63	372	1
63	373	-1
63	375	-1
63	376	1
63	378	1
63	380	1
63	382	-1
63	383	-1
63	386	-1
63	387	-1
63	391	-1
63	392	-1
63	395	1
63	396	1
63	397	1
63	400	-1
63	401	-1
63	402	1
63	406	1
63	407	-1
63	409	-1
63	411	-1
63	413	1
63	414	1
63	415	-1
63	423	-1
63	424	1
63	425	-1
63	426	-1
63	427	1
63	431	-1
63	432	-1
63	433	-1
63	434	-1
63	435	1
63	437	-1
63	438	1
63	439	-1
63	442	-1
63	443	1
63	445	1
63	449	-1
63	453	1
63	454	1
63	456	-1
63	457	-1
63	459	-1
63	464	1
63	466	1
63	467	-1
63	468	-1
63	472	1
63	473	-1
63	474	-1
63	476	-1
63	477	-1
63	479	1
63	483	-1
63	487	-1
63	489	1
63	493	1
63	494	-1
63	496	-1
63	499	1
64	66	-1
64	69	1
64	70	1
64	71	-1
64	72	-1
64	73	1
64	74	-1
64	75	-1
64	76	1
64	77	-1
64	78	1
64	79	1
64	80	-1
64	82	-1
64	83	-1
64	84	1
64	85	1
64	86	1
64	88	1
64	89	1
64	90	1
64	91	1
64	92	-1
64	93	1
64	94	1
64	96	-1
64	97	1
64	98	1
64	99	1
64	101	1
64	105	1
64	108	-1
64	110	-1
64	113	-1
64	115	-1
64	117	-1
64	120	-1
64	121	1
64	123	-1
64	124	-1
64	126	-1
64	128	-1
64	129	-1
64	137	1
64	138	1
64	139	-1
64	141	-1
64	142	1
64	144	1
64	149	1
64	151	-1
64	152	-1
64	153	-1
64	155	1
64	157	1
64	158	-1
64	161	-1
64	162	-1
64	163	1
64	165	1
64	166	-1
64	167	1
64	169	1
64	171	1
64	172	1
64	174	1
64	179	-1
64	182	1
64	186	1
64	191	1
64	194	-1
64	195	1
64	197	-1
64	203	-1
64	204	-1
64	207	1
64	208	-1
64	209	-1
64	210	1
64	211	-1
64	214	1
64	216	1
64	218	-1
64	219	-1
64	221	1
64	225	1
64	226	-1
64	227	-1
64	228	1
64	229	1
64	230	1
64	232	1
64	233	1
64	234	1
64	236	-1
64	237	-1
64	238	1
64	241	-1
64	242	1
64	243	-1
64	245	-1
64	247	-1
64	248	-1
64	249	-1
64	250	-1
64	253	1
64	263	-1
64	264	-1
64	265	1
64	266	-1
64	267	-1
64	268	1
64	270	1
64	271	1
64	272	1
64	279	1
64	281	1
64	282	1
64	285	1
64	290	1
64	294	-1
64	296	1
64	301	1
64	302	1
64	303	-1
64	305	-1
64	306	-1
64	307	-1
64	308	1
64	312	-1
64	314	1
64	315	1
64	316	-1
64	317	-1
64	318	-1
64	319	-1
64	321	-1
64	327	-1
64	328	-1
64	329	-1
64	332	1
64	333	1
64	336	1
64	337	-1
64	338	-1
64	339	1
64	340	-1
64	341	-1
64	343	1
64	345	1
64	348	1
64	350	-1
64	351	1
64	355	-1
64	356	-1
64	357	1
64	358	-1
64	359	1
64	361	1
64	364	1
64	365	-1
64	366	-1
64	367	1
64	368	1
64	375	1
64	377	-1
64	381	1
64	383	1
64	387	1
64	389	-1
64	390	-1
64	391	-1
64	394	-1
64	395	-1
64	399	1
64	401	1
64	404	-1
64	405	-1
64	407	-1
64	408	-1
64	409	-1
64	410	-1
64	412	1
64	413	-1
64	415	1
64	416	-1
64	417	-1
64	419	1
64	420	1
64	423	-1
64	429	1
64	430	1
64	432	1
64	433	1
64	437	1
64	439	1
64	440	-1
64	441	-1
64	443	1
64	448	1
64	450	1
64	453	-1
64	455	1
64	457	1
64	462	1
64	466	1
64	469	-1
64	470	-1
64	471	1
64	472	1
64	473	-1
64	475	-1
64	480	-1
64	481	-1
64	482	-1
64	483	-1
64	484	1
64	486	1
64	487	-1
64	488	1
64	491	-1
64	493	-1
64	496	-1
64	499	1
65	66	-1
65	67	1
65	68	1
65	69	-1
65	71	1
65	72	1
65	73	1
65	76	1
65	77	1
65	78	1
65	79	-1
65	80	1
65	81	-1
65	82	-1
65	84	-1
65	85	1
65	87	1
65	88	1
65	89	-1
65	90	-1
65	91	1
65	93	1
65	95	-1
65	96	1
65	97	1
65	98	-1
65	100	1
65	104	1
65	106	-1
65	107	-1
65	109	1
65	110	-1
65	115	1
65	117	1
65	120	1
65	121	-1
65	124	1
65	125	-1
65	126	1
65	128	-1
65	129	-1
65	130	1
65	131	1
65	133	1
65	136	1
65	138	-1
65	140	-1
65	142	-1
65	143	-1
65	144	1
65	145	1
65	150	1
65	153	-1
65	154	-1
65	158	1
65	159	-1
65	162	-1
65	164	1
65	166	1
65	169	-1
65	172	-1
65	178	-1
65	179	1
65	183	-1
65	187	1
65	188	-1
65	190	-1
65	191	-1
65	192	1
65	194	-1
65	195	-1
65	196	1
65	197	-1
65	199	-1
65	200	-1
65	202	-1
65	204	-1
65	206	-1
65	208	-1
65	210	-1
65	212	1
65	217	-1
65	224	-1
65	225	-1
65	226	1
65	227	1
65	228	-1
65	229	-1
65	232	1
65	234	1
65	236	-1
65	238	1
65	240	-1
65	243	1
65	245	-1
65	246	-1
65	247	-1
65	248	1
65	249	-1
65	251	-1
65	252	-1
65	254	1
65	255	-1
65	256	-1
65	257	-1
65	260	1
65	262	1
65	263	1
65	265	1
65	266	1
65	268	-1
65	269	-1
65	270	-1
65	273	-1
65	275	-1
65	278	-1
65	283	1
65	284	-1
65	285	1
65	291	1
65	298	1
65	300	1
65	301	1
65	302	-1
65	305	1
65	306	-1
65	307	-1
65	309	1
65	310	-1
65	312	1
65	313	1
65	314	1
65	315	1
65	317	-1
65	320	-1
65	321	-1
65	323	-1
65	327	1
65	332	-1
65	333	-1
65	334	-1
65	335	-1
65	337	1
65	338	1
65	340	1
65	344	-1
65	346	1
65	350	-1
65	351	-1
65	354	-1
65	355	1
65	358	1
65	360	-1
65	361	1
65	363	1
65	364	-1
65	367	-1
65	374	1
65	375	-1
65	377	-1
65	380	-1
65	381	-1
65	383	-1
65	386	-1
65	389	1
65	390	1
65	392	-1
65	393	-1
65	394	-1
65	395	1
65	397	-1
65	399	-1
65	402	-1
65	403	1
65	404	1
65	406	1
65	407	1
65	409	1
65	410	-1
65	417	-1
65	418	-1
65	419	-1
65	420	-1
65	421	1
65	422	-1
65	423	1
65	424	-1
65	427	1
65	428	-1
65	429	-1
65	435	-1
65	436	1
65	440	-1
65	441	1
65	442	1
65	444	1
65	448	-1
65	449	1
65	452	-1
65	455	-1
65	458	1
65	460	-1
65	461	-1
65	462	1
65	464	-1
65	468	-1
65	473	-1
65	477	1
65	478	1
65	480	1
65	481	1
65	483	1
65	484	1
65	485	1
65	486	1
65	487	-1
65	488	1
65	489	-1
65	492	1
65	493	1
65	495	-1
65	496	-1
65	497	-1
65	498	-1
65	499	1
66	67	1
66	68	1
66	71	-1
66	73	-1
66	74	-1
66	75	-1
66	76	-1
66	77	-1
66	78	1
66	79	-1
66	80	1
66	83	1
66	84	1
66	85	1
66	86	1
66	87	1
66	88	1
66	89	1
66	90	1
66	92	1
66	94	-1
66	95	1
66	96	-1
66	97	-1
66	98	1
66	99	1
66	100	-1
66	101	1
66	105	-1
66	106	1
66	109	1
66	110	1
66	111	1
66	112	1
66	114	-1
66	117	-1
66	123	-1
66	124	-1
66	126	-1
66	129	1
66	132	-1
66	134	-1
66	136	1
66	140	-1
66	141	-1
66	144	1
66	146	1
66	149	-1
66	152	-1
66	155	1
66	158	-1
66	160	-1
66	161	1
66	162	1
66	165	-1
66	167	1
66	170	-1
66	171	1
66	173	1
66	174	-1
66	175	-1
66	176	1
66	181	1
66	183	-1
66	185	-1
66	187	-1
66	189	-1
66	190	1
66	191	-1
66	192	-1
66	195	1
66	196	-1
66	200	-1
66	205	-1
66	206	1
66	208	1
66	209	1
66	212	1
66	214	-1
66	215	-1
66	216	-1
66	217	1
66	218	-1
66	220	1
66	223	-1
66	224	1
66	226	-1
66	227	-1
66	228	-1
66	229	-1
66	233	1
66	234	1
66	236	-1
66	237	-1
66	238	-1
66	239	-1
66	241	-1
66	242	1
66	243	-1
66	244	1
66	245	1
66	246	-1
66	248	1
66	251	-1
66	254	-1
66	255	1
66	256	1
66	257	-1
66	260	-1
66	262	1
66	266	1
66	268	-1
66	269	-1
66	271	-1
66	272	1
66	273	1
66	274	1
66	275	-1
66	280	1
66	283	-1
66	286	1
66	288	-1
66	289	-1
66	294	-1
66	295	1
66	296	1
66	297	1
66	301	1
66	303	-1
66	304	-1
66	305	-1
66	306	1
66	309	1
66	313	-1
66	314	-1
66	315	-1
66	316	1
66	319	-1
66	321	-1
66	327	-1
66	329	-1
66	332	1
66	334	1
66	336	-1
66	338	1
66	339	1
66	340	-1
66	342	-1
66	343	1
66	347	1
66	348	-1
66	349	1
66	351	1
66	352	1
66	354	1
66	356	-1
66	357	-1
66	361	1
66	362	-1
66	363	-1
66	365	1
66	366	-1
66	369	1
66	370	1
66	371	1
66	372	-1
66	373	-1
66	375	1
66	379	-1
66	381	1
66	383	-1
66	384	1
66	387	1
66	388	1
66	389	1
66	391	-1
66	394	1
66	396	1
66	399	1
66	404	1
66	405	1
66	410	-1
66	414	-1
66	415	1
66	418	-1
66	421	-1
66	424	1
66	427	1
66	428	-1
66	432	-1
66	434	-1
66	435	1
66	439	-1
66	441	-1
66	442	-1
66	443	-1
66	445	1
66	446	-1
66	449	1
66	450	-1
66	451	1
66	452	-1
66	453	1
66	454	-1
66	456	-1
66	461	-1
66	462	-1
66	463	-1
66	464	1
66	465	1
66	466	-1
66	467	1
66	473	1
66	476	1
66	479	1
66	480	-1
66	482	-1
66	487	-1
66	488	-1
66	490	-1
66	491	-1
66	494	1
66	495	1
66	497	1
66	499	-1
67	69	1
67	70	-1
67	73	-1
67	76	1
67	77	-1
67	78	1
67	79	-1
67	80	-1
67	81	-1
67	82	-1
67	83	1
67	85	1
67	86	-1
67	87	1
67	88	1
67	89	1
67	90	-1
67	91	1
67	92	1
67	93	1
67	94	-1
67	97	1
67	99	-1
67	101	-1
67	104	-1
67	111	1
67	112	-1
67	114	-1
67	115	1
67	116	1
67	117	1
67	122	-1
67	123	1
67	124	1
67	129	1
67	130	1
67	131	1
67	133	1
67	135	1
67	136	1
67	138	1
67	139	1
67	140	1
67	142	-1
67	144	-1
67	145	1
67	147	-1
67	148	1
67	150	1
67	151	-1
67	153	1
67	154	1
67	156	-1
67	158	1
67	160	1
67	162	1
67	163	-1
67	165	-1
67	167	-1
67	168	1
67	171	1
67	172	-1
67	173	1
67	174	1
67	175	1
67	176	1
67	182	-1
67	184	-1
67	185	1
67	186	1
67	187	1
67	189	1
67	191	1
67	193	1
67	194	-1
67	196	-1
67	197	1
67	198	1
67	200	-1
67	204	-1
67	205	-1
67	206	-1
67	207	1
67	210	1
67	211	-1
67	214	-1
67	216	1
67	217	-1
67	219	-1
67	220	-1
67	224	-1
67	225	1
67	227	-1
67	232	-1
67	234	1
67	236	-1
67	237	1
67	238	-1
67	240	1
67	242	1
67	243	-1
67	244	-1
67	245	-1
67	248	-1
67	249	1
67	251	-1
67	252	-1
67	253	-1
67	254	-1
67	255	-1
67	256	-1
67	257	-1
67	258	-1
67	260	-1
67	264	1
67	266	1
67	267	1
67	269	-1
67	272	1
67	273	1
67	275	1
67	277	1
67	278	-1
67	279	-1
67	280	1
67	281	-1
67	283	1
67	284	1
67	285	-1
67	286	-1
67	287	1
67	292	1
67	293	-1
67	295	-1
67	298	1
67	299	1
67	300	1
67	306	-1
67	311	-1
67	312	-1
67	313	-1
67	315	1
67	316	1
67	318	-1
67	320	1
67	321	-1
67	324	-1
67	327	1
67	330	-1
67	332	-1
67	335	1
67	336	1
67	337	1
67	338	1
67	339	1
67	341	-1
67	342	-1
67	344	-1
67	345	-1
67	346	-1
67	355	1
67	357	1
67	362	1
67	364	1
67	365	-1
67	368	1
67	369	1
67	373	1
67	376	1
67	378	-1
67	379	1
67	381	1
67	383	-1
67	388	-1
67	390	-1
67	391	-1
67	394	-1
67	395	1
67	397	1
67	398	1
67	399	1
67	402	-1
67	405	-1
67	407	-1
67	408	-1
67	412	1
67	413	-1
67	414	1
67	415	-1
67	416	-1
67	417	-1
67	419	1
67	421	-1
67	423	-1
67	424	1
67	425	1
67	430	-1
67	435	1
67	436	-1
67	437	1
67	439	1
67	440	1
67	442	1
67	445	1
67	446	1
67	449	1
67	450	1
67	451	1
67	452	1
67	457	-1
67	459	1
67	460	-1
67	461	1
67	463	1
67	465	-1
67	466	1
67	467	1
67	470	-1
67	473	1
67	475	-1
67	476	-1
67	477	1
67	478	-1
67	479	-1
67	480	1
67	481	1
67	484	-1
67	486	-1
67	487	-1
67	488	1
67	489	-1
67	493	1
67	494	1
67	495	-1
67	496	1
68	69	1
68	70	-1
68	71	1
68	73	-1
68	76	1
68	77	1
68	78	1
68	79	1
68	80	-1
68	81	1
68	86	-1
68	87	1
68	88	1
68	89	1
68	91	1
68	92	-1
68	93	1
68	95	-1
68	96	1
68	97	-1
68	98	1
68	99	1
68	101	1
68	102	-1
68	103	-1
68	104	-1
68	105	1
68	106	1
68	107	-1
68	111	1
68	117	-1
68	119	1
68	122	-1
68	123	-1
68	124	1
68	128	1
68	129	-1
68	130	1
68	131	-1
68	132	1
68	134	1
68	138	1
68	139	-1
68	141	-1
68	142	1
68	146	-1
68	151	-1
68	153	1
68	156	1
68	158	-1
68	162	-1
68	164	-1
68	165	-1
68	166	1
68	169	-1
68	175	1
68	178	-1
68	179	-1
68	185	-1
68	186	1
68	188	1
68	189	1
68	190	-1
68	191	1
68	194	1
68	195	-1
68	196	-1
68	199	1
68	200	-1
68	203	-1
68	204	-1
68	205	-1
68	208	-1
68	209	1
68	211	1
68	213	1
68	214	1
68	215	1
68	217	1
68	219	1
68	220	1
68	224	-1
68	225	1
68	233	1
68	234	1
68	235	1
68	236	-1
68	238	1
68	241	-1
68	242	-1
68	245	1
68	252	-1
68	253	1
68	256	-1
68	260	1
68	261	-1
68	262	1
68	265	-1
68	267	-1
68	268	1
68	270	1
68	271	-1
68	272	-1
68	273	1
68	275	-1
68	278	-1
68	279	-1
68	281	1
68	283	1
68	284	-1
68	285	1
68	289	-1
68	292	1
68	293	1
68	294	-1
68	296	-1
68	298	1
68	299	-1
68	300	1
68	303	-1
68	304	-1
68	305	-1
68	307	1
68	310	-1
68	312	-1
68	314	1
68	320	1
68	321	1
68	325	-1
68	328	1
68	329	1
68	331	1
68	332	1
68	334	1
68	335	-1
68	336	1
68	337	1
68	341	1
68	344	-1
68	346	-1
68	349	-1
68	350	1
68	353	1
68	356	-1
68	357	-1
68	358	1
68	359	1
68	360	1
68	361	-1
68	363	-1
68	365	-1
68	366	1
68	369	-1
68	371	1
68	376	-1
68	377	-1
68	378	1
68	380	-1
68	381	1
68	382	1
68	384	-1
68	387	1
68	388	-1
68	391	-1
68	393	-1
68	396	-1
68	397	-1
68	398	-1
68	399	-1
68	402	1
68	403	-1
68	404	1
68	405	1
68	406	-1
68	407	-1
68	408	-1
68	409	1
68	412	1
68	413	-1
68	415	-1
68	418	1
68	420	1
68	424	-1
68	425	-1
68	430	-1
68	431	1
68	432	1
68	434	-1
68	435	1
68	436	1
68	437	-1
68	438	1
68	440	-1
68	442	1
68	443	1
68	445	-1
68	447	1
68	449	-1
68	450	1
68	453	1
68	454	-1
68	455	1
68	459	1
68	460	1
68	463	-1
68	465	-1
68	468	1
68	469	1
68	470	-1
68	472	1
68	474	-1
68	475	-1
68	477	1
68	478	1
68	480	1
68	481	1
68	484	-1
68	485	-1
68	486	-1
68	487	1
68	489	1
68	490	-1
68	492	-1
68	495	1
68	497	-1
68	498	-1
69	70	1
69	72	1
69	73	-1
69	74	-1
69	75	-1
69	76	1
69	77	1
69	78	1
69	80	-1
69	81	1
69	82	1
69	83	1
69	84	1
69	87	1
69	88	1
69	90	-1
69	92	1
69	93	-1
69	96	1
69	97	-1
69	102	-1
69	103	1
69	104	-1
69	105	-1
69	107	-1
69	108	-1
69	109	1
69	111	-1
69	115	1
69	117	-1
69	118	-1
69	123	1
69	128	-1
69	130	1
69	132	1
69	133	1
69	135	1
69	137	-1
69	141	1
69	143	-1
69	146	1
69	147	-1
69	151	1
69	154	-1
69	157	-1
69	158	1
69	159	-1
69	163	1
69	164	1
69	166	-1
69	171	1
69	172	-1
69	173	-1
69	175	-1
69	176	-1
69	179	1
69	181	-1
69	188	1
69	191	1
69	195	-1
69	198	1
69	202	1
69	204	-1
69	205	1
69	206	1
69	210	-1
69	211	-1
69	214	1
69	215	-1
69	217	1
69	218	-1
69	219	1
69	220	-1
69	223	-1
69	226	-1
69	228	-1
69	229	-1
69	233	-1
69	234	1
69	235	1
69	238	1
69	239	1
69	241	1
69	242	-1
69	243	1
69	245	-1
69	249	-1
69	250	1
69	253	-1
69	254	1
69	255	1
69	256	1
69	258	1
69	260	-1
69	261	-1
69	262	-1
69	264	-1
69	265	1
69	266	-1
69	267	-1
69	268	-1
69	271	-1
69	272	1
69	273	-1
69	274	-1
69	275	-1
69	276	1
69	279	-1
69	282	-1
69	283	-1
69	284	1
69	285	-1
69	286	1
69	288	-1
69	291	-1
69	292	-1
69	293	1
69	299	-1
69	301	1
69	303	1
69	305	-1
69	307	-1
69	309	1
69	312	1
69	316	1
69	317	-1
69	318	1
69	319	-1
69	322	1
69	323	1
69	324	1
69	325	-1
69	326	-1
69	327	1
69	329	-1
69	330	-1
69	335	-1
69	338	-1
69	340	-1
69	341	-1
69	342	-1
69	343	1
69	345	1
69	347	1
69	348	-1
69	350	1
69	351	1
69	352	1
69	354	-1
69	355	-1
69	357	1
69	358	-1
69	361	-1
69	362	1
69	366	1
69	369	1
69	371	1
69	372	1
69	373	1
69	376	1
69	377	1
69	379	-1
69	384	-1
69	385	-1
69	386	-1
69	387	-1
69	388	-1
69	391	-1
69	398	1
69	399	-1
69	401	-1
69	406	1
69	407	1
69	409	-1
69	410	-1
69	411	1
69	412	-1
69	417	1
69	418	1
69	421	1
69	429	-1
69	431	-1
69	432	1
69	434	-1
69	437	-1
69	438	-1
69	439	-1
69	441	-1
69	443	-1
69	444	-1
69	445	-1
69	446	-1
69	447	-1
69	449	1
69	450	-1
69	453	1
69	455	1
69	456	-1
69	468	-1
69	469	-1
69	472	-1
69	473	1
69	474	-1
69	475	-1
69	476	-1
69	477	1
69	480	-1
69	482	-1
69	483	1
69	486	1
69	490	1
69	491	-1
69	492	1
69	494	-1
69	495	-1
69	496	1
69	497	1
69	498	1
70	71	1
70	74	1
70	75	1
70	76	1
70	77	1
70	78	1
70	79	1
70	80	1
70	82	1
70	83	1
70	84	1
70	85	-1
70	86	1
70	87	1
70	88	-1
70	90	1
70	91	1
70	92	1
70	93	1
70	94	1
70	97	1
70	98	-1
70	99	-1
70	102	1
70	103	1
70	105	-1
70	107	-1
70	109	1
70	110	1
70	111	1
70	112	1
70	113	-1
70	114	1
70	115	-1
70	118	1
70	120	-1
70	121	1
70	123	-1
70	124	-1
70	125	1
70	127	-1
70	128	-1
70	130	1
70	132	1
70	133	1
70	134	1
70	135	-1
70	136	-1
70	142	1
70	145	-1
70	146	1
70	147	-1
70	149	1
70	150	-1
70	151	-1
70	153	1
70	154	-1
70	157	1
70	158	-1
70	159	1
70	162	1
70	164	1
70	165	1
70	169	-1
70	170	1
70	173	-1
70	178	-1
70	179	1
70	180	1
70	181	1
70	183	-1
70	184	-1
70	185	-1
70	186	1
70	187	1
70	188	1
70	189	-1
70	192	1
70	193	-1
70	198	-1
70	199	1
70	201	-1
70	202	-1
70	203	-1
70	204	-1
70	205	-1
70	206	1
70	207	-1
70	208	-1
70	210	1
70	211	-1
70	212	-1
70	213	-1
70	214	1
70	215	-1
70	219	-1
70	222	1
70	223	1
70	224	1
70	227	1
70	228	-1
70	229	1
70	231	1
70	232	-1
70	233	-1
70	234	1
70	238	1
70	239	-1
70	241	-1
70	244	-1
70	245	1
70	246	-1
70	247	1
70	248	1
70	249	-1
70	250	-1
70	251	1
70	254	1
70	255	-1
70	256	1
70	257	-1
70	263	-1
70	264	1
70	265	1
70	267	-1
70	269	-1
70	270	1
70	273	-1
70	275	1
70	276	-1
70	278	-1
70	279	-1
70	283	-1
70	286	-1
70	287	1
70	288	1
70	289	-1
70	290	-1
70	291	-1
70	292	1
70	294	-1
70	295	-1
70	296	-1
70	297	-1
70	299	1
70	300	-1
70	305	-1
70	314	-1
70	318	-1
70	320	1
70	321	-1
70	322	1
70	323	1
70	326	-1
70	328	-1
70	329	1
70	332	1
70	333	-1
70	334	-1
70	335	1
70	336	-1
70	337	1
70	340	1
70	343	1
70	344	1
70	346	1
70	348	-1
70	354	1
70	355	1
70	356	-1
70	358	1
70	359	-1
70	362	-1
70	365	1
70	366	1
70	369	-1
70	373	1
70	374	-1
70	375	-1
70	376	1
70	377	-1
70	378	1
70	383	1
70	387	-1
70	390	1
70	391	1
70	392	-1
70	395	-1
70	398	1
70	399	-1
70	402	1
70	404	1
70	405	-1
70	408	1
70	411	-1
70	412	1
70	415	-1
70	416	-1
70	417	1
70	419	1
70	421	-1
70	422	-1
70	423	-1
70	424	-1
70	425	-1
70	426	1
70	431	-1
70	432	-1
70	434	-1
70	436	-1
70	437	1
70	439	-1
70	440	-1
70	441	-1
70	443	1
70	444	1
70	446	1
70	449	-1
70	450	1
70	453	1
70	454	-1
70	459	1
70	461	-1
70	463	1
70	466	1
70	467	-1
70	468	-1
70	469	-1
70	471	1
70	472	1
70	474	-1
70	476	1
70	478	1
70	482	1
70	483	-1
70	484	1
70	486	-1
70	488	-1
70	489	-1
70	490	1
70	493	1
70	495	1
70	498	-1
71	73	-1
71	74	-1
71	75	1
71	76	1
71	77	1
71	78	1
71	80	1
71	81	1
71	82	1
71	83	1
71	84	1
71	85	1
71	87	1
71	88	1
71	91	1
71	92	-1
71	93	-1
71	95	-1
71	96	-1
71	97	-1
71	99	1
71	100	1
71	101	1
71	102	1
71	103	-1
71	106	-1
71	107	1
71	109	1
71	111	1
71	112	1
71	114	-1
71	115	-1
71	117	1
71	118	1
71	119	-1
71	122	1
71	123	-1
71	125	-1
71	127	1
71	129	1
71	133	1
71	135	-1
71	136	-1
71	139	1
71	140	-1
71	144	1
71	146	-1
71	148	1
71	151	-1
71	155	1
71	156	1
71	158	1
71	160	-1
71	161	1
71	162	-1
71	163	1
71	165	-1
71	166	-1
71	170	1
71	171	-1
71	172	-1
71	177	1
71	182	-1
71	183	1
71	185	-1
71	187	-1
71	196	-1
71	197	1
71	198	-1
71	200	1
71	202	-1
71	203	-1
71	206	-1
71	207	1
71	208	-1
71	210	1
71	218	-1
71	220	1
71	221	1
71	222	1
71	223	1
71	224	1
71	226	1
71	227	-1
71	228	-1
71	236	-1
71	240	-1
71	243	1
71	246	-1
71	247	1
71	251	1
71	252	-1
71	253	1
71	254	-1
71	256	-1
71	258	1
71	262	1
71	266	-1
71	267	1
71	271	1
71	273	1
71	275	-1
71	279	1
71	281	-1
71	282	1
71	284	-1
71	287	1
71	288	1
71	290	1
71	291	1
71	292	-1
71	296	1
71	297	-1
71	298	-1
71	300	1
71	301	1
71	304	-1
71	305	1
71	306	1
71	307	-1
71	309	-1
71	310	-1
71	312	-1
71	313	-1
71	314	-1
71	315	-1
71	316	1
71	318	-1
71	319	-1
71	320	-1
71	321	1
71	322	-1
71	323	-1
71	328	-1
71	335	-1
71	340	-1
71	341	1
71	343	1
71	345	1
71	347	-1
71	353	1
71	354	1
71	355	1
71	356	1
71	357	-1
71	358	1
71	359	-1
71	360	-1
71	364	-1
71	365	-1
71	366	-1
71	367	1
71	368	-1
71	371	-1
71	373	-1
71	376	-1
71	379	-1
71	380	1
71	383	-1
71	384	1
71	385	-1
71	386	-1
71	394	-1
71	396	-1
71	397	-1
71	399	-1
71	400	1
71	402	-1
71	403	1
71	404	1
71	405	1
71	406	1
71	407	-1
71	408	-1
71	409	1
71	413	-1
71	420	1
71	421	1
71	422	-1
71	425	1
71	426	1
71	427	1
71	428	1
71	431	1
71	432	-1
71	435	-1
71	436	1
71	440	1
71	444	-1
71	448	1
71	450	-1
71	454	1
71	455	-1
71	461	-1
71	463	1
71	464	1
71	465	-1
71	467	1
71	469	-1
71	473	-1
71	475	-1
71	481	-1
71	482	1
71	483	1
71	484	1
71	488	-1
71	489	1
71	490	1
71	494	-1
71	495	-1
71	497	-1
71	499	-1
72	73	1
72	74	-1
72	75	1
72	76	1
72	77	-1
72	78	1
72	79	-1
72	80	1
72	81	1
72	82	1
72	83	1
72	84	-1
72	85	1
72	87	1
72	89	1
72	91	1
72	92	-1
72	93	1
72	94	-1
72	95	1
72	96	-1
72	97	1
72	98	1
72	99	1
72	102	-1
72	104	-1
72	107	-1
72	109	-1
72	110	-1
72	111	1
72	112	1
72	113	1
72	115	1
72	117	-1
72	119	1
72	120	1
72	123	1
72	127	-1
72	130	-1
72	131	-1
72	132	1
72	133	-1
72	135	1
72	136	1
72	138	-1
72	139	-1
72	142	1
72	143	-1
72	146	1
72	148	-1
72	149	-1
72	152	1
72	153	1
72	154	1
72	155	-1
72	156	-1
72	158	-1
72	160	1
72	162	1
72	163	-1
72	171	1
72	172	1
72	173	-1
72	176	1
72	177	-1
72	179	-1
72	181	-1
72	182	1
72	183	-1
72	185	-1
72	188	-1
72	189	-1
72	190	1
72	191	-1
72	192	-1
72	193	-1
72	194	1
72	196	1
72	197	-1
72	198	1
72	199	-1
72	200	1
72	206	-1
72	207	-1
72	209	1
72	210	1
72	211	-1
72	212	1
72	213	-1
72	215	-1
72	216	1
72	217	1
72	218	-1
72	219	-1
72	221	-1
72	223	1
72	226	1
72	227	-1
72	230	-1
72	233	1
72	235	-1
72	236	-1
72	243	-1
72	244	1
72	248	1
72	250	1
72	257	-1
72	261	1
72	266	-1
72	267	1
72	268	1
72	269	1
72	278	1
72	281	1
72	288	-1
72	290	1
72	291	-1
72	293	-1
72	294	1
72	295	1
72	296	-1
72	297	1
72	298	-1
72	301	-1
72	302	-1
72	303	-1
72	304	1
72	305	-1
72	310	1
72	312	-1
72	314	-1
72	317	-1
72	318	1
72	320	-1
72	326	1
72	327	1
72	330	-1
72	331	1
72	332	1
72	334	1
72	335	1
72	336	-1
72	339	-1
72	341	1
72	342	1
72	343	1
72	346	1
72	349	1
72	351	1
72	352	-1
72	353	1
72	355	1
72	360	1
72	363	-1
72	364	-1
72	369	1
72	370	-1
72	371	1
72	372	-1
72	375	1
72	377	-1
72	378	-1
72	381	1
72	382	-1
72	384	-1
72	385	-1
72	386	1
72	387	1
72	392	1
72	394	-1
72	396	1
72	403	1
72	406	-1
72	409	1
72	411	1
72	414	-1
72	417	1
72	418	-1
72	421	-1
72	422	1
72	423	1
72	426	-1
72	427	-1
72	430	1
72	432	-1
72	433	-1
72	435	1
72	436	-1
72	437	1
72	438	-1
72	440	1
72	442	-1
72	445	1
72	447	1
72	451	-1
72	453	1
72	455	1
72	456	1
72	463	1
72	465	1
72	469	-1
72	470	-1
72	471	-1
72	472	1
72	475	1
72	477	-1
72	478	-1
72	480	-1
72	481	-1
72	482	1
72	483	1
72	484	-1
72	486	-1
72	489	-1
72	492	-1
72	496	1
72	497	1
72	499	-1
73	74	1
73	75	-1
73	76	-1
73	79	1
73	80	-1
73	81	-1
73	82	1
73	83	1
73	85	1
73	86	1
73	87	1
73	88	-1
73	89	1
73	90	1
73	91	-1
73	92	1
73	93	1
73	94	1
73	95	-1
73	96	-1
73	97	1
73	98	-1
73	99	1
73	100	-1
73	103	1
73	106	1
73	109	1
73	113	1
73	114	1
73	115	1
73	121	1
73	122	-1
73	123	1
73	124	-1
73	128	1
73	130	1
73	132	-1
73	136	1
73	137	-1
73	143	1
73	144	-1
73	145	-1
73	146	-1
73	148	-1
73	149	-1
73	151	1
73	154	-1
73	155	1
73	156	-1
73	158	1
73	159	-1
73	161	1
73	162	-1
73	164	1
73	167	1
73	168	-1
73	169	1
73	171	-1
73	174	1
73	176	1
73	177	1
73	180	-1
73	181	1
73	182	1
73	184	1
73	188	-1
73	189	-1
73	190	-1
73	192	1
73	193	-1
73	195	-1
73	198	-1
73	199	1
73	203	1
73	209	-1
73	210	-1
73	214	1
73	218	1
73	219	1
73	221	1
73	223	-1
73	224	-1
73	225	-1
73	228	-1
73	230	-1
73	232	-1
73	235	1
73	237	-1
73	238	1
73	240	-1
73	242	-1
73	243	1
73	246	-1
73	248	1
73	250	-1
73	255	1
73	257	1
73	260	1
73	261	-1
73	263	1
73	265	-1
73	269	-1
73	271	-1
73	272	-1
73	275	-1
73	276	1
73	286	1
73	288	1
73	291	1
73	292	1
73	294	-1
73	295	-1
73	297	-1
73	298	-1
73	300	1
73	301	1
73	303	-1
73	305	-1
73	306	1
73	308	-1
73	309	1
73	312	-1
73	314	-1
73	315	1
73	316	-1
73	317	1
73	319	1
73	320	-1
73	321	1
73	322	1
73	324	1
73	325	-1
73	326	1
73	327	1
73	328	1
73	329	1
73	331	-1
73	332	1
73	333	-1
73	334	1
73	336	1
73	337	1
73	341	1
73	346	1
73	347	-1
73	348	-1
73	354	-1
73	357	1
73	358	-1
73	360	-1
73	361	1
73	364	1
73	365	1
73	366	1
73	367	1
73	368	-1
73	372	1
73	374	1
73	375	-1
73	379	-1
73	381	1
73	382	-1
73	388	-1
73	389	1
73	390	-1
73	397	1
73	399	-1
73	402	-1
73	410	-1
73	412	-1
73	415	1
73	417	1
73	418	1
73	419	-1
73	421	-1
73	422	1
73	426	-1
73	427	1
73	428	-1
73	431	1
73	436	1
73	437	-1
73	438	-1
73	439	1
73	445	-1
73	448	1
73	449	-1
73	450	-1
73	451	-1
73	452	1
73	453	-1
73	455	1
73	457	-1
73	458	-1
73	459	1
73	460	1
73	464	1
73	466	-1
73	468	1
73	469	1
73	471	1
73	474	1
73	476	-1
73	477	1
73	483	-1
73	484	1
73	485	1
73	488	1
73	496	-1
73	498	-1
73	499	1
74	75	-1
74	76	-1
74	78	-1
74	79	1
74	80	-1
74	82	-1
74	85	1
74	86	-1
74	87	-1
74	88	1
74	89	1
74	92	1
74	94	-1
74	95	1
74	97	1
74	98	1
74	102	-1
74	103	1
74	104	-1
74	105	1
74	107	1
74	108	1
74	109	1
74	111	-1
74	112	-1
74	119	1
74	123	-1
74	124	1
74	125	1
74	127	-1
74	131	-1
74	137	-1
74	138	1
74	139	1
74	140	-1
74	142	-1
74	143	1
74	145	1
74	146	-1
74	147	1
74	149	1
74	151	-1
74	153	-1
74	154	-1
74	156	-1
74	157	-1
74	159	-1
74	160	-1
74	162	-1
74	163	1
74	165	1
74	166	-1
74	167	-1
74	170	-1
74	172	-1
74	174	-1
74	175	-1
74	176	1
74	177	-1
74	178	-1
74	179	1
74	181	-1
74	184	-1
74	185	1
74	186	1
74	188	-1
74	192	-1
74	196	-1
74	203	1
74	204	-1
74	208	-1
74	209	1
74	212	1
74	213	1
74	214	-1
74	215	1
74	216	1
74	219	-1
74	220	-1
74	221	-1
74	223	1
74	226	-1
74	227	-1
74	229	-1
74	230	-1
74	231	-1
74	232	-1
74	234	-1
74	236	1
74	237	-1
74	239	-1
74	240	-1
74	241	1
74	242	1
74	243	-1
74	247	-1
74	248	-1
74	250	-1
74	256	-1
74	258	-1
74	259	-1
74	260	-1
74	262	-1
74	264	1
74	269	-1
74	270	-1
74	274	1
74	275	-1
74	278	-1
74	279	1
74	284	-1
74	290	-1
74	293	-1
74	296	-1
74	300	-1
74	303	1
74	306	1
74	309	-1
74	310	1
74	313	1
74	314	-1
74	315	1
74	317	1
74	318	1
74	321	-1
74	322	-1
74	323	-1
74	324	-1
74	325	1
74	327	-1
74	328	1
74	329	-1
74	330	1
74	335	-1
74	336	1
74	338	-1
74	341	1
74	342	1
74	344	-1
74	349	-1
74	350	1
74	355	-1
74	358	-1
74	359	1
74	360	1
74	361	1
74	362	-1
74	363	-1
74	367	-1
74	368	-1
74	371	1
74	372	-1
74	373	1
74	375	1
74	377	1
74	378	1
74	379	1
74	383	-1
74	384	-1
74	387	1
74	388	-1
74	395	-1
74	397	1
74	398	-1
74	399	1
74	402	-1
74	403	-1
74	404	-1
74	406	-1
74	408	-1
74	409	1
74	414	-1
74	415	-1
74	418	1
74	423	-1
74	424	1
74	426	1
74	429	1
74	431	1
74	433	-1
74	435	-1
74	438	1
74	441	-1
74	442	-1
74	443	1
74	445	1
74	447	-1
74	448	-1
74	450	-1
74	451	-1
74	452	1
74	453	1
74	454	-1
74	457	-1
74	459	-1
74	460	1
74	461	-1
74	462	1
74	465	1
74	466	-1
74	467	1
74	468	1
74	470	-1
74	476	-1
74	477	1
74	480	-1
74	485	-1
74	487	-1
74	490	1
74	492	-1
74	493	1
74	496	1
74	497	1
74	498	1
74	499	1
75	76	1
75	77	1
75	79	1
75	80	-1
75	81	1
75	82	1
75	83	1
75	84	1
75	85	-1
75	86	1
75	87	1
75	88	1
75	89	1
75	90	1
75	91	1
75	92	-1
75	93	-1
75	94	-1
75	95	1
75	96	1
75	97	-1
75	98	-1
75	99	1
75	100	-1
75	101	-1
75	102	-1
75	103	-1
75	105	-1
75	107	-1
75	108	1
75	112	1
75	113	-1
75	119	1
75	120	-1
75	125	1
75	126	-1
75	127	-1
75	131	1
75	138	1
75	139	1
75	140	1
75	143	1
75	144	1
75	146	-1
75	148	1
75	149	1
75	152	1
75	153	1
75	154	-1
75	155	1
75	156	-1
75	159	1
75	161	-1
75	164	1
75	166	1
75	167	1
75	172	1
75	173	-1
75	174	1
75	177	1
75	178	1
75	184	1
75	186	1
75	188	1
75	189	1
75	190	1
75	202	-1
75	204	-1
75	207	1
75	208	-1
75	210	1
75	213	-1
75	221	-1
75	222	-1
75	229	-1
75	232	-1
75	236	-1
75	237	1
75	239	-1
75	240	1
75	242	-1
75	243	1
75	246	1
75	247	1
75	249	-1
75	252	-1
75	255	1
75	256	-1
75	258	1
75	260	-1
75	262	1
75	264	-1
75	266	1
75	267	-1
75	268	-1
75	269	1
75	270	1
75	271	-1
75	272	-1
75	273	1
75	275	-1
75	278	1
75	281	-1
75	284	1
75	285	-1
75	286	-1
75	287	-1
75	288	1
75	289	1
75	290	-1
75	291	-1
75	292	-1
75	293	1
75	294	1
75	296	1
75	297	1
75	298	-1
75	299	1
75	301	-1
75	303	1
75	304	1
75	306	1
75	308	1
75	309	-1
75	311	1
75	313	-1
75	315	1
75	316	-1
75	318	1
75	319	-1
75	321	1
75	322	1
75	323	-1
75	324	1
75	325	-1
75	327	1
75	329	-1
75	330	-1
75	331	-1
75	336	-1
75	339	1
75	344	-1
75	346	-1
75	349	-1
75	351	-1
75	352	1
75	353	-1
75	354	1
75	355	1
75	356	-1
75	357	1
75	358	1
75	360	-1
75	361	-1
75	365	-1
75	367	-1
75	368	1
75	371	1
75	372	1
75	374	1
75	376	1
75	377	-1
75	380	1
75	381	1
75	385	1
75	386	1
75	388	-1
75	391	1
75	392	-1
75	394	-1
75	396	-1
75	397	-1
75	398	1
75	399	1
75	400	1
75	402	1
75	409	-1
75	414	-1
75	416	1
75	418	-1
75	419	1
75	422	-1
75	424	1
75	426	1
75	427	1
75	429	1
75	430	1
75	433	-1
75	434	-1
75	436	1
75	437	1
75	439	-1
75	440	1
75	444	-1
75	446	1
75	447	-1
75	448	-1
75	449	-1
75	452	1
75	453	-1
75	454	1
75	455	-1
75	460	-1
75	464	1
75	465	1
75	467	1
75	468	-1
75	469	1
75	474	1
75	477	-1
75	479	1
75	480	1
75	481	-1
75	486	1
75	488	1
75	489	-1
75	490	1
75	492	1
75	494	-1
75	498	1
76	77	-1
76	78	1
76	79	1
76	80	-1
76	81	-1
76	83	-1
76	84	1
76	85	-1
76	86	-1
76	87	1
76	88	1
76	89	-1
76	90	-1
76	91	1
76	92	1
76	93	1
76	94	1
76	95	1
76	96	-1
76	97	-1
76	98	-1
76	99	-1
76	101	1
76	102	1
76	103	1
76	105	-1
76	106	1
76	108	1
76	110	1
76	111	-1
76	113	-1
76	115	1
76	117	1
76	119	1
76	120	1
76	122	1
76	124	1
76	129	-1
76	131	-1
76	135	1
76	136	-1
76	139	1
76	140	-1
76	142	-1
76	145	1
76	146	-1
76	147	1
76	148	1
76	152	1
76	153	1
76	155	-1
76	156	1
76	157	-1
76	158	1
76	159	-1
76	160	1
76	161	1
76	162	1
76	170	-1
76	171	-1
76	172	1
76	174	-1
76	176	1
76	177	-1
76	179	1
76	182	1
76	184	1
76	186	-1
76	188	1
76	191	-1
76	193	-1
76	194	-1
76	196	-1
76	197	-1
76	198	-1
76	199	-1
76	200	1
76	201	-1
76	203	-1
76	205	1
76	206	1
76	208	-1
76	210	-1
76	211	-1
76	215	1
76	216	1
76	221	-1
76	222	-1
76	224	1
76	225	1
76	226	1
76	228	1
76	231	1
76	232	1
76	233	-1
76	236	1
76	238	-1
76	239	-1
76	242	-1
76	243	1
76	245	1
76	247	1
76	248	1
76	251	-1
76	255	1
76	258	-1
76	261	1
76	264	-1
76	266	-1
76	269	-1
76	273	1
76	274	1
76	277	-1
76	278	-1
76	283	-1
76	285	-1
76	287	1
76	290	-1
76	291	1
76	297	-1
76	298	-1
76	302	1
76	303	-1
76	305	1
76	306	1
76	307	-1
76	308	1
76	313	1
76	314	-1
76	319	1
76	323	1
76	324	1
76	325	1
76	327	-1
76	329	-1
76	330	1
76	333	-1
76	334	1
76	335	-1
76	337	-1
76	341	-1
76	343	1
76	344	1
76	346	1
76	348	-1
76	349	-1
76	351	1
76	354	1
76	355	-1
76	357	-1
76	358	-1
76	360	1
76	361	1
76	362	1
76	363	1
76	367	-1
76	368	-1
76	372	-1
76	374	-1
76	375	-1
76	381	-1
76	383	1
76	384	1
76	385	-1
76	386	-1
76	387	-1
76	388	-1
76	390	1
76	392	1
76	396	1
76	398	-1
76	399	1
76	400	1
76	402	1
76	408	1
76	409	-1
76	410	1
76	411	1
76	414	-1
76	416	1
76	418	-1
76	419	1
76	430	1
76	432	1
76	433	1
76	437	1
76	438	-1
76	444	1
76	445	1
76	447	-1
76	449	1
76	451	-1
76	456	-1
76	458	1
76	459	1
76	462	-1
76	463	1
76	464	1
76	465	1
76	467	-1
76	468	-1
76	470	-1
76	473	-1
76	478	-1
76	480	-1
76	486	1
76	487	-1
76	489	-1
76	491	-1
76	495	1
76	496	1
76	497	-1
77	79	1
77	80	1
77	82	-1
77	83	1
77	84	1
77	85	1
77	86	1
77	89	1
77	91	1
77	92	-1
77	93	1
77	94	1
77	95	-1
77	96	1
77	97	1
77	98	-1
77	99	1
77	100	1
77	101	-1
77	105	1
77	107	-1
77	110	-1
77	111	1
77	118	-1
77	120	-1
77	124	1
77	126	1
77	127	1
77	129	1
77	131	-1
77	132	1
77	134	-1
77	135	-1
77	137	1
77	138	-1
77	139	-1
77	140	1
77	141	-1
77	142	-1
77	144	1
77	145	-1
77	146	1
77	147	1
77	149	1
77	150	1
77	156	-1
77	157	-1
77	158	1
77	160	1
77	161	-1
77	165	1
77	166	-1
77	167	1
77	168	1
77	169	-1
77	171	1
77	173	-1
77	174	1
77	175	1
77	179	-1
77	181	-1
77	185	-1
77	186	-1
77	187	-1
77	188	1
77	189	-1
77	194	-1
77	195	1
77	196	1
77	197	-1
77	198	1
77	200	-1
77	207	1
77	209	-1
77	211	1
77	213	-1
77	215	-1
77	216	1
77	217	1
77	218	-1
77	220	1
77	221	1
77	223	-1
77	224	-1
77	226	-1
77	227	-1
77	228	1
77	231	-1
77	235	1
77	236	1
77	238	-1
77	241	1
77	243	-1
77	244	1
77	245	1
77	255	1
77	256	1
77	260	1
77	261	-1
77	262	-1
77	264	-1
77	266	-1
77	267	1
77	268	-1
77	269	-1
77	270	1
77	273	1
77	274	-1
77	275	1
77	283	1
77	285	1
77	290	-1
77	291	1
77	293	1
77	295	1
77	297	1
77	300	1
77	304	-1
77	305	1
77	306	-1
77	307	-1
77	309	1
77	311	-1
77	315	-1
77	318	-1
77	320	1
77	321	1
77	324	-1
77	325	-1
77	326	1
77	328	-1
77	331	-1
77	336	1
77	338	-1
77	340	-1
77	342	-1
77	343	1
77	344	-1
77	346	-1
77	348	1
77	351	-1
77	352	-1
77	354	1
77	355	-1
77	356	1
77	357	-1
77	358	1
77	360	-1
77	361	-1
77	362	-1
77	363	1
77	364	1
77	366	-1
77	367	-1
77	369	1
77	373	1
77	376	-1
77	377	-1
77	378	-1
77	379	1
77	382	1
77	383	1
77	389	1
77	390	1
77	391	-1
77	395	-1
77	396	-1
77	398	-1
77	400	-1
77	401	1
77	403	1
77	405	1
77	407	-1
77	411	-1
77	414	-1
77	417	1
77	418	-1
77	419	-1
77	420	-1
77	422	1
77	423	1
77	424	1
77	427	-1
77	430	1
77	436	-1
77	437	-1
77	444	1
77	445	-1
77	447	-1
77	448	-1
77	450	-1
77	452	1
77	457	1
77	458	-1
77	460	-1
77	461	-1
77	464	-1
77	466	1
77	467	-1
77	468	1
77	471	-1
77	472	1
77	476	-1
77	478	-1
77	479	1
77	480	-1
77	483	-1
77	484	1
77	486	1
77	488	-1
77	489	1
77	492	-1
77	493	-1
77	495	1
77	496	-1
77	498	-1
78	79	1
78	81	1
78	82	1
78	83	-1
78	84	1
78	85	1
78	86	-1
78	87	1
78	90	1
78	92	1
78	93	-1
78	94	1
78	95	-1
78	96	1
78	97	-1
78	98	1
78	99	1
78	100	1
78	101	1
78	105	-1
78	107	-1
78	110	-1
78	111	-1
78	112	-1
78	114	-1
78	115	-1
78	116	1
78	118	-1
78	121	1
78	122	1
78	123	-1
78	124	-1
78	127	1
78	129	1
78	132	1
78	133	-1
78	136	1
78	138	1
78	139	-1
78	140	-1
78	142	-1
78	143	1
78	146	-1
78	147	-1
78	152	1
78	153	-1
78	155	-1
78	156	-1
78	158	1
78	160	-1
78	161	-1
78	162	1
78	163	-1
78	164	-1
78	165	-1
78	167	-1
78	168	1
78	170	-1
78	171	1
78	172	-1
78	173	-1
78	175	-1
78	176	1
78	181	1
78	185	1
78	186	1
78	189	-1
78	192	-1
78	200	-1
78	201	-1
78	203	-1
78	204	-1
78	205	-1
78	206	1
78	208	1
78	209	-1
78	212	-1
78	213	-1
78	215	-1
78	220	-1
78	221	-1
78	223	1
78	228	-1
78	231	-1
78	233	-1
78	234	-1
78	236	-1
78	240	-1
78	243	-1
78	245	1
78	248	1
78	249	1
78	250	1
78	251	-1
78	252	1
78	256	1
78	258	1
78	259	-1
78	262	1
78	263	-1
78	264	1
78	265	1
78	266	1
78	268	1
78	269	1
78	270	-1
78	271	1
78	275	-1
78	279	1
78	284	-1
78	285	1
78	286	1
78	287	1
78	288	-1
78	292	1
78	295	-1
78	299	-1
78	300	-1
78	303	-1
78	305	1
78	306	1
78	309	-1
78	311	-1
78	313	1
78	314	-1
78	316	-1
78	318	-1
78	320	-1
78	321	1
78	324	1
78	326	-1
78	327	-1
78	328	1
78	331	1
78	332	1
78	335	1
78	338	-1
78	340	1
78	341	-1
78	342	1
78	343	1
78	345	-1
78	347	1
78	348	-1
78	350	1
78	356	-1
78	357	-1
78	359	-1
78	360	1
78	361	1
78	363	-1
78	364	1
78	365	-1
78	367	1
78	368	1
78	370	-1
78	371	1
78	372	1
78	374	-1
78	376	1
78	377	1
78	381	-1
78	383	-1
78	385	1
78	388	1
78	389	1
78	390	-1
78	391	1
78	392	1
78	393	1
78	394	-1
78	395	1
78	396	1
78	399	-1
78	400	1
78	403	1
78	404	1
78	407	-1
78	409	-1
78	410	1
78	413	1
78	415	1
78	416	-1
78	418	-1
78	420	-1
78	422	-1
78	423	1
78	424	1
78	425	1
78	426	-1
78	428	1
78	429	1
78	433	-1
78	434	1
78	435	1
78	436	-1
78	437	-1
78	438	-1
78	444	1
78	445	1
78	448	-1
78	451	1
78	454	-1
78	455	-1
78	458	-1
78	461	1
78	462	-1
78	463	-1
78	464	-1
78	466	1
78	469	1
78	470	-1
78	471	1
78	472	-1
78	474	-1
78	476	-1
78	477	-1
78	481	1
78	482	-1
78	486	1
78	487	-1
78	488	-1
78	492	-1
78	493	1
78	495	-1
78	498	-1
78	499	1
79	80	1
79	81	-1
79	82	1
79	83	1
79	85	1
79	86	-1
79	88	-1
79	91	-1
79	94	1
79	96	-1
79	97	-1
79	98	-1
79	100	1
79	102	1
79	105	-1
79	107	-1
79	112	1
79	114	1
79	118	1
79	120	-1
79	124	-1
79	127	1
79	128	-1
79	131	-1
79	136	-1
79	137	1
79	138	1
79	140	-1
79	143	1
79	145	-1
79	146	-1
79	147	1
79	149	-1
79	150	1
79	151	1
79	155	-1
79	156	-1
79	157	-1
79	158	1
79	162	-1
79	164	-1
79	166	-1
79	167	-1
79	169	1
79	171	1
79	173	-1
79	174	1
79	176	1
79	178	1
79	179	1
79	180	-1
79	181	-1
79	182	1
79	183	-1
79	186	1
79	187	-1
79	188	1
79	190	1
79	193	1
79	196	-1
79	198	-1
79	199	1
79	200	1
79	201	-1
79	202	1
79	205	-1
79	206	1
79	209	-1
79	210	1
79	211	1
79	213	1
79	216	-1
79	218	-1
79	220	1
79	221	1
79	222	-1
79	223	-1
79	225	-1
79	226	-1
79	228	1
79	232	-1
79	233	1
79	234	1
79	236	-1
79	238	1
79	239	-1
79	240	1
79	241	-1
79	242	1
79	246	1
79	247	-1
79	248	-1
79	249	1
79	251	1
79	253	1
79	255	1
79	258	-1
79	260	1
79	262	-1
79	263	1
79	268	-1
79	270	-1
79	271	-1
79	273	-1
79	274	1
79	275	-1
79	276	1
79	277	-1
79	279	1
79	280	1
79	281	-1
79	283	1
79	285	1
79	286	-1
79	287	-1
79	288	1
79	289	-1
79	292	-1
79	294	-1
79	295	-1
79	296	1
79	298	1
79	302	1
79	303	-1
79	304	1
79	305	1
79	308	1
79	310	-1
79	314	-1
79	315	1
79	316	1
79	320	-1
79	323	-1
79	326	-1
79	328	-1
79	329	1
79	331	-1
79	332	-1
79	334	-1
79	335	-1
79	336	1
79	337	-1
79	339	1
79	340	1
79	341	1
79	343	-1
79	346	1
79	348	-1
79	349	1
79	350	-1
79	351	1
79	354	-1
79	355	1
79	356	1
79	359	-1
79	361	-1
79	365	1
79	366	1
79	367	-1
79	368	-1
79	369	1
79	370	-1
79	373	1
79	376	-1
79	378	-1
79	379	1
79	380	1
79	381	-1
79	382	-1
79	384	-1
79	386	1
79	387	-1
79	388	-1
79	390	1
79	392	-1
79	393	-1
79	394	-1
79	397	1
79	400	-1
79	401	1
79	402	1
79	403	1
79	405	-1
79	409	1
79	410	-1
79	411	-1
79	413	-1
79	417	1
79	419	1
79	420	-1
79	421	1
79	423	1
79	425	-1
79	427	-1
79	428	-1
79	429	1
79	433	-1
79	437	1
79	439	-1
79	440	-1
79	441	1
79	442	1
79	443	1
79	444	-1
79	446	1
79	447	-1
79	448	1
79	450	-1
79	455	-1
79	456	-1
79	460	1
79	462	-1
79	463	1
79	466	1
79	467	-1
79	468	-1
79	470	-1
79	472	1
79	477	1
79	480	-1
79	483	-1
79	484	-1
79	488	-1
79	489	1
79	490	1
79	491	-1
79	493	-1
79	499	-1
80	81	1
80	82	1
80	83	1
80	84	1
80	85	1
80	87	1
80	89	1
80	90	1
80	91	1
80	92	1
80	93	1
80	97	1
80	98	1
80	101	-1
80	103	-1
80	105	1
80	106	-1
80	107	1
80	108	-1
80	109	-1
80	110	-1
80	111	-1
80	112	1
80	113	-1
80	115	-1
80	118	-1
80	120	-1
80	122	-1
80	124	1
80	125	1
80	126	-1
80	127	1
80	128	1
80	131	-1
80	134	-1
80	135	1
80	138	-1
80	139	-1
80	142	1
80	143	-1
80	146	-1
80	147	-1
80	148	-1
80	150	1
80	151	1
80	152	1
80	154	1
80	157	1
80	158	-1
80	159	-1
80	164	-1
80	168	-1
80	169	1
80	172	1
80	174	-1
80	175	-1
80	176	-1
80	177	-1
80	178	1
80	179	-1
80	180	-1
80	181	-1
80	182	-1
80	183	-1
80	185	1
80	188	1
80	189	-1
80	190	-1
80	192	1
80	193	1
80	194	1
80	197	1
80	198	-1
80	200	1
80	201	1
80	202	-1
80	203	1
80	205	1
80	206	-1
80	209	1
80	210	-1
80	211	1
80	213	1
80	214	-1
80	217	1
80	223	1
80	225	-1
80	231	1
80	233	-1
80	236	-1
80	238	-1
80	240	-1
80	242	1
80	249	1
80	250	1
80	251	-1
80	252	-1
80	253	1
80	257	-1
80	258	1
80	259	1
80	261	1
80	264	1
80	265	1
80	266	1
80	267	1
80	271	1
80	272	1
80	273	-1
80	274	-1
80	279	1
80	280	-1
80	283	-1
80	285	1
80	286	1
80	287	-1
80	289	1
80	290	-1
80	292	1
80	293	-1
80	294	-1
80	295	1
80	296	1
80	297	-1
80	298	1
80	301	1
80	302	-1
80	303	-1
80	304	-1
80	305	1
80	306	-1
80	307	-1
80	308	1
80	309	1
80	311	-1
80	313	1
80	315	1
80	316	1
80	317	1
80	319	-1
80	320	-1
80	321	1
80	324	1
80	326	-1
80	328	1
80	329	-1
80	330	1
80	331	1
80	333	-1
80	336	-1
80	337	-1
80	339	1
80	340	-1
80	341	1
80	342	1
80	344	-1
80	349	-1
80	351	-1
80	352	-1
80	353	-1
80	354	1
80	356	-1
80	357	1
80	361	-1
80	362	1
80	365	-1
80	368	-1
80	369	-1
80	373	-1
80	379	1
80	380	1
80	383	1
80	384	-1
80	385	-1
80	388	1
80	390	-1
80	391	1
80	392	-1
80	394	-1
80	397	-1
80	400	1
80	401	-1
80	403	1
80	405	1
80	406	1
80	409	1
80	415	-1
80	416	-1
80	419	-1
80	420	1
80	423	-1
80	424	-1
80	425	-1
80	426	-1
80	428	1
80	429	1
80	434	-1
80	435	-1
80	437	1
80	440	1
80	441	-1
80	442	1
80	444	-1
80	447	-1
80	448	-1
80	449	1
80	450	1
80	451	1
80	452	1
80	453	1
80	455	-1
80	456	1
80	461	-1
80	462	-1
80	465	1
80	467	1
80	468	-1
80	471	1
80	473	-1
80	474	-1
80	476	1
80	478	-1
80	480	-1
80	481	1
80	483	-1
80	484	1
80	486	1
80	487	-1
80	488	1
80	493	1
80	495	-1
80	496	-1
81	83	-1
81	85	1
81	86	1
81	87	1
81	88	1
81	89	1
81	90	1
81	91	-1
81	92	-1
81	93	1
81	94	-1
81	95	1
81	96	-1
81	98	-1
81	99	-1
81	100	-1
81	101	-1
81	103	1
81	106	1
81	110	1
81	111	-1
81	114	1
81	115	-1
81	118	-1
81	119	-1
81	121	-1
81	123	-1
81	124	-1
81	125	-1
81	127	-1
81	128	1
81	130	-1
81	131	-1
81	132	-1
81	137	-1
81	139	1
81	141	1
81	146	1
81	147	-1
81	148	1
81	149	-1
81	150	-1
81	151	-1
81	156	1
81	157	-1
81	158	1
81	159	-1
81	160	1
81	161	1
81	167	1
81	168	-1
81	169	1
81	172	-1
81	174	1
81	177	-1
81	178	-1
81	179	-1
81	180	1
81	184	-1
81	185	1
81	186	1
81	187	1
81	191	1
81	192	1
81	193	-1
81	195	1
81	196	1
81	197	1
81	202	-1
81	205	-1
81	207	1
81	208	1
81	209	1
81	212	-1
81	215	1
81	218	1
81	219	1
81	220	-1
81	222	1
81	223	1
81	225	1
81	227	1
81	229	1
81	232	1
81	233	-1
81	234	-1
81	235	-1
81	237	-1
81	239	-1
81	240	1
81	244	-1
81	246	1
81	248	-1
81	249	-1
81	250	-1
81	251	-1
81	252	-1
81	253	-1
81	255	1
81	257	-1
81	260	-1
81	266	-1
81	267	1
81	268	-1
81	273	-1
81	276	1
81	278	1
81	284	1
81	293	-1
81	294	1
81	300	1
81	301	-1
81	303	-1
81	304	-1
81	305	1
81	308	-1
81	310	-1
81	312	-1
81	314	-1
81	315	1
81	317	1
81	318	1
81	321	-1
81	322	1
81	323	-1
81	324	1
81	325	-1
81	328	-1
81	329	1
81	330	1
81	332	-1
81	333	1
81	334	1
81	335	-1
81	336	1
81	337	-1
81	338	-1
81	342	-1
81	343	1
81	344	-1
81	345	1
81	346	1
81	349	1
81	351	1
81	352	1
81	355	-1
81	356	-1
81	357	-1
81	358	1
81	359	-1
81	360	-1
81	361	-1
81	362	1
81	363	1
81	366	-1
81	370	-1
81	372	1
81	373	-1
81	376	-1
81	377	-1
81	378	1
81	379	-1
81	380	-1
81	384	1
81	385	1
81	386	1
81	387	1
81	388	1
81	389	1
81	392	-1
81	395	1
81	400	-1
81	401	1
81	404	1
81	408	-1
81	412	1
81	415	1
81	416	1
81	421	1
81	423	-1
81	428	-1
81	430	1
81	432	-1
81	433	1
81	434	1
81	436	1
81	437	1
81	438	1
81	440	-1
81	441	1
81	442	-1
81	443	1
81	445	1
81	447	-1
81	448	1
81	449	1
81	453	1
81	454	1
81	455	1
81	456	-1
81	458	1
81	460	-1
81	461	1
81	465	1
81	466	1
81	469	1
81	470	-1
81	472	-1
81	475	-1
81	476	1
81	486	-1
81	487	-1
81	489	1
81	490	1
81	494	-1
81	496	-1
81	497	-1
81	498	-1
81	499	1
82	83	-1
82	85	1
82	88	1
82	89	-1
82	90	1
82	92	1
82	93	1
82	94	-1
82	95	1
82	97	-1
82	98	-1
82	99	1
82	100	1
82	101	-1
82	102	1
82	104	1
82	105	-1
82	108	-1
82	111	-1
82	115	-1
82	116	-1
82	122	1
82	124	-1
82	127	1
82	129	1
82	131	-1
82	132	-1
82	135	1
82	136	-1
82	137	1
82	139	1
82	140	-1
82	142	-1
82	143	1
82	145	1
82	147	1
82	148	1
82	150	-1
82	151	1
82	152	1
82	153	-1
82	154	1
82	156	1
82	158	1
82	161	1
82	166	1
82	167	1
82	172	1
82	175	1
82	177	-1
82	178	1
82	179	-1
82	181	-1
82	182	1
82	186	-1
82	187	1
82	188	1
82	190	-1
82	191	1
82	193	-1
82	195	-1
82	196	1
82	197	-1
82	198	-1
82	201	-1
82	203	1
82	204	-1
82	205	-1
82	207	1
82	209	1
82	215	-1
82	216	1
82	218	-1
82	219	-1
82	223	-1
82	231	-1
82	232	-1
82	234	1
82	235	-1
82	239	1
82	242	1
82	243	-1
82	246	-1
82	251	1
82	252	-1
82	253	1
82	256	1
82	261	1
82	263	1
82	265	1
82	266	1
82	268	-1
82	270	1
82	271	-1
82	272	1
82	273	1
82	274	1
82	275	-1
82	277	1
82	279	1
82	286	-1
82	287	1
82	288	1
82	289	1
82	290	-1
82	291	1
82	294	-1
82	295	-1
82	299	-1
82	300	-1
82	302	-1
82	303	1
82	306	1
82	307	1
82	311	1
82	315	-1
82	316	1
82	321	-1
82	322	-1
82	325	1
82	326	-1
82	327	-1
82	329	1
82	332	1
82	336	1
82	338	-1
82	339	1
82	343	-1
82	344	-1
82	345	1
82	350	-1
82	351	1
82	353	1
82	354	-1
82	355	-1
82	356	1
82	357	-1
82	358	1
82	360	1
82	361	-1
82	362	-1
82	363	1
82	364	-1
82	366	-1
82	367	1
82	369	-1
82	371	-1
82	375	-1
82	380	-1
82	382	-1
82	384	-1
82	385	1
82	392	-1
82	393	-1
82	397	1
82	398	-1
82	403	-1
82	404	-1
82	406	-1
82	407	-1
82	408	-1
82	412	-1
82	417	-1
82	419	1
82	421	-1
82	422	-1
82	427	1
82	429	1
82	430	1
82	431	-1
82	433	-1
82	434	1
82	437	1
82	439	1
82	440	-1
82	441	1
82	442	-1
82	443	1
82	445	1
82	449	1
82	450	1
82	451	-1
82	452	-1
82	454	1
82	455	1
82	456	1
82	458	1
82	462	-1
82	465	1
82	469	-1
82	470	1
82	472	1
82	473	-1
82	474	-1
82	475	1
82	476	-1
82	477	-1
82	478	1
82	479	1
82	481	-1
82	482	1
82	483	-1
82	484	1
82	485	1
82	486	1
82	490	1
82	493	1
82	496	1
82	497	1
82	498	-1
82	499	-1
83	85	1
83	86	-1
83	87	-1
83	88	1
83	89	-1
83	90	1
83	91	1
83	92	-1
83	93	1
83	94	-1
83	95	-1
83	96	-1
83	97	1
83	98	-1
83	99	-1
83	109	-1
83	113	1
83	114	-1
83	116	1
83	121	-1
83	123	-1
83	128	1
83	129	1
83	130	-1
83	131	-1
83	132	-1
83	133	-1
83	135	-1
83	138	-1
83	142	1
83	144	1
83	145	-1
83	146	-1
83	147	1
83	149	-1
83	150	1
83	152	-1
83	158	-1
83	160	1
83	161	1
83	165	-1
83	166	1
83	168	1
83	169	-1
83	171	1
83	172	-1
83	174	1
83	177	1
83	180	1
83	183	1
83	188	-1
83	189	-1
83	191	-1
83	193	1
83	195	1
83	198	1
83	199	1
83	200	-1
83	203	-1
83	204	-1
83	206	1
83	208	1
83	209	1
83	210	1
83	212	1
83	213	-1
83	214	1
83	216	-1
83	220	-1
83	223	-1
83	225	1
83	226	-1
83	230	-1
83	238	-1
83	239	1
83	242	1
83	245	1
83	246	-1
83	248	1
83	249	1
83	251	1
83	252	-1
83	254	-1
83	256	-1
83	258	1
83	259	-1
83	260	1
83	263	-1
83	266	1
83	267	-1
83	268	1
83	269	1
83	270	-1
83	271	-1
83	272	1
83	273	-1
83	274	-1
83	276	1
83	277	-1
83	280	-1
83	289	-1
83	290	1
83	294	1
83	296	1
83	298	1
83	300	-1
83	302	1
83	306	1
83	312	1
83	317	1
83	318	-1
83	319	-1
83	321	-1
83	322	1
83	323	-1
83	328	1
83	330	1
83	331	1
83	332	1
83	336	-1
83	338	-1
83	340	1
83	342	1
83	345	-1
83	352	1
83	353	1
83	356	1
83	358	-1
83	359	-1
83	360	1
83	364	-1
83	370	1
83	372	1
83	374	1
83	376	1
83	377	1
83	379	-1
83	380	-1
83	383	-1
83	384	1
83	387	1
83	388	-1
83	389	1
83	390	-1
83	391	-1
83	394	1
83	395	-1
83	397	-1
83	398	-1
83	399	1
83	402	-1
83	404	1
83	406	1
83	408	-1
83	410	1
83	411	-1
83	412	1
83	417	1
83	418	1
83	420	1
83	421	-1
83	423	-1
83	424	1
83	425	1
83	426	-1
83	428	-1
83	430	-1
83	435	1
83	436	-1
83	441	-1
83	442	1
83	443	1
83	445	-1
83	448	-1
83	449	1
83	451	1
83	453	1
83	456	-1
83	457	-1
83	459	1
83	460	1
83	461	1
83	462	1
83	463	1
83	465	1
83	467	1
83	468	1
83	470	-1
83	472	1
83	474	1
83	475	1
83	477	-1
83	479	-1
83	482	-1
83	483	-1
83	484	1
83	485	1
83	486	-1
83	487	1
83	490	1
83	492	1
83	493	-1
83	494	1
83	497	-1
83	498	-1
84	85	1
84	86	1
84	87	1
84	88	-1
84	89	-1
84	90	1
84	91	1
84	93	-1
84	94	1
84	96	1
84	98	1
84	99	1
84	103	-1
84	105	1
84	106	-1
84	107	-1
84	108	-1
84	109	1
84	110	-1
84	112	1
84	115	-1
84	118	-1
84	119	1
84	120	1
84	121	-1
84	124	1
84	126	-1
84	129	-1
84	132	-1
84	136	-1
84	137	1
84	138	1
84	143	1
84	144	-1
84	147	-1
84	148	-1
84	149	-1
84	150	-1
84	152	1
84	155	-1
84	157	1
84	158	1
84	159	-1
84	160	-1
84	161	-1
84	167	-1
84	168	-1
84	171	-1
84	172	-1
84	173	1
84	174	1
84	176	-1
84	178	-1
84	180	-1
84	181	1
84	182	1
84	187	1
84	189	1
84	190	1
84	191	1
84	192	1
84	194	-1
84	197	-1
84	198	1
84	201	-1
84	204	1
84	206	-1
84	207	-1
84	208	-1
84	209	1
84	210	-1
84	211	-1
84	212	1
84	217	1
84	221	1
84	223	1
84	224	1
84	225	-1
84	226	-1
84	228	-1
84	230	1
84	231	1
84	232	1
84	233	1
84	234	-1
84	238	1
84	239	-1
84	242	1
84	250	-1
84	255	-1
84	258	-1
84	259	1
84	260	-1
84	262	-1
84	263	-1
84	265	-1
84	266	-1
84	269	-1
84	270	-1
84	274	1
84	276	-1
84	278	1
84	280	1
84	281	1
84	283	-1
84	284	1
84	285	1
84	287	1
84	288	-1
84	290	1
84	291	1
84	294	1
84	295	-1
84	301	-1
84	304	1
84	306	1
84	307	1
84	310	-1
84	311	1
84	313	-1
84	316	-1
84	318	-1
84	320	-1
84	324	1
84	325	-1
84	327	-1
84	328	1
84	329	1
84	330	-1
84	332	-1
84	337	1
84	338	-1
84	341	-1
84	342	1
84	343	1
84	345	-1
84	350	-1
84	355	1
84	359	-1
84	361	-1
84	362	1
84	364	-1
84	365	1
84	368	1
84	369	1
84	374	1
84	377	1
84	379	1
84	380	1
84	382	-1
84	383	1
84	386	1
84	391	-1
84	393	-1
84	397	1
84	402	-1
84	403	-1
84	405	1
84	406	1
84	407	-1
84	408	1
84	409	1
84	412	-1
84	413	1
84	414	-1
84	417	-1
84	418	-1
84	419	1
84	422	-1
84	425	1
84	428	-1
84	430	-1
84	431	-1
84	434	-1
84	435	1
84	437	-1
84	438	1
84	440	-1
84	441	-1
84	445	-1
84	448	-1
84	449	-1
84	452	-1
84	454	1
84	455	1
84	456	1
84	458	-1
84	459	-1
84	460	1
84	461	-1
84	462	1
84	463	1
84	464	-1
84	467	-1
84	468	1
84	471	1
84	474	1
84	475	-1
84	476	1
84	478	1
84	479	1
84	483	1
84	485	-1
84	487	1
84	488	-1
84	489	-1
84	497	-1
84	499	-1
85	86	1
85	87	-1
85	89	1
85	91	1
85	92	1
85	93	1
85	94	1
85	95	-1
85	96	1
85	97	-1
85	98	1
85	103	1
85	104	-1
85	105	1
85	108	-1
85	109	1
85	110	1
85	113	1
85	115	1
85	120	1
85	121	-1
85	125	-1
85	126	-1
85	127	1
85	128	1
85	131	1
85	133	1
85	135	-1
85	136	-1
85	138	1
85	141	-1
85	144	1
85	145	1
85	147	-1
85	149	1
85	152	1
85	155	1
85	156	1
85	157	-1
85	159	1
85	161	-1
85	163	1
85	165	-1
85	166	-1
85	168	1
85	170	-1
85	171	1
85	172	1
85	174	1
85	175	-1
85	176	1
85	177	-1
85	178	-1
85	179	1
85	180	1
85	181	-1
85	182	-1
85	183	-1
85	185	1
85	189	-1
85	190	-1
85	191	-1
85	197	-1
85	201	1
85	203	-1
85	206	-1
85	208	1
85	210	1
85	211	-1
85	212	1
85	220	1
85	221	1
85	223	-1
85	225	-1
85	227	1
85	229	1
85	230	1
85	236	-1
85	237	-1
85	242	-1
85	243	-1
85	244	-1
85	245	1
85	249	1
85	255	-1
85	256	1
85	260	1
85	262	1
85	263	1
85	264	1
85	267	-1
85	269	-1
85	272	1
85	273	1
85	277	-1
85	283	1
85	285	1
85	286	-1
85	287	1
85	289	-1
85	292	-1
85	293	1
85	294	1
85	297	1
85	298	-1
85	299	1
85	301	-1
85	304	1
85	305	1
85	308	1
85	310	1
85	314	-1
85	315	-1
85	316	1
85	319	1
85	320	-1
85	321	-1
85	322	-1
85	323	1
85	326	1
85	328	1
85	331	1
85	333	1
85	334	1
85	335	1
85	336	-1
85	338	1
85	341	1
85	342	1
85	345	1
85	347	1
85	348	1
85	350	1
85	351	-1
85	352	-1
85	353	-1
85	359	1
85	362	-1
85	363	1
85	364	-1
85	365	1
85	368	1
85	370	-1
85	372	1
85	374	-1
85	375	1
85	376	1
85	377	-1
85	378	1
85	380	1
85	383	-1
85	385	-1
85	387	1
85	388	-1
85	391	1
85	392	1
85	397	1
85	398	1
85	400	1
85	402	1
85	405	-1
85	406	1
85	408	1
85	410	1
85	412	-1
85	413	1
85	414	-1
85	416	-1
85	418	1
85	419	1
85	427	1
85	428	1
85	429	1
85	431	-1
85	435	-1
85	437	1
85	438	1
85	441	-1
85	448	-1
85	449	1
85	452	1
85	453	1
85	455	-1
85	457	-1
85	458	-1
85	459	-1
85	462	-1
85	468	-1
85	470	1
85	471	-1
85	473	1
85	474	1
85	475	1
85	477	1
85	478	-1
85	481	-1
85	482	1
85	483	-1
85	485	1
85	486	-1
85	488	-1
85	490	-1
85	491	-1
85	494	1
85	495	1
85	498	-1
86	87	-1
86	88	1
86	90	-1
86	96	1
86	98	1
86	100	-1
86	103	-1
86	106	1
86	114	-1
86	115	-1
86	116	1
86	120	-1
86	123	-1
86	124	-1
86	125	-1
86	126	-1
86	127	1
86	128	1
86	132	1
86	135	-1
86	140	1
86	141	1
86	144	1
86	145	1
86	148	-1
86	149	1
86	150	1
86	151	1
86	152	1
86	153	1
86	160	-1
86	161	-1
86	162	1
86	163	1
86	164	1
86	165	1
86	170	1
86	171	-1
86	172	-1
86	173	1
86	174	-1
86	177	1
86	182	-1
86	183	-1
86	184	-1
86	187	1
86	189	-1
86	194	-1
86	195	-1
86	196	-1
86	198	1
86	200	-1
86	201	-1
86	202	-1
86	204	1
86	205	1
86	207	1
86	208	1
86	209	-1
86	210	-1
86	212	1
86	213	-1
86	214	1
86	215	-1
86	216	-1
86	217	1
86	218	-1
86	219	1
86	220	1
86	221	1
86	222	1
86	223	-1
86	224	-1
86	225	1
86	228	-1
86	229	-1
86	231	-1
86	232	-1
86	234	-1
86	235	-1
86	239	-1
86	240	1
86	244	1
86	245	1
86	248	-1
86	249	-1
86	250	1
86	252	-1
86	253	-1
86	254	1
86	255	-1
86	258	-1
86	259	1
86	262	1
86	266	1
86	270	-1
86	271	1
86	272	-1
86	273	-1
86	274	1
86	275	-1
86	277	1
86	278	1
86	279	-1
86	281	-1
86	285	1
86	286	-1
86	287	1
86	291	1
86	292	-1
86	296	1
86	299	-1
86	303	-1
86	304	1
86	305	-1
86	306	1
86	307	1
86	309	1
86	312	-1
86	314	1
86	316	-1
86	318	1
86	320	-1
86	324	-1
86	326	-1
86	327	1
86	328	1
86	330	-1
86	332	1
86	333	1
86	334	-1
86	335	1
86	336	1
86	338	-1
86	340	-1
86	341	1
86	343	1
86	348	-1
86	350	-1
86	351	1
86	354	-1
86	356	-1
86	357	1
86	359	1
86	360	1
86	361	-1
86	365	1
86	371	1
86	372	1
86	373	1
86	375	-1
86	376	-1
86	377	1
86	378	1
86	379	-1
86	381	-1
86	382	1
86	384	-1
86	385	-1
86	386	1
86	387	1
86	388	1
86	390	-1
86	393	1
86	394	-1
86	395	1
86	402	1
86	403	1
86	410	1
86	412	-1
86	413	1
86	414	1
86	416	1
86	418	1
86	419	-1
86	420	1
86	422	-1
86	423	1
86	424	1
86	426	1
86	427	1
86	430	-1
86	431	-1
86	433	-1
86	434	1
86	437	1
86	438	1
86	442	1
86	445	1
86	446	1
86	447	1
86	449	-1
86	450	-1
86	451	-1
86	452	-1
86	453	-1
86	457	1
86	459	1
86	462	-1
86	464	1
86	465	1
86	466	1
86	472	1
86	474	-1
86	476	-1
86	477	1
86	483	-1
86	484	-1
86	489	1
86	492	-1
86	495	1
86	497	1
87	88	1
87	89	1
87	91	-1
87	92	1
87	93	1
87	94	1
87	95	1
87	97	1
87	98	1
87	102	-1
87	104	-1
87	106	-1
87	111	1
87	113	1
87	114	1
87	115	1
87	116	-1
87	118	1
87	120	1
87	122	-1
87	128	1
87	129	-1
87	134	-1
87	136	-1
87	137	-1
87	138	1
87	140	-1
87	141	1
87	145	1
87	146	1
87	148	-1
87	149	-1
87	154	-1
87	155	-1
87	156	1
87	157	1
87	159	1
87	160	-1
87	161	1
87	163	-1
87	168	-1
87	169	1
87	171	1
87	173	1
87	178	-1
87	182	1
87	183	1
87	187	1
87	188	1
87	190	-1
87	192	-1
87	194	1
87	195	1
87	197	-1
87	198	-1
87	201	1
87	208	-1
87	209	-1
87	212	1
87	213	1
87	216	1
87	219	1
87	221	-1
87	224	1
87	225	-1
87	226	1
87	227	-1
87	228	1
87	230	1
87	231	-1
87	233	1
87	236	-1
87	237	-1
87	240	1
87	241	-1
87	242	-1
87	243	1
87	247	1
87	249	-1
87	250	1
87	253	1
87	254	1
87	256	-1
87	258	1
87	261	1
87	262	1
87	265	-1
87	266	-1
87	267	1
87	269	1
87	271	-1
87	277	-1
87	278	1
87	279	-1
87	280	-1
87	283	1
87	286	1
87	287	1
87	288	1
87	290	-1
87	291	1
87	293	1
87	295	-1
87	297	-1
87	298	-1
87	299	1
87	300	1
87	301	1
87	303	1
87	305	-1
87	306	-1
87	307	-1
87	311	1
87	312	-1
87	313	-1
87	314	-1
87	315	-1
87	316	1
87	319	-1
87	320	1
87	321	1
87	322	1
87	323	-1
87	326	1
87	327	1
87	331	1
87	335	1
87	339	1
87	342	1
87	343	-1
87	346	-1
87	348	1
87	349	-1
87	353	1
87	354	-1
87	357	1
87	359	1
87	360	-1
87	361	1
87	362	-1
87	364	1
87	365	-1
87	369	1
87	372	-1
87	373	-1
87	374	-1
87	375	1
87	377	1
87	378	-1
87	379	-1
87	380	1
87	382	-1
87	384	-1
87	385	-1
87	387	1
87	389	1
87	391	-1
87	392	-1
87	393	1
87	394	1
87	396	1
87	398	-1
87	399	-1
87	400	1
87	402	-1
87	403	1
87	406	-1
87	407	-1
87	408	-1
87	409	-1
87	411	-1
87	413	1
87	414	1
87	416	-1
87	420	-1
87	421	-1
87	423	1
87	425	1
87	426	-1
87	428	-1
87	430	-1
87	431	1
87	432	-1
87	433	-1
87	434	1
87	436	-1
87	437	-1
87	439	-1
87	443	1
87	447	-1
87	450	-1
87	453	-1
87	455	-1
87	456	1
87	461	1
87	463	-1
87	464	1
87	465	-1
87	468	-1
87	470	1
87	472	1
87	474	1
87	476	1
87	477	1
87	482	-1
87	484	-1
87	487	1
87	489	-1
87	491	1
87	492	1
87	493	1
87	494	-1
87	495	-1
87	496	1
87	497	-1
87	499	1
88	89	-1
88	90	1
88	91	1
88	92	-1
88	94	-1
88	95	1
88	96	-1
88	97	-1
88	98	-1
88	99	1
88	101	-1
88	102	1
88	104	-1
88	106	-1
88	109	-1
88	110	-1
88	111	1
88	112	1
88	113	-1
88	115	-1
88	117	-1
88	118	-1
88	123	-1
88	125	-1
88	126	-1
88	137	1
88	139	-1
88	140	-1
88	142	-1
88	143	1
88	144	-1
88	146	-1
88	148	1
88	150	-1
88	151	1
88	152	-1
88	160	1
88	162	1
88	164	1
88	165	1
88	166	1
88	169	1
88	170	1
88	172	-1
88	173	-1
88	176	1
88	177	1
88	178	-1
88	180	1
88	182	-1
88	183	1
88	184	1
88	186	1
88	187	1
88	190	-1
88	191	-1
88	193	-1
88	195	1
88	198	-1
88	200	1
88	201	-1
88	202	1
88	206	-1
88	209	-1
88	210	1
88	212	-1
88	214	-1
88	215	1
88	217	1
88	218	-1
88	220	-1
88	223	1
88	225	-1
88	228	-1
88	230	-1
88	231	1
88	233	-1
88	238	-1
88	240	1
88	243	-1
88	244	-1
88	246	-1
88	247	-1
88	249	1
88	251	1
88	254	1
88	255	1
88	256	1
88	258	-1
88	265	1
88	266	1
88	272	-1
88	280	-1
88	281	1
88	282	1
88	283	-1
88	284	1
88	285	1
88	286	-1
88	287	-1
88	290	1
88	293	-1
88	294	-1
88	299	1
88	307	1
88	309	-1
88	314	1
88	315	1
88	318	1
88	321	1
88	323	-1
88	325	-1
88	326	1
88	327	-1
88	332	-1
88	335	-1
88	336	1
88	337	-1
88	339	-1
88	340	1
88	342	1
88	343	-1
88	344	-1
88	348	-1
88	349	-1
88	351	-1
88	354	1
88	355	1
88	357	-1
88	358	-1
88	361	1
88	364	1
88	365	-1
88	367	-1
88	368	-1
88	369	-1
88	372	-1
88	375	-1
88	376	1
88	377	-1
88	378	-1
88	379	1
88	381	-1
88	382	-1
88	385	-1
88	387	1
88	388	1
88	391	-1
88	394	1
88	397	-1
88	398	1
88	399	1
88	401	-1
88	403	-1
88	406	1
88	407	1
88	408	1
88	410	1
88	412	1
88	414	1
88	415	1
88	416	1
88	417	-1
88	419	1
88	420	1
88	421	-1
88	423	1
88	426	-1
88	429	1
88	431	-1
88	432	-1
88	437	1
88	438	-1
88	439	-1
88	440	-1
88	446	-1
88	447	-1
88	454	1
88	458	-1
88	461	1
88	462	-1
88	465	-1
88	466	1
88	469	1
88	470	-1
88	471	-1
88	473	-1
88	474	-1
88	479	1
88	480	-1
88	481	-1
88	483	-1
88	487	-1
88	489	-1
88	493	-1
88	494	-1
88	496	1
88	497	1
88	499	1
89	93	-1
89	94	1
89	96	-1
89	97	1
89	98	1
89	99	-1
89	100	-1
89	101	-1
89	102	1
89	107	1
89	108	1
89	109	-1
89	110	-1
89	113	-1
89	115	-1
89	118	1
89	123	1
89	125	-1
89	129	1
89	132	-1
89	134	-1
89	136	-1
89	137	1
89	144	1
89	146	-1
89	147	-1
89	149	1
89	150	-1
89	153	-1
89	154	1
89	155	1
89	156	-1
89	157	1
89	159	1
89	160	1
89	161	1
89	162	1
89	163	-1
89	166	-1
89	168	-1
89	172	-1
89	174	-1
89	175	-1
89	178	-1
89	180	1
89	185	1
89	186	-1
89	187	1
89	189	1
89	190	1
89	191	1
89	192	-1
89	194	1
89	196	1
89	197	1
89	198	-1
89	200	1
89	203	-1
89	204	-1
89	205	1
89	206	1
89	209	-1
89	211	1
89	213	-1
89	215	1
89	218	1
89	219	1
89	220	-1
89	222	-1
89	225	1
89	226	1
89	227	-1
89	229	1
89	234	-1
89	236	-1
89	238	-1
89	239	1
89	241	-1
89	242	1
89	245	-1
89	247	-1
89	248	1
89	249	1
89	250	1
89	251	1
89	253	1
89	255	-1
89	256	1
89	258	-1
89	261	1
89	266	1
89	271	-1
89	272	1
89	273	1
89	277	-1
89	278	1
89	282	-1
89	284	1
89	286	1
89	288	1
89	292	1
89	294	1
89	300	-1
89	305	1
89	307	-1
89	308	1
89	315	1
89	318	-1
89	323	-1
89	327	-1
89	328	1
89	329	-1
89	332	1
89	337	1
89	338	1
89	341	-1
89	342	-1
89	343	1
89	344	1
89	345	1
89	348	1
89	352	-1
89	353	1
89	354	1
89	355	1
89	357	-1
89	358	1
89	359	-1
89	360	1
89	362	-1
89	364	1
89	366	-1
89	369	1
89	372	-1
89	373	-1
89	374	-1
89	375	1
89	377	-1
89	378	-1
89	379	1
89	380	-1
89	382	-1
89	384	-1
89	386	1
89	388	-1
89	389	-1
89	394	1
89	397	-1
89	400	-1
89	404	-1
89	405	-1
89	406	-1
89	409	-1
89	410	1
89	412	-1
89	413	-1
89	414	-1
89	417	1
89	420	-1
89	421	-1
89	423	-1
89	424	-1
89	426	1
89	428	-1
89	430	-1
89	431	-1
89	432	-1
89	433	1
89	434	1
89	435	-1
89	436	1
89	438	-1
89	439	-1
89	441	1
89	443	-1
89	444	1
89	446	-1
89	447	1
89	449	1
89	453	-1
89	454	-1
89	455	-1
89	460	1
89	461	-1
89	462	-1
89	464	-1
89	465	-1
89	467	-1
89	468	1
89	469	1
89	471	-1
89	472	1
89	473	-1
89	474	1
89	476	1
89	477	-1
89	478	-1
89	480	1
89	482	-1
89	484	-1
89	486	-1
89	489	-1
89	495	1
89	496	1
89	499	1
90	91	1
90	92	1
90	93	1
90	94	-1
90	95	-1
90	96	-1
90	97	1
90	98	-1
90	99	1
90	101	1
90	108	1
90	109	1
90	111	-1
90	112	-1
90	114	-1
90	118	-1
90	121	1
90	122	1
90	123	1
90	128	-1
90	131	-1
90	134	-1
90	136	1
90	138	1
90	140	1
90	143	-1
90	145	-1
90	146	-1
90	148	1
90	149	-1
90	151	1
90	155	1
90	159	-1
90	160	-1
90	161	-1
90	162	1
90	164	1
90	165	1
90	166	1
90	168	1
90	169	-1
90	175	1
90	177	-1
90	181	1
90	183	-1
90	185	-1
90	186	1
90	191	-1
90	193	-1
90	195	1
90	197	1
90	199	-1
90	200	1
90	203	-1
90	204	1
90	208	1
90	209	1
90	211	-1
90	213	1
90	214	1
90	215	1
90	216	-1
90	217	-1
90	218	1
90	219	-1
90	220	-1
90	221	-1
90	222	-1
90	223	-1
90	224	1
90	225	-1
90	229	1
90	240	-1
90	241	1
90	242	1
90	244	-1
90	245	1
90	248	-1
90	250	-1
90	252	-1
90	256	1
90	261	-1
90	262	-1
90	263	-1
90	264	-1
90	267	-1
90	269	1
90	271	-1
90	272	-1
90	273	-1
90	274	1
90	275	1
90	276	1
90	277	-1
90	278	-1
90	282	-1
90	283	1
90	285	1
90	286	-1
90	287	1
90	288	1
90	289	-1
90	290	-1
90	293	1
90	296	-1
90	300	-1
90	301	-1
90	302	1
90	303	-1
90	304	1
90	307	-1
90	308	-1
90	312	1
90	315	-1
90	316	-1
90	317	-1
90	319	1
90	320	-1
90	321	1
90	322	1
90	326	-1
90	328	-1
90	329	-1
90	334	1
90	337	-1
90	338	-1
90	343	1
90	344	1
90	348	-1
90	349	-1
90	350	-1
90	352	-1
90	353	-1
90	357	1
90	361	1
90	363	1
90	366	-1
90	367	1
90	368	-1
90	369	1
90	372	1
90	375	1
90	377	1
90	379	-1
90	381	-1
90	382	-1
90	384	-1
90	385	-1
90	386	1
90	387	1
90	391	1
90	392	1
90	393	1
90	394	1
90	395	-1
90	397	-1
90	398	1
90	401	-1
90	406	1
90	407	1
90	408	-1
90	409	1
90	411	-1
90	416	1
90	418	1
90	419	1
90	421	-1
90	422	-1
90	423	-1
90	426	-1
90	427	1
90	429	-1
90	431	-1
90	432	1
90	433	1
90	434	1
90	435	1
90	438	1
90	442	-1
90	443	-1
90	444	1
90	446	-1
90	447	1
90	448	-1
90	455	-1
90	456	1
90	457	1
90	458	1
90	460	-1
90	462	-1
90	463	-1
90	464	-1
90	468	-1
90	469	1
90	471	1
90	475	1
90	476	-1
90	480	-1
90	481	1
90	482	1
90	485	1
90	486	1
90	490	1
90	492	-1
90	496	1
90	497	1
90	499	1
91	94	1
91	95	1
91	96	1
91	97	1
91	98	1
91	102	-1
91	103	1
91	105	1
91	108	1
91	109	1
91	111	1
91	112	1
91	113	-1
91	114	1
91	115	-1
91	117	1
91	122	-1
91	126	1
91	128	-1
91	130	-1
91	132	-1
91	133	1
91	134	-1
91	135	-1
91	138	-1
91	140	1
91	144	-1
91	145	-1
91	147	1
91	148	-1
91	149	-1
91	153	1
91	157	1
91	159	1
91	161	-1
91	163	-1
91	164	1
91	165	-1
91	167	1
91	169	1
91	171	-1
91	174	1
91	175	-1
91	176	1
91	177	-1
91	178	1
91	179	1
91	181	1
91	182	-1
91	183	-1
91	184	1
91	186	1
91	187	1
91	188	-1
91	189	1
91	193	-1
91	195	1
91	199	-1
91	200	1
91	201	-1
91	202	-1
91	203	-1
91	206	-1
91	208	-1
91	209	-1
91	210	1
91	212	1
91	214	1
91	215	1
91	217	-1
91	218	-1
91	222	-1
91	224	1
91	225	1
91	228	-1
91	229	-1
91	230	1
91	231	-1
91	233	1
91	234	-1
91	235	1
91	236	-1
91	237	-1
91	238	1
91	239	-1
91	240	1
91	242	1
91	248	1
91	251	-1
91	252	1
91	253	-1
91	254	-1
91	255	1
91	256	1
91	257	1
91	259	1
91	263	-1
91	265	-1
91	267	-1
91	268	1
91	269	1
91	271	-1
91	272	1
91	273	1
91	276	1
91	278	-1
91	279	1
91	280	1
91	282	-1
91	283	1
91	285	-1
91	287	1
91	288	1
91	289	1
91	292	-1
91	298	1
91	300	1
91	301	-1
91	305	-1
91	306	1
91	307	1
91	308	1
91	309	1
91	311	1
91	312	1
91	313	-1
91	316	-1
91	318	1
91	320	1
91	321	1
91	322	-1
91	323	1
91	325	-1
91	328	1
91	329	1
91	334	-1
91	337	1
91	340	1
91	341	1
91	343	1
91	346	-1
91	350	-1
91	352	-1
91	354	1
91	355	1
91	356	1
91	357	1
91	359	-1
91	360	-1
91	361	-1
91	363	1
91	365	1
91	369	-1
91	371	1
91	373	1
91	374	-1
91	380	1
91	383	-1
91	384	1
91	389	-1
91	391	1
91	392	-1
91	395	-1
91	397	-1
91	399	1
91	401	-1
91	402	1
91	404	1
91	411	-1
91	412	1
91	413	-1
91	414	1
91	416	-1
91	419	-1
91	425	1
91	427	-1
91	428	-1
91	430	1
91	434	-1
91	436	-1
91	438	-1
91	444	1
91	446	1
91	449	1
91	453	1
91	454	1
91	456	1
91	457	-1
91	460	-1
91	461	1
91	462	-1
91	463	1
91	464	-1
91	465	1
91	467	1
91	468	1
91	469	1
91	471	-1
91	472	-1
91	473	1
91	477	1
91	479	-1
91	481	-1
91	482	-1
91	484	1
91	485	1
91	487	1
91	493	1
91	496	1
92	93	1
92	94	1
92	95	-1
92	97	1
92	98	1
92	99	-1
92	101	-1
92	102	1
92	103	-1
92	105	-1
92	110	1
92	118	-1
92	120	1
92	121	1
92	122	-1
92	124	1
92	125	-1
92	128	-1
92	129	1
92	130	1
92	131	-1
92	133	-1
92	135	1
92	136	1
92	139	1
92	140	1
92	143	1
92	144	-1
92	148	1
92	149	-1
92	152	-1
92	156	1
92	157	-1
92	158	-1
92	159	-1
92	160	1
92	167	1
92	169	1
92	170	1
92	173	-1
92	174	1
92	176	-1
92	178	-1
92	179	-1
92	180	-1
92	183	1
92	188	-1
92	190	1
92	193	-1
92	196	-1
92	197	1
92	198	1
92	199	1
92	204	1
92	206	-1
92	209	-1
92	210	-1
92	211	-1
92	213	1
92	214	1
92	217	-1
92	218	1
92	219	-1
92	220	-1
92	222	-1
92	226	-1
92	227	1
92	230	1
92	232	-1
92	234	1
92	239	-1
92	240	-1
92	242	-1
92	244	1
92	245	-1
92	246	1
92	247	-1
92	250	-1
92	253	1
92	256	1
92	257	1
92	258	1
92	261	-1
92	263	1
92	264	-1
92	265	-1
92	269	1
92	274	1
92	275	1
92	276	-1
92	291	-1
92	292	1
92	293	1
92	294	-1
92	296	-1
92	297	-1
92	298	1
92	300	1
92	304	1
92	305	1
92	312	-1
92	313	-1
92	315	1
92	318	-1
92	321	1
92	322	-1
92	323	-1
92	328	1
92	332	1
92	333	1
92	339	-1
92	340	1
92	341	-1
92	344	-1
92	348	-1
92	354	1
92	355	-1
92	357	1
92	358	-1
92	359	-1
92	360	1
92	361	-1
92	362	-1
92	364	1
92	366	1
92	368	1
92	370	1
92	373	-1
92	374	-1
92	377	-1
92	378	-1
92	382	-1
92	383	-1
92	384	-1
92	388	1
92	389	-1
92	391	-1
92	394	1
92	395	1
92	398	-1
92	399	1
92	403	1
92	404	-1
92	406	-1
92	408	-1
92	409	1
92	410	1
92	411	-1
92	414	-1
92	416	-1
92	418	1
92	419	-1
92	422	1
92	424	-1
92	426	-1
92	428	1
92	431	1
92	435	1
92	436	1
92	440	-1
92	443	-1
92	444	1
92	445	1
92	447	1
92	448	-1
92	449	-1
92	450	-1
92	451	-1
92	452	1
92	454	1
92	455	1
92	457	1
92	458	1
92	459	1
92	460	-1
92	463	1
92	466	-1
92	467	1
92	476	-1
92	482	1
92	483	-1
92	484	-1
92	485	1
92	487	1
92	489	-1
92	492	1
92	496	1
92	498	-1
93	94	1
93	95	1
93	96	-1
93	99	1
93	100	1
93	104	-1
93	105	1
93	110	1
93	111	-1
93	113	1
93	115	1
93	116	-1
93	119	-1
93	120	1
93	125	-1
93	127	1
93	128	-1
93	132	1
93	135	-1
93	136	1
93	137	1
93	139	1
93	140	-1
93	143	1
93	144	1
93	149	1
93	150	1
93	151	1
93	152	1
93	153	1
93	155	1
93	156	1
93	158	-1
93	164	-1
93	166	-1
93	168	-1
93	172	-1
93	173	1
93	174	-1
93	178	-1
93	181	-1
93	182	1
93	183	-1
93	186	-1
93	188	1
93	189	1
93	190	1
93	192	-1
93	193	1
93	194	-1
93	195	1
93	196	1
93	197	1
93	198	1
93	202	-1
93	203	-1
93	204	-1
93	206	-1
93	211	-1
93	213	-1
93	214	-1
93	217	-1
93	218	1
93	219	1
93	221	1
93	224	-1
93	231	1
93	233	1
93	235	-1
93	238	1
93	239	1
93	241	-1
93	244	1
93	245	-1
93	251	1
93	252	1
93	253	1
93	254	-1
93	255	1
93	256	-1
93	258	-1
93	260	-1
93	261	-1
93	262	-1
93	264	-1
93	266	1
93	267	-1
93	272	1
93	274	1
93	279	-1
93	282	1
93	283	1
93	286	1
93	287	1
93	288	-1
93	290	-1
93	291	1
93	292	1
93	295	-1
93	296	-1
93	298	-1
93	299	1
93	300	-1
93	301	-1
93	304	1
93	314	1
93	315	1
93	316	1
93	320	-1
93	322	-1
93	323	1
93	324	1
93	325	1
93	327	-1
93	328	1
93	329	1
93	331	-1
93	335	-1
93	336	-1
93	343	-1
93	344	1
93	347	1
93	349	1
93	350	1
93	352	1
93	355	1
93	357	-1
93	358	-1
93	359	1
93	365	-1
93	368	1
93	372	1
93	375	1
93	377	-1
93	379	-1
93	380	1
93	381	-1
93	382	-1
93	383	-1
93	384	1
93	386	1
93	388	1
93	391	1
93	392	1
93	393	1
93	396	-1
93	397	-1
93	399	-1
93	400	1
93	404	1
93	405	-1
93	406	-1
93	408	1
93	412	-1
93	414	1
93	416	1
93	418	-1
93	419	-1
93	420	1
93	421	1
93	422	-1
93	423	-1
93	424	-1
93	429	-1
93	436	-1
93	438	1
93	441	-1
93	444	1
93	447	1
93	448	-1
93	449	-1
93	450	-1
93	452	-1
93	455	-1
93	456	1
93	457	1
93	459	1
93	462	-1
93	463	1
93	464	1
93	465	1
93	468	1
93	469	1
93	470	1
93	471	-1
93	473	-1
93	475	1
93	476	-1
93	477	-1
93	478	-1
93	480	-1
93	482	-1
93	485	-1
93	486	-1
93	488	1
93	489	-1
93	496	-1
93	499	-1
94	96	1
94	98	-1
94	102	1
94	104	1
94	105	1
94	106	-1
94	107	1
94	108	1
94	111	-1
94	113	-1
94	114	1
94	117	1
94	119	1
94	120	-1
94	121	1
94	122	1
94	126	1
94	129	-1
94	131	1
94	132	-1
94	136	1
94	139	-1
94	140	-1
94	143	1
94	144	1
94	147	1
94	148	1
94	149	-1
94	154	-1
94	155	1
94	156	1
94	157	1
94	159	1
94	160	-1
94	161	-1
94	162	1
94	165	1
94	166	1
94	167	1
94	170	1
94	171	1
94	173	-1
94	175	-1
94	178	1
94	185	-1
94	187	1
94	190	1
94	191	1
94	194	1
94	195	1
94	197	1
94	199	1
94	204	1
94	205	-1
94	206	-1
94	208	1
94	209	1
94	212	1
94	213	1
94	214	-1
94	218	-1
94	219	1
94	220	1
94	221	-1
94	225	-1
94	226	-1
94	228	-1
94	232	-1
94	233	1
94	234	-1
94	235	1
94	236	1
94	238	-1
94	239	-1
94	240	-1
94	246	-1
94	248	1
94	249	-1
94	252	-1
94	254	-1
94	255	1
94	256	1
94	257	1
94	258	1
94	261	1
94	262	1
94	263	-1
94	268	-1
94	269	-1
94	272	-1
94	273	-1
94	275	-1
94	276	1
94	277	-1
94	278	1
94	279	1
94	280	1
94	282	-1
94	283	1
94	284	-1
94	285	-1
94	286	1
94	287	1
94	288	1
94	290	-1
94	292	1
94	295	-1
94	299	1
94	300	-1
94	301	1
94	303	1
94	304	1
94	309	-1
94	314	-1
94	319	-1
94	320	1
94	321	1
94	322	1
94	324	1
94	325	-1
94	326	-1
94	327	-1
94	329	-1
94	331	-1
94	335	1
94	336	1
94	337	1
94	338	1
94	339	1
94	341	-1
94	342	1
94	343	-1
94	345	1
94	346	-1
94	350	-1
94	351	1
94	352	1
94	355	1
94	356	-1
94	358	-1
94	359	-1
94	365	1
94	366	-1
94	367	1
94	369	1
94	371	-1
94	373	-1
94	375	-1
94	376	1
94	377	-1
94	378	1
94	383	1
94	385	-1
94	387	1
94	388	1
94	390	-1
94	391	1
94	397	1
94	398	-1
94	401	-1
94	403	1
94	404	1
94	405	-1
94	406	1
94	407	1
94	409	1
94	413	1
94	414	1
94	416	1
94	419	1
94	424	-1
94	426	1
94	430	-1
94	434	-1
94	435	1
94	437	-1
94	439	-1
94	440	-1
94	442	-1
94	443	1
94	445	1
94	446	1
94	448	-1
94	451	-1
94	452	1
94	453	-1
94	454	1
94	456	-1
94	459	1
94	461	1
94	465	-1
94	468	1
94	470	1
94	476	1
94	477	1
94	481	-1
94	485	1
94	487	1
94	492	1
94	495	1
94	496	-1
94	497	1
95	96	-1
95	97	1
95	98	1
95	99	1
95	104	-1
95	105	1
95	106	1
95	108	-1
95	112	1
95	113	-1
95	120	1
95	122	-1
95	125	1
95	126	1
95	127	-1
95	128	1
95	129	1
95	130	1
95	134	1
95	135	-1
95	137	-1
95	138	1
95	142	1
95	150	-1
95	153	-1
95	158	-1
95	161	1
95	162	-1
95	163	1
95	164	1
95	167	1
95	168	-1
95	169	-1
95	170	1
95	171	1
95	173	1
95	174	-1
95	175	-1
95	177	-1
95	178	1
95	179	-1
95	180	1
95	181	1
95	182	-1
95	185	-1
95	186	1
95	188	-1
95	192	-1
95	193	1
95	195	-1
95	196	1
95	198	-1
95	201	1
95	202	1
95	203	-1
95	204	1
95	210	1
95	213	-1
95	215	1
95	218	-1
95	219	1
95	228	1
95	229	1
95	232	1
95	233	-1
95	235	-1
95	236	-1
95	240	1
95	242	-1
95	243	-1
95	244	-1
95	245	-1
95	248	1
95	252	1
95	255	-1
95	256	1
95	257	-1
95	261	-1
95	264	1
95	265	1
95	268	1
95	269	1
95	270	-1
95	280	-1
95	281	-1
95	283	-1
95	284	-1
95	286	-1
95	287	1
95	288	-1
95	290	-1
95	291	1
95	292	1
95	296	-1
95	297	1
95	301	-1
95	302	-1
95	303	1
95	304	1
95	305	1
95	308	-1
95	309	1
95	311	1
95	314	1
95	315	-1
95	319	1
95	323	1
95	331	-1
95	333	-1
95	335	1
95	338	-1
95	339	-1
95	340	1
95	341	-1
95	342	-1
95	343	1
95	345	-1
95	347	1
95	348	-1
95	349	-1
95	350	1
95	351	1
95	353	-1
95	355	1
95	359	1
95	360	-1
95	361	-1
95	362	-1
95	363	-1
95	365	1
95	367	-1
95	368	1
95	371	-1
95	373	-1
95	375	1
95	376	-1
95	377	-1
95	378	1
95	379	1
95	380	1
95	381	1
95	383	1
95	386	1
95	387	1
95	389	1
95	390	-1
95	392	1
95	393	-1
95	394	1
95	396	1
95	398	-1
95	399	-1
95	400	-1
95	401	-1
95	402	1
95	403	-1
95	407	-1
95	408	-1
95	410	-1
95	411	1
95	412	1
95	416	-1
95	417	-1
95	418	-1
95	419	-1
95	424	1
95	426	1
95	428	1
95	429	-1
95	437	1
95	438	1
95	440	-1
95	441	1
95	442	-1
95	443	1
95	444	1
95	447	1
95	448	-1
95	449	1
95	453	-1
95	454	1
95	455	-1
95	457	1
95	458	1
95	459	1
95	460	-1
95	461	-1
95	463	1
95	465	-1
95	469	1
95	470	1
95	471	1
95	472	1
95	475	1
95	478	1
95	479	-1
95	483	1
95	485	1
95	486	-1
95	487	-1
95	493	-1
95	495	-1
95	498	1
95	499	-1
96	97	1
96	98	1
96	101	1
96	102	1
96	103	-1
96	105	-1
96	107	1
96	111	1
96	112	1
96	114	1
96	115	1
96	121	-1
96	123	1
96	124	-1
96	129	-1
96	130	-1
96	137	-1
96	138	-1
96	140	-1
96	141	1
96	142	1
96	145	-1
96	146	1
96	147	1
96	148	1
96	154	1
96	157	1
96	159	1
96	161	-1
96	164	-1
96	166	-1
96	167	-1
96	168	1
96	170	1
96	171	1
96	175	-1
96	177	1
96	179	1
96	182	-1
96	183	-1
96	184	1
96	185	-1
96	191	-1
96	195	-1
96	196	-1
96	198	-1
96	200	1
96	201	1
96	202	1
96	203	-1
96	205	1
96	207	-1
96	209	-1
96	211	-1
96	212	1
96	213	-1
96	214	-1
96	215	-1
96	216	1
96	219	-1
96	220	-1
96	221	-1
96	223	-1
96	226	-1
96	229	1
96	230	-1
96	231	-1
96	232	1
96	233	1
96	234	1
96	235	-1
96	236	-1
96	238	-1
96	239	1
96	241	-1
96	247	1
96	248	-1
96	250	-1
96	252	-1
96	253	1
96	254	1
96	255	1
96	257	1
96	259	1
96	262	1
96	265	1
96	266	1
96	268	-1
96	269	1
96	270	-1
96	271	-1
96	276	-1
96	278	-1
96	280	1
96	281	-1
96	288	-1
96	289	1
96	292	1
96	295	1
96	300	1
96	302	-1
96	305	-1
96	306	1
96	310	1
96	311	-1
96	312	1
96	314	-1
96	315	1
96	317	-1
96	320	-1
96	323	1
96	324	-1
96	326	-1
96	327	1
96	328	1
96	329	1
96	331	-1
96	332	1
96	336	-1
96	337	1
96	339	-1
96	341	1
96	343	1
96	344	1
96	345	-1
96	346	-1
96	347	1
96	348	1
96	349	-1
96	351	-1
96	352	1
96	356	1
96	359	1
96	364	-1
96	365	-1
96	367	-1
96	372	-1
96	375	1
96	378	1
96	379	-1
96	380	1
96	382	1
96	383	-1
96	384	-1
96	385	1
96	386	1
96	391	-1
96	392	-1
96	395	1
96	396	1
96	398	-1
96	401	-1
96	403	-1
96	410	-1
96	413	-1
96	414	1
96	415	1
96	416	-1
96	417	1
96	418	1
96	423	1
96	425	-1
96	427	-1
96	429	-1
96	430	1
96	431	-1
96	432	-1
96	434	1
96	435	1
96	436	1
96	437	1
96	439	1
96	441	1
96	442	1
96	444	1
96	447	1
96	450	-1
96	451	1
96	454	-1
96	456	1
96	459	-1
96	460	-1
96	461	1
96	462	-1
96	464	1
96	467	1
96	468	1
96	469	1
96	470	-1
96	472	-1
96	474	-1
96	475	-1
96	480	-1
96	481	-1
96	482	-1
96	487	1
96	492	1
96	494	-1
96	496	1
97	98	1
97	100	1
97	101	-1
97	103	1
97	104	-1
97	106	-1
97	107	-1
97	108	-1
97	109	1
97	111	1
97	112	1
97	115	-1
97	116	-1
97	118	1
97	121	1
97	123	1
97	125	-1
97	126	-1
97	127	1
97	128	-1
97	129	1
97	130	-1
97	132	-1
97	134	-1
97	135	1
97	136	-1
97	138	1
97	140	1
97	144	-1
97	145	-1
97	147	-1
97	148	1
97	151	1
97	152	1
97	153	1
97	154	-1
97	158	-1
97	160	-1
97	162	1
97	166	-1
97	171	-1
97	172	-1
97	175	-1
97	177	-1
97	179	-1
97	180	-1
97	182	-1
97	183	-1
97	186	1
97	187	1
97	190	-1
97	195	1
97	196	-1
97	197	-1
97	199	1
97	203	1
97	205	-1
97	207	-1
97	210	-1
97	211	-1
97	213	-1
97	214	1
97	218	-1
97	219	1
97	220	-1
97	222	1
97	224	-1
97	225	-1
97	227	-1
97	228	-1
97	232	-1
97	237	-1
97	238	-1
97	239	1
97	240	-1
97	243	-1
97	245	-1
97	247	-1
97	250	1
97	251	1
97	252	1
97	254	1
97	256	1
97	259	1
97	264	-1
97	268	1
97	271	1
97	272	1
97	273	-1
97	274	-1
97	275	-1
97	277	-1
97	278	1
97	279	-1
97	280	1
97	282	1
97	283	1
97	287	-1
97	288	1
97	289	-1
97	294	1
97	296	1
97	297	-1
97	301	1
97	302	1
97	303	1
97	305	-1
97	307	-1
97	310	-1
97	311	1
97	314	1
97	315	-1
97	317	-1
97	318	1
97	321	1
97	322	1
97	323	1
97	324	1
97	325	1
97	326	1
97	329	-1
97	330	1
97	338	1
97	340	-1
97	342	1
97	344	1
97	345	-1
97	347	1
97	348	1
97	351	1
97	352	-1
97	353	-1
97	354	-1
97	355	1
97	358	-1
97	360	1
97	361	-1
97	362	-1
97	363	1
97	364	-1
97	371	-1
97	372	-1
97	373	-1
97	374	-1
97	375	1
97	376	1
97	377	-1
97	378	1
97	379	1
97	380	-1
97	382	1
97	383	-1
97	388	1
97	389	-1
97	390	-1
97	394	-1
97	395	-1
97	396	1
97	400	1
97	401	1
97	402	-1
97	403	-1
97	404	1
97	405	-1
97	406	1
97	407	-1
97	412	1
97	415	1
97	416	-1
97	420	1
97	422	1
97	423	1
97	425	1
97	428	-1
97	429	-1
97	431	1
97	433	1
97	436	-1
97	437	-1
97	438	-1
97	440	1
97	441	-1
97	442	1
97	443	1
97	444	1
97	445	1
97	447	-1
97	448	-1
97	449	-1
97	450	1
97	456	1
97	459	1
97	460	-1
97	463	1
97	464	1
97	466	-1
97	467	-1
97	468	-1
97	472	1
97	473	1
97	474	1
97	475	-1
97	479	1
97	482	1
97	485	1
97	486	1
97	487	1
97	490	-1
97	492	-1
97	493	1
97	494	-1
97	497	1
97	498	-1
97	499	-1
98	102	-1
98	105	1
98	106	1
98	109	1
98	113	-1
98	114	-1
98	116	-1
98	117	-1
98	118	-1
98	119	-1
98	120	1
98	124	-1
98	125	-1
98	127	1
98	130	-1
98	131	1
98	133	1
98	137	1
98	140	1
98	142	-1
98	143	-1
98	148	1
98	149	-1
98	151	-1
98	152	-1
98	155	1
98	156	-1
98	159	-1
98	160	-1
98	162	1
98	163	-1
98	166	1
98	167	1
98	171	-1
98	173	-1
98	180	-1
98	181	1
98	182	-1
98	184	1
98	186	-1
98	189	1
98	193	1
98	194	-1
98	198	1
98	199	1
98	202	1
98	203	-1
98	204	-1
98	206	1
98	208	-1
98	209	-1
98	213	1
98	214	1
98	215	-1
98	216	1
98	219	-1
98	220	-1
98	226	1
98	229	1
98	234	-1
98	235	1
98	236	-1
98	237	-1
98	239	-1
98	240	1
98	242	-1
98	243	-1
98	244	1
98	247	1
98	252	1
98	253	1
98	254	-1
98	257	1
98	258	1
98	263	-1
98	264	1
98	265	-1
98	266	1
98	267	-1
98	268	1
98	270	-1
98	271	1
98	274	1
98	275	1
98	278	-1
98	283	-1
98	285	-1
98	289	1
98	293	1
98	295	-1
98	298	1
98	303	-1
98	304	1
98	305	-1
98	307	1
98	309	1
98	318	1
98	319	1
98	320	-1
98	322	1
98	324	1
98	325	1
98	326	-1
98	329	1
98	333	-1
98	334	-1
98	336	1
98	338	1
98	339	-1
98	340	1
98	341	-1
98	343	-1
98	345	-1
98	346	1
98	347	1
98	348	-1
98	349	-1
98	352	-1
98	353	-1
98	356	-1
98	360	1
98	361	1
98	362	-1
98	364	1
98	367	1
98	368	1
98	369	1
98	370	-1
98	371	-1
98	372	1
98	373	-1
98	376	1
98	377	1
98	378	1
98	384	1
98	387	-1
98	388	1
98	390	1
98	396	1
98	397	-1
98	399	1
98	400	-1
98	405	-1
98	406	1
98	407	1
98	411	1
98	414	1
98	416	1
98	417	-1
98	421	1
98	425	-1
98	426	-1
98	427	1
98	428	1
98	431	1
98	435	-1
98	440	-1
98	441	-1
98	442	-1
98	443	-1
98	445	1
98	446	1
98	447	-1
98	448	1
98	449	1
98	451	1
98	452	1
98	459	1
98	460	1
98	466	1
98	467	-1
98	468	-1
98	470	-1
98	472	1
98	473	1
98	476	-1
98	482	-1
98	485	-1
98	487	1
98	489	-1
98	492	-1
98	493	1
98	494	-1
98	495	1
98	497	1
98	498	1
98	499	1
99	104	1
99	107	-1
99	110	-1
99	111	-1
99	116	-1
99	117	1
99	118	-1
99	119	1
99	121	1
99	122	1
99	123	1
99	124	1
99	127	1
99	128	-1
99	129	-1
99	135	1
99	136	1
99	139	-1
99	144	1
99	145	1
99	147	1
99	148	-1
99	149	-1
99	152	-1
99	154	1
99	156	1
99	159	1
99	160	1
99	162	1
99	165	1
99	167	-1
99	168	1
99	169	1
99	170	-1
99	176	-1
99	177	-1
99	178	1
99	181	-1
99	185	-1
99	186	1
99	187	1
99	188	-1
99	190	-1
99	191	1
99	194	-1
99	195	1
99	199	-1
99	201	1
99	203	-1
99	205	1
99	206	1
99	207	1
99	211	1
99	219	1
99	220	-1
99	224	1
99	227	-1
99	231	-1
99	232	-1
99	233	1
99	235	-1
99	237	-1
99	240	1
99	242	1
99	243	-1
99	248	1
99	250	-1
99	254	1
99	255	-1
99	258	-1
99	260	1
99	262	1
99	267	1
99	269	1
99	271	1
99	273	-1
99	275	-1
99	276	-1
99	279	-1
99	280	1
99	281	1
99	282	1
99	284	1
99	285	-1
99	287	-1
99	288	1
99	289	-1
99	290	1
99	291	-1
99	292	1
99	294	-1
99	295	1
99	296	1
99	299	-1
99	301	-1
99	303	1
99	305	1
99	306	-1
99	307	-1
99	308	1
99	310	1
99	311	-1
99	313	1
99	315	-1
99	316	-1
99	323	-1
99	324	-1
99	327	-1
99	329	-1
99	330	-1
99	334	1
99	335	-1
99	336	1
99	339	1
99	342	1
99	343	1
99	344	-1
99	345	1
99	346	1
99	348	-1
99	355	1
99	356	-1
99	357	1
99	358	1
99	359	-1
99	360	1
99	362	-1
99	365	-1
99	367	-1
99	369	-1
99	371	-1
99	372	-1
99	374	-1
99	376	-1
99	377	1
99	378	-1
99	381	1
99	382	-1
99	387	1
99	388	1
99	393	1
99	394	-1
99	395	1
99	397	1
99	400	-1
99	402	1
99	403	-1
99	404	1
99	408	1
99	410	-1
99	417	-1
99	419	-1
99	420	-1
99	422	1
99	424	1
99	426	1
99	431	-1
99	432	-1
99	433	1
99	434	-1
99	436	1
99	438	-1
99	439	-1
99	441	-1
99	443	-1
99	444	1
99	445	1
99	447	1
99	449	-1
99	452	-1
99	455	-1
99	458	-1
99	459	1
99	462	-1
99	463	-1
99	465	1
99	467	1
99	468	1
99	470	1
99	471	1
99	475	1
99	476	1
99	477	1
99	478	-1
99	479	1
99	480	1
99	483	-1
99	484	-1
99	487	-1
99	489	1
99	491	-1
99	493	1
99	495	1
99	497	-1
99	499	1
100	104	-1
100	108	-1
100	112	1
100	114	-1
100	115	1
100	116	1
100	118	-1
100	120	-1
100	125	-1
100	127	-1
100	128	1
100	130	-1
100	131	1
100	132	-1
100	133	1
100	136	1
100	140	1
100	141	-1
100	142	1
100	143	1
100	144	1
100	145	1
100	147	1
100	149	-1
100	151	-1
100	155	-1
100	156	1
100	162	-1
100	164	-1
100	167	-1
100	168	1
100	171	-1
100	172	-1
100	173	-1
100	174	1
100	175	1
100	176	1
100	177	-1
100	178	1
100	179	1
100	183	-1
100	184	1
100	188	1
100	190	-1
100	192	1
100	195	-1
100	196	-1
100	199	-1
100	200	1
100	202	1
100	204	1
100	205	1
100	206	-1
100	209	1
100	210	-1
100	213	-1
100	214	1
100	215	1
100	216	-1
100	217	1
100	219	1
100	221	1
100	224	1
100	226	1
100	228	-1
100	230	-1
100	232	1
100	235	-1
100	236	1
100	237	-1
100	238	-1
100	240	1
100	242	1
100	243	-1
100	244	-1
100	245	-1
100	247	-1
100	249	1
100	251	-1
100	252	1
100	254	1
100	259	1
100	260	1
100	262	1
100	263	1
100	267	1
100	269	-1
100	277	1
100	278	1
100	282	1
100	283	-1
100	285	1
100	286	1
100	287	1
100	289	1
100	296	-1
100	297	1
100	298	1
100	303	1
100	304	1
100	306	1
100	307	-1
100	313	-1
100	314	1
100	315	-1
100	316	-1
100	323	1
100	324	-1
100	325	1
100	329	-1
100	334	-1
100	335	-1
100	336	-1
100	342	-1
100	343	-1
100	345	-1
100	346	1
100	348	1
100	349	1
100	350	1
100	352	1
100	353	-1
100	356	-1
100	360	1
100	361	-1
100	362	1
100	366	1
100	372	-1
100	378	-1
100	389	-1
100	392	1
100	393	-1
100	394	-1
100	395	1
100	396	1
100	400	-1
100	401	1
100	402	1
100	403	-1
100	404	1
100	405	-1
100	408	1
100	409	-1
100	410	1
100	414	-1
100	415	1
100	416	1
100	419	-1
100	420	-1
100	423	-1
100	426	-1
100	431	1
100	432	-1
100	433	1
100	436	1
100	438	-1
100	440	-1
100	443	-1
100	444	-1
100	445	-1
100	446	1
100	448	-1
100	452	1
100	454	1
100	457	-1
100	459	1
100	461	1
100	471	1
100	472	-1
100	473	-1
100	477	-1
100	480	-1
100	482	1
100	483	1
100	485	1
100	489	-1
100	492	1
100	494	1
100	496	-1
100	498	-1
100	499	1
101	102	-1
101	103	1
101	105	1
101	107	1
101	108	1
101	109	1
101	111	1
101	112	-1
101	113	1
101	114	1
101	115	-1
101	116	-1
101	120	-1
101	121	1
101	124	-1
101	127	1
101	128	1
101	129	1
101	130	1
101	136	-1
101	138	1
101	139	1
101	144	-1
101	145	1
101	146	-1
101	149	-1
101	151	-1
101	154	1
101	155	1
101	156	-1
101	157	-1
101	158	1
101	162	-1
101	165	-1
101	167	1
101	171	-1
101	172	-1
101	173	1
101	174	1
101	175	1
101	176	1
101	179	-1
101	180	1
101	183	-1
101	184	-1
101	185	-1
101	186	-1
101	187	1
101	188	-1
101	189	-1
101	195	1
101	198	-1
101	199	1
101	200	-1
101	201	1
101	207	1
101	208	1
101	211	1
101	212	1
101	215	1
101	216	1
101	220	1
101	222	-1
101	224	1
101	226	-1
101	231	-1
101	232	-1
101	233	-1
101	234	-1
101	235	1
101	236	-1
101	237	1
101	242	1
101	243	1
101	245	1
101	246	-1
101	248	-1
101	251	1
101	253	1
101	254	-1
101	257	1
101	259	1
101	260	1
101	262	-1
101	263	1
101	266	1
101	272	1
101	273	1
101	274	1
101	275	-1
101	279	-1
101	282	1
101	283	1
101	286	-1
101	287	1
101	288	-1
101	292	1
101	293	-1
101	295	1
101	296	1
101	298	-1
101	299	-1
101	300	-1
101	301	-1
101	304	1
101	307	1
101	308	1
101	309	1
101	313	1
101	315	1
101	317	1
101	318	1
101	319	-1
101	326	1
101	328	-1
101	329	1
101	330	-1
101	331	-1
101	332	1
101	333	1
101	334	-1
101	335	-1
101	336	-1
101	337	1
101	338	-1
101	340	1
101	341	-1
101	344	-1
101	346	1
101	347	1
101	352	1
101	357	-1
101	359	1
101	361	-1
101	362	1
101	364	-1
101	369	1
101	370	1
101	371	1
101	376	-1
101	378	-1
101	379	-1
101	380	-1
101	382	-1
101	384	1
101	385	1
101	386	1
101	389	1
101	390	-1
101	391	1
101	392	1
101	393	1
101	399	-1
101	400	-1
101	401	1
101	402	-1
101	403	1
101	405	1
101	408	1
101	410	-1
101	412	-1
101	415	1
101	416	1
101	419	-1
101	421	1
101	423	1
101	424	-1
101	425	1
101	426	-1
101	427	1
101	428	-1
101	430	-1
101	432	-1
101	434	-1
101	435	1
101	437	1
101	439	-1
101	441	-1
101	443	1
101	444	1
101	446	1
101	447	1
101	448	1
101	450	-1
101	451	1
101	452	1
101	453	1
101	457	-1
101	458	1
101	460	-1
101	461	-1
101	462	1
101	463	-1
101	466	-1
101	467	1
101	468	1
101	473	-1
101	477	1
101	478	-1
101	481	1
101	482	-1
101	483	-1
101	484	-1
101	487	1
101	489	1
101	490	1
101	491	-1
101	492	-1
101	493	-1
101	496	1
102	103	1
102	104	-1
102	105	1
102	108	1
102	113	-1
102	116	-1
102	119	-1
102	121	-1
102	122	-1
102	123	-1
102	128	1
102	129	1
102	130	-1
102	131	1
102	134	-1
102	135	1
102	138	1
102	140	1
102	141	-1
102	143	1
102	145	-1
102	148	1
102	149	1
102	150	-1
102	151	1
102	154	1
102	156	-1
102	157	-1
102	162	-1
102	163	1
102	164	-1
102	165	-1
102	166	-1
102	167	1
102	168	-1
102	169	-1
102	177	1
102	179	1
102	182	1
102	185	1
102	186	-1
102	188	1
102	190	1
102	193	1
102	197	1
102	199	-1
102	200	-1
102	201	1
102	203	1
102	204	1
102	213	1
102	215	1
102	217	1
102	219	1
102	221	-1
102	226	-1
102	227	1
102	228	-1
102	229	1
102	230	1
102	231	1
102	233	1
102	235	-1
102	237	-1
102	241	1
102	242	-1
102	243	-1
102	244	1
102	245	1
102	247	-1
102	248	-1
102	249	1
102	250	-1
102	251	1
102	254	-1
102	255	-1
102	256	1
102	257	-1
102	259	1
102	261	-1
102	264	-1
102	266	1
102	267	1
102	268	-1
102	269	1
102	270	1
102	274	1
102	280	1
102	282	-1
102	283	1
102	284	-1
102	285	-1
102	286	1
102	287	-1
102	290	-1
102	294	1
102	295	1
102	298	1
102	307	1
102	308	1
102	314	-1
102	317	-1
102	319	1
102	320	-1
102	321	-1
102	322	1
102	323	-1
102	324	-1
102	325	1
102	329	1
102	330	-1
102	331	1
102	332	-1
102	334	-1
102	337	1
102	338	-1
102	339	1
102	341	-1
102	345	-1
102	347	1
102	349	1
102	357	-1
102	358	-1
102	361	1
102	362	-1
102	366	1
102	367	-1
102	368	1
102	369	-1
102	370	1
102	371	1
102	372	-1
102	373	-1
102	374	1
102	376	-1
102	377	1
102	379	1
102	381	-1
102	382	-1
102	383	-1
102	385	1
102	386	1
102	387	-1
102	389	1
102	392	1
102	393	1
102	398	-1
102	399	-1
102	400	-1
102	401	-1
102	404	-1
102	405	1
102	406	1
102	409	1
102	412	1
102	414	-1
102	417	1
102	422	-1
102	424	-1
102	425	1
102	427	-1
102	429	1
102	430	-1
102	433	-1
102	438	-1
102	441	1
102	445	1
102	447	-1
102	450	1
102	452	-1
102	455	-1
102	456	1
102	465	1
102	466	1
102	467	1
102	471	-1
102	472	-1
102	473	1
102	476	-1
102	477	-1
102	479	-1
102	481	1
102	483	1
102	486	-1
102	487	1
102	488	-1
102	489	-1
102	490	-1
102	492	1
102	494	-1
102	495	-1
103	105	1
103	107	1
103	108	1
103	112	-1
103	113	-1
103	116	-1
103	117	-1
103	119	-1
103	120	1
103	122	1
103	123	-1
103	125	1
103	129	-1
103	130	-1
103	131	-1
103	132	-1
103	133	-1
103	134	1
103	136	-1
103	139	-1
103	146	-1
103	147	-1
103	148	-1
103	150	-1
103	154	1
103	156	-1
103	159	-1
103	162	1
103	164	-1
103	166	1
103	167	1
103	170	1
103	171	1
103	173	1
103	175	1
103	176	-1
103	178	1
103	181	-1
103	182	-1
103	183	1
103	184	-1
103	185	1
103	187	1
103	188	-1
103	190	1
103	192	1
103	196	-1
103	198	-1
103	199	1
103	202	1
103	203	1
103	204	-1
103	205	-1
103	210	1
103	212	1
103	216	1
103	217	-1
103	218	-1
103	219	-1
103	221	1
103	223	1
103	224	1
103	225	1
103	228	-1
103	229	1
103	230	-1
103	233	1
103	235	1
103	237	-1
103	238	1
103	242	-1
103	245	-1
103	246	1
103	248	-1
103	249	-1
103	254	1
103	256	-1
103	257	-1
103	258	-1
103	259	1
103	264	1
103	266	-1
103	268	1
103	269	-1
103	270	-1
103	273	-1
103	274	1
103	275	-1
103	277	-1
103	278	1
103	283	1
103	286	-1
103	287	1
103	288	1
103	289	1
103	290	1
103	291	-1
103	293	1
103	295	1
103	297	1
103	299	1
103	300	1
103	301	1
103	302	-1
103	304	-1
103	305	1
103	308	-1
103	309	1
103	313	1
103	315	1
103	317	-1
103	319	-1
103	325	1
103	326	1
103	328	-1
103	330	1
103	331	-1
103	334	-1
103	336	1
103	338	-1
103	339	1
103	340	1
103	344	-1
103	346	-1
103	349	-1
103	351	1
103	352	-1
103	353	1
103	354	-1
103	356	1
103	358	1
103	361	-1
103	363	1
103	364	1
103	367	1
103	368	1
103	370	1
103	371	1
103	373	1
103	374	1
103	376	-1
103	377	-1
103	378	1
103	379	-1
103	383	-1
103	388	1
103	395	1
103	397	1
103	400	1
103	402	1
103	403	-1
103	404	-1
103	405	1
103	407	-1
103	413	1
103	415	-1
103	416	-1
103	418	1
103	420	-1
103	422	1
103	423	-1
103	424	-1
103	426	-1
103	429	1
103	430	1
103	434	1
103	436	1
103	437	-1
103	438	1
103	439	-1
103	441	1
103	442	1
103	443	1
103	445	1
103	446	1
103	447	-1
103	451	-1
103	452	-1
103	457	-1
103	460	-1
103	464	-1
103	465	-1
103	466	-1
103	467	1
103	468	1
103	469	-1
103	472	-1
103	475	-1
103	476	-1
103	479	1
103	480	-1
103	481	1
103	482	-1
103	483	-1
103	485	1
103	486	1
103	487	1
103	494	-1
103	499	-1
104	106	1
104	107	-1
104	108	1
104	110	-1
104	111	1
104	112	-1
104	114	-1
104	115	-1
104	116	-1
104	122	1
104	125	-1
104	127	-1
104	129	-1
104	131	1
104	132	1
104	135	1
104	139	-1
104	140	-1
104	141	-1
104	142	-1
104	144	-1
104	146	-1
104	147	1
104	149	1
104	150	1
104	151	-1
104	152	1
104	153	-1
104	156	1
104	158	-1
104	165	-1
104	168	1
104	171	-1
104	172	-1
104	173	1
104	175	1
104	176	-1
104	179	1
104	180	-1
104	182	1
104	184	-1
104	185	1
104	186	-1
104	187	1
104	189	-1
104	193	1
104	197	1
104	199	-1
104	201	-1
104	203	-1
104	206	1
104	208	-1
104	209	1
104	211	1
104	212	1
104	213	-1
104	217	-1
104	218	1
104	219	1
104	221	-1
104	222	-1
104	223	-1
104	224	1
104	228	-1
104	229	-1
104	230	-1
104	232	1
104	233	-1
104	234	-1
104	237	-1
104	240	1
104	241	-1
104	245	1
104	246	-1
104	248	-1
104	249	1
104	252	-1
104	253	-1
104	254	-1
104	255	-1
104	258	-1
104	260	-1
104	263	1
104	264	-1
104	267	1
104	269	1
104	273	1
104	276	1
104	277	-1
104	278	-1
104	284	1
104	288	1
104	290	1
104	291	1
104	293	1
104	294	-1
104	296	-1
104	299	1
104	300	-1
104	301	-1
104	303	1
104	305	-1
104	306	1
104	307	1
104	308	-1
104	309	-1
104	312	-1
104	313	1
104	314	-1
104	315	1
104	316	1
104	318	-1
104	324	-1
104	327	1
104	328	1
104	331	-1
104	333	1
104	334	-1
104	339	-1
104	340	1
104	341	-1
104	342	1
104	344	1
104	348	1
104	350	1
104	351	1
104	353	-1
104	356	1
104	361	1
104	362	1
104	363	1
104	365	1
104	366	-1
104	367	1
104	368	-1
104	369	-1
104	371	1
104	372	-1
104	375	1
104	376	1
104	378	-1
104	379	-1
104	381	-1
104	383	-1
104	385	-1
104	387	-1
104	393	1
104	394	1
104	396	-1
104	397	1
104	399	-1
104	401	1
104	402	1
104	403	1
104	405	1
104	410	1
104	413	1
104	414	1
104	416	-1
104	417	-1
104	419	-1
104	421	1
104	425	1
104	427	1
104	429	1
104	430	1
104	431	1
104	432	1
104	433	1
104	434	1
104	435	-1
104	437	1
104	441	-1
104	442	-1
104	444	1
104	450	-1
104	451	-1
104	453	-1
104	454	1
104	461	1
104	462	-1
104	463	1
104	464	-1
104	465	-1
104	466	1
104	467	1
104	468	1
104	469	1
104	470	-1
104	472	1
104	475	-1
104	476	-1
104	479	-1
104	480	-1
104	485	-1
104	486	-1
104	489	1
104	491	-1
104	492	1
104	493	-1
104	494	1
104	497	1
104	498	1
104	499	1
105	106	1
105	109	1
105	114	1
105	116	-1
105	117	-1
105	120	-1
105	121	1
105	122	-1
105	129	-1
105	131	-1
105	132	1
105	135	1
105	140	1
105	141	-1
105	142	1
105	144	-1
105	145	-1
105	147	1
105	150	-1
105	151	1
105	153	1
105	154	-1
105	157	1
105	162	1
105	164	-1
105	165	1
105	167	1
105	168	1
105	170	1
105	172	1
105	174	1
105	175	-1
105	176	1
105	177	1
105	178	-1
105	179	-1
105	180	1
105	181	1
105	184	-1
105	185	-1
105	187	-1
105	188	1
105	190	-1
105	191	-1
105	192	-1
105	194	-1
105	195	1
105	197	1
105	198	1
105	200	-1
105	202	-1
105	203	-1
105	204	-1
105	205	-1
105	211	1
105	212	-1
105	213	1
105	215	1
105	217	-1
105	220	1
105	224	1
105	231	-1
105	232	1
105	233	1
105	243	-1
105	244	1
105	245	-1
105	246	1
105	250	-1
105	252	1
105	254	-1
105	256	1
105	258	-1
105	259	1
105	260	1
105	261	1
105	262	1
105	263	-1
105	264	-1
105	266	-1
105	272	1
105	274	-1
105	277	-1
105	280	-1
105	282	-1
105	284	1
105	285	-1
105	286	-1
105	287	1
105	288	-1
105	289	1
105	291	-1
105	293	1
105	295	-1
105	297	-1
105	299	-1
105	300	-1
105	301	-1
105	303	1
105	305	1
105	307	-1
105	308	1
105	309	-1
105	310	1
105	312	1
105	315	-1
105	316	1
105	317	-1
105	318	-1
105	321	-1
105	323	-1
105	325	1
105	330	-1
105	334	1
105	335	-1
105	344	-1
105	347	1
105	348	-1
105	349	-1
105	351	1
105	352	-1
105	355	-1
105	356	1
105	357	-1
105	359	1
105	361	1
105	362	-1
105	364	1
105	368	-1
105	369	1
105	371	-1
105	374	-1
105	375	-1
105	377	1
105	379	-1
105	380	-1
105	384	1
105	388	1
105	391	-1
105	392	-1
105	396	1
105	399	1
105	401	-1
105	402	1
105	403	1
105	409	-1
105	411	-1
105	412	1
105	413	-1
105	414	-1
105	415	1
105	417	-1
105	420	1
105	422	1
105	423	1
105	424	-1
105	425	1
105	426	1
105	427	-1
105	428	-1
105	432	-1
105	437	-1
105	439	1
105	440	1
105	441	-1
105	447	-1
105	452	1
105	454	-1
105	456	1
105	458	-1
105	460	1
105	462	-1
105	464	1
105	466	-1
105	467	-1
105	469	1
105	470	-1
105	471	-1
105	472	1
105	473	-1
105	475	-1
105	479	1
105	481	-1
105	482	-1
105	485	1
105	486	-1
105	487	-1
105	488	-1
105	490	1
105	491	1
105	492	-1
105	493	-1
105	496	1
105	499	1
106	110	1
106	111	-1
106	112	1
106	114	1
106	115	-1
106	116	1
106	117	1
106	118	1
106	123	1
106	124	1
106	125	-1
106	128	1
106	130	1
106	132	1
106	136	-1
106	137	1
106	138	-1
106	139	1
106	140	-1
106	142	1
106	143	1
106	144	-1
106	147	1
106	148	1
106	150	-1
106	154	-1
106	155	-1
106	156	1
106	159	1
106	160	-1
106	163	1
106	164	1
106	165	1
106	170	1
106	173	-1
106	174	1
106	175	1
106	177	-1
106	178	1
106	181	1
106	184	1
106	190	1
106	191	1
106	197	1
106	200	-1
106	203	-1
106	205	-1
106	209	-1
106	210	1
106	212	1
106	213	1
106	214	1
106	215	1
106	217	-1
106	219	1
106	220	-1
106	222	1
106	224	1
106	230	1
106	231	-1
106	233	1
106	235	-1
106	237	1
106	238	-1
106	240	-1
106	242	1
106	243	1
106	249	-1
106	253	-1
106	254	1
106	255	1
106	263	-1
106	264	1
106	267	-1
106	269	-1
106	272	-1
106	274	-1
106	275	1
106	276	-1
106	277	1
106	278	1
106	281	-1
106	282	1
106	283	-1
106	284	-1
106	286	1
106	287	-1
106	290	-1
106	292	-1
106	293	1
106	294	1
106	296	-1
106	299	-1
106	300	-1
106	301	1
106	306	1
106	307	1
106	309	-1
106	311	-1
106	313	-1
106	314	1
106	316	-1
106	317	-1
106	320	-1
106	323	-1
106	327	1
106	328	-1
106	329	1
106	331	1
106	332	-1
106	333	1
106	334	1
106	335	1
106	336	1
106	339	-1
106	340	1
106	341	1
106	342	1
106	343	-1
106	346	1
106	347	1
106	351	1
106	352	1
106	353	-1
106	354	1
106	356	-1
106	358	-1
106	359	-1
106	364	1
106	366	1
106	367	1
106	370	-1
106	371	-1
106	372	-1
106	373	1
106	374	-1
106	376	-1
106	377	-1
106	378	-1
106	379	1
106	380	1
106	381	1
106	382	-1
106	383	1
106	384	1
106	386	-1
106	387	-1
106	391	1
106	392	-1
106	393	-1
106	396	1
106	397	1
106	398	1
106	399	1
106	400	-1
106	401	-1
106	403	1
106	404	1
106	406	-1
106	407	1
106	408	1
106	409	1
106	411	-1
106	415	-1
106	416	-1
106	417	1
106	418	-1
106	420	1
106	424	1
106	425	-1
106	427	1
106	428	1
106	430	1
106	432	-1
106	433	1
106	435	-1
106	437	1
106	438	-1
106	439	1
106	441	-1
106	446	-1
106	452	1
106	461	-1
106	463	1
106	464	1
106	465	-1
106	466	1
106	467	1
106	470	1
106	471	1
106	474	1
106	475	-1
106	476	1
106	478	1
106	479	-1
106	480	1
106	482	-1
106	486	1
106	492	-1
106	493	1
106	498	-1
106	499	1
107	109	-1
107	110	-1
107	111	-1
107	113	1
107	114	1
107	116	1
107	118	1
107	119	1
107	120	-1
107	123	1
107	124	1
107	125	-1
107	126	1
107	127	1
107	128	-1
107	129	1
107	130	1
107	131	1
107	134	1
107	135	-1
107	137	-1
107	140	-1
107	141	1
107	144	1
107	146	1
107	149	1
107	150	-1
107	151	-1
107	152	-1
107	157	1
107	159	-1
107	160	1
107	161	1
107	164	1
107	165	-1
107	169	-1
107	174	1
107	175	1
107	176	-1
107	177	1
107	179	1
107	181	-1
107	183	-1
107	184	-1
107	185	1
107	186	1
107	190	1
107	192	-1
107	194	-1
107	197	1
107	200	-1
107	202	-1
107	206	1
107	208	1
107	210	1
107	211	-1
107	212	1
107	213	-1
107	216	1
107	217	1
107	218	-1
107	221	1
107	224	-1
107	225	-1
107	227	-1
107	229	-1
107	230	1
107	231	1
107	232	1
107	233	1
107	236	1
107	237	-1
107	240	-1
107	244	1
107	248	1
107	249	-1
107	253	1
107	256	1
107	259	1
107	261	-1
107	262	-1
107	263	-1
107	265	1
107	269	1
107	270	1
107	272	1
107	273	1
107	274	-1
107	277	-1
107	279	1
107	283	1
107	284	-1
107	285	1
107	286	-1
107	287	-1
107	288	-1
107	289	-1
107	291	1
107	294	-1
107	296	-1
107	299	1
107	300	1
107	302	1
107	304	1
107	306	-1
107	308	1
107	311	-1
107	312	1
107	313	1
107	314	1
107	317	-1
107	318	1
107	319	1
107	320	1
107	322	-1
107	323	-1
107	328	-1
107	330	1
107	332	1
107	333	-1
107	340	-1
107	346	-1
107	347	-1
107	348	-1
107	350	1
107	351	-1
107	352	1
107	355	-1
107	358	-1
107	361	1
107	362	1
107	363	1
107	365	-1
107	371	1
107	375	1
107	377	1
107	380	-1
107	381	-1
107	384	-1
107	386	-1
107	387	-1
107	388	-1
107	390	1
107	392	1
107	395	1
107	396	-1
107	397	-1
107	398	1
107	399	1
107	405	1
107	411	-1
107	412	1
107	414	-1
107	415	1
107	417	-1
107	421	-1
107	423	1
107	428	-1
107	430	-1
107	432	-1
107	435	1
107	436	1
107	439	1
107	440	1
107	441	1
107	442	1
107	446	1
107	451	1
107	452	1
107	456	-1
107	459	1
107	460	1
107	461	-1
107	463	1
107	466	1
107	468	-1
107	469	-1
107	471	-1
107	472	-1
107	474	1
107	475	-1
107	477	1
107	481	1
107	483	1
107	484	1
107	485	1
107	486	-1
107	488	1
107	489	1
107	491	-1
107	494	-1
107	496	-1
107	498	-1
108	110	1
108	111	1
108	112	-1
108	113	-1
108	114	-1
108	116	-1
108	117	1
108	119	1
108	121	1
108	122	1
108	123	-1
108	127	-1
108	129	-1
108	130	-1
108	133	-1
108	136	-1
108	137	-1
108	138	-1
108	139	1
108	140	-1
108	143	1
108	144	1
108	145	-1
108	147	1
108	155	-1
108	156	1
108	157	1
108	161	1
108	162	1
108	164	-1
108	167	1
108	173	1
108	174	-1
108	177	-1
108	180	-1
108	182	1
108	183	-1
108	184	-1
108	186	-1
108	188	1
108	190	1
108	194	1
108	195	1
108	196	-1
108	197	1
108	207	-1
108	208	1
108	211	-1
108	212	-1
108	221	-1
108	223	1
108	224	1
108	225	-1
108	228	1
108	229	-1
108	231	-1
108	232	1
108	234	-1
108	237	1
108	238	1
108	241	-1
108	244	1
108	245	-1
108	248	1
108	250	1
108	257	1
108	259	-1
108	260	-1
108	261	-1
108	265	-1
108	266	-1
108	267	-1
108	268	-1
108	269	1
108	270	1
108	271	-1
108	272	1
108	273	1
108	274	-1
108	277	-1
108	279	-1
108	284	-1
108	285	-1
108	287	1
108	288	1
108	289	1
108	293	-1
108	295	-1
108	296	1
108	297	1
108	300	-1
108	301	-1
108	302	-1
108	303	1
108	307	-1
108	309	-1
108	313	-1
108	316	1
108	317	-1
108	318	-1
108	320	1
108	326	-1
108	327	1
108	328	-1
108	329	1
108	332	-1
108	333	1
108	337	1
108	339	1
108	341	-1
108	342	-1
108	347	1
108	348	-1
108	349	1
108	355	-1
108	356	-1
108	357	1
108	358	-1
108	360	-1
108	361	1
108	362	1
108	364	1
108	365	-1
108	367	-1
108	371	-1
108	372	-1
108	374	-1
108	377	-1
108	378	-1
108	379	-1
108	380	-1
108	382	1
108	384	-1
108	385	1
108	386	-1
108	390	1
108	393	1
108	395	1
108	396	1
108	398	-1
108	403	1
108	405	1
108	406	-1
108	407	1
108	411	-1
108	414	1
108	415	1
108	416	1
108	419	-1
108	421	1
108	423	1
108	427	-1
108	428	-1
108	431	-1
108	433	1
108	434	-1
108	435	-1
108	438	-1
108	439	-1
108	440	1
108	441	1
108	443	-1
108	445	-1
108	446	-1
108	447	-1
108	448	-1
108	450	-1
108	452	-1
108	455	-1
108	457	1
108	462	1
108	463	-1
108	465	1
108	466	-1
108	467	-1
108	468	1
108	470	-1
108	473	-1
108	475	1
108	476	-1
108	477	-1
108	482	-1
108	484	1
108	485	1
108	486	-1
108	488	-1
108	494	-1
108	495	1
108	496	-1
108	498	1
108	499	1
109	110	-1
109	111	-1
109	116	1
109	120	1
109	121	1
109	122	1
109	125	1
109	126	-1
109	127	1
109	130	-1
109	132	-1
109	133	1
109	135	1
109	137	1
109	142	-1
109	146	-1
109	150	1
109	151	1
109	152	1
109	153	1
109	154	1
109	155	1
109	156	1
109	158	1
109	159	1
109	162	1
109	166	1
109	169	-1
109	173	-1
109	174	-1
109	175	1
109	176	1
109	177	1
109	184	1
109	186	-1
109	188	1
109	191	-1
109	196	-1
109	198	-1
109	199	-1
109	201	-1
109	202	-1
109	204	1
109	205	-1
109	206	1
109	207	1
109	208	1
109	209	1
109	210	1
109	211	-1
109	213	1
109	214	1
109	215	-1
109	216	-1
109	217	-1
109	220	1
109	223	1
109	230	-1
109	231	-1
109	234	-1
109	235	1
109	236	1
109	239	-1
109	241	1
109	243	-1
109	245	1
109	246	-1
109	248	-1
109	250	-1
109	252	-1
109	253	-1
109	257	1
109	259	-1
109	260	-1
109	261	1
109	264	1
109	269	1
109	270	1
109	272	1
109	276	1
109	277	1
109	279	1
109	280	-1
109	282	1
109	283	1
109	286	1
109	287	-1
109	290	-1
109	292	1
109	293	1
109	294	1
109	296	-1
109	297	1
109	298	1
109	299	1
109	300	-1
109	302	1
109	306	1
109	308	-1
109	309	-1
109	313	-1
109	314	-1
109	315	1
109	318	1
109	319	1
109	321	-1
109	323	-1
109	326	-1
109	327	-1
109	329	1
109	330	1
109	333	1
109	334	-1
109	335	1
109	337	1
109	338	-1
109	341	-1
109	345	1
109	348	-1
109	350	1
109	351	-1
109	352	1
109	353	1
109	354	-1
109	355	-1
109	356	-1
109	358	1
109	363	1
109	366	-1
109	368	1
109	369	1
109	371	-1
109	374	-1
109	375	-1
109	376	1
109	377	1
109	378	-1
109	380	1
109	383	1
109	387	1
109	388	1
109	389	1
109	392	-1
109	393	1
109	396	1
109	401	1
109	403	-1
109	405	1
109	406	-1
109	408	-1
109	409	1
109	410	1
109	411	-1
109	413	1
109	414	-1
109	418	1
109	421	1
109	427	-1
109	428	1
109	437	1
109	438	-1
109	439	1
109	443	-1
109	453	-1
109	454	1
109	456	1
109	457	-1
109	458	-1
109	460	1
109	461	-1
109	462	-1
109	466	-1
109	469	1
109	470	-1
109	473	-1
109	475	-1
109	476	1
109	479	1
109	481	-1
109	482	-1
109	483	1
109	488	-1
109	490	-1
109	491	-1
109	493	1
109	494	1
109	495	-1
109	497	-1
110	111	1
110	112	-1
110	113	1
110	114	1
110	115	-1
110	116	1
110	118	1
110	119	1
110	123	1
110	127	-1
110	128	1
110	131	-1
110	137	1
110	140	-1
110	142	-1
110	143	-1
110	144	1
110	146	-1
110	150	-1
110	151	1
110	152	1
110	155	1
110	157	1
110	159	1
110	160	1
110	161	-1
110	162	1
110	163	1
110	164	-1
110	167	1
110	168	-1
110	171	1
110	172	-1
110	173	-1
110	175	1
110	176	-1
110	179	-1
110	181	1
110	182	-1
110	184	-1
110	187	1
110	188	-1
110	190	-1
110	192	-1
110	195	-1
110	196	1
110	197	1
110	200	1
110	201	1
110	202	1
110	203	-1
110	205	1
110	206	-1
110	207	-1
110	208	1
110	209	-1
110	210	-1
110	212	-1
110	213	1
110	215	1
110	216	1
110	217	-1
110	218	1
110	220	-1
110	221	-1
110	223	1
110	224	-1
110	225	1
110	227	1
110	228	-1
110	230	-1
110	236	-1
110	238	1
110	239	-1
110	240	1
110	241	1
110	242	1
110	243	1
110	245	-1
110	246	1
110	247	-1
110	248	-1
110	249	-1
110	250	1
110	253	1
110	257	-1
110	258	1
110	259	1
110	271	-1
110	279	-1
110	280	-1
110	281	-1
110	282	-1
110	283	-1
110	288	-1
110	289	1
110	290	1
110	292	-1
110	294	1
110	296	-1
110	297	-1
110	298	1
110	300	1
110	303	1
110	304	-1
110	305	-1
110	307	1
110	310	-1
110	311	-1
110	313	-1
110	314	1
110	315	1
110	316	-1
110	324	1
110	325	1
110	326	1
110	327	1
110	328	1
110	330	1
110	331	1
110	334	1
110	335	1
110	337	-1
110	339	1
110	340	1
110	342	1
110	345	-1
110	346	1
110	347	-1
110	348	1
110	349	1
110	353	-1
110	354	-1
110	355	1
110	357	-1
110	358	1
110	362	1
110	365	-1
110	366	1
110	368	1
110	369	-1
110	374	-1
110	375	1
110	376	-1
110	378	1
110	380	1
110	381	1
110	383	-1
110	384	1
110	386	-1
110	387	1
110	389	-1
110	392	1
110	394	-1
110	395	1
110	397	1
110	400	-1
110	402	-1
110	403	1
110	404	-1
110	406	-1
110	407	1
110	413	1
110	414	1
110	416	1
110	417	1
110	418	1
110	419	1
110	424	1
110	426	1
110	428	1
110	429	1
110	430	-1
110	431	1
110	432	1
110	433	-1
110	434	1
110	435	-1
110	436	-1
110	439	1
110	440	1
110	441	-1
110	442	1
110	443	1
110	445	1
110	446	1
110	447	-1
110	450	-1
110	452	-1
110	455	1
110	457	1
110	458	-1
110	459	1
110	461	-1
110	462	-1
110	463	1
110	467	1
110	468	1
110	471	1
110	472	1
110	473	1
110	474	-1
110	475	-1
110	476	1
110	478	1
110	479	1
110	480	-1
110	484	1
110	489	1
110	493	-1
110	495	-1
110	497	-1
110	498	1
110	499	-1
111	112	-1
111	113	-1
111	115	1
111	116	-1
111	117	-1
111	118	1
111	119	-1
111	121	-1
111	123	-1
111	124	1
111	127	-1
111	130	1
111	132	1
111	135	1
111	137	1
111	138	-1
111	141	-1
111	142	1
111	143	1
111	145	1
111	147	1
111	149	-1
111	150	1
111	151	1
111	158	-1
111	159	-1
111	160	1
111	161	1
111	163	1
111	166	1
111	168	1
111	169	-1
111	171	1
111	175	-1
111	180	1
111	183	1
111	184	1
111	186	-1
111	189	-1
111	194	-1
111	199	1
111	201	1
111	208	-1
111	209	-1
111	210	-1
111	212	-1
111	213	-1
111	217	1
111	218	1
111	220	1
111	221	-1
111	224	-1
111	226	1
111	228	1
111	229	1
111	230	-1
111	231	-1
111	237	1
111	242	1
111	247	-1
111	249	-1
111	250	1
111	251	1
111	253	1
111	255	1
111	258	-1
111	261	-1
111	262	1
111	266	1
111	267	-1
111	268	-1
111	270	-1
111	271	-1
111	272	-1
111	273	1
111	274	-1
111	275	-1
111	278	1
111	279	-1
111	281	-1
111	282	-1
111	283	1
111	285	1
111	292	1
111	293	1
111	294	-1
111	295	1
111	296	1
111	297	-1
111	300	-1
111	303	-1
111	304	1
111	305	1
111	308	-1
111	309	-1
111	314	1
111	319	-1
111	320	1
111	322	-1
111	323	1
111	325	1
111	331	1
111	333	-1
111	334	-1
111	335	1
111	336	1
111	338	1
111	340	1
111	341	1
111	342	-1
111	344	1
111	345	-1
111	348	1
111	349	1
111	350	-1
111	351	-1
111	354	-1
111	359	-1
111	360	-1
111	361	1
111	362	1
111	363	-1
111	364	1
111	365	-1
111	366	-1
111	367	1
111	369	-1
111	371	-1
111	372	-1
111	375	-1
111	376	-1
111	378	1
111	379	1
111	382	1
111	384	1
111	385	1
111	386	-1
111	388	-1
111	389	-1
111	390	-1
111	391	1
111	396	1
111	397	1
111	398	1
111	401	1
111	406	-1
111	408	-1
111	411	1
111	412	-1
111	413	-1
111	418	1
111	419	1
111	422	-1
111	423	1
111	424	1
111	425	1
111	426	1
111	427	-1
111	428	-1
111	430	-1
111	431	1
111	435	1
111	436	-1
111	437	1
111	441	-1
111	442	-1
111	443	1
111	444	1
111	445	1
111	447	-1
111	448	1
111	450	1
111	451	-1
111	456	1
111	457	1
111	460	1
111	465	1
111	467	-1
111	468	-1
111	470	1
111	471	1
111	472	-1
111	473	1
111	481	1
111	482	-1
111	484	-1
111	489	1
111	491	1
111	492	-1
111	493	1
111	494	-1
111	495	-1
111	496	-1
112	113	-1
112	114	1
112	116	1
112	120	1
112	122	1
112	124	-1
112	125	-1
112	128	1
112	138	1
112	139	1
112	140	-1
112	141	-1
112	142	1
112	145	1
112	146	1
112	147	-1
112	148	1
112	149	1
112	152	-1
112	156	-1
112	157	-1
112	159	1
112	160	1
112	162	1
112	163	1
112	164	-1
112	165	-1
112	166	-1
112	167	-1
112	168	-1
112	169	-1
112	170	-1
112	171	1
112	172	1
112	173	1
112	179	1
112	181	1
112	182	-1
112	183	1
112	185	-1
112	186	-1
112	187	1
112	188	-1
112	193	1
112	194	-1
112	196	-1
112	203	1
112	206	1
112	207	1
112	208	1
112	210	1
112	211	-1
112	212	-1
112	213	1
112	214	-1
112	216	-1
112	219	-1
112	220	1
112	222	-1
112	224	-1
112	226	-1
112	227	1
112	228	-1
112	229	-1
112	230	-1
112	231	1
112	234	1
112	236	1
112	239	1
112	241	-1
112	245	-1
112	246	1
112	247	-1
112	250	-1
112	252	1
112	253	-1
112	254	-1
112	257	-1
112	258	-1
112	262	-1
112	263	1
112	265	-1
112	266	-1
112	268	1
112	271	1
112	273	1
112	275	-1
112	278	1
112	279	-1
112	281	1
112	282	1
112	283	1
112	287	1
112	288	1
112	289	1
112	290	1
112	292	-1
112	293	-1
112	296	-1
112	299	-1
112	300	1
112	301	1
112	302	-1
112	304	-1
112	306	1
112	307	-1
112	308	1
112	310	-1
112	312	-1
112	313	1
112	317	1
112	320	1
112	321	1
112	324	1
112	325	1
112	326	1
112	327	-1
112	331	1
112	332	1
112	333	1
112	337	-1
112	339	1
112	341	1
112	343	1
112	344	1
112	345	-1
112	347	-1
112	348	-1
112	349	1
112	353	-1
112	355	-1
112	356	-1
112	358	-1
112	359	1
112	361	-1
112	364	1
112	365	-1
112	368	-1
112	369	-1
112	370	1
112	372	1
112	375	1
112	376	1
112	377	1
112	378	-1
112	379	1
112	380	-1
112	381	-1
112	384	-1
112	387	-1
112	392	-1
112	393	-1
112	395	-1
112	397	-1
112	398	-1
112	399	1
112	401	1
112	405	1
112	406	-1
112	407	-1
112	413	1
112	414	-1
112	415	1
112	416	1
112	418	-1
112	423	-1
112	428	-1
112	429	1
112	431	1
112	432	-1
112	434	-1
112	435	1
112	436	-1
112	437	1
112	438	-1
112	441	-1
112	442	1
112	444	-1
112	445	1
112	446	1
112	448	-1
112	449	1
112	453	1
112	458	-1
112	468	-1
112	470	1
112	472	1
112	473	1
112	474	1
112	476	-1
112	478	1
112	479	1
112	480	1
112	483	1
112	484	-1
112	486	1
112	487	-1
112	488	-1
112	489	1
112	490	-1
112	493	1
112	494	1
112	499	-1
113	114	-1
113	115	-1
113	116	-1
113	117	-1
113	118	1
113	119	1
113	120	-1
113	121	-1
113	122	-1
113	124	1
113	125	-1
113	126	1
113	127	-1
113	129	1
113	130	1
113	131	1
113	132	1
113	134	1
113	135	1
113	139	1
113	141	-1
113	147	-1
113	148	-1
113	150	1
113	151	1
113	152	1
113	156	1
113	158	-1
113	160	-1
113	161	-1
113	162	1
113	164	1
113	165	-1
113	166	-1
113	167	-1
113	169	-1
113	170	-1
113	173	-1
113	176	1
113	177	1
113	178	1
113	181	-1
113	183	1
113	187	1
113	194	-1
113	197	1
113	199	-1
113	202	-1
113	203	1
113	205	1
113	206	1
113	210	-1
113	213	-1
113	214	-1
113	215	1
113	216	1
113	218	-1
113	224	-1
113	225	1
113	226	1
113	228	-1
113	229	1
113	230	-1
113	231	1
113	232	-1
113	233	1
113	235	-1
113	239	1
113	243	1
113	244	1
113	248	1
113	249	1
113	250	1
113	253	-1
113	254	1
113	255	-1
113	256	1
113	259	-1
113	261	1
113	263	1
113	270	-1
113	271	1
113	273	-1
113	274	-1
113	275	-1
113	276	1
113	280	1
113	281	-1
113	283	-1
113	284	-1
113	285	1
113	287	1
113	288	-1
113	289	-1
113	290	-1
113	291	1
113	292	-1
113	293	1
113	294	-1
113	295	-1
113	296	1
113	300	1
113	305	-1
113	306	-1
113	312	-1
113	313	-1
113	317	1
113	319	-1
113	320	-1
113	322	1
113	328	1
113	329	1
113	330	1
113	331	-1
113	332	-1
113	335	1
113	336	1
113	337	1
113	339	1
113	340	1
113	341	1
113	343	-1
113	344	-1
113	348	-1
113	350	-1
113	351	-1
113	353	1
113	355	-1
113	356	-1
113	357	1
113	358	-1
113	359	1
113	363	1
113	368	1
113	369	-1
113	372	1
113	373	-1
113	374	-1
113	375	-1
113	376	1
113	377	-1
113	382	-1
113	384	1
113	385	1
113	386	-1
113	389	1
113	391	-1
113	393	-1
113	394	1
113	395	1
113	396	1
113	399	-1
113	400	1
113	401	1
113	402	-1
113	403	-1
113	404	1
113	405	-1
113	408	-1
113	409	1
113	410	-1
113	411	-1
113	415	-1
113	417	1
113	421	1
113	425	-1
113	427	1
113	429	-1
113	431	-1
113	433	1
113	436	1
113	437	-1
113	442	1
113	444	-1
113	446	-1
113	448	-1
113	452	-1
113	453	-1
113	454	-1
113	456	-1
113	458	-1
113	464	-1
113	465	1
113	466	1
113	467	-1
113	469	-1
113	473	-1
113	474	-1
113	475	-1
113	477	-1
113	482	1
113	483	1
113	485	-1
113	490	-1
113	491	-1
113	492	-1
113	495	-1
113	496	-1
113	498	1
114	116	-1
114	119	-1
114	122	1
114	124	-1
114	125	1
114	126	-1
114	131	1
114	135	-1
114	136	1
114	138	1
114	140	-1
114	142	1
114	146	-1
114	147	-1
114	148	1
114	152	-1
114	154	1
114	156	1
114	157	1
114	161	-1
114	163	1
114	170	1
114	171	1
114	176	1
114	178	-1
114	179	-1
114	180	1
114	181	1
114	182	1
114	183	1
114	189	1
114	191	-1
114	192	-1
114	193	-1
114	196	-1
114	197	-1
114	201	1
114	204	1
114	205	-1
114	206	1
114	208	1
114	209	-1
114	210	1
114	211	-1
114	213	1
114	218	1
114	222	1
114	225	1
114	226	-1
114	228	1
114	229	-1
114	231	-1
114	232	-1
114	233	-1
114	234	-1
114	239	-1
114	240	-1
114	243	1
114	248	-1
114	250	-1
114	251	-1
114	253	-1
114	255	-1
114	257	-1
114	258	-1
114	260	1
114	262	1
114	264	-1
114	265	1
114	266	1
114	268	1
114	269	1
114	270	-1
114	271	-1
114	272	1
114	273	1
114	274	-1
114	275	1
114	277	-1
114	280	1
114	283	1
114	285	-1
114	286	-1
114	287	-1
114	288	1
114	289	1
114	290	1
114	293	1
114	294	-1
114	295	1
114	298	1
114	299	1
114	301	1
114	302	1
114	303	1
114	304	-1
114	305	-1
114	306	-1
114	314	-1
114	315	1
114	316	1
114	318	-1
114	319	-1
114	320	-1
114	322	1
114	327	-1
114	330	-1
114	331	-1
114	332	1
114	333	1
114	334	1
114	338	-1
114	340	1
114	341	1
114	343	-1
114	347	-1
114	348	1
114	353	-1
114	355	1
114	356	-1
114	357	1
114	358	-1
114	359	1
114	360	-1
114	362	1
114	367	-1
114	369	1
114	370	-1
114	371	-1
114	372	1
114	378	1
114	383	-1
114	384	1
114	386	-1
114	387	1
114	389	-1
114	390	1
114	392	-1
114	395	1
114	396	-1
114	397	1
114	398	-1
114	399	-1
114	400	-1
114	401	1
114	407	1
114	408	-1
114	409	-1
114	410	-1
114	411	1
114	413	1
114	414	-1
114	415	1
114	418	-1
114	420	1
114	421	-1
114	422	-1
114	423	1
114	425	-1
114	426	1
114	427	-1
114	429	1
114	430	1
114	431	1
114	432	1
114	433	-1
114	436	1
114	439	1
114	440	-1
114	442	-1
114	445	-1
114	451	-1
114	453	1
114	455	1
114	456	-1
114	457	1
114	459	-1
114	469	1
114	470	1
114	471	-1
114	472	1
114	473	1
114	474	1
114	475	1
114	478	-1
114	480	-1
114	482	-1
114	483	1
114	488	-1
114	489	-1
114	494	-1
114	496	-1
114	497	-1
114	498	1
114	499	1
115	116	-1
115	122	-1
115	123	-1
115	125	-1
115	126	-1
115	129	1
115	130	-1
115	131	1
115	132	-1
115	133	-1
115	135	-1
115	136	-1
115	137	-1
115	139	1
115	142	-1
115	146	-1
115	147	-1
115	150	-1
115	155	1
115	156	-1
115	157	-1
115	159	1
115	160	-1
115	163	1
115	164	1
115	166	1
115	167	-1
115	168	-1
115	169	1
115	172	-1
115	173	1
115	175	-1
115	178	1
115	179	-1
115	182	-1
115	183	-1
115	184	1
115	186	1
115	187	1
115	190	1
115	192	-1
115	193	1
115	194	-1
115	195	-1
115	197	-1
115	199	1
115	200	1
115	201	1
115	204	1
115	210	-1
115	212	-1
115	213	-1
115	214	-1
115	215	-1
115	216	-1
115	218	-1
115	219	-1
115	220	-1
115	222	-1
115	224	1
115	229	1
115	241	1
115	242	-1
115	243	1
115	244	1
115	248	-1
115	252	-1
115	255	1
115	256	1
115	258	1
115	262	1
115	263	1
115	264	-1
115	265	-1
115	266	1
115	267	-1
115	268	-1
115	269	1
115	271	1
115	274	-1
115	277	1
115	279	-1
115	280	-1
115	281	-1
115	287	-1
115	289	-1
115	290	1
115	291	-1
115	292	1
115	294	1
115	296	-1
115	297	-1
115	298	1
115	301	-1
115	303	1
115	304	1
115	305	1
115	309	-1
115	311	-1
115	312	-1
115	317	-1
115	318	-1
115	319	-1
115	320	-1
115	321	1
115	323	-1
115	324	-1
115	325	-1
115	326	1
115	327	-1
115	328	-1
115	331	1
115	333	1
115	334	1
115	335	1
115	336	-1
115	340	1
115	342	-1
115	343	-1
115	346	1
115	348	-1
115	349	-1
115	350	1
115	356	-1
115	358	1
115	359	-1
115	363	1
115	365	-1
115	366	-1
115	370	-1
115	371	1
115	375	-1
115	376	1
115	377	1
115	382	1
115	383	-1
115	384	1
115	385	-1
115	390	-1
115	393	-1
115	394	1
115	399	-1
115	400	1
115	402	1
115	405	-1
115	406	-1
115	407	-1
115	408	1
115	409	1
115	410	1
115	411	1
115	413	-1
115	414	1
115	420	1
115	421	-1
115	422	1
115	425	-1
115	426	-1
115	427	1
115	428	-1
115	430	-1
115	431	1
115	438	-1
115	439	-1
115	442	1
115	445	-1
115	447	-1
115	449	-1
115	452	1
115	453	1
115	454	1
115	457	-1
115	458	-1
115	459	-1
115	460	1
115	463	1
115	464	-1
115	466	-1
115	471	1
115	472	1
115	481	1
115	482	-1
115	485	1
115	486	-1
115	493	-1
115	494	1
115	498	1
116	117	1
116	118	-1
116	119	1
116	120	1
116	121	-1
116	122	1
116	123	1
116	125	-1
116	127	1
116	128	1
116	129	-1
116	130	-1
116	131	1
116	132	1
116	133	1
116	137	1
116	138	1
116	139	1
116	143	1
116	145	-1
116	149	1
116	151	-1
116	153	-1
116	154	-1
116	155	1
116	156	1
116	157	-1
116	158	1
116	160	-1
116	164	-1
116	169	1
116	170	1
116	171	1
116	173	-1
116	174	1
116	176	1
116	183	1
116	184	1
116	185	1
116	186	-1
116	191	-1
116	197	-1
116	199	-1
116	200	1
116	201	1
116	203	1
116	205	-1
116	207	-1
116	221	1
116	223	-1
116	224	-1
116	225	1
116	226	-1
116	228	-1
116	229	-1
116	231	1
116	232	-1
116	235	1
116	236	-1
116	238	1
116	239	1
116	240	-1
116	242	-1
116	243	1
116	246	-1
116	248	1
116	249	1
116	251	1
116	253	-1
116	254	1
116	255	-1
116	256	-1
116	257	-1
116	259	1
116	260	-1
116	262	-1
116	265	-1
116	267	1
116	269	1
116	270	1
116	271	1
116	278	1
116	279	-1
116	281	-1
116	282	-1
116	285	1
116	286	1
116	288	-1
116	293	-1
116	294	1
116	298	1
116	301	-1
116	303	1
116	304	-1
116	305	-1
116	306	-1
116	309	1
116	310	-1
116	312	1
116	313	-1
116	318	-1
116	319	1
116	321	-1
116	322	-1
116	323	1
116	326	-1
116	328	1
116	329	1
116	330	-1
116	332	1
116	334	1
116	336	1
116	338	1
116	340	1
116	341	-1
116	342	-1
116	343	-1
116	345	1
116	346	-1
116	347	1
116	351	1
116	353	1
116	354	1
116	355	1
116	356	1
116	357	-1
116	364	-1
116	365	-1
116	368	-1
116	372	-1
116	374	-1
116	375	1
116	376	1
116	378	-1
116	379	-1
116	380	1
116	381	-1
116	383	1
116	384	1
116	385	-1
116	386	1
116	388	-1
116	389	1
116	391	-1
116	396	-1
116	401	-1
116	402	1
116	403	1
116	404	-1
116	405	1
116	407	-1
116	416	1
116	418	1
116	421	-1
116	423	1
116	427	-1
116	428	-1
116	429	-1
116	432	1
116	433	-1
116	435	-1
116	438	1
116	441	-1
116	442	-1
116	446	-1
116	448	-1
116	449	1
116	450	-1
116	452	1
116	453	1
116	455	-1
116	456	-1
116	457	-1
116	459	-1
116	460	1
116	462	1
116	466	1
116	467	-1
116	471	1
116	472	1
116	473	-1
116	474	-1
116	476	1
116	477	1
116	481	1
116	486	-1
116	489	1
116	490	-1
116	491	-1
116	492	-1
116	495	1
116	497	-1
116	498	-1
116	499	1
117	118	1
117	120	-1
117	121	1
117	123	-1
117	124	-1
117	126	-1
117	127	1
117	131	1
117	132	1
117	133	-1
117	134	-1
117	136	-1
117	140	1
117	141	1
117	142	1
117	143	1
117	144	1
117	145	1
117	148	-1
117	149	1
117	150	1
117	152	1
117	153	-1
117	156	1
117	158	-1
117	159	1
117	161	1
117	163	1
117	168	1
117	169	1
117	171	-1
117	174	1
117	178	-1
117	179	-1
117	180	-1
117	182	1
117	183	1
117	186	1
117	187	-1
117	188	1
117	192	-1
117	195	1
117	196	1
117	197	-1
117	198	1
117	199	-1
117	200	-1
117	201	-1
117	202	-1
117	203	1
117	205	-1
117	207	1
117	209	1
117	211	-1
117	213	-1
117	214	1
117	215	1
117	216	-1
117	218	1
117	221	-1
117	226	1
117	228	-1
117	229	-1
117	230	-1
117	231	1
117	233	1
117	235	-1
117	237	-1
117	238	-1
117	239	-1
117	240	1
117	244	-1
117	245	1
117	246	1
117	247	1
117	249	-1
117	251	1
117	252	1
117	253	1
117	256	1
117	257	1
117	259	1
117	260	1
117	262	-1
117	263	1
117	269	-1
117	274	-1
117	275	-1
117	276	-1
117	277	1
117	279	1
117	280	1
117	282	-1
117	286	-1
117	287	1
117	297	-1
117	299	-1
117	301	1
117	303	-1
117	304	1
117	305	1
117	307	-1
117	308	1
117	311	1
117	314	-1
117	318	1
117	319	-1
117	320	-1
117	321	1
117	325	1
117	328	1
117	329	1
117	330	1
117	333	1
117	335	-1
117	337	1
117	338	1
117	339	1
117	340	1
117	341	1
117	342	1
117	344	1
117	345	1
117	348	1
117	349	-1
117	350	1
117	351	-1
117	352	-1
117	356	1
117	357	-1
117	358	-1
117	361	-1
117	363	-1
117	369	-1
117	371	1
117	375	1
117	378	-1
117	381	1
117	382	-1
117	383	-1
117	386	-1
117	387	1
117	390	-1
117	391	1
117	392	-1
117	395	1
117	397	-1
117	399	1
117	400	1
117	402	-1
117	403	1
117	404	-1
117	407	-1
117	414	1
117	418	-1
117	420	1
117	421	-1
117	423	-1
117	425	-1
117	427	-1
117	431	1
117	432	-1
117	435	-1
117	436	1
117	437	1
117	439	1
117	441	1
117	442	-1
117	443	1
117	447	1
117	454	1
117	457	1
117	458	-1
117	459	-1
117	461	1
117	462	-1
117	463	-1
117	464	1
117	465	-1
117	468	1
117	469	-1
117	470	-1
117	475	1
117	476	1
117	479	-1
117	480	-1
117	481	1
117	482	1
117	483	1
117	484	1
117	485	1
117	486	-1
117	487	1
117	488	1
117	489	1
117	491	1
117	492	-1
117	493	-1
117	494	-1
117	496	1
117	497	-1
118	121	-1
118	122	1
118	123	1
118	126	-1
118	128	1
118	131	-1
118	132	-1
118	133	-1
118	134	1
118	142	-1
118	144	1
118	146	1
118	147	-1
118	150	-1
118	152	-1
118	156	-1
118	158	1
118	163	1
118	164	-1
118	166	1
118	172	1
118	173	-1
118	174	1
118	178	1
118	184	1
118	185	1
118	186	1
118	187	-1
118	193	1
118	194	1
118	195	1
118	198	1
118	201	1
118	205	1
118	207	1
118	210	-1
118	211	1
118	212	-1
118	213	-1
118	214	-1
118	217	1
118	218	-1
118	219	-1
118	220	1
118	223	-1
118	228	-1
118	230	1
118	231	-1
118	234	1
118	235	1
118	236	1
118	237	1
118	238	1
118	241	1
118	243	1
118	244	-1
118	245	-1
118	250	-1
118	251	1
118	253	1
118	255	-1
118	256	-1
118	257	-1
118	258	-1
118	260	-1
118	261	1
118	262	-1
118	263	1
118	264	1
118	265	1
118	268	-1
118	269	-1
118	272	1
118	273	1
118	274	-1
118	275	1
118	276	1
118	277	-1
118	279	-1
118	281	1
118	282	1
118	284	1
118	285	1
118	288	1
118	289	1
118	290	1
118	292	1
118	293	1
118	294	-1
118	295	-1
118	296	-1
118	301	-1
118	302	-1
118	303	1
118	304	1
118	305	-1
118	306	1
118	307	1
118	310	1
118	313	1
118	315	1
118	316	1
118	320	1
118	321	-1
118	322	1
118	323	-1
118	324	-1
118	331	-1
118	333	-1
118	337	1
118	339	-1
118	340	-1
118	342	1
118	343	-1
118	344	1
118	345	-1
118	346	-1
118	347	1
118	350	-1
118	351	-1
118	352	1
118	353	1
118	354	-1
118	356	1
118	357	-1
118	365	1
118	367	1
118	371	-1
118	375	-1
118	376	-1
118	379	1
118	382	-1
118	384	-1
118	385	1
118	392	-1
118	394	-1
118	395	1
118	400	1
118	401	1
118	402	-1
118	406	1
118	407	-1
118	409	1
118	411	1
118	413	1
118	414	-1
118	415	1
118	416	1
118	420	-1
118	421	-1
118	422	1
118	424	1
118	428	-1
118	430	1
118	431	-1
118	432	1
118	434	1
118	435	-1
118	437	1
118	439	-1
118	441	1
118	442	1
118	444	1
118	448	-1
118	449	-1
118	454	-1
118	456	1
118	457	-1
118	458	1
118	461	1
118	462	1
118	463	1
118	464	1
118	465	1
118	471	-1
118	477	1
118	478	1
118	479	1
118	482	-1
118	486	-1
118	488	-1
118	489	-1
118	491	-1
118	495	-1
118	496	1
118	499	1
119	120	1
119	121	1
119	123	1
119	124	1
119	125	1
119	126	-1
119	129	-1
119	131	1
119	132	1
119	134	1
119	135	1
119	139	1
119	141	1
119	144	-1
119	146	-1
119	150	1
119	151	1
119	153	-1
119	154	-1
119	158	1
119	160	-1
119	161	-1
119	162	-1
119	166	-1
119	168	1
119	169	-1
119	170	1
119	171	-1
119	172	-1
119	174	-1
119	176	-1
119	177	-1
119	178	1
119	181	-1
119	187	-1
119	188	-1
119	192	1
119	196	-1
119	198	1
119	201	-1
119	205	-1
119	207	1
119	208	-1
119	214	-1
119	215	-1
119	217	-1
119	218	-1
119	219	1
119	220	-1
119	221	1
119	222	-1
119	224	1
119	225	-1
119	226	-1
119	227	-1
119	229	-1
119	231	-1
119	239	1
119	240	1
119	241	1
119	247	-1
119	249	1
119	252	1
119	255	-1
119	262	-1
119	265	1
119	266	1
119	267	-1
119	268	1
119	269	-1
119	274	1
119	275	-1
119	276	1
119	277	-1
119	279	-1
119	280	1
119	284	-1
119	286	-1
119	287	1
119	288	1
119	290	-1
119	291	1
119	292	-1
119	294	-1
119	295	1
119	297	1
119	301	1
119	305	-1
119	306	1
119	307	-1
119	310	1
119	311	-1
119	312	1
119	316	-1
119	319	-1
119	321	1
119	323	1
119	325	1
119	329	-1
119	332	-1
119	334	-1
119	336	1
119	337	1
119	338	-1
119	339	-1
119	341	1
119	346	-1
119	348	-1
119	349	1
119	350	1
119	353	1
119	354	-1
119	358	1
119	359	-1
119	365	-1
119	366	-1
119	368	-1
119	370	1
119	371	-1
119	373	-1
119	374	1
119	375	1
119	377	-1
119	378	1
119	380	-1
119	381	1
119	385	1
119	386	-1
119	389	1
119	391	1
119	394	-1
119	395	1
119	396	-1
119	398	-1
119	400	-1
119	403	1
119	404	-1
119	405	-1
119	408	-1
119	412	-1
119	413	-1
119	414	-1
119	415	-1
119	416	1
119	417	1
119	418	1
119	420	-1
119	422	1
119	424	-1
119	425	1
119	431	1
119	433	1
119	435	-1
119	437	1
119	438	-1
119	439	-1
119	441	1
119	442	-1
119	445	1
119	446	1
119	447	-1
119	449	1
119	450	1
119	452	1
119	454	1
119	456	-1
119	458	1
119	459	1
119	461	1
119	464	-1
119	466	-1
119	467	-1
119	470	1
119	471	-1
119	472	1
119	475	1
119	477	1
119	478	-1
119	480	-1
119	481	-1
119	482	1
119	483	-1
119	486	1
119	487	1
119	488	-1
119	493	1
119	498	-1
119	499	-1
120	123	-1
120	125	1
120	127	1
120	129	-1
120	130	1
120	131	1
120	133	1
120	134	1
120	135	1
120	138	1
120	139	1
120	141	-1
120	143	1
120	144	1
120	146	-1
120	148	1
120	149	-1
120	151	-1
120	155	1
120	156	-1
120	158	-1
120	161	-1
120	162	1
120	163	-1
120	164	1
120	167	1
120	168	-1
120	180	1
120	182	-1
120	185	-1
120	186	-1
120	188	1
120	189	1
120	191	1
120	193	-1
120	194	1
120	195	1
120	197	-1
120	200	-1
120	201	1
120	202	1
120	204	1
120	205	-1
120	208	1
120	209	-1
120	210	-1
120	211	1
120	212	1
120	214	1
120	215	1
120	218	1
120	219	1
120	220	1
120	222	-1
120	223	1
120	227	1
120	230	1
120	232	-1
120	234	1
120	236	1
120	237	-1
120	238	1
120	239	1
120	240	-1
120	242	1
120	243	1
120	244	1
120	245	-1
120	246	1
120	249	1
120	251	1
120	252	1
120	254	1
120	256	-1
120	257	1
120	259	1
120	260	1
120	262	-1
120	263	-1
120	267	-1
120	269	-1
120	271	1
120	273	1
120	274	-1
120	275	1
120	277	1
120	278	-1
120	280	1
120	281	1
120	282	1
120	283	1
120	285	1
120	286	1
120	287	-1
120	288	1
120	289	1
120	290	-1
120	291	1
120	293	1
120	296	1
120	297	1
120	300	-1
120	302	-1
120	303	-1
120	304	1
120	305	1
120	307	1
120	309	-1
120	311	-1
120	312	-1
120	314	1
120	316	1
120	320	1
120	322	1
120	324	-1
120	325	1
120	330	1
120	331	-1
120	332	-1
120	335	1
120	337	-1
120	339	-1
120	342	-1
120	343	-1
120	344	1
120	347	-1
120	348	-1
120	350	1
120	352	-1
120	355	1
120	357	-1
120	358	-1
120	359	-1
120	360	-1
120	361	-1
120	363	1
120	367	1
120	370	-1
120	372	-1
120	373	-1
120	377	-1
120	379	-1
120	382	-1
120	383	1
120	386	-1
120	388	-1
120	392	1
120	395	1
120	398	-1
120	404	-1
120	406	-1
120	409	-1
120	412	1
120	414	1
120	416	-1
120	417	-1
120	418	1
120	419	1
120	420	-1
120	421	1
120	422	1
120	424	-1
120	425	-1
120	427	-1
120	434	1
120	435	-1
120	436	-1
120	439	1
120	440	1
120	441	1
120	443	-1
120	446	1
120	448	1
120	449	1
120	450	1
120	451	-1
120	453	1
120	456	-1
120	462	1
120	463	-1
120	465	1
120	466	-1
120	471	1
120	474	-1
120	475	1
120	477	1
120	481	-1
120	482	-1
120	484	-1
120	485	1
120	486	-1
120	488	1
120	489	1
120	493	1
120	499	-1
121	124	-1
121	125	-1
121	127	-1
121	128	-1
121	129	1
121	130	-1
121	132	1
121	135	1
121	137	1
121	138	-1
121	139	1
121	140	1
121	141	-1
121	143	1
121	144	-1
121	146	-1
121	147	1
121	152	1
121	153	1
121	156	-1
121	158	1
121	159	1
121	163	-1
121	165	1
121	166	-1
121	167	-1
121	172	-1
121	173	-1
121	174	-1
121	176	-1
121	177	1
121	179	1
121	181	-1
121	182	1
121	183	1
121	187	1
121	188	-1
121	189	1
121	192	-1
121	194	1
121	196	-1
121	198	1
121	200	1
121	201	1
121	202	1
121	203	-1
121	211	1
121	216	-1
121	217	1
121	219	-1
121	223	-1
121	224	-1
121	225	-1
121	229	-1
121	231	-1
121	234	1
121	237	1
121	238	-1
121	241	-1
121	243	1
121	244	-1
121	249	1
121	250	-1
121	252	1
121	253	1
121	255	-1
121	260	-1
121	262	1
121	263	1
121	264	1
121	265	1
121	267	1
121	268	1
121	272	1
121	276	-1
121	278	-1
121	280	1
121	281	1
121	282	1
121	284	1
121	285	-1
121	286	-1
121	291	1
121	292	-1
121	294	1
121	295	-1
121	299	-1
121	300	1
121	301	1
121	305	-1
121	310	-1
121	312	1
121	314	1
121	315	-1
121	316	-1
121	317	1
121	318	1
121	320	-1
121	321	1
121	323	-1
121	325	-1
121	327	-1
121	329	-1
121	331	-1
121	332	1
121	335	1
121	338	1
121	339	-1
121	341	1
121	342	-1
121	344	-1
121	346	-1
121	347	1
121	349	-1
121	350	1
121	353	-1
121	354	1
121	355	-1
121	356	1
121	359	1
121	360	-1
121	361	1
121	363	-1
121	364	-1
121	366	-1
121	367	-1
121	368	-1
121	369	-1
121	370	1
121	371	1
121	372	-1
121	373	-1
121	375	-1
121	378	-1
121	380	-1
121	381	1
121	382	-1
121	383	-1
121	385	-1
121	388	-1
121	389	1
121	391	1
121	392	1
121	393	-1
121	395	-1
121	396	-1
121	397	1
121	398	1
121	399	-1
121	402	1
121	403	-1
121	406	-1
121	409	1
121	412	1
121	415	1
121	418	1
121	419	1
121	422	-1
121	429	-1
121	432	1
121	433	-1
121	435	-1
121	439	-1
121	440	1
121	441	-1
121	442	1
121	445	-1
121	447	-1
121	448	-1
121	449	1
121	461	-1
121	464	1
121	470	-1
121	472	1
121	473	1
121	474	1
121	475	-1
121	476	-1
121	477	1
121	479	-1
121	480	1
121	482	-1
121	484	1
121	485	-1
121	487	1
121	489	-1
121	490	-1
121	496	-1
121	497	1
122	123	1
122	124	-1
122	127	-1
122	128	-1
122	129	1
122	130	1
122	132	-1
122	134	-1
122	135	1
122	139	1
122	140	1
122	141	1
122	146	-1
122	147	1
122	148	-1
122	150	1
122	151	1
122	154	1
122	155	-1
122	160	1
122	161	-1
122	162	1
122	163	-1
122	164	-1
122	165	-1
122	166	1
122	167	-1
122	169	1
122	170	1
122	172	1
122	173	-1
122	175	1
122	177	-1
122	179	1
122	182	1
122	183	-1
122	184	1
122	187	1
122	194	-1
122	196	1
122	197	-1
122	201	1
122	202	-1
122	207	-1
122	208	1
122	209	1
122	210	-1
122	211	-1
122	214	-1
122	218	-1
122	219	-1
122	220	1
122	221	1
122	222	-1
122	226	1
122	227	-1
122	229	1
122	234	-1
122	235	-1
122	236	1
122	237	-1
122	238	1
122	239	-1
122	240	1
122	241	1
122	242	1
122	244	-1
122	247	1
122	248	-1
122	249	-1
122	252	1
122	255	-1
122	256	-1
122	258	1
122	259	1
122	260	1
122	261	-1
122	264	-1
122	265	1
122	268	1
122	271	-1
122	273	1
122	274	1
122	275	1
122	277	-1
122	279	1
122	283	1
122	285	-1
122	288	1
122	291	-1
122	293	1
122	296	1
122	302	1
122	303	-1
122	304	1
122	309	-1
122	310	-1
122	312	-1
122	317	-1
122	318	1
122	319	1
122	320	-1
122	322	-1
122	323	1
122	324	1
122	325	-1
122	326	1
122	327	-1
122	328	-1
122	330	1
122	331	1
122	333	-1
122	334	-1
122	335	1
122	336	-1
122	338	-1
122	339	1
122	340	-1
122	342	-1
122	343	1
122	344	-1
122	345	-1
122	348	-1
122	349	1
122	350	1
122	351	1
122	352	-1
122	353	1
122	355	-1
122	356	-1
122	359	-1
122	360	1
122	361	-1
122	364	1
122	366	1
122	370	1
122	372	1
122	374	-1
122	376	-1
122	378	-1
122	379	-1
122	384	-1
122	385	-1
122	390	1
122	392	1
122	393	1
122	394	-1
122	395	1
122	397	1
122	400	-1
122	403	-1
122	405	-1
122	406	1
122	408	1
122	409	-1
122	410	-1
122	411	1
122	412	1
122	415	-1
122	417	-1
122	419	-1
122	420	-1
122	422	1
122	423	-1
122	424	1
122	435	1
122	439	1
122	440	1
122	441	1
122	442	1
122	445	-1
122	446	1
122	448	1
122	453	1
122	455	1
122	456	1
122	458	1
122	461	-1
122	467	-1
122	469	-1
122	470	-1
122	471	1
122	472	-1
122	473	-1
122	475	1
122	477	-1
122	479	-1
122	480	1
122	481	1
122	483	-1
122	484	1
122	486	-1
122	488	-1
122	489	1
122	490	1
122	491	-1
122	492	-1
122	493	-1
122	494	-1
122	495	-1
122	497	-1
122	498	1
122	499	-1
123	124	-1
123	125	-1
123	126	1
123	127	-1
123	128	1
123	129	1
123	130	-1
123	132	-1
123	134	-1
123	136	-1
123	137	1
123	138	1
123	142	-1
123	145	-1
123	146	-1
123	147	1
123	148	1
123	151	-1
123	152	-1
123	153	1
123	154	-1
123	155	1
123	159	1
123	160	1
123	161	1
123	162	-1
123	164	-1
123	165	1
123	167	1
123	168	1
123	169	1
123	174	1
123	180	-1
123	181	-1
123	186	1
123	187	1
123	191	1
123	193	-1
123	197	1
123	198	1
123	199	-1
123	201	-1
123	203	-1
123	204	1
123	207	1
123	208	-1
123	209	1
123	210	1
123	213	-1
123	220	-1
123	224	-1
123	225	-1
123	226	1
123	228	1
123	229	-1
123	230	-1
123	231	1
123	233	-1
123	234	1
123	239	-1
123	243	1
123	244	-1
123	245	1
123	247	-1
123	255	1
123	258	-1
123	260	-1
123	262	-1
123	265	1
123	266	1
123	267	1
123	272	-1
123	273	1
123	278	1
123	279	1
123	280	1
123	281	1
123	284	1
123	285	1
123	288	1
123	290	-1
123	291	-1
123	292	-1
123	293	-1
123	294	1
123	295	1
123	296	1
123	297	1
123	298	-1
123	300	1
123	302	1
123	303	-1
123	304	-1
123	305	-1
123	306	-1
123	308	-1
123	310	-1
123	313	1
123	314	1
123	315	-1
123	317	1
123	319	-1
123	320	1
123	323	-1
123	324	1
123	325	1
123	328	-1
123	329	1
123	332	1
123	333	-1
123	335	-1
123	336	1
123	337	1
123	339	1
123	340	1
123	342	-1
123	347	-1
123	350	-1
123	351	-1
123	352	-1
123	353	-1
123	355	-1
123	356	1
123	358	-1
123	362	1
123	364	-1
123	367	1
123	381	-1
123	383	1
123	384	-1
123	386	1
123	397	-1
123	398	-1
123	399	1
123	400	1
123	402	-1
123	403	-1
123	404	-1
123	406	-1
123	412	-1
123	413	1
123	417	-1
123	419	1
123	420	-1
123	423	1
123	424	1
123	426	-1
123	427	1
123	429	-1
123	434	1
123	436	1
123	438	1
123	439	1
123	440	1
123	443	-1
123	444	1
123	447	1
123	448	-1
123	449	-1
123	450	-1
123	452	-1
123	454	1
123	459	1
123	462	1
123	463	-1
123	466	1
123	469	-1
123	470	1
123	471	1
123	476	-1
123	478	1
123	479	1
123	480	1
123	481	-1
123	482	-1
123	484	-1
123	487	1
123	488	-1
123	489	1
123	491	-1
123	492	-1
123	494	-1
123	497	-1
123	498	-1
124	127	1
124	128	1
124	131	-1
124	132	1
124	133	-1
124	134	1
124	135	1
124	137	-1
124	139	1
124	142	1
124	143	1
124	144	1
124	145	-1
124	147	-1
124	148	1
124	150	-1
124	152	1
124	153	1
124	154	1
124	155	1
124	157	-1
124	158	1
124	159	1
124	160	1
124	161	-1
124	163	-1
124	165	1
124	171	-1
124	172	1
124	173	-1
124	174	1
124	175	-1
124	176	-1
124	177	1
124	183	1
124	186	1
124	187	-1
124	188	-1
124	190	-1
124	192	-1
124	193	-1
124	195	1
124	196	1
124	197	1
124	198	1
124	201	1
124	205	1
124	206	-1
124	208	1
124	209	1
124	210	-1
124	211	-1
124	213	1
124	214	-1
124	217	-1
124	218	1
124	220	-1
124	221	1
124	223	-1
124	225	1
124	226	1
124	230	1
124	233	1
124	235	1
124	238	1
124	240	-1
124	242	1
124	243	-1
124	244	1
124	245	1
124	246	-1
124	247	1
124	249	1
124	250	-1
124	252	1
124	257	1
124	258	1
124	259	1
124	260	-1
124	264	-1
124	266	-1
124	268	1
124	270	1
124	272	-1
124	275	1
124	276	1
124	277	-1
124	279	1
124	280	-1
124	281	-1
124	282	1
124	283	1
124	284	1
124	285	1
124	287	-1
124	290	-1
124	291	-1
124	295	1
124	296	1
124	298	-1
124	301	1
124	305	-1
124	306	-1
124	308	1
124	311	1
124	314	-1
124	315	1
124	316	1
124	321	-1
124	336	1
124	337	1
124	338	-1
124	339	-1
124	340	-1
124	341	1
124	342	-1
124	345	-1
124	347	1
124	348	-1
124	349	1
124	350	-1
124	352	1
124	353	1
124	359	-1
124	362	-1
124	363	-1
124	364	1
124	365	-1
124	366	1
124	368	1
124	369	-1
124	370	1
124	374	1
124	375	-1
124	378	-1
124	380	1
124	384	-1
124	385	-1
124	386	-1
124	390	1
124	394	-1
124	395	-1
124	397	1
124	401	1
124	403	-1
124	404	-1
124	405	1
124	409	-1
124	411	1
124	413	-1
124	416	-1
124	417	-1
124	418	1
124	420	1
124	424	-1
124	426	1
124	428	-1
124	429	-1
124	432	-1
124	435	1
124	436	-1
124	437	-1
124	440	1
124	441	-1
124	444	-1
124	445	1
124	448	1
124	451	-1
124	452	-1
124	453	1
124	456	1
124	458	1
124	460	-1
124	462	-1
124	463	-1
124	464	1
124	465	1
124	466	-1
124	468	-1
124	469	-1
124	470	1
124	472	-1
124	474	1
124	475	-1
124	476	-1
124	477	1
124	480	1
124	482	-1
124	484	-1
124	485	-1
124	487	-1
124	490	1
124	492	-1
124	493	1
124	497	-1
124	499	1
125	128	-1
125	130	-1
125	131	-1
125	133	1
125	134	-1
125	135	-1
125	137	1
125	138	1
125	140	1
125	142	-1
125	146	-1
125	151	1
125	153	-1
125	154	1
125	155	-1
125	156	-1
125	157	1
125	158	-1
125	159	1
125	161	1
125	163	-1
125	165	-1
125	166	-1
125	168	1
125	170	1
125	171	1
125	172	-1
125	173	1
125	174	1
125	176	-1
125	179	1
125	181	-1
125	183	-1
125	186	-1
125	188	1
125	193	-1
125	194	-1
125	196	-1
125	198	1
125	200	-1
125	202	-1
125	204	-1
125	207	1
125	208	-1
125	209	-1
125	213	1
125	214	-1
125	215	1
125	216	1
125	220	1
125	222	-1
125	223	-1
125	224	-1
125	226	1
125	227	-1
125	232	-1
125	234	1
125	237	1
125	238	1
125	242	1
125	243	-1
125	244	-1
125	248	1
125	249	-1
125	251	-1
125	252	1
125	254	-1
125	255	1
125	262	1
125	263	1
125	265	-1
125	267	-1
125	268	1
125	270	-1
125	273	-1
125	274	1
125	275	-1
125	276	-1
125	277	-1
125	278	1
125	279	-1
125	284	1
125	286	1
125	290	1
125	292	1
125	293	-1
125	294	1
125	296	-1
125	297	1
125	298	-1
125	302	-1
125	304	1
125	305	-1
125	308	-1
125	309	-1
125	312	1
125	313	1
125	314	1
125	316	1
125	317	-1
125	318	1
125	324	-1
125	326	-1
125	327	1
125	334	1
125	338	-1
125	340	1
125	341	-1
125	348	-1
125	349	1
125	351	-1
125	353	1
125	355	-1
125	359	-1
125	360	1
125	363	1
125	366	1
125	367	-1
125	368	-1
125	370	1
125	372	-1
125	373	-1
125	380	-1
125	381	1
125	383	1
125	384	1
125	386	-1
125	389	1
125	391	-1
125	392	-1
125	393	-1
125	395	1
125	397	-1
125	398	1
125	401	-1
125	403	-1
125	404	1
125	406	1
125	407	-1
125	409	1
125	410	1
125	411	1
125	414	-1
125	415	-1
125	416	-1
125	419	-1
125	422	1
125	423	1
125	424	-1
125	425	1
125	426	-1
125	428	1
125	431	1
125	432	-1
125	433	-1
125	435	-1
125	436	-1
125	440	-1
125	443	1
125	444	1
125	445	-1
125	447	-1
125	448	-1
125	450	1
125	452	-1
125	453	1
125	455	1
125	456	1
125	457	1
125	458	-1
125	460	-1
125	461	-1
125	465	-1
125	468	-1
125	471	1
125	472	-1
125	476	-1
125	477	1
125	478	-1
125	481	-1
125	482	1
125	484	1
125	486	-1
125	488	-1
125	489	-1
125	490	1
125	491	-1
125	492	1
125	494	1
125	497	-1
125	498	1
125	499	-1
126	127	1
126	130	-1
126	131	-1
126	134	-1
126	136	-1
126	138	1
126	139	1
126	141	-1
126	145	-1
126	146	1
126	147	-1
126	148	1
126	150	-1
126	151	-1
126	152	1
126	158	1
126	159	-1
126	162	-1
126	164	1
126	165	1
126	167	1
126	169	1
126	172	-1
126	173	-1
126	175	1
126	176	-1
126	177	1
126	180	-1
126	183	1
126	184	1
126	185	1
126	186	1
126	189	1
126	191	-1
126	192	-1
126	193	-1
126	197	-1
126	200	1
126	202	1
126	204	-1
126	206	1
126	207	1
126	212	1
126	213	1
126	216	1
126	218	-1
126	220	-1
126	221	-1
126	224	-1
126	225	1
126	226	-1
126	227	-1
126	229	1
126	233	-1
126	234	1
126	235	-1
126	237	1
126	240	-1
126	242	1
126	243	-1
126	245	-1
126	247	-1
126	248	-1
126	250	-1
126	252	1
126	253	-1
126	254	1
126	255	1
126	256	-1
126	257	-1
126	259	-1
126	260	1
126	261	-1
126	262	-1
126	264	-1
126	265	-1
126	271	1
126	274	-1
126	275	1
126	278	-1
126	281	-1
126	283	-1
126	292	1
126	294	-1
126	298	1
126	299	-1
126	300	1
126	304	-1
126	305	1
126	307	-1
126	310	-1
126	311	1
126	313	1
126	314	1
126	315	1
126	316	1
126	324	1
126	326	1
126	330	1
126	331	-1
126	332	-1
126	333	-1
126	334	-1
126	335	-1
126	336	1
126	342	-1
126	343	-1
126	345	1
126	346	1
126	348	-1
126	349	1
126	351	1
126	352	1
126	355	-1
126	357	1
126	358	1
126	360	1
126	361	1
126	364	1
126	365	-1
126	367	1
126	368	1
126	371	1
126	372	-1
126	376	-1
126	379	-1
126	380	-1
126	381	-1
126	383	-1
126	387	1
126	392	1
126	394	-1
126	403	-1
126	405	1
126	406	1
126	409	-1
126	410	1
126	412	-1
126	413	-1
126	415	1
126	416	-1
126	417	1
126	418	1
126	420	1
126	421	-1
126	423	1
126	424	-1
126	425	1
126	427	1
126	430	-1
126	431	-1
126	434	-1
126	436	1
126	438	1
126	439	1
126	440	1
126	444	-1
126	445	1
126	446	1
126	447	-1
126	450	1
126	451	-1
126	452	-1
126	453	1
126	455	-1
126	457	-1
126	464	1
126	465	1
126	466	-1
126	467	-1
126	468	-1
126	474	-1
126	476	-1
126	477	1
126	478	-1
126	480	1
126	481	-1
126	482	1
126	486	-1
126	494	-1
126	496	1
126	498	1
127	129	1
127	130	1
127	134	-1
127	135	-1
127	142	-1
127	144	-1
127	146	1
127	151	1
127	152	-1
127	154	-1
127	155	1
127	156	1
127	157	1
127	159	-1
127	160	-1
127	161	-1
127	167	-1
127	168	-1
127	173	1
127	175	1
127	176	-1
127	178	1
127	179	1
127	181	1
127	182	-1
127	183	-1
127	185	1
127	186	-1
127	193	-1
127	195	1
127	201	1
127	204	1
127	211	1
127	212	-1
127	214	-1
127	216	1
127	217	-1
127	218	-1
127	219	-1
127	220	1
127	221	-1
127	222	-1
127	228	1
127	230	1
127	232	1
127	233	1
127	235	1
127	236	-1
127	237	1
127	238	1
127	240	1
127	244	-1
127	245	-1
127	246	-1
127	248	-1
127	250	1
127	251	-1
127	252	-1
127	253	-1
127	254	1
127	255	1
127	256	1
127	257	-1
127	265	-1
127	269	1
127	270	-1
127	272	1
127	273	1
127	274	-1
127	275	1
127	276	1
127	280	1
127	281	1
127	282	1
127	287	-1
127	292	-1
127	295	-1
127	298	-1
127	299	-1
127	301	-1
127	302	1
127	303	1
127	305	1
127	306	-1
127	307	-1
127	308	1
127	311	-1
127	313	-1
127	314	-1
127	322	-1
127	326	1
127	327	-1
127	328	1
127	330	1
127	331	1
127	338	1
127	340	1
127	341	-1
127	343	1
127	344	1
127	345	1
127	347	-1
127	348	-1
127	351	1
127	352	1
127	356	1
127	357	-1
127	358	1
127	360	1
127	361	1
127	362	-1
127	363	-1
127	364	1
127	366	1
127	369	-1
127	370	1
127	372	-1
127	373	1
127	374	-1
127	375	-1
127	377	-1
127	379	1
127	381	1
127	385	-1
127	386	-1
127	387	1
127	388	-1
127	392	1
127	404	-1
127	405	1
127	406	1
127	407	1
127	409	-1
127	410	-1
127	414	1
127	416	-1
127	419	1
127	420	1
127	421	1
127	429	-1
127	435	1
127	436	-1
127	437	-1
127	440	-1
127	441	-1
127	444	-1
127	445	-1
127	446	1
127	447	-1
127	451	-1
127	453	-1
127	454	1
127	457	1
127	459	1
127	460	-1
127	461	1
127	466	1
127	468	-1
127	469	1
127	471	-1
127	473	1
127	475	1
127	477	1
127	478	1
127	481	-1
127	483	-1
127	487	1
127	493	1
127	494	-1
127	495	-1
127	499	-1
128	129	1
128	130	1
128	134	-1
128	136	-1
128	137	-1
128	138	-1
128	139	1
128	140	1
128	142	-1
128	144	1
128	145	1
128	146	1
128	148	1
128	149	-1
128	152	-1
128	153	-1
128	154	-1
128	155	1
128	156	-1
128	157	1
128	159	1
128	160	1
128	161	1
128	163	-1
128	164	-1
128	167	-1
128	168	1
128	169	-1
128	170	1
128	171	-1
128	173	1
128	174	-1
128	176	-1
128	177	1
128	178	-1
128	179	-1
128	180	-1
128	181	-1
128	186	-1
128	187	1
128	188	1
128	191	-1
128	192	-1
128	195	1
128	196	1
128	197	1
128	198	1
128	202	-1
128	204	1
128	206	1
128	207	1
128	208	1
128	214	1
128	215	1
128	217	1
128	221	1
128	224	1
128	226	1
128	228	1
128	230	1
128	232	-1
128	234	1
128	235	1
128	239	1
128	240	-1
128	241	1
128	242	-1
128	243	1
128	246	-1
128	249	-1
128	251	1
128	252	-1
128	253	-1
128	254	1
128	255	1
128	256	1
128	259	-1
128	260	1
128	261	1
128	262	1
128	264	-1
128	267	-1
128	269	-1
128	270	1
128	271	1
128	272	1
128	273	1
128	274	1
128	276	-1
128	280	-1
128	282	1
128	283	-1
128	285	1
128	286	-1
128	288	-1
128	290	1
128	291	1
128	294	-1
128	295	-1
128	296	-1
128	298	1
128	300	1
128	303	-1
128	304	1
128	305	1
128	310	-1
128	311	1
128	312	-1
128	316	1
128	319	-1
128	320	-1
128	322	-1
128	323	-1
128	325	1
128	327	1
128	328	1
128	331	-1
128	333	-1
128	334	1
128	336	-1
128	339	1
128	340	-1
128	345	1
128	354	-1
128	355	1
128	357	-1
128	359	1
128	364	1
128	368	1
128	370	1
128	371	1
128	372	-1
128	375	1
128	376	-1
128	378	1
128	379	1
128	380	-1
128	383	1
128	387	-1
128	388	-1
128	391	1
128	395	-1
128	398	-1
128	402	1
128	403	-1
128	408	-1
128	410	-1
128	411	-1
128	412	1
128	414	1
128	418	1
128	421	-1
128	422	-1
128	424	-1
128	425	1
128	427	1
128	431	1
128	433	-1
128	434	-1
128	435	1
128	437	1
128	439	-1
128	442	-1
128	443	-1
128	444	1
128	445	1
128	448	-1
128	449	-1
128	451	1
128	452	-1
128	453	1
128	454	1
128	456	-1
128	458	1
128	459	-1
128	461	1
128	463	-1
128	464	-1
128	465	1
128	466	1
128	474	-1
128	475	-1
128	478	-1
128	488	-1
128	490	1
128	495	1
128	496	1
128	498	-1
129	130	1
129	137	-1
129	142	-1
129	143	-1
129	145	-1
129	147	1
129	150	-1
129	151	1
129	152	-1
129	155	1
129	156	1
129	157	1
129	158	1
129	161	1
129	166	1
129	167	1
129	169	1
129	171	-1
129	175	1
129	176	1
129	178	1
129	185	1
129	188	1
129	189	1
129	191	-1
129	192	-1
129	193	-1
129	194	-1
129	200	1
129	202	1
129	205	1
129	206	-1
129	207	1
129	208	1
129	218	1
129	221	-1
129	223	1
129	225	-1
129	226	1
129	227	1
129	228	-1
129	229	-1
129	230	1
129	231	-1
129	233	1
129	236	1
129	237	-1
129	238	-1
129	239	-1
129	240	1
129	242	1
129	245	-1
129	246	1
129	247	1
129	250	1
129	255	1
129	257	1
129	258	1
129	259	-1
129	260	1
129	261	1
129	262	1
129	263	1
129	264	1
129	266	-1
129	267	1
129	268	1
129	270	1
129	271	1
129	272	1
129	276	-1
129	277	-1
129	279	-1
129	280	1
129	284	-1
129	286	-1
129	287	1
129	288	1
129	289	-1
129	292	1
129	294	-1
129	295	-1
129	296	-1
129	297	1
129	299	-1
129	303	1
129	304	1
129	307	1
129	308	-1
129	309	1
129	310	-1
129	311	1
129	313	-1
129	314	1
129	315	-1
129	316	1
129	318	-1
129	319	1
129	320	1
129	321	1
129	326	-1
129	327	1
129	329	1
129	331	1
129	333	1
129	336	1
129	339	-1
129	340	-1
129	344	-1
129	346	-1
129	347	1
129	350	1
129	352	1
129	353	1
129	355	-1
129	356	1
129	357	-1
129	358	1
129	361	-1
129	369	-1
129	370	1
129	372	-1
129	374	1
129	378	-1
129	383	1
129	384	-1
129	386	-1
129	387	-1
129	389	-1
129	390	-1
129	392	-1
129	393	-1
129	394	1
129	395	-1
129	397	1
129	400	1
129	403	-1
129	404	-1
129	405	1
129	406	1
129	407	1
129	408	1
129	409	-1
129	411	1
129	412	-1
129	413	1
129	414	1
129	417	1
129	421	1
129	422	1
129	426	1
129	427	-1
129	429	1
129	430	-1
129	431	-1
129	432	-1
129	433	1
129	435	1
129	437	-1
129	438	-1
129	444	-1
129	445	-1
129	446	1
129	447	-1
129	450	-1
129	451	1
129	452	-1
129	453	1
129	455	-1
129	456	-1
129	459	1
129	462	1
129	463	-1
129	465	-1
129	466	1
129	467	1
129	469	-1
129	473	1
129	479	1
129	480	1
129	481	-1
129	482	1
129	484	1
129	486	1
129	487	-1
129	488	1
129	490	-1
129	492	1
129	494	-1
129	495	1
129	496	-1
129	497	1
129	498	1
130	131	1
130	132	-1
130	134	-1
130	137	1
130	138	-1
130	141	1
130	146	1
130	148	1
130	149	1
130	152	1
130	153	1
130	154	1
130	155	-1
130	161	1
130	162	-1
130	163	-1
130	164	1
130	167	1
130	168	1
130	173	1
130	179	-1
130	180	1
130	181	1
130	182	1
130	184	1
130	186	1
130	189	-1
130	191	1
130	192	-1
130	194	-1
130	195	-1
130	198	-1
130	199	1
130	200	1
130	201	-1
130	202	1
130	203	-1
130	204	1
130	205	-1
130	207	1
130	208	1
130	210	1
130	211	1
130	212	-1
130	215	-1
130	217	1
130	218	1
130	222	-1
130	226	-1
130	227	-1
130	230	1
130	231	1
130	234	1
130	235	1
130	239	1
130	241	-1
130	246	1
130	248	1
130	250	1
130	251	1
130	253	-1
130	254	-1
130	256	-1
130	260	1
130	261	-1
130	262	1
130	263	-1
130	264	-1
130	265	-1
130	266	1
130	267	-1
130	272	-1
130	273	-1
130	274	-1
130	275	-1
130	278	-1
130	279	1
130	282	-1
130	284	-1
130	285	-1
130	286	1
130	288	1
130	289	1
130	293	-1
130	294	-1
130	295	1
130	297	-1
130	299	1
130	301	1
130	303	-1
130	304	-1
130	305	1
130	307	1
130	308	1
130	312	-1
130	313	1
130	315	-1
130	317	-1
130	319	-1
130	320	1
130	321	1
130	323	1
130	324	1
130	330	1
130	332	1
130	333	1
130	334	1
130	335	-1
130	336	1
130	338	-1
130	339	1
130	340	-1
130	342	-1
130	343	-1
130	344	1
130	350	1
130	351	1
130	354	1
130	355	1
130	356	-1
130	357	-1
130	358	-1
130	359	-1
130	361	-1
130	362	1
130	363	-1
130	364	1
130	365	1
130	369	1
130	370	-1
130	371	-1
130	372	-1
130	373	-1
130	374	-1
130	375	1
130	378	-1
130	383	-1
130	384	-1
130	385	-1
130	386	-1
130	387	1
130	388	1
130	389	-1
130	390	-1
130	391	1
130	393	1
130	396	-1
130	399	1
130	400	-1
130	401	1
130	404	1
130	406	1
130	407	-1
130	409	-1
130	410	1
130	413	1
130	414	-1
130	419	1
130	420	1
130	421	1
130	423	-1
130	424	1
130	427	1
130	430	1
130	431	1
130	434	1
130	435	1
130	439	1
130	443	-1
130	445	-1
130	449	-1
130	450	1
130	452	1
130	454	1
130	457	-1
130	460	1
130	461	-1
130	467	1
130	471	1
130	472	1
130	473	1
130	474	-1
130	475	1
130	476	1
130	478	1
130	479	-1
130	480	-1
130	481	1
130	482	1
130	484	-1
130	486	1
130	488	-1
130	489	1
130	490	1
130	491	1
130	492	1
130	493	-1
130	494	-1
130	495	1
130	497	-1
131	135	1
131	137	1
131	140	-1
131	141	1
131	150	-1
131	153	-1
131	154	1
131	155	-1
131	157	1
131	158	-1
131	160	-1
131	161	1
131	162	-1
131	164	1
131	165	1
131	166	-1
131	168	1
131	173	-1
131	175	-1
131	176	1
131	179	-1
131	181	1
131	182	-1
131	184	1
131	185	-1
131	186	-1
131	188	1
131	189	-1
131	190	1
131	191	-1
131	192	-1
131	193	-1
131	194	1
131	196	1
131	197	-1
131	200	1
131	201	1
131	202	1
131	203	-1
131	204	-1
131	206	1
131	207	1
131	208	1
131	209	1
131	212	-1
131	213	-1
131	214	1
131	215	1
131	216	-1
131	218	-1
131	229	-1
131	230	1
131	231	1
131	233	-1
131	235	-1
131	237	1
131	238	-1
131	241	-1
131	242	-1
131	243	-1
131	244	-1
131	245	1
131	246	-1
131	247	1
131	248	1
131	252	1
131	254	1
131	255	-1
131	259	-1
131	261	-1
131	262	1
131	264	-1
131	265	1
131	267	1
131	271	1
131	273	1
131	274	1
131	276	-1
131	277	1
131	281	-1
131	282	-1
131	285	-1
131	288	1
131	289	1
131	290	-1
131	292	-1
131	295	1
131	298	1
131	300	-1
131	305	1
131	306	1
131	309	1
131	311	-1
131	313	1
131	314	1
131	317	1
131	318	1
131	319	-1
131	322	-1
131	324	-1
131	325	-1
131	326	1
131	327	1
131	330	1
131	331	-1
131	332	1
131	337	-1
131	338	1
131	339	1
131	340	-1
131	341	-1
131	342	-1
131	345	-1
131	346	-1
131	354	-1
131	357	-1
131	358	1
131	360	1
131	361	1
131	362	-1
131	363	-1
131	364	-1
131	366	1
131	369	-1
131	370	1
131	372	1
131	374	-1
131	377	-1
131	379	-1
131	381	1
131	387	1
131	391	-1
131	392	1
131	393	-1
131	395	1
131	396	-1
131	401	1
131	403	-1
131	405	1
131	407	-1
131	408	-1
131	412	1
131	415	-1
131	422	1
131	424	1
131	425	1
131	426	-1
131	427	-1
131	432	-1
131	433	1
131	434	1
131	437	1
131	442	1
131	443	-1
131	444	-1
131	445	1
131	447	1
131	448	1
131	451	1
131	452	1
131	453	-1
131	458	-1
131	459	1
131	461	-1
131	463	-1
131	464	-1
131	465	-1
131	466	1
131	468	1
131	472	1
131	473	1
131	474	-1
131	477	-1
131	478	1
131	479	1
131	480	-1
131	481	-1
131	484	-1
131	485	1
131	486	-1
131	487	1
131	488	-1
131	489	1
131	490	-1
131	491	1
131	493	-1
131	495	-1
132	133	1
132	136	-1
132	138	-1
132	139	-1
132	141	1
132	143	-1
132	144	1
132	149	-1
132	151	-1
132	152	-1
132	153	1
132	154	1
132	155	1
132	156	1
132	159	1
132	161	-1
132	162	-1
132	163	-1
132	165	-1
132	167	1
132	168	-1
132	169	-1
132	170	1
132	173	1
132	174	1
132	175	1
132	181	1
132	182	1
132	185	1
132	187	-1
132	188	1
132	190	1
132	191	1
132	193	-1
132	194	1
132	195	-1
132	197	1
132	200	1
132	203	1
132	204	1
132	205	-1
132	207	1
132	208	-1
132	210	1
132	211	1
132	212	-1
132	214	-1
132	215	1
132	216	1
132	220	1
132	223	-1
132	225	1
132	227	-1
132	228	-1
132	229	1
132	230	1
132	231	1
132	237	-1
132	239	-1
132	241	1
132	243	1
132	246	-1
132	250	1
132	252	1
132	254	1
132	255	-1
132	256	1
132	258	1
132	262	1
132	266	1
132	268	-1
132	270	1
132	272	-1
132	276	-1
132	277	1
132	278	-1
132	280	-1
132	283	1
132	284	1
132	285	-1
132	286	-1
132	289	-1
132	291	1
132	294	1
132	299	1
132	300	-1
132	301	1
132	307	1
132	311	-1
132	313	1
132	318	1
132	319	-1
132	322	1
132	324	-1
132	328	1
132	332	1
132	337	-1
132	338	1
132	339	-1
132	340	1
132	342	1
132	343	1
132	344	-1
132	345	-1
132	346	1
132	348	1
132	351	-1
132	354	1
132	355	-1
132	356	-1
132	357	1
132	358	1
132	359	-1
132	361	-1
132	362	1
132	363	-1
132	368	-1
132	369	-1
132	371	1
132	377	1
132	378	-1
132	380	1
132	383	1
132	386	-1
132	389	-1
132	390	1
132	393	-1
132	396	-1
132	397	1
132	400	-1
132	401	1
132	404	1
132	405	-1
132	406	-1
132	407	-1
132	408	1
132	409	1
132	411	-1
132	412	1
132	413	1
132	417	1
132	418	1
132	420	-1
132	423	1
132	424	-1
132	426	-1
132	427	1
132	428	1
132	429	1
132	430	-1
132	431	1
132	432	-1
132	433	-1
132	439	1
132	440	-1
132	441	-1
132	442	-1
132	443	-1
132	446	-1
132	447	-1
132	448	1
132	449	-1
132	452	1
132	453	1
132	455	1
132	457	-1
132	459	-1
132	461	-1
132	462	1
132	466	-1
132	468	1
132	469	1
132	472	1
132	473	1
132	475	-1
132	476	1
132	479	1
132	480	-1
132	483	-1
132	485	-1
132	487	1
132	488	1
132	489	-1
132	490	-1
132	493	1
132	495	1
133	134	-1
133	135	-1
133	136	1
133	137	1
133	140	-1
133	142	1
133	143	-1
133	144	-1
133	145	-1
133	149	1
133	151	1
133	157	-1
133	159	1
133	163	-1
133	164	1
133	165	1
133	166	1
133	170	1
133	171	-1
133	176	-1
133	177	1
133	178	1
133	179	-1
133	181	1
133	185	1
133	186	-1
133	187	-1
133	189	1
133	190	-1
133	191	1
133	198	-1
133	201	-1
133	202	1
133	203	1
133	204	1
133	206	-1
133	210	-1
133	211	-1
133	212	1
133	213	-1
133	218	1
133	219	1
133	221	1
133	222	1
133	224	-1
133	225	1
133	226	1
133	227	-1
133	229	-1
133	230	1
133	231	-1
133	232	1
133	234	1
133	236	1
133	238	-1
133	239	-1
133	240	-1
133	241	1
133	243	-1
133	245	-1
133	247	1
133	248	1
133	253	-1
133	257	1
133	258	1
133	260	-1
133	262	1
133	263	1
133	266	1
133	272	1
133	277	1
133	278	1
133	282	1
133	283	-1
133	284	-1
133	285	-1
133	288	1
133	289	-1
133	290	1
133	292	-1
133	293	-1
133	295	1
133	296	-1
133	297	1
133	301	-1
133	302	1
133	305	-1
133	307	-1
133	310	1
133	312	-1
133	313	-1
133	317	1
133	318	-1
133	319	-1
133	320	1
133	322	1
133	325	1
133	327	1
133	328	-1
133	330	-1
133	331	-1
133	333	-1
133	334	1
133	335	-1
133	336	1
133	340	1
133	343	1
133	344	1
133	345	1
133	346	1
133	350	1
133	355	1
133	356	-1
133	358	-1
133	360	-1
133	362	-1
133	364	1
133	365	1
133	366	1
133	368	-1
133	370	1
133	371	-1
133	374	-1
133	376	1
133	377	-1
133	378	1
133	380	1
133	381	-1
133	382	1
133	385	1
133	387	-1
133	393	-1
133	394	1
133	398	1
133	400	-1
133	401	-1
133	402	-1
133	403	1
133	406	1
133	411	-1
133	412	-1
133	414	1
133	415	1
133	416	1
133	418	1
133	419	-1
133	420	-1
133	421	-1
133	422	1
133	424	1
133	425	-1
133	431	1
133	432	-1
133	433	-1
133	435	-1
133	436	-1
133	443	-1
133	445	-1
133	446	-1
133	447	-1
133	450	1
133	451	-1
133	454	1
133	455	-1
133	457	1
133	461	1
133	463	-1
133	467	-1
133	470	-1
133	471	1
133	472	1
133	474	1
133	475	-1
133	476	1
133	477	1
133	478	-1
133	480	1
133	481	1
133	482	-1
133	483	-1
133	485	-1
133	486	-1
133	487	-1
133	490	1
133	491	1
133	493	-1
133	494	1
133	495	1
133	496	-1
133	497	1
133	498	1
134	135	1
134	138	1
134	140	1
134	141	1
134	143	-1
134	146	-1
134	148	-1
134	150	-1
134	151	1
134	152	1
134	155	-1
134	156	1
134	157	1
134	158	-1
134	159	1
134	160	-1
134	162	-1
134	163	-1
134	166	-1
134	168	1
134	169	-1
134	175	1
134	177	-1
134	180	-1
134	183	1
134	184	-1
134	185	1
134	188	-1
134	189	-1
134	191	-1
134	194	1
134	196	1
134	198	-1
134	199	-1
134	202	1
134	205	-1
134	207	-1
134	208	1
134	209	1
134	210	-1
134	212	-1
134	213	-1
134	214	1
134	215	-1
134	216	1
134	218	-1
134	219	1
134	220	-1
134	221	1
134	224	-1
134	225	-1
134	228	-1
134	230	-1
134	232	1
134	234	1
134	235	1
134	236	-1
134	238	1
134	239	-1
134	240	-1
134	241	1
134	245	1
134	246	1
134	248	1
134	249	1
134	251	-1
134	252	1
134	254	1
134	256	1
134	259	-1
134	260	1
134	262	-1
134	263	1
134	265	1
134	266	1
134	271	-1
134	276	1
134	277	-1
134	281	-1
134	282	1
134	284	1
134	286	-1
134	288	1
134	289	1
134	290	1
134	293	-1
134	294	1
134	299	1
134	300	1
134	301	1
134	305	1
134	308	-1
134	312	1
134	313	1
134	316	1
134	318	-1
134	319	1
134	327	1
134	330	1
134	332	-1
134	334	1
134	336	1
134	337	-1
134	338	-1
134	342	-1
134	343	1
134	344	-1
134	345	-1
134	347	1
134	349	1
134	351	1
134	354	1
134	356	-1
134	361	1
134	362	-1
134	363	1
134	365	1
134	366	1
134	368	-1
134	369	1
134	370	1
134	374	-1
134	376	-1
134	377	1
134	378	-1
134	381	-1
134	382	1
134	385	-1
134	386	-1
134	389	-1
134	394	1
134	397	-1
134	400	1
134	401	1
134	402	1
134	404	1
134	405	-1
134	408	-1
134	409	-1
134	410	-1
134	411	1
134	413	1
134	415	-1
134	419	1
134	420	-1
134	421	-1
134	424	-1
134	425	-1
134	426	-1
134	427	-1
134	429	1
134	430	1
134	434	1
134	450	-1
134	451	1
134	452	1
134	453	1
134	454	-1
134	456	1
134	458	1
134	459	-1
134	460	1
134	465	-1
134	466	1
134	471	1
134	472	-1
134	474	-1
134	475	-1
134	476	1
134	477	-1
134	480	1
134	483	1
134	486	1
134	487	1
134	490	-1
134	491	-1
134	492	1
134	494	-1
134	495	1
135	136	-1
135	141	-1
135	145	-1
135	147	1
135	149	1
135	150	1
135	151	-1
135	152	1
135	153	-1
135	155	-1
135	158	1
135	159	1
135	160	1
135	162	1
135	165	-1
135	167	1
135	168	-1
135	169	1
135	170	1
135	171	-1
135	173	-1
135	174	-1
135	176	1
135	182	-1
135	184	1
135	185	-1
135	186	1
135	187	1
135	189	-1
135	192	-1
135	193	1
135	194	1
135	196	-1
135	197	-1
135	198	-1
135	203	1
135	204	-1
135	206	-1
135	207	1
135	208	-1
135	211	-1
135	215	-1
135	218	1
135	220	-1
135	222	-1
135	225	-1
135	226	1
135	227	-1
135	228	1
135	234	1
135	239	1
135	241	1
135	243	-1
135	245	-1
135	246	1
135	248	-1
135	252	1
135	253	-1
135	254	-1
135	256	-1
135	257	1
135	258	1
135	260	-1
135	261	-1
135	262	1
135	264	-1
135	272	1
135	274	-1
135	276	1
135	285	1
135	286	1
135	289	-1
135	292	1
135	294	-1
135	297	-1
135	298	-1
135	300	1
135	305	-1
135	307	1
135	308	-1
135	310	1
135	311	-1
135	312	1
135	313	1
135	314	-1
135	320	-1
135	321	-1
135	323	1
135	324	-1
135	328	1
135	329	-1
135	332	-1
135	333	-1
135	334	-1
135	335	-1
135	336	-1
135	337	1
135	338	-1
135	339	1
135	340	1
135	343	-1
135	344	-1
135	346	1
135	348	1
135	349	-1
135	351	-1
135	352	1
135	353	1
135	354	-1
135	355	-1
135	358	1
135	359	1
135	361	1
135	362	1
135	363	1
135	364	1
135	365	-1
135	368	1
135	373	1
135	375	1
135	376	-1
135	377	1
135	378	-1
135	379	-1
135	384	1
135	385	1
135	387	1
135	389	-1
135	391	-1
135	393	1
135	394	1
135	395	1
135	398	1
135	401	1
135	402	1
135	405	1
135	407	1
135	408	-1
135	410	-1
135	411	1
135	412	1
135	413	-1
135	417	-1
135	418	1
135	420	-1
135	421	1
135	422	-1
135	423	1
135	424	1
135	425	1
135	427	1
135	429	1
135	430	-1
135	431	-1
135	432	1
135	433	1
135	434	-1
135	436	-1
135	437	-1
135	439	-1
135	441	-1
135	442	1
135	444	1
135	445	1
135	446	-1
135	447	-1
135	448	1
135	449	-1
135	450	-1
135	453	-1
135	454	1
135	455	1
135	457	-1
135	458	-1
135	460	1
135	462	1
135	465	1
135	466	1
135	469	1
135	472	1
135	473	1
135	474	1
135	475	1
135	476	-1
135	477	-1
135	479	1
135	489	1
135	490	-1
135	492	1
135	496	1
135	497	1
136	138	-1
136	140	1
136	141	-1
136	145	1
136	146	1
136	158	1
136	160	1
136	163	1
136	165	-1
136	167	-1
136	168	1
136	171	-1
136	172	1
136	174	-1
136	175	1
136	176	1
136	179	1
136	180	1
136	185	1
136	189	1
136	191	-1
136	192	1
136	195	-1
136	196	1
136	198	1
136	199	-1
136	200	-1
136	201	-1
136	202	-1
136	205	1
136	206	-1
136	210	-1
136	212	1
136	213	-1
136	215	1
136	217	-1
136	218	1
136	221	-1
136	222	1
136	223	-1
136	224	-1
136	228	-1
136	229	1
136	231	-1
136	232	1
136	234	-1
136	237	1
136	239	-1
136	240	1
136	241	-1
136	242	-1
136	245	1
136	246	-1
136	247	-1
136	251	1
136	252	-1
136	256	-1
136	257	1
136	261	1
136	263	1
136	264	-1
136	266	1
136	271	1
136	272	1
136	273	1
136	274	1
136	275	1
136	276	-1
136	277	1
136	279	-1
136	282	-1
136	283	1
136	285	1
136	286	1
136	291	1
136	292	1
136	294	-1
136	295	-1
136	296	-1
136	298	1
136	300	1
136	301	1
136	302	1
136	305	1
136	306	-1
136	307	1
136	308	1
136	309	-1
136	312	-1
136	313	-1
136	317	-1
136	318	-1
136	319	-1
136	320	-1
136	324	-1
136	326	-1
136	327	-1
136	329	-1
136	330	1
136	331	-1
136	333	-1
136	335	-1
136	337	1
136	338	1
136	344	1
136	345	-1
136	347	1
136	349	1
136	351	-1
136	352	-1
136	355	1
136	356	1
136	357	-1
136	358	-1
136	360	1
136	362	1
136	364	1
136	365	1
136	366	1
136	367	1
136	368	1
136	373	1
136	376	1
136	378	-1
136	379	-1
136	381	-1
136	384	-1
136	386	1
136	390	-1
136	391	-1
136	392	-1
136	394	-1
136	396	1
136	399	-1
136	402	-1
136	406	1
136	408	1
136	412	-1
136	413	-1
136	414	-1
136	417	-1
136	418	1
136	420	-1
136	422	-1
136	423	-1
136	425	-1
136	427	-1
136	429	1
136	431	1
136	434	1
136	435	1
136	436	-1
136	437	1
136	439	1
136	441	1
136	442	1
136	443	-1
136	446	-1
136	447	-1
136	448	-1
136	451	-1
136	452	1
136	454	-1
136	456	1
136	457	-1
136	460	-1
136	461	1
136	462	1
136	465	1
136	470	-1
136	471	1
136	472	-1
136	474	-1
136	475	-1
136	479	-1
136	481	-1
136	482	-1
136	490	1
136	491	1
136	494	-1
136	495	1
136	496	-1
136	497	1
136	498	1
137	139	1
137	141	-1
137	145	1
137	146	1
137	147	1
137	149	1
137	151	-1
137	153	-1
137	154	-1
137	155	-1
137	157	1
137	161	-1
137	164	1
137	165	1
137	168	1
137	171	1
137	173	1
137	175	-1
137	176	-1
137	178	-1
137	179	-1
137	184	1
137	185	1
137	188	-1
137	189	1
137	190	1
137	191	-1
137	192	-1
137	194	-1
137	195	1
137	196	1
137	197	1
137	200	1
137	203	-1
137	204	-1
137	206	-1
137	207	-1
137	211	-1
137	216	-1
137	218	-1
137	220	1
137	221	1
137	222	1
137	223	-1
137	225	1
137	226	-1
137	227	1
137	228	1
137	230	1
137	231	-1
137	232	1
137	233	-1
137	234	-1
137	237	1
137	243	-1
137	244	-1
137	246	-1
137	248	-1
137	254	-1
137	258	1
137	263	-1
137	266	-1
137	269	-1
137	271	1
137	272	1
137	274	1
137	278	-1
137	279	1
137	285	1
137	286	-1
137	287	-1
137	289	1
137	290	-1
137	291	1
137	292	1
137	294	-1
137	296	-1
137	297	1
137	298	-1
137	299	-1
137	303	-1
137	307	-1
137	309	-1
137	310	1
137	313	1
137	314	-1
137	315	1
137	317	1
137	319	-1
137	322	1
137	324	-1
137	325	1
137	326	1
137	329	1
137	330	-1
137	332	-1
137	333	-1
137	334	1
137	335	-1
137	337	-1
137	339	-1
137	340	-1
137	341	-1
137	343	-1
137	344	1
137	346	1
137	347	-1
137	349	1
137	350	1
137	351	1
137	353	1
137	354	-1
137	355	1
137	357	-1
137	362	1
137	363	1
137	364	-1
137	365	1
137	366	-1
137	368	1
137	370	1
137	371	-1
137	374	1
137	376	-1
137	377	1
137	378	1
137	379	-1
137	380	1
137	381	-1
137	382	-1
137	383	1
137	385	1
137	387	1
137	390	-1
137	392	-1
137	397	-1
137	400	1
137	405	-1
137	409	1
137	410	1
137	411	1
137	412	-1
137	413	-1
137	414	1
137	416	-1
137	417	1
137	418	1
137	421	-1
137	422	-1
137	423	1
137	424	-1
137	426	-1
137	429	-1
137	430	1
137	431	1
137	433	1
137	434	1
137	435	-1
137	438	1
137	442	-1
137	447	1
137	448	-1
137	449	1
137	450	1
137	452	-1
137	453	-1
137	454	1
137	455	-1
137	457	1
137	458	1
137	460	1
137	461	1
137	462	-1
137	466	1
137	467	1
137	469	1
137	470	1
137	471	-1
137	473	-1
137	474	1
137	476	1
137	477	1
137	478	-1
137	479	1
137	480	1
137	483	-1
137	484	-1
137	486	-1
137	489	1
137	491	1
137	492	1
137	494	-1
137	496	1
138	139	-1
138	142	-1
138	143	1
138	144	1
138	145	-1
138	146	-1
138	147	-1
138	149	1
138	150	1
138	151	-1
138	155	1
138	159	-1
138	160	1
138	161	1
138	162	-1
138	167	-1
138	169	-1
138	172	1
138	173	1
138	174	1
138	176	1
138	179	-1
138	181	-1
138	184	-1
138	189	1
138	192	-1
138	193	1
138	194	1
138	195	-1
138	197	1
138	198	1
138	199	-1
138	200	-1
138	201	-1
138	203	-1
138	204	-1
138	206	-1
138	210	-1
138	211	1
138	212	1
138	213	1
138	214	-1
138	216	1
138	217	-1
138	219	1
138	220	-1
138	221	1
138	223	1
138	225	-1
138	226	-1
138	227	1
138	228	1
138	234	-1
138	235	-1
138	243	-1
138	245	1
138	249	-1
138	253	1
138	254	-1
138	256	1
138	261	1
138	264	-1
138	265	-1
138	266	-1
138	267	-1
138	268	-1
138	269	-1
138	272	-1
138	273	-1
138	274	1
138	275	1
138	280	1
138	282	1
138	283	-1
138	285	1
138	287	1
138	289	1
138	292	-1
138	293	1
138	294	-1
138	295	-1
138	296	-1
138	298	-1
138	299	-1
138	300	-1
138	307	-1
138	308	-1
138	309	1
138	315	1
138	318	-1
138	319	1
138	326	-1
138	327	1
138	329	-1
138	330	-1
138	331	-1
138	334	-1
138	335	1
138	336	-1
138	337	-1
138	338	1
138	341	-1
138	343	1
138	344	1
138	350	1
138	351	1
138	353	1
138	355	-1
138	356	-1
138	359	1
138	361	-1
138	364	1
138	365	1
138	367	-1
138	368	1
138	369	1
138	371	1
138	374	1
138	376	-1
138	378	-1
138	379	1
138	382	-1
138	383	-1
138	384	-1
138	385	1
138	386	-1
138	387	1
138	389	1
138	390	-1
138	392	-1
138	395	-1
138	396	-1
138	397	-1
138	398	-1
138	399	1
138	404	1
138	408	1
138	412	1
138	413	-1
138	414	-1
138	415	-1
138	416	-1
138	418	1
138	422	1
138	423	1
138	424	1
138	425	-1
138	427	-1
138	434	-1
138	435	1
138	437	1
138	440	1
138	442	1
138	444	-1
138	445	-1
138	447	-1
138	449	1
138	452	1
138	454	1
138	455	1
138	456	1
138	457	-1
138	458	1
138	464	-1
138	465	1
138	466	1
138	467	-1
138	469	1
138	470	-1
138	471	-1
138	472	-1
138	473	1
138	474	-1
138	476	-1
138	477	-1
138	478	1
138	485	-1
138	486	1
138	487	1
138	488	1
138	489	1
138	490	1
138	493	1
138	496	-1
139	142	-1
139	147	-1
139	152	1
139	153	1
139	157	-1
139	158	-1
139	159	1
139	162	-1
139	164	1
139	167	1
139	168	-1
139	169	1
139	172	-1
139	175	1
139	176	1
139	177	1
139	179	-1
139	183	1
139	184	1
139	186	-1
139	187	-1
139	188	-1
139	190	1
139	192	-1
139	193	-1
139	194	-1
139	196	1
139	198	-1
139	200	1
139	201	-1
139	202	1
139	203	-1
139	205	1
139	206	-1
139	207	1
139	208	1
139	210	1
139	212	1
139	215	-1
139	216	-1
139	217	-1
139	218	1
139	219	1
139	221	-1
139	231	1
139	233	1
139	236	1
139	239	-1
139	240	1
139	241	-1
139	242	1
139	243	1
139	244	-1
139	246	-1
139	249	-1
139	250	1
139	251	1
139	252	-1
139	255	-1
139	256	1
139	257	-1
139	260	-1
139	261	-1
139	262	1
139	263	-1
139	268	1
139	272	-1
139	275	-1
139	277	1
139	278	-1
139	279	1
139	280	-1
139	283	-1
139	286	1
139	287	1
139	290	1
139	292	1
139	293	-1
139	294	1
139	295	1
139	296	1
139	299	-1
139	300	-1
139	303	1
139	304	-1
139	312	1
139	314	-1
139	315	-1
139	318	1
139	319	-1
139	320	1
139	324	-1
139	325	-1
139	330	1
139	331	-1
139	333	1
139	334	-1
139	340	1
139	343	1
139	344	-1
139	345	-1
139	347	1
139	349	-1
139	352	1
139	356	1
139	360	1
139	362	-1
139	363	1
139	364	1
139	365	-1
139	366	1
139	367	-1
139	373	1
139	374	1
139	376	1
139	380	1
139	387	-1
139	388	-1
139	389	-1
139	392	-1
139	393	-1
139	394	1
139	396	-1
139	399	-1
139	402	1
139	405	1
139	408	1
139	410	-1
139	411	-1
139	419	-1
139	426	1
139	427	-1
139	428	-1
139	429	-1
139	434	1
139	435	1
139	436	-1
139	437	1
139	438	1
139	439	-1
139	441	-1
139	442	1
139	446	1
139	447	-1
139	450	1
139	453	1
139	454	1
139	457	-1
139	458	-1
139	459	-1
139	461	1
139	463	1
139	464	-1
139	465	-1
139	467	-1
139	468	-1
139	469	1
139	470	-1
139	471	1
139	472	-1
139	476	-1
139	478	1
139	480	-1
139	483	1
139	485	-1
139	488	-1
139	489	-1
139	490	-1
139	492	-1
139	494	1
139	495	1
139	496	1
139	497	1
140	141	-1
140	144	-1
140	146	1
140	148	-1
140	149	-1
140	151	-1
140	152	-1
140	153	-1
140	154	-1
140	155	1
140	158	1
140	160	1
140	162	1
140	164	-1
140	166	1
140	167	1
140	169	-1
140	170	1
140	171	-1
140	172	1
140	174	1
140	175	1
140	181	1
140	182	1
140	183	-1
140	184	1
140	185	-1
140	186	1
140	187	-1
140	189	-1
140	191	1
140	192	1
140	193	-1
140	194	1
140	195	1
140	197	-1
140	198	1
140	200	1
140	201	-1
140	202	-1
140	204	-1
140	205	1
140	206	1
140	207	1
140	210	-1
140	211	1
140	214	1
140	216	1
140	217	-1
140	218	-1
140	220	1
140	221	-1
140	222	-1
140	223	-1
140	224	-1
140	228	1
140	229	-1
140	232	-1
140	237	1
140	238	1
140	239	1
140	240	1
140	241	-1
140	243	1
140	245	-1
140	246	-1
140	247	-1
140	248	1
140	249	-1
140	252	-1
140	254	1
140	255	1
140	257	1
140	261	-1
140	262	-1
140	263	-1
140	269	-1
140	270	-1
140	271	1
140	273	-1
140	274	-1
140	275	1
140	276	-1
140	277	1
140	278	-1
140	279	1
140	281	1
140	282	-1
140	285	1
140	286	-1
140	287	1
140	288	-1
140	290	1
140	291	1
140	292	1
140	299	-1
140	302	-1
140	303	1
140	304	1
140	305	-1
140	307	1
140	308	-1
140	309	-1
140	311	1
140	312	-1
140	313	1
140	316	1
140	321	-1
140	322	-1
140	325	1
140	326	-1
140	330	-1
140	331	1
140	333	1
140	335	1
140	339	-1
140	340	-1
140	342	-1
140	343	1
140	344	-1
140	347	-1
140	349	-1
140	350	-1
140	352	1
140	353	1
140	355	-1
140	359	1
140	361	1
140	362	1
140	367	1
140	369	1
140	372	-1
140	373	-1
140	375	-1
140	376	1
140	377	1
140	380	1
140	381	-1
140	384	-1
140	385	1
140	388	-1
140	389	-1
140	390	-1
140	392	1
140	393	1
140	395	1
140	397	1
140	398	1
140	399	1
140	400	-1
140	402	1
140	405	1
140	407	1
140	408	-1
140	409	1
140	411	-1
140	413	1
140	417	1
140	418	-1
140	419	1
140	420	1
140	421	1
140	426	1
140	428	1
140	429	1
140	431	-1
140	434	-1
140	435	1
140	439	-1
140	441	-1
140	444	1
140	446	-1
140	447	1
140	450	1
140	451	1
140	452	1
140	455	-1
140	456	1
140	458	-1
140	459	1
140	460	-1
140	461	1
140	465	-1
140	467	1
140	468	1
140	469	1
140	470	-1
140	472	1
140	474	1
140	477	1
140	478	1
140	479	1
140	484	-1
140	485	-1
140	486	-1
140	487	-1
140	492	1
140	496	1
140	498	-1
141	143	1
141	145	1
141	146	-1
141	147	-1
141	148	-1
141	149	1
141	152	1
141	155	1
141	160	1
141	163	-1
141	166	1
141	170	1
141	171	1
141	172	-1
141	180	1
141	181	1
141	183	1
141	184	-1
141	185	1
141	186	1
141	187	-1
141	188	1
141	189	-1
141	191	1
141	193	-1
141	195	1
141	196	1
141	199	1
141	202	-1
141	204	1
141	207	1
141	210	1
141	212	1
141	213	-1
141	214	-1
141	215	-1
141	216	-1
141	219	-1
141	222	1
141	223	1
141	226	1
141	229	1
141	230	1
141	232	1
141	235	1
141	236	1
141	237	-1
141	246	1
141	250	-1
141	251	-1
141	252	1
141	253	1
141	255	-1
141	256	-1
141	258	-1
141	260	1
141	263	-1
141	269	1
141	271	-1
141	273	1
141	274	1
141	276	-1
141	277	-1
141	278	-1
141	281	1
141	285	-1
141	289	1
141	292	1
141	294	1
141	295	-1
141	296	-1
141	298	-1
141	299	1
141	301	-1
141	302	-1
141	310	-1
141	311	1
141	312	1
141	313	1
141	314	-1
141	322	1
141	326	1
141	329	1
141	331	-1
141	332	1
141	334	-1
141	335	-1
141	336	1
141	338	1
141	340	-1
141	342	-1
141	345	-1
141	346	1
141	347	-1
141	348	1
141	349	-1
141	350	1
141	353	1
141	354	-1
141	359	1
141	361	-1
141	364	1
141	366	-1
141	369	1
141	370	1
141	373	-1
141	378	-1
141	380	1
141	381	1
141	385	1
141	387	1
141	391	-1
141	395	1
141	396	-1
141	397	1
141	399	-1
141	401	-1
141	402	1
141	404	1
141	405	1
141	406	1
141	407	-1
141	408	1
141	414	1
141	417	1
141	420	1
141	421	1
141	422	-1
141	424	-1
141	425	-1
141	428	1
141	429	-1
141	430	-1
141	432	-1
141	435	-1
141	437	-1
141	439	1
141	440	1
141	442	1
141	443	-1
141	444	1
141	446	1
141	448	1
141	449	1
141	450	1
141	451	1
141	454	1
141	458	-1
141	460	-1
141	462	1
141	465	1
141	467	-1
141	471	1
141	472	-1
141	475	1
141	477	1
141	479	-1
141	480	-1
141	482	1
141	483	1
141	488	-1
141	489	-1
141	490	-1
141	492	1
141	493	1
141	496	-1
141	497	1
142	143	1
142	145	1
142	147	1
142	149	1
142	155	-1
142	157	1
142	158	1
142	160	1
142	161	-1
142	163	1
142	165	1
142	166	1
142	167	-1
142	168	-1
142	170	-1
142	171	1
142	172	-1
142	174	-1
142	175	1
142	181	-1
142	185	1
142	187	1
142	190	-1
142	193	-1
142	194	-1
142	197	-1
142	198	-1
142	200	-1
142	201	1
142	202	-1
142	207	1
142	208	-1
142	209	1
142	213	1
142	214	-1
142	216	-1
142	217	1
142	219	1
142	220	1
142	222	1
142	228	1
142	229	1
142	231	-1
142	239	-1
142	243	1
142	246	-1
142	247	1
142	250	1
142	252	1
142	254	-1
142	258	-1
142	259	-1
142	264	1
142	265	1
142	266	-1
142	267	-1
142	271	-1
142	273	-1
142	274	1
142	277	-1
142	280	-1
142	281	1
142	283	1
142	284	-1
142	285	1
142	288	1
142	298	-1
142	300	-1
142	303	-1
142	306	-1
142	307	1
142	308	-1
142	309	1
142	311	-1
142	313	1
142	315	1
142	316	-1
142	318	-1
142	319	-1
142	320	-1
142	325	-1
142	327	-1
142	328	1
142	334	1
142	337	-1
142	338	-1
142	340	1
142	341	-1
142	343	1
142	345	-1
142	346	-1
142	348	-1
142	349	-1
142	353	1
142	355	1
142	356	-1
142	357	1
142	358	1
142	363	1
142	364	-1
142	368	1
142	369	1
142	370	1
142	372	1
142	373	-1
142	376	-1
142	377	1
142	378	1
142	382	1
142	387	1
142	393	-1
142	396	1
142	399	-1
142	401	-1
142	402	-1
142	403	-1
142	404	1
142	405	1
142	407	1
142	408	1
142	409	1
142	410	-1
142	411	1
142	414	1
142	418	1
142	419	-1
142	421	1
142	422	1
142	423	-1
142	426	-1
142	432	1
142	433	1
142	437	-1
142	439	1
142	442	-1
142	443	1
142	444	-1
142	446	-1
142	448	1
142	452	-1
142	455	-1
142	456	1
142	458	-1
142	459	1
142	460	1
142	461	-1
142	464	-1
142	465	1
142	466	-1
142	467	-1
142	469	-1
142	470	-1
142	471	1
142	472	1
142	474	1
142	475	1
142	476	-1
142	478	-1
142	483	-1
142	484	-1
142	487	1
142	488	-1
142	491	-1
142	493	-1
142	494	-1
142	497	-1
142	498	-1
143	145	-1
143	148	1
143	149	-1
143	151	-1
143	152	1
143	153	-1
143	154	-1
143	155	1
143	156	-1
143	163	-1
143	165	-1
143	166	-1
143	167	-1
143	168	-1
143	169	-1
143	171	1
143	175	1
143	176	-1
143	177	1
143	179	1
143	181	-1
143	184	1
143	185	-1
143	186	1
143	189	-1
143	191	1
143	194	1
143	195	1
143	197	1
143	198	-1
143	200	-1
143	201	1
143	202	1
143	203	1
143	205	-1
143	212	-1
143	216	-1
143	220	1
143	221	1
143	225	-1
143	227	-1
143	230	1
143	232	1
143	238	-1
143	239	-1
143	241	-1
143	242	1
143	243	1
143	244	1
143	245	-1
143	252	1
143	253	1
143	254	-1
143	257	-1
143	260	1
143	261	-1
143	263	1
143	266	1
143	267	-1
143	268	-1
143	269	1
143	270	-1
143	273	-1
143	274	-1
143	275	1
143	277	-1
143	278	1
143	282	1
143	283	-1
143	291	-1
143	297	-1
143	298	-1
143	299	1
143	300	1
143	301	-1
143	304	1
143	307	1
143	308	-1
143	311	-1
143	314	-1
143	315	-1
143	316	-1
143	319	-1
143	321	1
143	322	-1
143	324	-1
143	326	-1
143	327	1
143	331	1
143	332	-1
143	333	1
143	334	1
143	335	1
143	337	-1
143	339	-1
143	340	-1
143	343	-1
143	347	-1
143	348	1
143	349	-1
143	351	-1
143	353	1
143	354	-1
143	359	1
143	361	-1
143	362	-1
143	366	1
143	368	-1
143	370	1
143	371	-1
143	373	-1
143	375	1
143	376	-1
143	377	1
143	378	1
143	379	-1
143	385	-1
143	387	-1
143	388	-1
143	391	-1
143	392	-1
143	393	-1
143	394	-1
143	395	-1
143	396	-1
143	397	1
143	398	-1
143	401	1
143	404	1
143	405	-1
143	406	1
143	407	1
143	409	1
143	411	-1
143	412	-1
143	413	-1
143	414	1
143	415	1
143	416	1
143	419	1
143	422	1
143	427	1
143	430	1
143	433	1
143	434	1
143	435	1
143	436	-1
143	437	-1
143	439	1
143	442	-1
143	445	1
143	448	1
143	450	-1
143	451	-1
143	455	-1
143	459	-1
143	461	1
143	465	1
143	466	1
143	468	1
143	472	1
143	473	1
143	474	1
143	476	-1
143	477	-1
143	478	-1
143	479	1
143	481	1
143	482	1
143	483	1
143	484	-1
143	485	1
143	488	1
143	494	-1
143	496	1
143	497	-1
143	498	-1
143	499	1
144	145	-1
144	146	-1
144	147	1
144	150	-1
144	152	-1
144	154	1
144	156	1
144	157	1
144	161	-1
144	162	-1
144	163	1
144	165	1
144	168	-1
144	169	1
144	170	1
144	171	-1
144	173	-1
144	174	1
144	176	1
144	177	1
144	178	1
144	182	-1
144	183	1
144	184	-1
144	185	1
144	188	1
144	191	-1
144	192	1
144	193	1
144	194	1
144	195	-1
144	196	-1
144	197	1
144	200	-1
144	201	1
144	203	1
144	207	-1
144	211	-1
144	216	-1
144	217	1
144	218	-1
144	219	1
144	220	1
144	223	-1
144	224	1
144	227	-1
144	231	1
144	233	-1
144	236	1
144	238	-1
144	240	1
144	243	1
144	244	1
144	245	-1
144	246	1
144	247	-1
144	251	-1
144	252	-1
144	255	-1
144	257	-1
144	258	-1
144	261	-1
144	264	-1
144	267	-1
144	269	1
144	273	1
144	274	-1
144	276	1
144	277	1
144	278	1
144	279	1
144	283	-1
144	284	1
144	285	-1
144	287	-1
144	290	1
144	291	-1
144	293	1
144	294	1
144	296	-1
144	298	1
144	301	1
144	302	1
144	307	1
144	308	-1
144	311	-1
144	313	-1
144	317	1
144	319	-1
144	323	-1
144	324	-1
144	325	1
144	326	1
144	329	1
144	330	-1
144	333	1
144	334	1
144	336	-1
144	339	1
144	340	-1
144	344	1
144	345	-1
144	346	-1
144	349	-1
144	350	1
144	358	-1
144	361	-1
144	363	-1
144	364	1
144	367	1
144	368	1
144	369	1
144	371	1
144	374	1
144	375	1
144	376	-1
144	378	-1
144	379	-1
144	381	-1
144	382	1
144	383	1
144	387	1
144	388	-1
144	390	-1
144	392	-1
144	393	1
144	395	1
144	397	1
144	399	1
144	402	-1
144	403	1
144	405	1
144	408	1
144	413	1
144	415	-1
144	416	-1
144	419	1
144	420	1
144	423	1
144	424	-1
144	427	-1
144	429	1
144	430	1
144	431	1
144	432	-1
144	433	-1
144	435	1
144	436	1
144	437	-1
144	439	-1
144	441	-1
144	444	1
144	445	1
144	447	-1
144	448	1
144	451	1
144	453	-1
144	454	-1
144	455	1
144	456	1
144	458	1
144	459	-1
144	460	1
144	461	1
144	463	-1
144	464	-1
144	465	1
144	470	1
144	471	-1
144	473	-1
144	474	1
144	475	1
144	476	-1
144	482	-1
144	483	-1
144	484	-1
144	485	1
144	489	1
144	490	1
144	491	1
144	493	-1
144	496	-1
144	497	-1
144	498	-1
145	146	1
145	147	1
145	149	1
145	154	-1
145	156	1
145	157	1
145	158	-1
145	159	-1
145	161	1
145	162	-1
145	163	-1
145	165	-1
145	168	1
145	169	-1
145	172	1
145	173	1
145	179	1
145	182	1
145	185	-1
145	187	1
145	188	1
145	191	1
145	199	-1
145	200	-1
145	201	1
145	202	1
145	204	-1
145	205	-1
145	206	-1
145	207	-1
145	210	-1
145	212	-1
145	213	1
145	214	-1
145	216	-1
145	219	1
145	220	-1
145	221	1
145	222	1
145	225	-1
145	226	1
145	227	1
145	229	-1
145	234	-1
145	235	1
145	238	1
145	239	-1
145	240	-1
145	244	1
145	245	1
145	247	1
145	248	-1
145	252	-1
145	255	1
145	257	1
145	258	-1
145	259	1
145	262	1
145	266	-1
145	267	-1
145	268	-1
145	269	1
145	272	1
145	273	-1
145	275	1
145	276	-1
145	277	-1
145	278	1
145	280	1
145	282	1
145	283	-1
145	284	1
145	285	-1
145	291	-1
145	292	1
145	294	1
145	299	-1
145	301	-1
145	302	1
145	304	1
145	306	1
145	307	-1
145	308	1
145	309	-1
145	311	1
145	312	-1
145	313	-1
145	314	1
145	316	-1
145	317	1
145	319	1
145	320	-1
145	323	1
145	324	-1
145	325	-1
145	327	-1
145	328	1
145	329	-1
145	332	1
145	334	1
145	335	1
145	338	-1
145	340	1
145	341	-1
145	343	-1
145	347	-1
145	348	1
145	349	1
145	351	-1
145	352	-1
145	353	-1
145	354	-1
145	357	-1
145	358	-1
145	359	1
145	362	-1
145	364	1
145	367	-1
145	369	-1
145	370	1
145	371	1
145	377	-1
145	379	-1
145	382	1
145	384	1
145	385	1
145	388	1
145	389	-1
145	391	-1
145	395	-1
145	396	1
145	401	1
145	402	1
145	404	-1
145	405	-1
145	408	1
145	411	-1
145	412	-1
145	413	1
145	416	1
145	419	-1
145	420	1
145	421	1
145	422	1
145	424	1
145	426	-1
145	428	-1
145	431	1
145	432	1
145	435	1
145	439	1
145	442	-1
145	443	1
145	444	1
145	446	1
145	450	1
145	451	1
145	453	1
145	454	1
145	456	1
145	459	1
145	462	-1
145	468	1
145	470	1
145	471	-1
145	472	-1
145	473	1
145	474	1
145	477	1
145	479	1
145	480	-1
145	481	1
145	483	-1
145	484	1
145	486	1
145	487	-1
145	488	-1
145	489	1
145	492	1
145	493	-1
145	494	1
145	496	-1
146	148	-1
146	149	1
146	152	-1
146	160	1
146	162	-1
146	163	-1
146	164	-1
146	166	-1
146	168	1
146	169	1
146	170	1
146	171	1
146	173	-1
146	174	-1
146	175	1
146	177	-1
146	181	-1
146	182	-1
146	184	-1
146	187	1
146	189	-1
146	190	1
146	192	-1
146	196	1
146	198	-1
146	200	1
146	201	1
146	203	-1
146	204	1
146	205	-1
146	208	1
146	211	-1
146	212	-1
146	215	-1
146	221	-1
146	224	-1
146	225	1
146	226	-1
146	227	-1
146	228	1
146	233	-1
146	234	-1
146	238	-1
146	240	-1
146	247	-1
146	255	1
146	259	-1
146	261	-1
146	263	-1
146	264	-1
146	270	1
146	271	-1
146	277	-1
146	279	-1
146	280	-1
146	281	-1
146	283	-1
146	284	-1
146	285	-1
146	287	1
146	292	1
146	293	-1
146	297	1
146	298	-1
146	302	1
146	304	1
146	305	1
146	306	-1
146	309	-1
146	311	1
146	312	1
146	313	1
146	315	1
146	317	-1
146	320	-1
146	321	1
146	325	1
146	328	-1
146	329	-1
146	331	-1
146	332	-1
146	333	-1
146	334	-1
146	336	1
146	338	-1
146	341	1
146	342	1
146	343	1
146	347	1
146	349	1
146	350	1
146	351	1
146	352	-1
146	353	-1
146	356	-1
146	357	1
146	361	1
146	363	1
146	365	-1
146	368	-1
146	374	1
146	376	-1
146	377	1
146	381	1
146	383	-1
146	384	-1
146	385	1
146	387	1
146	388	-1
146	389	1
146	390	1
146	392	1
146	393	-1
146	394	-1
146	395	-1
146	396	1
146	398	1
146	399	1
146	400	-1
146	402	1
146	406	1
146	408	-1
146	410	-1
146	411	-1
146	412	-1
146	413	-1
146	415	-1
146	416	-1
146	417	-1
146	418	1
146	419	-1
146	425	1
146	428	-1
146	430	-1
146	431	1
146	439	1
146	443	1
146	444	-1
146	451	-1
146	452	1
146	454	1
146	455	-1
146	456	1
146	457	-1
146	458	1
146	459	1
146	460	1
146	466	1
146	469	-1
146	470	-1
146	471	1
146	472	1
146	473	1
146	483	-1
146	484	-1
146	485	-1
146	488	-1
146	491	1
146	494	1
146	497	1
147	150	1
147	151	-1
147	152	1
147	153	1
147	154	1
147	156	1
147	157	-1
147	159	-1
147	160	1
147	163	1
147	164	1
147	166	-1
147	167	1
147	169	1
147	172	1
147	174	-1
147	178	1
147	180	1
147	182	-1
147	183	1
147	187	-1
147	188	-1
147	189	1
147	194	1
147	195	1
147	196	-1
147	197	-1
147	198	-1
147	201	-1
147	207	1
147	208	-1
147	211	1
147	214	-1
147	218	1
147	220	-1
147	222	1
147	223	-1
147	225	1
147	227	-1
147	229	-1
147	230	-1
147	238	-1
147	240	1
147	242	1
147	247	-1
147	252	1
147	253	1
147	256	1
147	259	1
147	260	-1
147	261	1
147	263	-1
147	264	-1
147	265	-1
147	267	1
147	269	-1
147	271	1
147	272	1
147	274	-1
147	278	-1
147	279	1
147	280	-1
147	283	1
147	284	1
147	288	1
147	289	-1
147	291	1
147	293	1
147	294	1
147	295	1
147	299	-1
147	300	-1
147	301	-1
147	303	-1
147	304	1
147	305	-1
147	310	1
147	311	1
147	312	1
147	313	-1
147	314	-1
147	316	-1
147	317	1
147	319	1
147	321	1
147	322	1
147	323	1
147	324	-1
147	325	1
147	327	1
147	328	1
147	329	-1
147	335	1
147	336	-1
147	339	-1
147	340	-1
147	341	1
147	345	1
147	346	1
147	347	-1
147	349	-1
147	350	1
147	351	1
147	354	-1
147	357	-1
147	358	1
147	360	-1
147	361	1
147	362	1
147	365	-1
147	366	-1
147	367	-1
147	370	-1
147	372	1
147	374	1
147	379	1
147	380	1
147	381	-1
147	382	1
147	384	-1
147	387	-1
147	388	1
147	389	-1
147	393	-1
147	398	-1
147	407	1
147	408	-1
147	410	-1
147	411	-1
147	412	1
147	413	-1
147	414	1
147	418	1
147	419	1
147	421	1
147	422	1
147	423	-1
147	424	-1
147	426	-1
147	428	-1
147	431	1
147	432	1
147	435	-1
147	437	1
147	439	1
147	440	1
147	444	1
147	446	-1
147	449	-1
147	450	-1
147	452	1
147	453	1
147	455	1
147	456	-1
147	458	-1
147	460	-1
147	464	-1
147	465	-1
147	468	-1
147	470	-1
147	472	1
147	476	1
147	477	-1
147	479	-1
147	482	-1
147	485	-1
147	487	-1
147	488	-1
147	491	1
147	492	-1
147	493	1
147	495	-1
147	496	-1
147	498	-1
148	150	1
148	151	1
148	152	1
148	153	-1
148	154	-1
148	161	1
148	167	-1
148	169	-1
148	176	1
148	179	1
148	180	-1
148	181	-1
148	182	1
148	185	1
148	186	-1
148	187	-1
148	190	-1
148	193	-1
148	194	1
148	196	-1
148	200	-1
148	203	1
148	204	-1
148	205	1
148	206	-1
148	212	-1
148	220	-1
148	222	1
148	223	-1
148	232	-1
148	238	-1
148	239	-1
148	240	1
148	241	1
148	243	1
148	248	-1
148	252	1
148	255	1
148	256	1
148	257	-1
148	259	-1
148	262	1
148	264	1
148	265	1
148	266	1
148	269	-1
148	270	-1
148	271	1
148	272	-1
148	273	1
148	276	1
148	278	-1
148	281	-1
148	282	1
148	283	1
148	285	1
148	286	-1
148	288	1
148	289	-1
148	291	-1
148	292	-1
148	293	1
148	295	-1
148	297	1
148	299	-1
148	303	-1
148	305	1
148	306	-1
148	311	1
148	315	1
148	316	1
148	317	-1
148	321	1
148	322	-1
148	324	-1
148	327	1
148	329	1
148	331	1
148	332	-1
148	334	1
148	337	-1
148	339	1
148	344	-1
148	345	1
148	350	1
148	352	1
148	353	1
148	358	-1
148	359	1
148	361	1
148	362	1
148	363	-1
148	377	1
148	379	-1
148	380	-1
148	381	-1
148	384	1
148	388	1
148	389	1
148	391	1
148	392	-1
148	394	1
148	396	1
148	398	-1
148	401	-1
148	404	-1
148	405	-1
148	406	1
148	407	-1
148	409	1
148	411	1
148	412	1
148	413	1
148	419	1
148	420	1
148	421	-1
148	422	-1
148	423	-1
148	426	1
148	427	-1
148	428	1
148	429	1
148	430	-1
148	432	1
148	433	1
148	434	-1
148	435	1
148	441	1
148	442	-1
148	446	1
148	448	-1
148	449	-1
148	451	1
148	454	-1
148	455	-1
148	457	-1
148	458	1
148	461	-1
148	462	-1
148	466	-1
148	467	1
148	468	-1
148	469	1
148	474	1
148	476	-1
148	478	1
148	479	-1
148	480	-1
148	483	1
148	485	1
148	486	-1
148	491	-1
148	493	1
148	494	-1
148	495	-1
148	498	-1
148	499	1
149	150	1
149	152	1
149	153	1
149	155	-1
149	160	-1
149	161	1
149	162	-1
149	166	-1
149	170	1
149	171	-1
149	172	-1
149	175	1
149	176	1
149	177	-1
149	178	1
149	179	1
149	182	-1
149	183	-1
149	186	1
149	187	1
149	188	1
149	190	1
149	191	-1
149	192	1
149	194	-1
149	195	1
149	198	-1
149	199	1
149	200	1
149	201	1
149	202	-1
149	203	1
149	208	-1
149	215	1
149	217	-1
149	219	-1
149	221	1
149	222	-1
149	230	-1
149	232	-1
149	234	1
149	235	-1
149	238	1
149	239	1
149	240	1
149	241	1
149	244	1
149	247	-1
149	248	1
149	249	1
149	250	1
149	253	1
149	255	1
149	256	1
149	257	-1
149	258	-1
149	261	-1
149	262	-1
149	263	1
149	267	-1
149	268	1
149	269	-1
149	273	1
149	275	-1
149	276	-1
149	278	-1
149	281	-1
149	282	1
149	283	-1
149	284	-1
149	285	-1
149	286	1
149	292	-1
149	293	-1
149	294	1
149	295	1
149	298	-1
149	299	-1
149	301	1
149	302	1
149	304	-1
149	306	-1
149	309	1
149	310	1
149	311	-1
149	313	-1
149	314	-1
149	315	1
149	317	-1
149	319	-1
149	321	-1
149	322	1
149	326	-1
149	329	-1
149	332	1
149	335	1
149	336	-1
149	337	1
149	338	1
149	339	-1
149	341	1
149	343	1
149	344	-1
149	345	1
149	346	-1
149	347	1
149	351	1
149	352	1
149	353	-1
149	355	-1
149	356	1
149	358	1
149	366	-1
149	368	-1
149	369	1
149	370	1
149	371	1
149	373	1
149	374	1
149	375	-1
149	378	-1
149	380	1
149	381	-1
149	384	-1
149	385	1
149	386	1
149	387	-1
149	390	-1
149	391	-1
149	392	1
149	393	-1
149	394	1
149	395	1
149	396	-1
149	397	-1
149	399	-1
149	402	1
149	403	1
149	406	-1
149	408	1
149	410	-1
149	414	1
149	418	-1
149	424	-1
149	425	1
149	427	1
149	430	1
149	431	-1
149	432	1
149	433	-1
149	434	-1
149	435	1
149	437	-1
149	440	1
149	443	-1
149	444	-1
149	448	-1
149	449	-1
149	452	-1
149	453	-1
149	454	-1
149	455	-1
149	457	1
149	458	1
149	459	-1
149	461	1
149	462	-1
149	463	-1
149	468	1
149	472	1
149	473	-1
149	475	-1
149	476	1
149	477	-1
149	478	-1
149	479	-1
149	482	1
149	487	-1
149	493	1
149	494	1
149	495	-1
149	496	-1
149	498	1
150	151	1
150	152	-1
150	154	1
150	156	1
150	159	1
150	161	-1
150	162	1
150	164	-1
150	165	-1
150	167	1
150	168	-1
150	170	-1
150	171	-1
150	174	1
150	175	1
150	176	-1
150	177	-1
150	180	1
150	188	-1
150	190	-1
150	191	-1
150	195	1
150	197	-1
150	198	-1
150	199	-1
150	200	-1
150	202	-1
150	204	-1
150	205	-1
150	206	1
150	208	1
150	209	-1
150	212	1
150	215	1
150	216	-1
150	217	-1
150	218	1
150	219	1
150	221	-1
150	223	1
150	227	-1
150	230	1
150	233	1
150	235	-1
150	237	1
150	238	1
150	240	-1
150	241	1
150	243	1
150	245	1
150	246	1
150	247	-1
150	248	1
150	250	1
150	252	1
150	254	-1
150	260	-1
150	261	1
150	262	1
150	264	-1
150	267	-1
150	268	1
150	269	1
150	270	1
150	271	1
150	272	1
150	278	1
150	279	1
150	281	-1
150	282	1
150	283	-1
150	284	-1
150	286	-1
150	291	-1
150	292	-1
150	294	1
150	295	-1
150	300	1
150	303	1
150	305	-1
150	307	1
150	308	1
150	310	1
150	311	1
150	312	1
150	314	1
150	315	-1
150	317	-1
150	318	1
150	319	-1
150	320	-1
150	321	1
150	323	-1
150	324	1
150	325	1
150	326	-1
150	330	1
150	331	1
150	334	1
150	335	1
150	337	-1
150	338	-1
150	341	-1
150	342	1
150	343	-1
150	346	-1
150	348	1
150	353	-1
150	357	1
150	364	1
150	366	-1
150	367	-1
150	369	1
150	370	1
150	371	1
150	372	-1
150	376	-1
150	377	-1
150	378	1
150	381	1
150	383	1
150	386	-1
150	387	1
150	388	-1
150	389	1
150	391	1
150	392	-1
150	393	-1
150	394	1
150	395	-1
150	398	-1
150	399	-1
150	402	1
150	405	-1
150	407	1
150	409	1
150	410	-1
150	413	-1
150	415	-1
150	416	1
150	417	-1
150	420	1
150	424	1
150	427	1
150	428	-1
150	429	1
150	432	-1
150	433	-1
150	434	-1
150	437	-1
150	439	-1
150	440	1
150	442	1
150	443	1
150	445	1
150	446	-1
150	453	-1
150	454	-1
150	456	1
150	457	-1
150	459	-1
150	460	1
150	461	-1
150	463	1
150	465	-1
150	469	-1
150	473	1
150	475	1
150	482	-1
150	485	1
150	487	1
150	488	-1
150	489	-1
150	491	-1
150	494	1
150	496	1
150	497	-1
150	498	1
151	152	1
151	153	-1
151	155	-1
151	157	1
151	158	1
151	159	-1
151	160	-1
151	164	-1
151	166	1
151	167	1
151	173	-1
151	174	-1
151	177	-1
151	178	1
151	182	1
151	183	1
151	184	1
151	187	1
151	190	-1
151	192	-1
151	194	-1
151	195	-1
151	196	-1
151	199	-1
151	205	1
151	206	-1
151	207	1
151	211	-1
151	212	1
151	216	-1
151	218	-1
151	223	-1
151	225	-1
151	227	1
151	228	1
151	229	1
151	234	-1
151	235	-1
151	236	-1
151	238	-1
151	242	-1
151	245	-1
151	246	1
151	247	-1
151	248	-1
151	253	1
151	254	-1
151	257	-1
151	258	-1
151	259	1
151	261	1
151	264	1
151	265	-1
151	266	-1
151	268	-1
151	270	1
151	271	1
151	272	1
151	273	-1
151	274	-1
151	275	-1
151	277	1
151	280	-1
151	282	1
151	284	-1
151	285	1
151	286	1
151	287	1
151	288	1
151	289	1
151	291	-1
151	294	-1
151	296	-1
151	299	1
151	302	1
151	303	-1
151	306	1
151	307	1
151	309	-1
151	310	1
151	312	-1
151	315	1
151	316	1
151	317	-1
151	318	1
151	320	-1
151	325	1
151	326	1
151	329	1
151	331	1
151	332	1
151	336	-1
151	339	-1
151	341	1
151	343	1
151	344	1
151	345	1
151	346	1
151	347	-1
151	348	-1
151	349	-1
151	350	1
151	352	-1
151	355	-1
151	356	1
151	357	-1
151	358	-1
151	360	-1
151	361	1
151	362	-1
151	364	1
151	365	-1
151	366	-1
151	367	1
151	370	-1
151	371	-1
151	372	-1
151	379	-1
151	380	1
151	387	-1
151	390	1
151	391	1
151	392	1
151	397	-1
151	398	-1
151	399	1
151	402	-1
151	403	-1
151	405	-1
151	407	-1
151	408	-1
151	410	1
151	411	-1
151	412	1
151	413	-1
151	416	-1
151	417	1
151	420	1
151	421	-1
151	427	1
151	430	-1
151	433	-1
151	436	1
151	437	1
151	440	1
151	441	-1
151	443	-1
151	445	-1
151	449	1
151	451	-1
151	456	-1
151	457	1
151	458	-1
151	461	1
151	462	-1
151	464	-1
151	465	-1
151	466	-1
151	467	-1
151	468	1
151	469	1
151	470	-1
151	473	1
151	474	-1
151	475	1
151	476	1
151	477	-1
151	479	-1
151	480	1
151	481	1
151	483	-1
151	484	1
151	487	1
151	488	1
151	489	-1
151	491	1
151	493	-1
151	494	1
151	497	1
151	498	1
151	499	1
152	153	-1
152	154	1
152	155	-1
152	158	-1
152	159	1
152	161	1
152	164	-1
152	166	1
152	167	1
152	168	1
152	172	-1
152	173	1
152	176	-1
152	180	1
152	181	1
152	183	1
152	184	-1
152	188	-1
152	189	1
152	190	1
152	191	1
152	194	1
152	198	-1
152	199	-1
152	203	-1
152	205	1
152	206	-1
152	211	1
152	212	-1
152	213	-1
152	215	1
152	223	1
152	224	1
152	225	1
152	227	-1
152	228	1
152	229	1
152	230	-1
152	231	-1
152	232	-1
152	233	1
152	234	1
152	235	1
152	237	1
152	238	-1
152	239	1
152	244	-1
152	248	1
152	252	1
152	253	-1
152	254	-1
152	257	1
152	260	1
152	261	-1
152	263	1
152	264	-1
152	271	1
152	272	1
152	274	1
152	275	-1
152	276	-1
152	279	-1
152	282	-1
152	283	-1
152	287	1
152	289	-1
152	291	1
152	294	1
152	296	-1
152	298	1
152	304	1
152	305	1
152	306	-1
152	307	-1
152	310	1
152	311	-1
152	312	1
152	319	-1
152	320	-1
152	322	-1
152	323	1
152	328	1
152	329	1
152	330	1
152	332	-1
152	333	-1
152	341	1
152	342	1
152	347	1
152	350	1
152	351	-1
152	352	-1
152	354	1
152	356	-1
152	358	1
152	359	1
152	361	1
152	363	-1
152	364	1
152	369	-1
152	373	1
152	376	-1
152	377	1
152	380	1
152	381	-1
152	382	1
152	383	1
152	387	1
152	388	1
152	392	1
152	394	1
152	395	1
152	399	1
152	400	-1
152	403	1
152	404	1
152	408	1
152	412	-1
152	413	1
152	416	-1
152	417	1
152	418	-1
152	421	-1
152	422	-1
152	423	1
152	424	1
152	426	-1
152	427	-1
152	428	-1
152	430	-1
152	431	1
152	432	-1
152	433	1
152	435	-1
152	436	1
152	437	-1
152	438	1
152	440	-1
152	442	-1
152	446	-1
152	448	-1
152	449	1
152	456	-1
152	459	1
152	460	-1
152	461	-1
152	462	1
152	463	1
152	465	-1
152	467	-1
152	470	1
152	471	1
152	474	-1
152	477	-1
152	481	1
152	483	-1
152	486	-1
152	489	1
152	491	-1
152	494	-1
152	496	1
152	497	1
152	499	-1
153	154	-1
153	156	-1
153	157	-1
153	159	1
153	161	-1
153	164	-1
153	165	1
153	166	-1
153	167	-1
153	168	-1
153	170	1
153	172	-1
153	173	1
153	174	-1
153	175	-1
153	176	1
153	177	-1
153	179	1
153	181	-1
153	184	-1
153	185	-1
153	187	1
153	188	-1
153	190	-1
153	194	-1
153	196	1
153	197	1
153	202	1
153	203	1
153	208	1
153	211	1
153	212	-1
153	213	1
153	215	1
153	216	-1
153	219	-1
153	220	1
153	222	1
153	223	1
153	225	-1
153	234	-1
153	237	-1
153	240	-1
153	242	1
153	243	-1
153	250	-1
153	253	-1
153	254	-1
153	255	1
153	257	1
153	259	1
153	262	-1
153	269	-1
153	271	-1
153	273	-1
153	274	-1
153	278	1
153	280	-1
153	281	-1
153	286	1
153	287	1
153	288	-1
153	290	1
153	293	1
153	294	-1
153	298	-1
153	299	-1
153	300	-1
153	301	1
153	309	1
153	311	1
153	312	-1
153	314	-1
153	315	-1
153	316	1
153	317	1
153	318	1
153	321	1
153	323	1
153	324	1
153	328	1
153	329	1
153	333	-1
153	334	-1
153	335	-1
153	336	1
153	338	1
153	340	-1
153	341	-1
153	351	-1
153	352	-1
153	354	-1
153	356	-1
153	357	1
153	360	-1
153	363	-1
153	365	-1
153	366	-1
153	370	1
153	372	-1
153	374	-1
153	376	-1
153	377	1
153	380	1
153	382	-1
153	383	1
153	386	1
153	391	-1
153	394	-1
153	396	1
153	397	1
153	398	-1
153	399	1
153	403	1
153	404	1
153	412	1
153	413	1
153	418	-1
153	420	-1
153	421	1
153	422	-1
153	429	-1
153	430	-1
153	432	1
153	434	1
153	435	1
153	436	1
153	437	-1
153	438	1
153	444	1
153	447	-1
153	450	-1
153	451	1
153	454	1
153	455	1
153	456	-1
153	458	1
153	459	-1
153	460	1
153	461	1
153	465	1
153	466	-1
153	470	-1
153	471	1
153	472	-1
153	473	1
153	475	1
153	477	-1
153	478	1
153	480	1
153	484	1
153	485	-1
153	486	1
153	490	-1
153	492	1
153	494	-1
153	497	-1
154	156	-1
154	158	-1
154	160	1
154	163	-1
154	166	-1
154	168	-1
154	169	1
154	170	1
154	172	1
154	176	-1
154	177	-1
154	182	-1
154	183	1
154	184	-1
154	186	-1
154	189	1
154	190	1
154	191	-1
154	192	1
154	195	1
154	198	1
154	200	-1
154	201	-1
154	202	1
154	203	-1
154	207	1
154	208	1
154	209	-1
154	211	-1
154	212	1
154	213	-1
154	214	-1
154	216	-1
154	217	1
154	220	1
154	227	-1
154	229	1
154	233	1
154	234	1
154	236	1
154	237	-1
154	238	1
154	239	1
154	241	-1
154	244	-1
154	246	-1
154	249	-1
154	250	1
154	251	1
154	253	1
154	255	-1
154	256	-1
154	257	-1
154	258	1
154	260	1
154	263	1
154	264	-1
154	265	-1
154	267	1
154	268	-1
154	269	1
154	270	1
154	273	-1
154	274	1
154	276	-1
154	280	-1
154	281	1
154	284	-1
154	285	-1
154	286	1
154	289	-1
154	292	1
154	293	1
154	295	1
154	296	-1
154	297	-1
154	298	1
154	299	1
154	301	1
154	303	1
154	307	1
154	308	1
154	312	-1
154	314	1
154	319	-1
154	320	1
154	321	1
154	322	-1
154	323	1
154	324	1
154	325	-1
154	326	1
154	328	1
154	329	1
154	330	1
154	331	-1
154	332	-1
154	333	1
154	336	-1
154	337	-1
154	338	1
154	341	1
154	346	1
154	347	1
154	349	-1
154	350	1
154	351	1
154	352	1
154	353	-1
154	355	-1
154	357	-1
154	359	1
154	360	-1
154	363	1
154	365	1
154	367	1
154	368	-1
154	370	-1
154	371	1
154	372	-1
154	373	1
154	374	-1
154	377	-1
154	380	1
154	383	-1
154	385	-1
154	386	-1
154	389	1
154	391	-1
154	392	1
154	394	1
154	395	1
154	397	1
154	398	-1
154	400	1
154	401	-1
154	408	-1
154	411	1
154	415	-1
154	417	-1
154	418	-1
154	422	-1
154	423	1
154	425	1
154	428	-1
154	430	1
154	431	-1
154	434	1
154	435	-1
154	436	1
154	437	1
154	439	1
154	443	-1
154	444	1
154	446	1
154	449	-1
154	451	-1
154	453	-1
154	454	-1
154	455	1
154	457	1
154	458	-1
154	461	-1
154	469	1
154	471	1
154	475	-1
154	478	-1
154	479	-1
154	480	-1
154	481	1
154	484	-1
154	485	1
154	486	1
154	488	-1
154	490	1
154	492	1
154	494	-1
155	156	1
155	158	1
155	160	1
155	162	1
155	163	-1
155	164	-1
155	165	-1
155	169	-1
155	173	1
155	174	-1
155	176	-1
155	181	-1
155	183	1
155	185	-1
155	186	1
155	190	-1
155	191	-1
155	192	-1
155	196	1
155	201	-1
155	202	1
155	204	1
155	205	1
155	216	-1
155	217	1
155	218	1
155	219	1
155	221	1
155	222	1
155	223	-1
155	228	1
155	229	-1
155	231	1
155	232	1
155	235	-1
155	237	1
155	239	1
155	241	1
155	244	1
155	245	1
155	247	1
155	248	-1
155	251	1
155	253	-1
155	254	-1
155	256	-1
155	257	1
155	259	1
155	260	-1
155	262	1
155	263	-1
155	265	1
155	266	1
155	267	-1
155	268	-1
155	269	-1
155	272	-1
155	273	1
155	274	1
155	275	1
155	276	1
155	278	1
155	283	-1
155	286	1
155	288	-1
155	291	-1
155	294	-1
155	295	1
155	298	-1
155	299	-1
155	300	-1
155	301	1
155	304	1
155	305	1
155	308	1
155	311	1
155	313	-1
155	318	-1
155	326	1
155	330	-1
155	331	-1
155	333	-1
155	337	-1
155	338	-1
155	339	-1
155	340	-1
155	344	-1
155	347	-1
155	351	-1
155	354	1
155	356	-1
155	357	-1
155	361	-1
155	364	-1
155	367	-1
155	368	1
155	369	1
155	370	1
155	371	-1
155	373	-1
155	375	-1
155	376	1
155	379	1
155	386	-1
155	388	1
155	390	1
155	392	-1
155	394	1
155	397	-1
155	400	-1
155	403	1
155	406	1
155	408	-1
155	409	1
155	412	1
155	413	1
155	414	1
155	415	-1
155	417	1
155	419	1
155	420	1
155	426	-1
155	432	1
155	434	1
155	435	1
155	436	-1
155	439	-1
155	440	-1
155	441	-1
155	444	1
155	448	1
155	449	1
155	451	-1
155	452	1
155	453	-1
155	454	1
155	455	1
155	458	1
155	459	-1
155	460	-1
155	463	-1
155	467	-1
155	470	1
155	476	1
155	477	1
155	478	-1
155	479	1
155	480	-1
155	481	-1
155	482	-1
155	483	-1
155	484	1
155	485	-1
155	487	-1
155	489	-1
155	493	1
155	494	1
156	158	-1
156	160	1
156	165	-1
156	166	1
156	167	-1
156	168	-1
156	169	-1
156	170	-1
156	172	-1
156	174	1
156	175	1
156	176	1
156	179	1
156	180	1
156	181	-1
156	184	1
156	189	-1
156	191	-1
156	192	-1
156	193	1
156	194	1
156	196	1
156	197	1
156	198	-1
156	199	-1
156	200	-1
156	202	-1
156	205	1
156	208	-1
156	211	-1
156	213	1
156	216	1
156	218	-1
156	220	1
156	221	1
156	223	-1
156	224	1
156	225	1
156	226	-1
156	227	-1
156	230	1
156	233	1
156	235	-1
156	236	-1
156	237	1
156	240	-1
156	242	1
156	244	-1
156	245	-1
156	247	1
156	248	-1
156	250	1
156	251	-1
156	252	-1
156	260	-1
156	264	1
156	267	-1
156	268	1
156	269	-1
156	271	1
156	272	1
156	274	1
156	275	1
156	276	-1
156	278	1
156	280	1
156	283	-1
156	291	-1
156	292	-1
156	293	1
156	296	1
156	301	-1
156	303	1
156	305	-1
156	306	-1
156	310	-1
156	311	-1
156	312	1
156	316	1
156	317	1
156	323	-1
156	325	1
156	328	-1
156	329	-1
156	331	-1
156	333	1
156	335	1
156	336	1
156	339	1
156	340	1
156	342	1
156	343	1
156	344	-1
156	345	-1
156	347	1
156	350	-1
156	352	-1
156	353	1
156	354	-1
156	357	-1
156	358	1
156	364	1
156	365	1
156	366	-1
156	367	-1
156	371	1
156	372	1
156	373	1
156	376	1
156	377	-1
156	379	1
156	381	1
156	384	-1
156	387	-1
156	390	1
156	391	-1
156	392	1
156	393	1
156	394	-1
156	396	1
156	398	-1
156	399	-1
156	403	1
156	404	1
156	405	1
156	406	-1
156	407	-1
156	408	1
156	409	-1
156	410	1
156	411	-1
156	413	-1
156	415	1
156	417	1
156	418	1
156	419	-1
156	420	-1
156	422	-1
156	427	1
156	428	1
156	429	-1
156	432	1
156	433	1
156	434	1
156	437	1
156	441	-1
156	443	-1
156	445	-1
156	446	-1
156	449	1
156	450	-1
156	451	-1
156	454	-1
156	455	1
156	456	-1
156	457	1
156	462	1
156	463	-1
156	464	-1
156	465	-1
156	467	1
156	468	-1
156	469	-1
156	471	1
156	472	-1
156	475	-1
156	476	1
156	481	1
156	483	1
156	485	1
156	487	1
156	489	-1
156	490	-1
156	491	-1
156	492	-1
156	495	-1
156	496	1
156	499	-1
157	159	1
157	162	-1
157	164	-1
157	168	-1
157	169	-1
157	172	-1
157	173	1
157	175	-1
157	176	1
157	177	1
157	179	-1
157	180	1
157	185	1
157	186	-1
157	191	-1
157	196	1
157	199	1
157	202	-1
157	203	1
157	207	-1
157	208	-1
157	210	-1
157	211	-1
157	213	-1
157	214	1
157	216	1
157	217	-1
157	218	-1
157	221	1
157	222	1
157	223	-1
157	224	1
157	227	-1
157	229	1
157	231	1
157	233	-1
157	236	1
157	237	-1
157	238	1
157	239	-1
157	240	-1
157	243	-1
157	248	-1
157	249	-1
157	251	-1
157	252	-1
157	255	1
157	259	1
157	260	1
157	261	1
157	262	1
157	268	1
157	269	1
157	270	1
157	273	-1
157	276	-1
157	277	-1
157	278	-1
157	282	-1
157	283	-1
157	288	1
157	289	1
157	290	-1
157	292	1
157	294	1
157	295	1
157	297	-1
157	299	-1
157	301	1
157	302	1
157	303	1
157	304	1
157	305	-1
157	306	-1
157	308	-1
157	309	-1
157	310	-1
157	314	1
157	315	1
157	317	-1
157	318	-1
157	320	-1
157	321	1
157	322	1
157	325	1
157	327	1
157	328	-1
157	331	-1
157	335	-1
157	339	1
157	340	-1
157	341	1
157	343	-1
157	344	1
157	347	1
157	348	1
157	349	1
157	350	-1
157	352	-1
157	353	1
157	354	1
157	355	1
157	356	1
157	357	1
157	358	1
157	363	-1
157	365	1
157	366	-1
157	367	1
157	368	-1
157	372	1
157	374	1
157	375	-1
157	383	-1
157	386	1
157	387	-1
157	388	1
157	389	-1
157	390	-1
157	393	1
157	397	-1
157	398	-1
157	399	-1
157	401	-1
157	402	1
157	403	-1
157	404	1
157	405	1
157	406	1
157	407	1
157	408	1
157	409	1
157	410	1
157	411	1
157	412	-1
157	416	-1
157	417	1
157	419	-1
157	420	1
157	422	1
157	425	-1
157	426	1
157	429	1
157	430	-1
157	432	1
157	434	-1
157	435	-1
157	436	-1
157	437	1
157	438	1
157	442	-1
157	443	1
157	444	1
157	445	-1
157	446	1
157	447	1
157	448	-1
157	451	-1
157	452	-1
157	453	-1
157	455	1
157	456	-1
157	457	1
157	458	1
157	459	1
157	462	1
157	463	1
157	464	1
157	465	1
157	466	1
157	467	1
157	468	1
157	470	-1
157	471	1
157	475	1
157	476	1
157	477	1
157	479	1
157	480	-1
157	481	1
157	484	1
157	485	-1
157	487	-1
157	488	-1
157	489	1
157	490	1
157	492	1
157	494	1
157	495	-1
157	496	1
157	498	-1
158	160	1
158	161	1
158	162	-1
158	165	1
158	167	1
158	168	1
158	169	-1
158	170	1
158	171	-1
158	172	1
158	173	-1
158	175	-1
158	176	-1
158	178	1
158	179	1
158	181	1
158	182	-1
158	185	-1
158	190	-1
158	194	1
158	195	1
158	196	1
158	198	-1
158	202	1
158	203	1
158	207	-1
158	209	1
158	210	1
158	217	1
158	218	-1
158	219	-1
158	221	-1
158	222	1
158	223	-1
158	225	-1
158	226	1
158	232	1
158	233	-1
158	235	-1
158	236	1
158	237	-1
158	239	1
158	240	1
158	241	1
158	242	-1
158	244	1
158	245	1
158	246	1
158	249	1
158	252	1
158	254	1
158	256	1
158	257	1
158	262	-1
158	266	1
158	267	1
158	268	-1
158	269	-1
158	271	1
158	272	-1
158	277	-1
158	279	-1
158	282	-1
158	287	-1
158	291	1
158	292	1
158	293	-1
158	294	1
158	298	-1
158	301	1
158	304	1
158	306	-1
158	308	-1
158	311	-1
158	312	1
158	313	1
158	314	1
158	315	1
158	316	-1
158	318	1
158	319	1
158	321	1
158	322	1
158	323	-1
158	325	-1
158	327	1
158	328	1
158	330	-1
158	333	1
158	334	-1
158	335	1
158	336	1
158	338	1
158	342	1
158	344	-1
158	346	1
158	348	-1
158	353	-1
158	354	-1
158	355	-1
158	359	-1
158	361	1
158	362	-1
158	363	-1
158	364	-1
158	366	-1
158	369	-1
158	370	1
158	371	1
158	372	-1
158	373	-1
158	374	1
158	376	-1
158	377	1
158	378	1
158	379	-1
158	383	1
158	385	1
158	386	1
158	391	-1
158	394	1
158	397	-1
158	399	-1
158	400	-1
158	401	-1
158	402	1
158	404	-1
158	409	-1
158	413	-1
158	417	1
158	418	-1
158	426	-1
158	428	-1
158	429	1
158	434	-1
158	435	1
158	436	-1
158	437	-1
158	439	-1
158	440	-1
158	441	1
158	442	1
158	443	-1
158	444	1
158	446	-1
158	447	1
158	453	1
158	455	1
158	457	-1
158	458	-1
158	460	-1
158	462	1
158	464	1
158	465	-1
158	467	-1
158	468	1
158	469	1
158	474	-1
158	475	1
158	479	-1
158	485	-1
158	488	1
158	490	1
158	492	1
158	495	-1
158	497	-1
158	499	-1
159	160	1
159	164	-1
159	167	1
159	169	1
159	171	1
159	174	1
159	175	-1
159	177	-1
159	178	-1
159	180	-1
159	182	1
159	185	1
159	186	-1
159	187	1
159	190	-1
159	192	-1
159	193	1
159	196	1
159	198	1
159	200	1
159	208	1
159	209	-1
159	212	1
159	213	1
159	216	-1
159	217	1
159	218	1
159	219	-1
159	220	-1
159	223	1
159	225	-1
159	228	-1
159	230	1
159	231	1
159	232	-1
159	234	1
159	237	-1
159	238	1
159	239	-1
159	240	1
159	241	1
159	244	-1
159	245	-1
159	246	1
159	247	1
159	248	1
159	249	-1
159	250	1
159	251	1
159	252	-1
159	253	-1
159	254	1
159	255	-1
159	256	-1
159	259	-1
159	260	-1
159	262	-1
159	264	1
159	265	1
159	266	1
159	267	-1
159	269	-1
159	270	1
159	273	-1
159	275	1
159	279	-1
159	280	1
159	281	-1
159	282	1
159	284	-1
159	285	1
159	286	1
159	287	-1
159	289	1
159	294	-1
159	296	1
159	298	1
159	299	1
159	303	1
159	304	1
159	305	1
159	306	-1
159	307	1
159	308	1
159	310	1
159	313	-1
159	314	1
159	317	-1
159	318	1
159	319	1
159	320	1
159	323	-1
159	324	1
159	328	-1
159	329	1
159	331	-1
159	332	-1
159	333	1
159	334	1
159	337	1
159	338	-1
159	339	1
159	340	1
159	343	1
159	344	1
159	345	1
159	348	1
159	349	-1
159	353	-1
159	355	-1
159	358	1
159	360	1
159	361	1
159	363	1
159	364	-1
159	367	1
159	376	1
159	377	1
159	378	1
159	379	-1
159	381	1
159	383	1
159	385	1
159	386	-1
159	391	1
159	392	-1
159	393	1
159	394	1
159	395	-1
159	396	1
159	399	-1
159	400	1
159	403	-1
159	405	-1
159	409	1
159	410	1
159	412	-1
159	413	1
159	415	1
159	417	-1
159	418	-1
159	421	-1
159	422	1
159	423	-1
159	424	-1
159	426	1
159	428	1
159	431	1
159	432	-1
159	433	-1
159	435	-1
159	439	-1
159	442	-1
159	444	-1
159	446	1
159	448	1
159	449	-1
159	450	1
159	452	-1
159	455	-1
159	459	-1
159	460	-1
159	462	-1
159	464	-1
159	465	1
159	466	-1
159	467	-1
159	469	1
159	470	1
159	471	-1
159	473	-1
159	474	1
159	475	1
159	476	-1
159	477	-1
159	479	-1
159	482	1
159	484	-1
159	487	-1
159	489	-1
159	490	-1
159	493	1
159	494	-1
159	495	-1
159	497	-1
159	499	1
160	161	1
160	162	1
160	163	1
160	165	1
160	168	1
160	169	1
160	171	-1
160	172	-1
160	174	-1
160	176	1
160	178	-1
160	179	-1
160	183	-1
160	185	-1
160	186	-1
160	190	1
160	191	1
160	193	1
160	195	1
160	196	1
160	198	-1
160	201	1
160	202	-1
160	203	-1
160	204	-1
160	205	-1
160	206	-1
160	209	-1
160	211	1
160	213	-1
160	214	1
160	215	1
160	216	1
160	217	1
160	218	1
160	220	-1
160	221	1
160	224	1
160	227	1
160	229	1
160	234	-1
160	235	1
160	237	-1
160	238	-1
160	239	-1
160	244	1
160	246	-1
160	247	1
160	248	-1
160	249	-1
160	251	-1
160	260	-1
160	261	1
160	262	1
160	263	1
160	264	-1
160	266	-1
160	268	-1
160	271	-1
160	272	1
160	273	-1
160	274	1
160	275	-1
160	276	1
160	277	-1
160	278	-1
160	280	1
160	281	-1
160	282	1
160	283	-1
160	285	-1
160	287	1
160	288	1
160	292	-1
160	293	1
160	294	-1
160	295	1
160	298	-1
160	300	1
160	302	1
160	304	1
160	306	1
160	308	-1
160	312	-1
160	314	1
160	315	-1
160	316	1
160	318	1
160	321	-1
160	323	1
160	324	1
160	325	1
160	328	1
160	330	1
160	331	1
160	332	-1
160	333	1
160	334	-1
160	335	1
160	336	-1
160	339	-1
160	340	-1
160	341	1
160	342	-1
160	345	1
160	348	1
160	351	-1
160	353	-1
160	354	-1
160	356	1
160	357	1
160	359	-1
160	361	1
160	362	1
160	364	1
160	368	1
160	369	-1
160	373	1
160	374	1
160	376	-1
160	377	-1
160	380	1
160	381	1
160	382	1
160	383	-1
160	385	1
160	386	1
160	387	-1
160	388	-1
160	389	-1
160	390	1
160	391	1
160	393	-1
160	396	1
160	399	-1
160	400	-1
160	403	-1
160	407	1
160	411	1
160	412	1
160	415	1
160	417	1
160	418	1
160	419	-1
160	420	1
160	422	1
160	423	1
160	424	1
160	427	-1
160	429	-1
160	432	-1
160	435	-1
160	436	1
160	439	1
160	440	1
160	441	-1
160	442	1
160	447	1
160	449	1
160	452	1
160	453	1
160	455	1
160	459	1
160	465	1
160	466	-1
160	467	-1
160	468	-1
160	473	-1
160	475	1
160	476	1
160	477	1
160	479	-1
160	482	-1
160	484	-1
160	485	1
160	486	1
160	488	-1
160	489	-1
160	490	1
160	493	1
160	494	1
160	495	-1
160	496	-1
160	497	-1
160	499	-1
161	163	-1
161	165	-1
161	167	1
161	172	1
161	173	-1
161	174	-1
161	176	-1
161	177	1
161	180	1
161	185	1
161	187	-1
161	190	-1
161	191	-1
161	192	1
161	193	-1
161	196	1
161	197	-1
161	198	-1
161	201	-1
161	202	1
161	204	1
161	205	1
161	210	1
161	211	1
161	215	1
161	217	1
161	218	-1
161	222	-1
161	223	-1
161	224	1
161	226	1
161	229	1
161	230	1
161	234	-1
161	235	-1
161	236	1
161	237	-1
161	238	1
161	239	-1
161	241	-1
161	243	-1
161	244	1
161	245	-1
161	246	-1
161	247	-1
161	249	1
161	250	1
161	251	1
161	260	1
161	262	1
161	263	1
161	264	-1
161	265	-1
161	272	1
161	274	1
161	275	1
161	276	1
161	277	1
161	279	-1
161	282	1
161	283	1
161	286	-1
161	287	1
161	289	-1
161	291	1
161	301	-1
161	302	-1
161	303	-1
161	306	-1
161	309	1
161	310	1
161	311	-1
161	313	1
161	316	-1
161	317	1
161	321	-1
161	325	-1
161	328	-1
161	329	1
161	334	1
161	336	-1
161	339	-1
161	340	1
161	342	1
161	345	-1
161	346	-1
161	347	-1
161	348	-1
161	349	1
161	350	1
161	352	1
161	354	-1
161	355	-1
161	356	1
161	358	-1
161	360	1
161	364	-1
161	367	1
161	369	1
161	373	1
161	374	1
161	375	-1
161	377	1
161	378	1
161	379	-1
161	382	-1
161	386	-1
161	388	1
161	389	-1
161	390	1
161	392	1
161	395	1
161	396	1
161	397	-1
161	400	-1
161	403	1
161	405	1
161	406	-1
161	407	1
161	408	1
161	412	1
161	413	1
161	418	1
161	419	1
161	420	-1
161	422	1
161	423	1
161	424	1
161	426	-1
161	429	-1
161	430	1
161	431	1
161	433	-1
161	434	1
161	435	-1
161	437	-1
161	438	1
161	441	1
161	442	-1
161	443	1
161	445	-1
161	446	-1
161	447	-1
161	449	-1
161	450	1
161	455	1
161	456	1
161	457	1
161	460	1
161	467	1
161	469	1
161	470	1
161	471	1
161	472	1
161	475	1
161	478	-1
161	479	-1
161	481	-1
161	482	1
161	483	1
161	485	1
161	486	-1
161	488	-1
161	491	1
161	493	1
161	494	-1
161	496	1
161	498	-1
161	499	1
162	165	-1
162	168	-1
162	170	-1
162	172	1
162	176	1
162	178	1
162	179	1
162	182	1
162	184	-1
162	185	-1
162	186	-1
162	187	-1
162	191	-1
162	195	1
162	196	1
162	197	1
162	199	1
162	200	1
162	202	-1
162	207	1
162	210	-1
162	211	1
162	212	-1
162	214	1
162	215	1
162	219	-1
162	220	1
162	221	-1
162	223	1
162	224	1
162	227	1
162	228	-1
162	236	1
162	237	1
162	245	-1
162	246	1
162	248	1
162	251	1
162	257	-1
162	260	1
162	261	-1
162	262	1
162	264	-1
162	265	1
162	267	-1
162	271	1
162	272	-1
162	274	-1
162	275	-1
162	277	1
162	278	-1
162	280	1
162	281	-1
162	282	1
162	284	-1
162	286	-1
162	288	1
162	291	-1
162	294	-1
162	297	1
162	302	-1
162	303	-1
162	306	-1
162	307	-1
162	309	-1
162	311	-1
162	314	-1
162	318	-1
162	320	1
162	321	-1
162	323	1
162	324	-1
162	325	1
162	328	-1
162	329	-1
162	332	-1
162	333	-1
162	334	-1
162	335	1
162	338	-1
162	339	1
162	340	1
162	341	-1
162	342	-1
162	344	1
162	345	-1
162	347	-1
162	348	-1
162	349	1
162	350	-1
162	351	-1
162	354	-1
162	355	-1
162	356	1
162	357	1
162	358	1
162	360	-1
162	361	1
162	363	1
162	364	1
162	365	-1
162	367	1
162	369	1
162	371	-1
162	372	-1
162	373	1
162	377	-1
162	380	1
162	382	1
162	383	-1
162	384	-1
162	388	-1
162	390	1
162	391	1
162	394	-1
162	396	1
162	397	-1
162	398	1
162	399	-1
162	403	1
162	404	-1
162	405	1
162	406	1
162	407	-1
162	410	1
162	411	-1
162	414	-1
162	416	-1
162	418	-1
162	421	-1
162	422	1
162	429	-1
162	430	1
162	432	-1
162	437	-1
162	440	-1
162	442	1
162	444	-1
162	445	-1
162	446	-1
162	448	1
162	450	-1
162	452	-1
162	460	-1
162	463	-1
162	467	1
162	469	-1
162	470	-1
162	473	1
162	474	-1
162	475	1
162	476	-1
162	478	1
162	480	1
162	481	1
162	485	1
162	486	-1
162	487	-1
162	492	1
162	493	1
162	495	-1
162	496	-1
162	497	1
162	498	-1
162	499	-1
163	164	-1
163	166	1
163	167	1
163	168	-1
163	170	1
163	173	-1
163	176	-1
163	183	-1
163	185	1
163	187	1
163	190	-1
163	194	-1
163	195	-1
163	197	1
163	199	-1
163	200	1
163	203	1
163	205	1
163	207	1
163	208	-1
163	209	-1
163	211	1
163	212	-1
163	213	-1
163	214	1
163	219	-1
163	222	1
163	223	-1
163	224	-1
163	226	1
163	228	1
163	232	-1
163	233	1
163	234	1
163	235	1
163	237	1
163	239	-1
163	240	-1
163	241	1
163	243	-1
163	244	-1
163	245	1
163	249	-1
163	252	-1
163	254	1
163	258	1
163	259	1
163	260	1
163	261	1
163	262	1
163	264	1
163	265	1
163	266	-1
163	267	-1
163	268	1
163	269	-1
163	271	1
163	272	1
163	273	-1
163	274	-1
163	275	-1
163	276	1
163	277	-1
163	280	1
163	281	-1
163	282	1
163	283	1
163	284	-1
163	287	1
163	289	-1
163	291	-1
163	296	1
163	297	1
163	298	1
163	300	1
163	301	1
163	303	1
163	304	1
163	305	1
163	307	1
163	309	1
163	310	1
163	311	1
163	313	1
163	319	-1
163	320	-1
163	323	-1
163	326	1
163	329	1
163	333	1
163	334	1
163	335	1
163	336	-1
163	338	1
163	339	-1
163	341	-1
163	343	-1
163	345	1
163	346	-1
163	347	1
163	351	-1
163	354	1
163	356	-1
163	357	-1
163	358	-1
163	359	1
163	360	-1
163	361	-1
163	363	1
163	364	-1
163	365	1
163	366	1
163	367	-1
163	368	1
163	369	1
163	372	-1
163	373	-1
163	374	-1
163	375	1
163	376	-1
163	378	-1
163	385	1
163	391	-1
163	395	-1
163	396	-1
163	398	-1
163	399	1
163	405	-1
163	408	1
163	409	1
163	410	-1
163	412	1
163	414	-1
163	416	1
163	420	-1
163	422	-1
163	423	-1
163	425	1
163	426	-1
163	435	1
163	436	-1
163	437	-1
163	438	-1
163	439	1
163	441	1
163	448	-1
163	449	1
163	459	-1
163	461	-1
163	463	-1
163	465	-1
163	466	-1
163	469	1
163	470	1
163	472	-1
163	473	-1
163	474	1
163	475	-1
163	479	1
163	482	-1
163	484	1
163	487	1
163	488	-1
163	489	1
163	491	1
163	492	-1
163	494	1
163	495	1
163	496	1
163	497	-1
163	498	1
163	499	-1
164	167	-1
164	169	-1
164	171	-1
164	178	1
164	184	-1
164	186	-1
164	188	-1
164	190	1
164	192	-1
164	195	1
164	198	1
164	200	-1
164	202	-1
164	203	-1
164	204	1
164	205	-1
164	206	1
164	208	-1
164	209	1
164	212	1
164	213	1
164	214	-1
164	217	1
164	222	1
164	224	1
164	225	1
164	226	1
164	232	-1
164	234	1
164	239	-1
164	241	1
164	243	1
164	244	1
164	246	1
164	247	-1
164	248	-1
164	249	1
164	252	-1
164	254	-1
164	255	-1
164	256	-1
164	257	-1
164	261	1
164	263	-1
164	264	-1
164	265	-1
164	268	-1
164	270	-1
164	272	-1
164	274	-1
164	277	1
164	279	-1
164	283	-1
164	284	1
164	285	-1
164	290	1
164	291	1
164	292	1
164	294	-1
164	295	-1
164	298	-1
164	301	-1
164	302	1
164	304	1
164	305	-1
164	306	1
164	307	-1
164	308	1
164	310	1
164	313	-1
164	317	-1
164	319	-1
164	321	1
164	322	-1
164	323	1
164	325	-1
164	328	1
164	329	-1
164	331	-1
164	335	-1
164	338	1
164	340	-1
164	342	-1
164	343	-1
164	345	1
164	346	-1
164	347	1
164	349	1
164	354	-1
164	359	-1
164	360	1
164	361	1
164	362	1
164	363	-1
164	365	-1
164	368	-1
164	370	-1
164	371	-1
164	375	-1
164	376	1
164	377	-1
164	378	-1
164	379	-1
164	385	-1
164	388	-1
164	389	-1
164	392	1
164	393	1
164	394	-1
164	400	-1
164	401	1
164	402	1
164	405	-1
164	409	1
164	410	1
164	413	1
164	415	1
164	416	-1
164	417	-1
164	418	-1
164	420	1
164	421	1
164	425	-1
164	427	1
164	428	-1
164	429	-1
164	431	1
164	432	-1
164	433	-1
164	436	-1
164	437	-1
164	438	1
164	439	1
164	442	1
164	443	1
164	445	1
164	446	1
164	447	-1
164	448	-1
164	449	-1
164	454	-1
164	455	1
164	456	1
164	457	1
164	458	1
164	459	-1
164	460	1
164	461	-1
164	462	1
164	463	-1
164	464	1
164	465	1
164	467	1
164	469	1
164	470	1
164	472	-1
164	473	-1
164	474	1
164	475	-1
164	479	1
164	480	1
164	481	1
164	484	-1
164	485	1
164	487	1
164	488	-1
164	489	-1
164	490	-1
164	493	-1
164	494	1
164	495	1
164	497	-1
165	167	1
165	170	-1
165	171	1
165	172	1
165	174	1
165	175	-1
165	176	1
165	177	1
165	178	-1
165	179	1
165	181	1
165	183	-1
165	184	-1
165	191	1
165	195	1
165	197	1
165	198	1
165	199	1
165	200	1
165	201	-1
165	204	-1
165	208	1
165	211	1
165	212	-1
165	215	-1
165	219	-1
165	221	1
165	222	1
165	223	1
165	226	1
165	227	-1
165	228	1
165	230	1
165	231	1
165	232	1
165	233	-1
165	236	-1
165	237	1
165	241	-1
165	242	1
165	246	-1
165	253	1
165	254	-1
165	256	-1
165	257	-1
165	258	1
165	261	-1
165	266	1
165	268	1
165	272	1
165	274	-1
165	275	1
165	279	1
165	282	1
165	283	-1
165	284	-1
165	285	-1
165	287	1
165	288	-1
165	289	-1
165	290	-1
165	305	-1
165	313	1
165	315	1
165	316	-1
165	318	1
165	319	-1
165	320	-1
165	322	1
165	323	-1
165	325	1
165	326	1
165	331	-1
165	332	1
165	333	1
165	334	-1
165	335	1
165	336	-1
165	338	-1
165	340	-1
165	343	-1
165	347	-1
165	353	1
165	356	1
165	357	-1
165	361	-1
165	362	1
165	365	1
165	369	1
165	372	-1
165	373	-1
165	376	1
165	377	1
165	384	-1
165	387	-1
165	389	-1
165	392	-1
165	394	1
165	397	-1
165	399	-1
165	400	-1
165	403	1
165	405	-1
165	407	1
165	408	1
165	409	1
165	411	-1
165	412	1
165	416	1
165	417	1
165	418	-1
165	419	-1
165	420	1
165	425	-1
165	427	1
165	429	1
165	433	-1
165	436	-1
165	437	1
165	439	1
165	440	1
165	444	-1
165	445	-1
165	447	-1
165	448	1
165	450	-1
165	452	1
165	455	1
165	456	-1
165	457	-1
165	460	1
165	462	1
165	463	-1
165	464	1
165	465	-1
165	466	1
165	467	-1
165	468	-1
165	469	-1
165	470	1
165	472	-1
165	473	-1
165	475	1
165	476	-1
165	478	1
165	482	-1
165	485	1
165	492	1
165	497	-1
165	498	-1
166	169	1
166	172	1
166	173	1
166	174	1
166	176	1
166	177	1
166	179	1
166	180	-1
166	181	-1
166	182	1
166	188	-1
166	189	1
166	190	1
166	191	-1
166	192	1
166	194	-1
166	195	-1
166	196	1
166	197	-1
166	198	-1
166	202	-1
166	204	-1
166	208	1
166	209	-1
166	210	1
166	211	1
166	213	-1
166	214	-1
166	217	1
166	218	1
166	220	1
166	223	-1
166	224	1
166	226	1
166	229	1
166	231	-1
166	232	-1
166	234	-1
166	235	1
166	237	-1
166	239	-1
166	243	-1
166	244	-1
166	247	-1
166	249	1
166	251	1
166	255	-1
166	256	1
166	259	1
166	260	1
166	266	-1
166	268	1
166	270	-1
166	272	-1
166	274	1
166	276	-1
166	278	-1
166	279	1
166	281	1
166	282	1
166	283	1
166	285	-1
166	286	-1
166	292	-1
166	294	-1
166	298	1
166	299	-1
166	302	1
166	303	-1
166	305	1
166	308	-1
166	310	-1
166	313	-1
166	314	-1
166	315	-1
166	316	1
166	318	1
166	325	-1
166	326	-1
166	327	1
166	328	-1
166	329	-1
166	330	1
166	336	1
166	339	1
166	340	-1
166	341	1
166	343	1
166	346	-1
166	347	1
166	348	1
166	349	-1
166	350	-1
166	351	-1
166	352	-1
166	356	1
166	357	-1
166	358	-1
166	359	-1
166	361	-1
166	364	1
166	365	-1
166	366	1
166	367	-1
166	368	-1
166	375	-1
166	376	-1
166	377	1
166	378	1
166	379	-1
166	380	1
166	382	1
166	384	1
166	386	-1
166	389	1
166	390	-1
166	391	-1
166	392	-1
166	393	-1
166	395	1
166	399	-1
166	400	-1
166	405	-1
166	408	-1
166	412	-1
166	414	1
166	415	-1
166	416	1
166	418	-1
166	420	-1
166	421	-1
166	422	-1
166	423	1
166	424	-1
166	425	-1
166	427	1
166	428	-1
166	430	-1
166	431	-1
166	434	1
166	440	1
166	442	-1
166	443	1
166	444	-1
166	448	1
166	449	1
166	450	-1
166	452	-1
166	453	1
166	455	-1
166	457	1
166	458	-1
166	459	1
166	462	1
166	463	1
166	464	1
166	465	1
166	466	1
166	467	1
166	469	1
166	470	-1
166	473	-1
166	474	1
166	478	-1
166	479	-1
166	480	1
166	481	-1
166	483	-1
166	484	1
166	485	-1
166	486	-1
166	487	1
166	488	-1
166	492	1
166	494	-1
166	497	-1
166	498	1
166	499	1
167	171	-1
167	172	1
167	176	-1
167	177	-1
167	178	-1
167	179	-1
167	182	1
167	183	-1
167	184	1
167	187	1
167	188	1
167	189	1
167	190	1
167	192	-1
167	193	1
167	194	1
167	195	-1
167	196	1
167	197	-1
167	198	-1
167	199	-1
167	203	1
167	204	-1
167	207	1
167	208	-1
167	209	-1
167	211	-1
167	213	-1
167	214	1
167	215	1
167	221	-1
167	223	1
167	225	-1
167	226	-1
167	227	-1
167	228	-1
167	229	1
167	231	1
167	233	1
167	236	1
167	237	-1
167	239	-1
167	240	-1
167	241	1
167	243	-1
167	245	-1
167	248	-1
167	250	1
167	252	-1
167	256	1
167	257	-1
167	258	-1
167	259	-1
167	260	-1
167	261	-1
167	266	-1
167	267	1
167	269	1
167	270	-1
167	271	-1
167	272	-1
167	273	-1
167	276	1
167	277	-1
167	279	-1
167	280	-1
167	282	1
167	285	1
167	286	-1
167	287	1
167	288	-1
167	289	-1
167	291	1
167	293	1
167	294	1
167	295	1
167	297	-1
167	298	1
167	299	1
167	300	-1
167	303	-1
167	308	-1
167	309	-1
167	312	-1
167	314	-1
167	315	1
167	317	-1
167	319	-1
167	321	-1
167	322	-1
167	323	-1
167	324	-1
167	327	-1
167	328	-1
167	329	1
167	330	-1
167	333	1
167	334	1
167	335	1
167	336	-1
167	337	-1
167	339	1
167	340	1
167	341	-1
167	345	1
167	353	1
167	356	-1
167	357	-1
167	360	-1
167	361	-1
167	363	-1
167	369	-1
167	370	-1
167	374	1
167	375	1
167	376	1
167	377	1
167	378	-1
167	379	-1
167	380	-1
167	381	1
167	383	-1
167	384	1
167	385	1
167	387	-1
167	389	-1
167	392	-1
167	393	1
167	394	-1
167	396	1
167	399	1
167	404	-1
167	406	1
167	407	-1
167	410	-1
167	413	1
167	416	-1
167	423	-1
167	425	-1
167	427	-1
167	428	1
167	430	-1
167	431	-1
167	435	1
167	436	1
167	438	-1
167	440	1
167	443	1
167	444	-1
167	449	1
167	450	-1
167	451	1
167	455	-1
167	459	1
167	461	1
167	464	-1
167	467	-1
167	468	1
167	469	1
167	471	1
167	472	-1
167	475	1
167	477	1
167	480	-1
167	482	-1
167	483	1
167	484	1
167	488	1
167	489	1
167	490	-1
167	492	-1
167	494	1
167	495	-1
168	169	1
168	171	-1
168	172	1
168	173	-1
168	174	1
168	176	-1
168	177	1
168	178	-1
168	183	-1
168	184	-1
168	186	-1
168	188	-1
168	189	-1
168	192	-1
168	193	-1
168	196	-1
168	198	1
168	199	1
168	200	-1
168	202	-1
168	203	1
168	205	1
168	206	1
168	208	-1
168	209	1
168	211	1
168	212	-1
168	214	-1
168	215	1
168	217	1
168	218	-1
168	220	1
168	224	1
168	225	-1
168	226	-1
168	228	-1
168	229	-1
168	230	1
168	231	-1
168	239	1
168	240	-1
168	241	-1
168	242	1
168	243	-1
168	247	1
168	250	-1
168	252	-1
168	254	1
168	255	1
168	259	-1
168	260	-1
168	263	1
168	264	1
168	267	-1
168	268	-1
168	269	-1
168	271	-1
168	273	-1
168	275	-1
168	279	-1
168	280	-1
168	282	-1
168	284	-1
168	285	1
168	286	-1
168	289	-1
168	291	-1
168	292	1
168	293	-1
168	297	1
168	299	1
168	300	1
168	302	1
168	303	-1
168	304	1
168	307	-1
168	309	-1
168	310	-1
168	312	1
168	313	1
168	314	1
168	318	-1
168	319	-1
168	320	1
168	321	1
168	324	1
168	326	1
168	327	-1
168	328	1
168	329	-1
168	330	1
168	332	-1
168	333	1
168	336	1
168	339	-1
168	340	-1
168	341	-1
168	342	1
168	343	1
168	345	-1
168	350	1
168	351	-1
168	357	1
168	358	1
168	361	1
168	363	-1
168	366	1
168	367	1
168	369	-1
168	371	1
168	372	-1
168	375	-1
168	376	1
168	380	1
168	381	1
168	383	1
168	385	-1
168	388	-1
168	392	-1
168	393	-1
168	395	1
168	396	1
168	401	1
168	405	1
168	406	-1
168	409	1
168	410	-1
168	415	1
168	417	1
168	422	-1
168	423	-1
168	425	1
168	426	1
168	427	-1
168	429	-1
168	431	1
168	432	-1
168	437	1
168	442	1
168	444	-1
168	446	-1
168	449	-1
168	453	1
168	457	1
168	458	1
168	459	1
168	460	-1
168	461	1
168	462	-1
168	463	-1
168	464	-1
168	466	1
168	469	1
168	471	-1
168	477	-1
168	478	-1
168	479	1
168	480	-1
168	485	-1
168	488	-1
168	490	-1
168	491	1
168	492	1
168	494	1
168	495	-1
168	496	-1
168	499	1
169	175	1
169	176	-1
169	177	1
169	178	-1
169	180	-1
169	181	1
169	186	1
169	191	1
169	193	1
169	195	-1
169	196	-1
169	197	1
169	198	1
169	199	1
169	200	-1
169	201	1
169	203	1
169	204	-1
169	209	-1
169	210	1
169	213	-1
169	215	1
169	216	-1
169	217	-1
169	218	-1
169	219	1
169	224	-1
169	225	-1
169	227	1
169	232	1
169	243	1
169	244	-1
169	245	1
169	246	1
169	249	-1
169	251	-1
169	252	-1
169	254	-1
169	255	-1
169	256	-1
169	257	-1
169	258	-1
169	259	-1
169	260	1
169	262	-1
169	263	-1
169	265	-1
169	266	-1
169	267	1
169	271	-1
169	274	-1
169	276	-1
169	277	-1
169	278	-1
169	281	1
169	287	-1
169	288	1
169	290	-1
169	292	1
169	297	-1
169	299	-1
169	301	1
169	305	1
169	306	1
169	307	1
169	311	1
169	312	1
169	313	1
169	322	-1
169	324	-1
169	327	1
169	329	-1
169	332	1
169	333	-1
169	336	1
169	338	-1
169	340	-1
169	343	-1
169	345	-1
169	350	-1
169	352	-1
169	353	1
169	354	-1
169	359	-1
169	360	1
169	362	-1
169	364	-1
169	365	1
169	366	-1
169	368	-1
169	370	1
169	373	1
169	374	1
169	379	1
169	380	-1
169	383	1
169	389	1
169	390	1
169	393	1
169	394	-1
169	395	-1
169	397	1
169	398	-1
169	401	1
169	404	-1
169	406	1
169	411	1
169	412	1
169	413	1
169	415	1
169	416	1
169	419	-1
169	422	-1
169	423	-1
169	425	1
169	426	-1
169	427	-1
169	429	1
169	431	-1
169	433	1
169	437	1
169	440	1
169	442	1
169	443	-1
169	444	1
169	446	1
169	447	1
169	451	-1
169	456	1
169	457	-1
169	459	1
169	461	-1
169	462	1
169	464	-1
169	465	-1
169	466	-1
169	467	1
169	468	-1
169	469	1
169	471	-1
169	473	1
169	476	1
169	478	1
169	479	-1
169	480	-1
169	481	-1
169	482	-1
169	483	-1
169	484	-1
169	488	1
169	489	1
169	490	-1
169	492	-1
169	494	-1
169	495	-1
169	496	1
169	497	-1
170	172	-1
170	173	1
170	174	-1
170	175	-1
170	178	1
170	179	1
170	181	-1
170	182	-1
170	183	1
170	185	1
170	189	-1
170	192	-1
170	193	-1
170	194	1
170	195	1
170	196	1
170	198	1
170	203	1
170	204	1
170	208	-1
170	210	1
170	212	-1
170	216	-1
170	219	1
170	222	-1
170	227	1
170	231	1
170	234	-1
170	236	-1
170	237	-1
170	239	-1
170	240	-1
170	242	1
170	247	1
170	248	-1
170	251	1
170	253	-1
170	255	-1
170	257	1
170	258	-1
170	261	1
170	262	-1
170	263	1
170	266	1
170	267	-1
170	269	1
170	270	1
170	271	-1
170	272	1
170	273	1
170	275	-1
170	278	-1
170	282	1
170	284	1
170	287	1
170	289	1
170	292	-1
170	293	-1
170	294	-1
170	295	1
170	297	-1
170	301	1
170	302	1
170	303	1
170	305	1
170	306	-1
170	308	-1
170	309	-1
170	311	1
170	312	-1
170	313	1
170	315	1
170	316	1
170	319	1
170	320	-1
170	322	-1
170	323	-1
170	324	-1
170	329	1
170	330	1
170	334	-1
170	335	1
170	340	1
170	344	-1
170	345	-1
170	346	-1
170	347	-1
170	349	1
170	353	-1
170	354	-1
170	355	-1
170	356	-1
170	357	1
170	358	-1
170	359	1
170	361	1
170	364	1
170	365	-1
170	366	-1
170	368	-1
170	372	1
170	378	-1
170	380	1
170	381	-1
170	382	-1
170	383	1
170	384	-1
170	386	-1
170	387	-1
170	390	-1
170	391	1
170	393	-1
170	394	-1
170	396	-1
170	397	-1
170	398	-1
170	402	-1
170	403	-1
170	406	1
170	410	1
170	411	-1
170	412	-1
170	413	-1
170	414	-1
170	415	1
170	419	-1
170	421	1
170	422	1
170	423	1
170	424	-1
170	428	1
170	429	1
170	433	1
170	438	-1
170	439	1
170	440	1
170	441	1
170	442	1
170	446	-1
170	447	1
170	448	1
170	449	1
170	453	-1
170	454	-1
170	456	1
170	457	1
170	459	1
170	460	1
170	462	1
170	464	1
170	465	-1
170	468	1
170	469	1
170	470	-1
170	471	-1
170	472	-1
170	474	-1
170	478	-1
170	479	1
170	483	1
170	484	1
170	486	-1
170	487	1
170	489	1
170	490	1
170	491	1
170	495	-1
170	496	1
170	498	1
171	173	1
171	175	-1
171	176	-1
171	177	1
171	178	-1
171	179	1
171	180	-1
171	182	1
171	183	-1
171	184	-1
171	185	1
171	187	1
171	191	-1
171	194	1
171	196	-1
171	197	-1
171	198	1
171	199	1
171	200	1
171	201	1
171	202	1
171	203	1
171	204	1
171	205	-1
171	206	-1
171	207	1
171	209	-1
171	212	-1
171	214	-1
171	215	-1
171	216	-1
171	217	-1
171	223	1
171	224	1
171	230	1
171	232	1
171	233	1
171	235	1
171	238	-1
171	239	-1
171	240	-1
171	241	1
171	243	-1
171	244	-1
171	245	1
171	248	-1
171	251	1
171	252	1
171	254	-1
171	256	-1
171	257	1
171	260	-1
171	261	1
171	262	-1
171	263	1
171	268	-1
171	269	-1
171	270	1
171	273	1
171	280	-1
171	281	-1
171	282	-1
171	283	1
171	284	1
171	285	-1
171	286	1
171	290	1
171	291	-1
171	292	-1
171	293	1
171	296	-1
171	297	-1
171	299	1
171	301	-1
171	303	-1
171	304	-1
171	307	1
171	308	1
171	309	-1
171	312	-1
171	313	1
171	315	-1
171	316	1
171	319	-1
171	320	-1
171	326	-1
171	327	1
171	329	1
171	332	-1
171	335	-1
171	337	-1
171	340	-1
171	343	1
171	347	1
171	348	1
171	349	-1
171	350	-1
171	353	1
171	354	1
171	356	-1
171	357	1
171	358	1
171	360	1
171	362	-1
171	365	-1
171	366	1
171	370	1
171	371	-1
171	372	-1
171	376	1
171	379	-1
171	382	1
171	383	1
171	387	-1
171	388	-1
171	390	-1
171	391	1
171	392	-1
171	393	1
171	394	1
171	395	1
171	400	1
171	401	1
171	402	-1
171	404	1
171	406	-1
171	407	-1
171	408	1
171	413	1
171	415	-1
171	419	1
171	420	-1
171	423	1
171	425	1
171	430	1
171	433	-1
171	434	1
171	436	-1
171	437	1
171	440	-1
171	444	1
171	445	1
171	446	-1
171	449	1
171	451	-1
171	452	1
171	453	1
171	454	-1
171	458	1
171	461	1
171	463	-1
171	466	-1
171	469	-1
171	473	-1
171	476	-1
171	478	1
171	482	-1
171	483	1
171	488	1
171	489	1
171	492	1
171	493	-1
171	495	-1
171	497	-1
171	498	-1
172	174	-1
172	175	1
172	176	-1
172	177	-1
172	179	-1
172	180	1
172	181	-1
172	183	-1
172	185	1
172	186	-1
172	188	1
172	189	1
172	194	1
172	197	1
172	199	-1
172	200	-1
172	204	1
172	209	1
172	211	1
172	212	1
172	213	-1
172	215	-1
172	216	-1
172	217	1
172	218	1
172	219	-1
172	222	-1
172	229	-1
172	230	1
172	233	1
172	236	-1
172	238	-1
172	240	1
172	242	1
172	243	1
172	244	-1
172	246	-1
172	247	1
172	248	-1
172	249	-1
172	251	-1
172	253	-1
172	254	-1
172	255	1
172	260	1
172	261	-1
172	266	1
172	268	1
172	269	1
172	271	1
172	272	-1
172	273	1
172	274	1
172	275	-1
172	276	-1
172	278	1
172	280	1
172	281	-1
172	282	1
172	283	1
172	284	-1
172	286	1
172	287	-1
172	289	-1
172	291	1
172	294	1
172	296	1
172	298	-1
172	300	1
172	301	-1
172	305	-1
172	306	1
172	309	1
172	310	1
172	311	-1
172	312	-1
172	313	-1
172	314	1
172	315	1
172	319	1
172	322	-1
172	323	-1
172	324	1
172	325	-1
172	326	1
172	328	-1
172	329	-1
172	330	1
172	331	1
172	332	-1
172	333	1
172	334	1
172	339	1
172	340	-1
172	342	1
172	343	1
172	344	-1
172	345	-1
172	346	1
172	347	-1
172	350	1
172	351	1
172	354	1
172	356	1
172	361	1
172	364	1
172	365	1
172	369	1
172	370	-1
172	371	-1
172	372	-1
172	373	-1
172	375	-1
172	377	1
172	380	-1
172	381	1
172	384	-1
172	386	-1
172	388	-1
172	390	1
172	392	1
172	397	1
172	398	1
172	399	1
172	400	1
172	401	-1
172	402	1
172	403	-1
172	404	-1
172	405	-1
172	409	1
172	410	-1
172	416	1
172	417	-1
172	418	1
172	422	1
172	423	-1
172	424	-1
172	427	-1
172	428	-1
172	430	-1
172	431	1
172	433	-1
172	434	1
172	435	-1
172	436	1
172	438	-1
172	439	-1
172	441	-1
172	442	1
172	443	1
172	445	-1
172	446	1
172	447	1
172	448	1
172	451	1
172	455	-1
172	457	-1
172	458	-1
172	459	1
172	460	1
172	463	1
172	464	-1
172	465	-1
172	470	-1
172	471	-1
172	472	1
172	473	-1
172	476	1
172	479	1
172	480	-1
172	483	1
172	484	-1
172	487	-1
172	490	1
172	492	-1
172	493	-1
172	495	1
173	174	-1
173	175	1
173	179	1
173	183	-1
173	184	-1
173	187	1
173	188	-1
173	189	1
173	191	1
173	198	-1
173	201	-1
173	203	-1
173	204	-1
173	205	1
173	211	-1
173	212	1
173	214	1
173	217	1
173	219	1
173	220	-1
173	221	1
173	223	1
173	225	1
173	226	1
173	227	-1
173	231	1
173	234	1
173	235	1
173	236	-1
173	239	1
173	240	1
173	241	-1
173	244	1
173	245	-1
173	248	-1
173	250	1
173	251	1
173	252	1
173	256	-1
173	257	-1
173	259	1
173	260	-1
173	261	-1
173	262	1
173	263	-1
173	264	-1
173	266	1
173	267	-1
173	268	-1
173	269	-1
173	271	1
173	274	1
173	277	-1
173	278	-1
173	279	-1
173	280	-1
173	281	-1
173	282	-1
173	283	-1
173	284	1
173	288	1
173	290	-1
173	299	1
173	300	1
173	303	-1
173	305	1
173	308	-1
173	309	1
173	310	1
173	311	1
173	313	-1
173	314	1
173	317	1
173	319	-1
173	322	-1
173	323	1
173	324	1
173	326	-1
173	328	-1
173	329	1
173	330	1
173	333	-1
173	337	1
173	339	-1
173	341	1
173	343	-1
173	344	-1
173	345	-1
173	349	-1
173	350	1
173	351	1
173	353	-1
173	354	-1
173	356	-1
173	357	1
173	359	1
173	360	-1
173	361	-1
173	365	1
173	367	1
173	368	-1
173	370	1
173	372	-1
173	373	-1
173	377	-1
173	379	-1
173	380	-1
173	382	1
173	389	-1
173	390	1
173	391	-1
173	392	1
173	393	1
173	395	-1
173	396	-1
173	401	-1
173	402	1
173	404	1
173	406	1
173	407	1
173	408	1
173	412	-1
173	413	1
173	414	-1
173	418	1
173	419	1
173	420	1
173	422	-1
173	423	-1
173	426	-1
173	431	-1
173	435	1
173	437	-1
173	440	1
173	441	1
173	442	1
173	446	1
173	447	-1
173	449	-1
173	452	-1
173	454	1
173	455	-1
173	458	1
173	461	-1
173	463	1
173	465	1
173	471	1
173	473	1
173	481	-1
173	485	1
173	491	1
173	493	-1
173	494	1
173	496	-1
173	499	-1
174	179	-1
174	180	1
174	182	-1
174	184	1
174	185	-1
174	186	-1
174	192	1
174	193	1
174	195	-1
174	196	-1
174	198	-1
174	199	-1
174	201	1
174	202	1
174	204	1
174	205	1
174	207	1
174	208	1
174	210	-1
174	215	1
174	216	-1
174	217	1
174	218	1
174	219	1
174	220	1
174	223	1
174	227	-1
174	229	-1
174	231	1
174	232	1
174	233	1
174	234	1
174	235	-1
174	236	-1
174	238	-1
174	239	1
174	242	-1
174	243	-1
174	244	1
174	246	-1
174	247	1
174	248	1
174	251	1
174	252	1
174	253	1
174	257	1
174	261	1
174	267	-1
174	268	1
174	269	1
174	271	-1
174	272	1
174	274	1
174	275	1
174	277	-1
174	280	1
174	282	-1
174	283	-1
174	284	1
174	287	-1
174	288	1
174	290	-1
174	292	-1
174	294	1
174	295	-1
174	299	1
174	302	1
174	304	1
174	306	-1
174	309	1
174	312	1
174	315	1
174	318	-1
174	319	-1
174	320	-1
174	322	1
174	324	1
174	329	-1
174	333	1
174	334	1
174	336	1
174	339	1
174	341	1
174	342	1
174	343	-1
174	347	1
174	348	1
174	349	-1
174	353	-1
174	354	-1
174	361	1
174	363	1
174	364	-1
174	365	1
174	367	-1
174	368	1
174	370	1
174	371	-1
174	372	-1
174	376	-1
174	378	1
174	379	-1
174	380	-1
174	381	-1
174	384	-1
174	385	1
174	387	1
174	389	1
174	391	1
174	394	-1
174	395	1
174	396	-1
174	398	-1
174	403	-1
174	406	-1
174	410	1
174	411	-1
174	412	1
174	414	1
174	415	1
174	416	1
174	417	-1
174	418	1
174	421	-1
174	422	1
174	423	1
174	424	-1
174	426	-1
174	430	1
174	431	-1
174	432	-1
174	437	-1
174	438	-1
174	439	-1
174	441	1
174	442	-1
174	443	1
174	444	-1
174	449	-1
174	457	1
174	460	-1
174	461	1
174	465	-1
174	467	-1
174	468	-1
174	470	1
174	474	-1
174	479	1
174	480	1
174	483	1
174	485	-1
174	486	1
174	494	-1
174	495	1
174	498	-1
175	176	-1
175	177	-1
175	178	-1
175	179	-1
175	180	1
175	181	-1
175	182	-1
175	185	-1
175	189	-1
175	190	-1
175	191	-1
175	192	-1
175	193	1
175	196	1
175	197	-1
175	199	1
175	200	-1
175	201	-1
175	202	1
175	203	-1
175	207	-1
175	211	-1
175	212	-1
175	213	-1
175	214	-1
175	216	1
175	220	-1
175	221	-1
175	222	-1
175	223	1
175	226	1
175	227	-1
175	228	-1
175	232	-1
175	237	1
175	240	-1
175	241	1
175	243	1
175	247	1
175	249	-1
175	251	1
175	252	-1
175	255	-1
175	256	1
175	259	1
175	261	1
175	263	-1
175	264	1
175	265	1
175	268	1
175	269	1
175	270	-1
175	271	-1
175	275	-1
175	276	1
175	280	-1
175	285	1
175	286	-1
175	288	-1
175	291	1
175	293	-1
175	294	1
175	296	1
175	297	1
175	298	-1
175	299	1
175	304	-1
175	310	1
175	313	1
175	318	1
175	321	1
175	322	1
175	325	-1
175	326	-1
175	327	-1
175	328	1
175	329	1
175	330	-1
175	332	-1
175	335	1
175	337	-1
175	343	-1
175	349	-1
175	353	1
175	357	-1
175	358	1
175	359	-1
175	360	-1
175	361	1
175	363	-1
175	364	-1
175	365	-1
175	366	1
175	367	-1
175	369	1
175	371	-1
175	374	1
175	375	-1
175	378	1
175	381	-1
175	386	-1
175	387	1
175	388	-1
175	390	1
175	391	1
175	398	1
175	404	-1
175	407	-1
175	410	1
175	411	-1
175	414	1
175	416	-1
175	417	-1
175	418	1
175	424	1
175	425	1
175	428	-1
175	430	1
175	436	-1
175	437	1
175	438	1
175	439	-1
175	441	1
175	445	1
175	448	1
175	451	-1
175	452	1
175	454	1
175	456	-1
175	459	1
175	463	-1
175	464	-1
175	465	1
175	466	1
175	467	1
175	469	-1
175	471	-1
175	473	-1
175	474	1
175	475	1
175	476	-1
175	477	-1
175	479	-1
175	481	-1
175	482	-1
175	483	1
175	484	-1
175	486	1
175	487	1
175	490	1
175	491	-1
175	492	-1
175	494	1
176	177	1
176	178	-1
176	181	-1
176	185	1
176	186	1
176	187	-1
176	191	-1
176	192	1
176	193	1
176	199	-1
176	200	-1
176	201	-1
176	203	1
176	205	1
176	208	1
176	210	-1
176	215	-1
176	216	-1
176	217	1
176	219	1
176	220	1
176	221	1
176	222	1
176	225	1
176	226	-1
176	228	-1
176	229	1
176	231	-1
176	234	-1
176	239	-1
176	242	-1
176	244	1
176	247	-1
176	248	-1
176	252	-1
176	253	1
176	254	1
176	255	-1
176	256	-1
176	262	1
176	264	1
176	270	1
176	277	1
176	278	-1
176	280	1
176	281	1
176	282	-1
176	283	-1
176	286	1
176	287	-1
176	288	1
176	289	-1
176	291	-1
176	292	1
176	294	-1
176	295	-1
176	300	-1
176	305	-1
176	306	1
176	308	-1
176	313	-1
176	321	1
176	322	1
176	323	1
176	325	-1
176	326	1
176	332	-1
176	334	-1
176	336	-1
176	343	1
176	344	1
176	348	-1
176	352	1
176	355	1
176	356	-1
176	358	1
176	359	-1
176	361	-1
176	362	1
176	363	-1
176	369	-1
176	372	1
176	373	1
176	375	-1
176	376	-1
176	377	-1
176	378	-1
176	380	-1
176	385	-1
176	386	1
176	388	1
176	394	1
176	395	1
176	396	-1
176	397	-1
176	400	-1
176	401	1
176	403	-1
176	406	1
176	407	1
176	408	1
176	411	1
176	413	1
176	414	-1
176	418	1
176	419	-1
176	422	-1
176	423	-1
176	426	1
176	427	1
176	429	1
176	434	1
176	435	1
176	437	-1
176	438	1
176	440	-1
176	441	-1
176	445	1
176	447	1
176	449	1
176	450	1
176	453	1
176	457	-1
176	458	-1
176	459	1
176	463	-1
176	464	-1
176	465	1
176	467	1
176	468	-1
176	470	-1
176	472	-1
176	473	1
176	474	1
176	475	1
176	476	-1
176	478	1
176	480	-1
176	481	1
176	482	1
176	485	1
176	486	1
176	491	1
176	493	-1
176	494	-1
176	497	-1
177	179	-1
177	180	-1
177	181	1
177	182	1
177	183	-1
177	184	-1
177	186	1
177	187	1
177	188	1
177	189	1
177	190	-1
177	194	1
177	197	-1
177	198	-1
177	200	-1
177	202	1
177	205	-1
177	207	1
177	208	-1
177	209	-1
177	212	1
177	213	1
177	216	1
177	217	1
177	222	1
177	225	-1
177	228	-1
177	229	-1
177	231	1
177	232	-1
177	233	1
177	234	-1
177	236	-1
177	239	1
177	240	1
177	242	-1
177	243	1
177	245	1
177	246	1
177	248	-1
177	249	-1
177	250	-1
177	253	1
177	258	1
177	260	-1
177	261	-1
177	262	1
177	266	-1
177	267	-1
177	270	-1
177	273	1
177	275	1
177	278	1
177	284	1
177	285	-1
177	288	1
177	290	1
177	296	1
177	297	1
177	301	-1
177	302	1
177	303	-1
177	306	1
177	308	1
177	309	-1
177	311	-1
177	315	1
177	316	-1
177	317	1
177	318	1
177	322	1
177	323	1
177	325	1
177	326	-1
177	327	1
177	328	-1
177	330	1
177	334	1
177	335	1
177	336	-1
177	338	-1
177	340	-1
177	341	1
177	342	-1
177	345	-1
177	346	1
177	351	-1
177	352	1
177	354	1
177	357	1
177	359	1
177	360	-1
177	362	-1
177	365	-1
177	367	1
177	369	-1
177	371	-1
177	373	1
177	374	1
177	377	-1
177	380	1
177	381	-1
177	382	-1
177	385	1
177	387	-1
177	391	1
177	392	-1
177	393	-1
177	395	-1
177	396	1
177	397	1
177	398	1
177	399	-1
177	400	-1
177	407	1
177	408	-1
177	410	1
177	412	1
177	413	1
177	417	1
177	419	1
177	421	-1
177	422	1
177	426	-1
177	427	-1
177	428	-1
177	429	1
177	431	-1
177	433	-1
177	437	-1
177	440	-1
177	441	1
177	442	1
177	444	1
177	446	-1
177	447	1
177	450	1
177	451	-1
177	453	1
177	454	1
177	455	1
177	457	1
177	458	-1
177	459	-1
177	461	1
177	462	-1
177	464	-1
177	465	-1
177	467	-1
177	470	1
177	473	-1
177	475	-1
177	476	-1
177	477	1
177	482	-1
177	485	1
177	488	-1
177	489	1
177	490	-1
177	491	1
177	492	1
177	493	-1
177	494	1
177	496	-1
177	497	-1
177	499	-1
178	179	1
178	181	1
178	182	-1
178	184	1
178	185	-1
178	186	1
178	188	1
178	190	1
178	191	1
178	192	1
178	193	-1
178	194	1
178	195	-1
178	197	1
178	198	-1
178	199	-1
178	200	1
178	201	-1
178	202	-1
178	203	-1
178	204	1
178	205	1
178	207	1
178	210	1
178	211	1
178	212	1
178	221	-1
178	223	1
178	231	1
178	232	1
178	235	-1
178	239	1
178	241	-1
178	244	-1
178	250	1
178	255	-1
178	256	1
178	257	-1
178	261	1
178	262	-1
178	264	-1
178	265	-1
178	266	1
178	267	1
178	268	1
178	269	-1
178	270	-1
178	271	-1
178	274	-1
178	279	1
178	280	1
178	283	1
178	285	-1
178	288	1
178	289	-1
178	290	-1
178	293	-1
178	296	1
178	297	-1
178	298	-1
178	299	1
178	300	1
178	303	1
178	304	-1
178	306	1
178	309	1
178	311	1
178	314	1
178	315	-1
178	316	-1
178	317	-1
178	318	-1
178	320	-1
178	321	-1
178	322	-1
178	325	1
178	327	1
178	330	1
178	333	1
178	336	-1
178	337	1
178	338	-1
178	340	1
178	341	1
178	342	-1
178	343	1
178	345	-1
178	348	-1
178	349	1
178	351	1
178	352	-1
178	353	1
178	354	-1
178	356	1
178	357	-1
178	362	1
178	366	1
178	368	1
178	370	-1
178	371	1
178	375	-1
178	376	1
178	377	1
178	380	-1
178	381	-1
178	382	1
178	384	-1
178	387	1
178	390	1
178	392	-1
178	393	1
178	394	1
178	395	1
178	399	-1
178	405	1
178	407	1
178	412	-1
178	413	1
178	414	-1
178	415	-1
178	417	1
178	418	-1
178	419	-1
178	421	-1
178	422	1
178	423	1
178	425	1
178	427	1
178	428	1
178	430	-1
178	431	1
178	433	-1
178	434	-1
178	436	-1
178	437	-1
178	441	1
178	443	1
178	445	-1
178	450	1
178	451	-1
178	453	1
178	455	1
178	457	1
178	461	1
178	463	1
178	464	1
178	466	1
178	468	1
178	469	1
178	472	1
178	473	-1
178	474	1
178	475	-1
178	479	-1
178	481	1
178	482	-1
178	484	1
178	486	1
178	492	1
178	496	1
178	497	-1
178	499	1
179	180	-1
179	182	-1
179	186	1
179	189	-1
179	192	1
179	193	-1
179	195	-1
179	196	-1
179	197	1
179	198	-1
179	200	1
179	201	1
179	202	-1
179	207	-1
179	208	1
179	209	1
179	213	-1
179	214	1
179	215	1
179	217	-1
179	219	1
179	220	-1
179	225	1
179	227	1
179	231	-1
179	232	-1
179	235	-1
179	239	-1
179	240	1
179	242	1
179	245	1
179	246	-1
179	247	-1
179	249	1
179	254	-1
179	255	1
179	256	-1
179	257	1
179	261	-1
179	262	1
179	264	1
179	265	1
179	266	-1
179	267	-1
179	268	-1
179	270	-1
179	271	-1
179	275	1
179	276	1
179	281	1
179	286	-1
179	288	-1
179	291	-1
179	292	1
179	293	-1
179	295	-1
179	296	1
179	302	1
179	304	1
179	306	1
179	308	1
179	313	-1
179	315	-1
179	316	1
179	317	1
179	318	1
179	319	1
179	321	1
179	322	-1
179	324	-1
179	327	1
179	333	1
179	334	-1
179	335	-1
179	336	-1
179	341	-1
179	342	-1
179	344	1
179	345	-1
179	346	-1
179	347	-1
179	349	-1
179	352	-1
179	353	1
179	354	-1
179	356	-1
179	358	-1
179	359	1
179	360	1
179	361	-1
179	362	-1
179	363	1
179	364	-1
179	366	1
179	368	1
179	369	1
179	370	1
179	371	1
179	372	-1
179	373	-1
179	374	-1
179	376	1
179	377	-1
179	378	-1
179	379	1
179	381	1
179	382	1
179	383	-1
179	384	-1
179	386	1
179	389	1
179	391	-1
179	399	-1
179	402	-1
179	404	-1
179	405	1
179	406	-1
179	407	1
179	410	-1
179	412	1
179	414	1
179	420	1
179	421	1
179	423	-1
179	424	1
179	426	1
179	427	-1
179	429	1
179	431	1
179	432	1
179	438	-1
179	440	1
179	445	1
179	447	1
179	448	1
179	449	-1
179	452	-1
179	453	1
179	455	-1
179	457	1
179	459	1
179	460	1
179	462	-1
179	463	-1
179	469	1
179	470	-1
179	471	-1
179	476	1
179	477	1
179	479	-1
179	482	-1
179	483	-1
179	484	1
179	485	-1
179	487	1
179	488	1
179	489	-1
179	490	-1
179	491	1
179	493	1
179	494	-1
179	496	1
179	499	-1
180	181	-1
180	182	1
180	183	-1
180	187	1
180	193	-1
180	194	1
180	195	1
180	196	-1
180	198	1
180	200	1
180	202	1
180	203	-1
180	204	1
180	206	1
180	207	-1
180	209	-1
180	210	-1
180	211	-1
180	212	1
180	213	-1
180	214	1
180	215	-1
180	218	-1
180	220	-1
180	227	-1
180	228	-1
180	229	1
180	230	1
180	232	1
180	234	-1
180	237	-1
180	243	1
180	244	-1
180	246	1
180	249	-1
180	251	1
180	252	-1
180	256	1
180	257	1
180	259	1
180	260	1
180	262	1
180	263	1
180	264	1
180	268	1
180	269	1
180	272	1
180	274	-1
180	277	-1
180	280	-1
180	282	-1
180	283	1
180	285	1
180	287	1
180	288	1
180	289	1
180	290	1
180	292	1
180	293	-1
180	294	-1
180	295	-1
180	296	1
180	298	1
180	299	1
180	300	-1
180	302	1
180	307	1
180	308	1
180	309	1
180	311	-1
180	316	-1
180	323	-1
180	324	-1
180	325	1
180	326	1
180	327	-1
180	328	1
180	329	-1
180	331	-1
180	332	1
180	333	-1
180	334	1
180	340	-1
180	342	-1
180	344	-1
180	348	1
180	349	1
180	352	1
180	353	-1
180	354	1
180	356	1
180	357	-1
180	358	-1
180	361	1
180	363	-1
180	366	-1
180	367	-1
180	369	-1
180	373	-1
180	380	-1
180	381	-1
180	385	1
180	386	1
180	387	-1
180	389	-1
180	392	-1
180	393	1
180	394	-1
180	396	-1
180	397	-1
180	398	1
180	402	1
180	404	1
180	406	-1
180	407	1
180	410	-1
180	411	-1
180	416	-1
180	417	-1
180	418	-1
180	421	-1
180	422	-1
180	423	-1
180	424	-1
180	425	-1
180	431	-1
180	432	1
180	433	1
180	434	-1
180	435	1
180	436	1
180	440	-1
180	441	1
180	443	-1
180	445	-1
180	450	1
180	452	-1
180	453	-1
180	454	1
180	460	-1
180	461	-1
180	463	1
180	466	-1
180	468	1
180	469	1
180	470	-1
180	471	1
180	472	1
180	473	1
180	474	1
180	475	1
180	476	1
180	478	1
180	481	-1
180	487	1
180	489	-1
180	490	-1
180	491	-1
180	497	1
181	182	-1
181	184	1
181	185	-1
181	186	-1
181	187	1
181	192	1
181	195	-1
181	196	-1
181	200	1
181	201	1
181	202	1
181	203	1
181	206	-1
181	207	1
181	212	-1
181	214	1
181	217	-1
181	219	-1
181	221	1
181	222	-1
181	223	-1
181	227	-1
181	230	1
181	232	-1
181	233	1
181	234	-1
181	235	1
181	237	-1
181	241	-1
181	243	-1
181	244	1
181	247	1
181	251	-1
181	252	1
181	253	1
181	254	-1
181	256	1
181	258	1
181	262	1
181	263	1
181	264	-1
181	265	-1
181	266	-1
181	270	-1
181	271	-1
181	274	1
181	275	1
181	276	1
181	277	1
181	278	-1
181	279	1
181	280	-1
181	281	-1
181	282	1
181	283	1
181	284	-1
181	285	1
181	288	-1
181	290	-1
181	292	1
181	293	-1
181	296	-1
181	297	-1
181	298	1
181	299	1
181	300	-1
181	303	-1
181	307	1
181	308	1
181	310	1
181	311	1
181	312	-1
181	313	-1
181	315	1
181	319	-1
181	321	-1
181	322	1
181	323	-1
181	324	-1
181	326	1
181	327	-1
181	334	-1
181	335	-1
181	342	1
181	343	1
181	350	1
181	353	1
181	354	-1
181	356	1
181	358	-1
181	359	1
181	363	1
181	368	1
181	371	1
181	372	-1
181	377	1
181	383	-1
181	389	1
181	390	-1
181	393	-1
181	395	1
181	397	-1
181	400	1
181	402	-1
181	403	-1
181	404	1
181	406	-1
181	411	1
181	412	-1
181	413	1
181	414	1
181	415	-1
181	416	1
181	423	1
181	424	1
181	425	-1
181	427	1
181	428	-1
181	430	1
181	436	-1
181	437	1
181	438	-1
181	439	1
181	442	1
181	443	-1
181	444	-1
181	446	-1
181	447	-1
181	449	-1
181	451	-1
181	454	1
181	456	1
181	459	1
181	462	1
181	463	-1
181	464	-1
181	466	1
181	469	1
181	473	1
181	474	-1
181	476	1
181	477	-1
181	478	-1
181	479	1
181	480	1
181	484	-1
181	485	1
181	491	-1
181	492	-1
182	195	1
182	197	1
182	198	-1
182	199	1
182	202	1
182	205	1
182	209	-1
182	210	1
182	213	1
182	214	1
182	217	1
182	218	1
182	219	-1
182	220	1
182	222	-1
182	223	-1
182	226	1
182	227	1
182	231	1
182	232	-1
182	235	-1
182	236	1
182	239	-1
182	245	1
182	246	1
182	251	1
182	255	1
182	258	1
182	260	-1
182	263	-1
182	267	-1
182	269	-1
182	272	1
182	274	-1
182	275	1
182	276	-1
182	277	1
182	279	-1
182	283	1
182	284	-1
182	287	1
182	288	-1
182	293	1
182	294	-1
182	295	-1
182	300	1
182	303	1
182	305	-1
182	306	-1
182	307	1
182	310	1
182	313	-1
182	314	1
182	315	-1
182	318	-1
182	319	1
182	320	1
182	321	1
182	322	1
182	323	-1
182	325	1
182	327	-1
182	328	1
182	329	1
182	335	-1
182	337	-1
182	338	-1
182	339	-1
182	340	1
182	344	-1
182	345	1
182	347	1
182	348	-1
182	352	1
182	355	-1
182	357	1
182	359	-1
182	360	-1
182	361	-1
182	362	-1
182	366	-1
182	368	-1
182	371	1
182	372	1
182	374	-1
182	376	-1
182	377	1
182	378	1
182	379	1
182	380	-1
182	381	1
182	382	-1
182	384	-1
182	386	1
182	387	-1
182	388	-1
182	389	-1
182	391	1
182	392	1
182	394	1
182	396	-1
182	399	-1
182	406	-1
182	407	1
182	409	1
182	410	1
182	411	-1
182	412	1
182	413	-1
182	414	-1
182	415	1
182	416	1
182	417	1
182	419	1
182	420	1
182	422	-1
182	428	-1
182	430	1
182	433	-1
182	437	1
182	438	-1
182	444	1
182	449	-1
182	454	1
182	456	1
182	457	-1
182	458	1
182	463	1
182	469	1
182	470	1
182	472	-1
182	473	1
182	474	-1
182	478	-1
182	481	-1
182	483	-1
182	484	-1
182	486	1
182	487	1
182	489	1
182	490	-1
182	491	-1
182	494	-1
182	496	-1
183	184	-1
183	187	1
183	188	1
183	189	-1
183	191	1
183	192	-1
183	193	-1
183	194	1
183	195	-1
183	198	1
183	199	-1
183	202	1
183	206	-1
183	207	-1
183	209	1
183	211	-1
183	212	1
183	213	1
183	214	1
183	215	1
183	216	-1
183	217	1
183	218	-1
183	220	-1
183	221	-1
183	223	-1
183	230	-1
183	233	1
183	234	-1
183	235	1
183	237	-1
183	238	1
183	239	1
183	240	-1
183	243	-1
183	244	1
183	247	-1
183	253	1
183	254	1
183	255	1
183	257	1
183	259	1
183	260	1
183	262	1
183	264	-1
183	266	1
183	268	-1
183	269	-1
183	271	1
183	273	1
183	279	1
183	280	-1
183	283	-1
183	284	-1
183	285	-1
183	286	1
183	288	1
183	290	-1
183	291	-1
183	292	1
183	293	-1
183	294	-1
183	295	1
183	297	1
183	299	1
183	300	1
183	301	-1
183	302	1
183	305	1
183	310	1
183	314	-1
183	315	1
183	317	-1
183	324	-1
183	326	-1
183	328	-1
183	329	1
183	330	1
183	331	-1
183	333	-1
183	334	1
183	335	1
183	338	1
183	341	-1
183	342	-1
183	346	-1
183	351	-1
183	353	1
183	354	1
183	355	-1
183	357	-1
183	359	1
183	360	-1
183	362	-1
183	363	1
183	364	-1
183	365	1
183	366	-1
183	367	1
183	368	1
183	369	1
183	370	-1
183	371	1
183	372	1
183	373	-1
183	378	-1
183	379	1
183	382	1
183	383	-1
183	386	-1
183	387	-1
183	390	-1
183	391	1
183	392	-1
183	397	1
183	399	1
183	401	-1
183	402	1
183	404	1
183	406	-1
183	409	1
183	410	1
183	415	1
183	416	1
183	417	1
183	418	1
183	423	1
183	424	-1
183	425	1
183	429	-1
183	430	-1
183	431	1
183	432	-1
183	433	1
183	436	-1
183	438	-1
183	439	-1
183	440	1
183	441	-1
183	444	1
183	447	-1
183	448	-1
183	451	1
183	454	1
183	455	-1
183	457	-1
183	462	-1
183	464	1
183	465	1
183	469	1
183	470	-1
183	471	1
183	472	1
183	475	1
183	476	1
183	478	1
183	479	-1
183	480	1
183	481	-1
183	482	1
183	483	1
183	485	-1
183	487	1
183	488	1
183	491	1
183	492	-1
183	494	-1
183	496	1
183	497	1
183	498	1
183	499	-1
184	186	1
184	187	-1
184	188	1
184	198	-1
184	199	1
184	200	-1
184	203	-1
184	204	-1
184	205	-1
184	206	-1
184	207	-1
184	208	1
184	209	-1
184	210	1
184	211	1
184	214	-1
184	215	-1
184	216	1
184	217	1
184	221	1
184	222	1
184	224	-1
184	225	-1
184	228	1
184	230	1
184	231	1
184	232	-1
184	237	-1
184	240	1
184	242	1
184	243	-1
184	245	1
184	246	-1
184	247	1
184	248	1
184	251	-1
184	256	1
184	257	-1
184	258	-1
184	259	1
184	263	1
184	265	-1
184	266	1
184	269	-1
184	271	1
184	274	-1
184	276	1
184	278	1
184	280	1
184	283	1
184	286	-1
184	288	1
184	290	1
184	293	-1
184	294	1
184	298	1
184	299	1
184	300	1
184	302	1
184	303	-1
184	311	1
184	312	1
184	314	1
184	315	1
184	316	-1
184	317	-1
184	319	-1
184	322	-1
184	326	1
184	333	1
184	334	-1
184	337	-1
184	338	-1
184	340	-1
184	345	1
184	346	1
184	349	-1
184	351	-1
184	355	1
184	356	-1
184	357	1
184	358	-1
184	359	-1
184	360	-1
184	361	1
184	362	1
184	367	1
184	371	-1
184	372	1
184	373	-1
184	379	1
184	380	1
184	381	-1
184	384	1
184	385	1
184	393	-1
184	394	1
184	398	1
184	399	1
184	400	1
184	402	-1
184	404	1
184	407	-1
184	409	1
184	410	-1
184	411	1
184	413	-1
184	415	-1
184	416	1
184	417	1
184	424	1
184	425	-1
184	429	-1
184	430	-1
184	431	1
184	434	-1
184	439	-1
184	441	-1
184	443	-1
184	445	1
184	454	1
184	455	1
184	456	1
184	458	1
184	459	-1
184	460	-1
184	462	1
184	464	1
184	465	-1
184	466	1
184	469	-1
184	470	-1
184	471	-1
184	472	-1
184	473	-1
184	476	1
184	479	1
184	486	1
184	489	1
184	491	1
184	492	1
184	495	-1
184	497	-1
184	498	-1
184	499	-1
185	186	1
185	187	-1
185	191	-1
185	193	1
185	195	1
185	196	-1
185	197	1
185	200	-1
185	202	1
185	204	-1
185	214	-1
185	215	-1
185	216	1
185	220	-1
185	225	-1
185	227	1
185	228	1
185	230	1
185	231	-1
185	232	-1
185	233	-1
185	234	1
185	235	-1
185	238	1
185	239	1
185	240	1
185	241	1
185	242	1
185	243	1
185	245	-1
185	246	-1
185	247	-1
185	249	-1
185	252	-1
185	253	-1
185	254	-1
185	255	-1
185	256	1
185	257	-1
185	263	1
185	264	-1
185	265	-1
185	266	-1
185	267	-1
185	268	1
185	269	1
185	271	1
185	272	1
185	273	1
185	274	-1
185	278	1
185	279	1
185	280	-1
185	281	-1
185	282	1
185	283	-1
185	288	-1
185	291	-1
185	293	1
185	295	1
185	296	-1
185	297	-1
185	299	1
185	301	1
185	302	1
185	306	1
185	307	-1
185	308	1
185	311	1
185	312	-1
185	314	-1
185	319	-1
185	324	-1
185	326	1
185	327	-1
185	328	-1
185	329	1
185	331	1
185	335	-1
185	336	1
185	338	-1
185	339	1
185	342	-1
185	345	1
185	349	1
185	351	1
185	352	-1
185	353	-1
185	355	1
185	357	-1
185	361	-1
185	362	1
185	364	-1
185	365	1
185	370	1
185	371	1
185	372	1
185	373	1
185	375	-1
185	379	-1
185	381	1
185	382	-1
185	383	1
185	387	1
185	389	1
185	390	1
185	391	-1
185	392	1
185	393	1
185	394	1
185	395	1
185	396	1
185	398	1
185	400	1
185	402	1
185	412	-1
185	413	-1
185	417	1
185	419	1
185	422	-1
185	427	1
185	428	1
185	429	1
185	431	1
185	434	1
185	435	-1
185	438	1
185	440	1
185	441	-1
185	442	-1
185	443	1
185	447	1
185	449	1
185	450	-1
185	451	1
185	454	1
185	456	1
185	457	1
185	459	-1
185	460	-1
185	461	1
185	464	1
185	466	-1
185	468	1
185	471	-1
185	473	1
185	474	1
185	480	-1
185	482	-1
185	483	1
185	487	-1
185	489	-1
185	491	1
185	492	1
185	494	-1
185	495	1
185	496	-1
185	497	1
185	498	1
186	190	-1
186	191	1
186	192	-1
186	194	1
186	196	1
186	197	-1
186	199	-1
186	200	-1
186	206	-1
186	207	1
186	208	1
186	209	-1
186	210	1
186	212	1
186	215	-1
186	218	1
186	221	1
186	223	-1
186	224	1
186	225	1
186	227	1
186	232	1
186	234	-1
186	235	1
186	237	-1
186	238	-1
186	239	1
186	241	-1
186	242	-1
186	243	1
186	244	1
186	247	1
186	248	1
186	249	1
186	252	-1
186	255	1
186	256	-1
186	257	-1
186	259	1
186	262	1
186	263	1
186	264	1
186	265	1
186	269	-1
186	270	-1
186	272	-1
186	276	-1
186	279	1
186	281	-1
186	286	1
186	292	-1
186	295	-1
186	297	1
186	299	-1
186	300	-1
186	301	1
186	302	-1
186	305	-1
186	306	1
186	308	-1
186	310	1
186	313	1
186	318	1
186	319	1
186	320	-1
186	322	1
186	323	1
186	324	1
186	328	1
186	329	1
186	333	-1
186	336	-1
186	337	1
186	338	1
186	340	-1
186	341	1
186	342	1
186	345	-1
186	346	1
186	347	1
186	348	1
186	349	1
186	351	1
186	352	-1
186	353	-1
186	359	-1
186	360	-1
186	361	-1
186	363	1
186	364	1
186	366	-1
186	369	1
186	370	-1
186	371	1
186	375	-1
186	376	-1
186	377	1
186	378	-1
186	383	1
186	385	1
186	386	1
186	389	1
186	390	1
186	391	-1
186	394	-1
186	396	-1
186	400	1
186	401	1
186	402	1
186	404	1
186	407	1
186	408	1
186	410	1
186	411	1
186	412	-1
186	413	-1
186	414	1
186	415	1
186	418	-1
186	423	-1
186	427	-1
186	428	1
186	429	1
186	430	1
186	433	1
186	436	1
186	439	1
186	441	1
186	447	1
186	449	-1
186	451	-1
186	455	-1
186	456	1
186	457	1
186	459	1
186	460	1
186	461	-1
186	462	-1
186	465	-1
186	469	-1
186	471	1
186	473	-1
186	474	1
186	476	-1
186	477	-1
186	478	1
186	479	1
186	480	-1
186	482	1
186	486	-1
186	487	-1
186	488	1
186	489	1
186	494	1
186	495	1
186	496	-1
186	497	-1
187	190	1
187	192	1
187	193	1
187	195	-1
187	196	1
187	198	1
187	199	1
187	200	-1
187	205	1
187	207	-1
187	209	1
187	211	1
187	213	-1
187	224	1
187	225	-1
187	226	1
187	228	-1
187	230	1
187	231	-1
187	232	1
187	235	1
187	236	1
187	237	1
187	239	1
187	241	-1
187	242	-1
187	244	1
187	245	-1
187	246	1
187	247	-1
187	248	-1
187	249	1
187	251	-1
187	254	-1
187	255	-1
187	259	1
187	261	-1
187	262	-1
187	263	-1
187	265	-1
187	266	1
187	268	1
187	269	1
187	271	1
187	273	1
187	274	1
187	275	1
187	276	1
187	277	-1
187	278	1
187	280	1
187	284	-1
187	286	-1
187	288	1
187	292	1
187	293	1
187	294	-1
187	295	-1
187	299	-1
187	300	-1
187	305	-1
187	308	1
187	309	1
187	311	1
187	312	-1
187	314	-1
187	315	-1
187	316	-1
187	318	-1
187	321	-1
187	323	-1
187	324	-1
187	326	-1
187	327	1
187	328	1
187	329	-1
187	330	1
187	331	1
187	332	1
187	333	1
187	336	-1
187	340	-1
187	342	1
187	344	-1
187	345	-1
187	348	-1
187	350	-1
187	352	-1
187	353	1
187	355	1
187	356	1
187	357	1
187	362	-1
187	366	1
187	368	-1
187	370	1
187	371	-1
187	375	-1
187	376	-1
187	378	1
187	381	-1
187	382	-1
187	389	-1
187	390	-1
187	391	-1
187	392	-1
187	394	1
187	396	-1
187	400	1
187	401	1
187	404	-1
187	407	1
187	408	-1
187	410	1
187	413	1
187	416	1
187	417	-1
187	418	-1
187	419	1
187	420	1
187	423	-1
187	426	1
187	427	1
187	428	1
187	432	1
187	433	-1
187	435	-1
187	439	1
187	440	1
187	441	1
187	443	-1
187	447	-1
187	448	1
187	449	-1
187	450	1
187	451	1
187	456	-1
187	458	1
187	459	-1
187	461	1
187	462	-1
187	465	-1
187	469	-1
187	471	-1
187	473	1
187	474	-1
187	478	1
187	481	1
187	482	1
187	486	-1
187	489	1
187	493	-1
187	494	1
187	495	-1
187	497	-1
187	498	-1
187	499	-1
188	189	-1
188	190	-1
188	191	1
188	192	-1
188	193	-1
188	196	-1
188	198	1
188	199	-1
188	200	-1
188	201	-1
188	202	-1
188	203	1
188	206	1
188	207	-1
188	208	-1
188	209	-1
188	211	-1
188	214	1
188	217	1
188	220	1
188	226	1
188	227	-1
188	228	1
188	229	-1
188	230	-1
188	232	1
188	234	1
188	235	1
188	241	1
188	245	1
188	247	1
188	251	-1
188	252	-1
188	254	-1
188	259	-1
188	260	-1
188	263	1
188	264	1
188	265	1
188	267	-1
188	268	1
188	271	1
188	276	-1
188	277	1
188	278	-1
188	279	-1
188	280	-1
188	282	1
188	286	1
188	287	-1
188	288	1
188	290	-1
188	291	1
188	292	1
188	293	1
188	294	-1
188	295	1
188	297	-1
188	298	1
188	299	1
188	301	1
188	302	1
188	304	1
188	306	-1
188	308	1
188	309	-1
188	310	-1
188	311	-1
188	312	-1
188	321	1
188	323	-1
188	324	-1
188	325	1
188	327	1
188	328	1
188	331	1
188	335	1
188	338	-1
188	342	-1
188	343	1
188	344	-1
188	346	-1
188	348	1
188	349	-1
188	350	-1
188	354	1
188	356	-1
188	358	1
188	362	1
188	363	-1
188	364	-1
188	365	-1
188	366	-1
188	367	-1
188	369	-1
188	370	-1
188	371	-1
188	375	1
188	377	1
188	378	1
188	379	1
188	380	-1
188	381	-1
188	385	-1
188	386	1
188	388	-1
188	389	1
188	396	-1
188	397	-1
188	401	1
188	402	1
188	403	-1
188	404	1
188	408	1
188	409	1
188	410	1
188	411	1
188	414	-1
188	416	-1
188	417	-1
188	419	-1
188	420	1
188	421	-1
188	423	-1
188	427	-1
188	428	-1
188	430	1
188	431	-1
188	433	1
188	434	1
188	435	-1
188	436	-1
188	437	-1
188	439	-1
188	441	1
188	444	1
188	446	1
188	447	1
188	448	1
188	451	-1
188	454	-1
188	460	-1
188	463	1
188	469	1
188	471	1
188	472	-1
188	475	-1
188	476	-1
188	478	1
188	479	1
188	483	-1
188	494	1
188	497	1
189	190	1
189	191	1
189	192	1
189	194	1
189	200	1
189	203	1
189	205	-1
189	206	1
189	207	1
189	208	-1
189	209	1
189	210	1
189	214	-1
189	215	1
189	217	-1
189	220	1
189	222	-1
189	223	1
189	224	-1
189	228	1
189	230	1
189	232	1
189	239	1
189	242	1
189	244	-1
189	246	-1
189	247	-1
189	248	1
189	249	-1
189	253	1
189	254	-1
189	256	1
189	257	-1
189	258	-1
189	261	1
189	262	-1
189	264	-1
189	267	-1
189	271	1
189	272	-1
189	276	-1
189	278	-1
189	279	1
189	282	-1
189	283	1
189	284	-1
189	285	1
189	286	1
189	288	-1
189	293	-1
189	296	-1
189	301	-1
189	302	1
189	306	1
189	309	-1
189	310	1
189	313	1
189	316	1
189	318	1
189	320	1
189	321	-1
189	322	1
189	324	1
189	326	1
189	329	1
189	331	-1
189	334	-1
189	335	-1
189	337	1
189	340	1
189	341	-1
189	347	-1
189	349	1
189	350	1
189	351	-1
189	352	1
189	353	1
189	354	-1
189	355	1
189	356	-1
189	357	1
189	360	1
189	361	-1
189	362	-1
189	363	-1
189	364	1
189	365	1
189	366	1
189	368	1
189	370	-1
189	372	-1
189	373	1
189	376	-1
189	380	1
189	381	-1
189	382	1
189	385	-1
189	387	1
189	390	-1
189	391	-1
189	399	-1
189	401	1
189	403	-1
189	404	1
189	405	-1
189	409	-1
189	411	1
189	413	-1
189	414	-1
189	415	1
189	416	1
189	418	1
189	420	1
189	422	1
189	423	-1
189	424	1
189	425	1
189	428	1
189	429	-1
189	430	1
189	432	-1
189	434	-1
189	435	-1
189	436	1
189	440	1
189	442	1
189	443	1
189	445	-1
189	449	1
189	453	-1
189	455	-1
189	456	-1
189	460	1
189	461	1
189	463	-1
189	465	1
189	468	1
189	471	1
189	474	-1
189	475	1
189	476	-1
189	478	-1
189	480	1
189	482	1
189	486	-1
189	487	1
189	488	1
189	489	1
189	491	-1
189	492	-1
189	493	-1
189	495	1
189	496	-1
189	499	1
190	193	-1
190	194	1
190	195	1
190	199	1
190	204	-1
190	206	-1
190	207	-1
190	209	-1
190	210	-1
190	211	1
190	214	-1
190	217	-1
190	219	1
190	222	-1
190	228	1
190	231	1
190	232	1
190	233	1
190	234	-1
190	235	1
190	236	1
190	240	-1
190	242	1
190	243	-1
190	244	1
190	245	1
190	246	1
190	248	-1
190	249	1
190	250	1
190	253	-1
190	255	1
190	256	1
190	257	-1
190	258	1
190	261	-1
190	263	1
190	264	-1
190	265	-1
190	266	1
190	267	1
190	268	1
190	270	1
190	272	-1
190	274	-1
190	275	-1
190	276	-1
190	277	-1
190	281	1
190	282	-1
190	283	-1
190	284	-1
190	285	-1
190	286	1
190	287	-1
190	288	1
190	289	-1
190	291	1
190	292	1
190	297	-1
190	300	1
190	301	-1
190	302	-1
190	303	1
190	304	-1
190	306	1
190	307	-1
190	308	-1
190	309	-1
190	313	1
190	315	-1
190	316	-1
190	318	-1
190	321	1
190	324	1
190	326	1
190	337	1
190	340	1
190	342	-1
190	345	-1
190	349	-1
190	350	-1
190	351	-1
190	352	1
190	355	-1
190	360	1
190	363	1
190	364	1
190	365	1
190	367	1
190	372	-1
190	374	-1
190	386	1
190	389	1
190	393	1
190	394	1
190	396	-1
190	397	1
190	398	-1
190	400	-1
190	401	1
190	402	1
190	404	-1
190	405	1
190	406	-1
190	409	1
190	410	1
190	415	-1
190	416	1
190	417	-1
190	418	1
190	419	-1
190	421	1
190	422	-1
190	424	-1
190	425	1
190	426	-1
190	427	-1
190	428	-1
190	429	1
190	432	1
190	434	1
190	435	1
190	436	-1
190	437	1
190	439	1
190	441	-1
190	443	1
190	444	1
190	445	1
190	447	-1
190	449	-1
190	450	1
190	451	-1
190	452	-1
190	455	-1
190	456	-1
190	460	-1
190	463	1
190	464	1
190	471	-1
190	472	1
190	474	-1
190	476	1
190	477	-1
190	480	-1
190	482	1
190	484	1
190	485	1
190	486	1
190	487	1
190	488	-1
190	491	-1
190	493	1
190	498	-1
190	499	-1
191	196	1
191	197	1
191	199	1
191	202	-1
191	204	-1
191	205	-1
191	206	1
191	207	-1
191	209	1
191	213	-1
191	214	-1
191	215	1
191	216	-1
191	220	-1
191	221	-1
191	223	-1
191	225	-1
191	226	-1
191	228	1
191	229	1
191	231	1
191	235	1
191	239	-1
191	240	1
191	242	-1
191	244	-1
191	245	-1
191	246	-1
191	251	1
191	254	1
191	255	1
191	256	1
191	258	1
191	261	-1
191	267	-1
191	269	1
191	271	-1
191	273	-1
191	275	-1
191	276	-1
191	277	1
191	278	-1
191	279	-1
191	281	-1
191	282	-1
191	285	-1
191	286	1
191	288	-1
191	292	-1
191	295	-1
191	299	1
191	302	1
191	303	1
191	304	-1
191	305	1
191	306	1
191	307	1
191	309	1
191	310	-1
191	315	1
191	316	-1
191	318	-1
191	323	1
191	327	-1
191	328	1
191	329	-1
191	332	-1
191	336	1
191	338	-1
191	339	1
191	341	-1
191	342	-1
191	346	-1
191	347	1
191	348	1
191	353	1
191	355	1
191	356	1
191	358	-1
191	362	-1
191	363	1
191	365	-1
191	366	1
191	370	-1
191	372	1
191	373	1
191	375	1
191	378	1
191	381	1
191	382	-1
191	383	-1
191	384	1
191	387	1
191	389	1
191	390	-1
191	391	1
191	392	1
191	393	1
191	394	1
191	395	1
191	398	-1
191	399	1
191	400	-1
191	402	1
191	403	1
191	404	1
191	405	-1
191	407	1
191	416	-1
191	417	-1
191	420	1
191	422	1
191	423	1
191	424	-1
191	427	1
191	428	1
191	431	1
191	432	1
191	434	-1
191	436	1
191	437	-1
191	438	-1
191	443	1
191	446	-1
191	447	1
191	449	-1
191	453	1
191	456	1
191	457	1
191	459	-1
191	460	1
191	461	1
191	462	1
191	464	-1
191	465	1
191	466	1
191	467	1
191	468	-1
191	470	1
191	471	-1
191	474	-1
191	475	1
191	476	1
191	477	-1
191	478	1
191	479	-1
191	480	-1
191	481	-1
191	483	-1
191	484	-1
191	486	-1
191	489	-1
191	491	-1
191	493	-1
191	496	-1
191	497	1
191	499	1
192	195	1
192	196	1
192	200	1
192	201	1
192	202	1
192	203	-1
192	204	-1
192	207	1
192	213	-1
192	215	-1
192	219	-1
192	222	-1
192	224	1
192	225	-1
192	228	-1
192	229	1
192	231	-1
192	233	-1
192	235	-1
192	237	1
192	238	-1
192	240	1
192	241	1
192	242	-1
192	243	-1
192	246	1
192	247	1
192	249	1
192	250	1
192	251	-1
192	253	1
192	257	1
192	261	1
192	264	-1
192	265	1
192	266	1
192	274	-1
192	275	1
192	278	1
192	283	1
192	286	1
192	287	-1
192	289	1
192	290	1
192	291	1
192	292	-1
192	293	-1
192	294	1
192	295	1
192	299	1
192	301	-1
192	302	1
192	307	1
192	308	-1
192	309	-1
192	310	1
192	311	1
192	312	-1
192	313	-1
192	316	1
192	320	1
192	324	1
192	326	-1
192	328	-1
192	329	1
192	333	-1
192	334	1
192	335	-1
192	336	-1
192	337	1
192	339	-1
192	341	-1
192	343	1
192	344	-1
192	345	-1
192	346	1
192	347	1
192	349	1
192	350	-1
192	351	-1
192	352	-1
192	356	-1
192	359	1
192	361	1
192	362	-1
192	363	-1
192	364	-1
192	366	-1
192	370	-1
192	371	1
192	373	1
192	374	1
192	375	-1
192	376	1
192	378	-1
192	379	-1
192	380	-1
192	382	1
192	384	1
192	385	-1
192	390	1
192	391	1
192	393	1
192	394	-1
192	396	-1
192	399	1
192	401	-1
192	402	-1
192	403	1
192	404	-1
192	405	-1
192	406	1
192	408	1
192	414	1
192	420	1
192	423	-1
192	424	-1
192	428	1
192	431	-1
192	432	-1
192	434	1
192	441	1
192	444	1
192	446	-1
192	449	-1
192	453	-1
192	454	-1
192	455	-1
192	458	-1
192	459	1
192	461	-1
192	462	1
192	463	1
192	466	1
192	471	-1
192	472	1
192	474	1
192	475	-1
192	476	-1
192	477	-1
192	481	-1
192	484	-1
192	486	-1
192	487	1
192	488	1
192	490	1
192	492	-1
192	497	1
192	499	-1
193	194	1
193	195	1
193	196	1
193	199	-1
193	201	-1
193	206	-1
193	208	1
193	209	-1
193	211	-1
193	216	1
193	217	-1
193	219	1
193	222	-1
193	224	1
193	228	1
193	231	-1
193	232	1
193	233	-1
193	237	-1
193	238	1
193	239	-1
193	241	-1
193	243	-1
193	244	1
193	245	-1
193	246	-1
193	247	1
193	249	1
193	251	-1
193	254	-1
193	255	1
193	256	1
193	257	1
193	258	1
193	262	-1
193	263	1
193	266	-1
193	267	-1
193	269	-1
193	271	-1
193	273	1
193	277	-1
193	279	-1
193	282	-1
193	284	-1
193	285	1
193	290	1
193	292	1
193	293	-1
193	294	-1
193	295	-1
193	296	1
193	298	1
193	302	-1
193	303	-1
193	304	-1
193	307	1
193	309	1
193	311	-1
193	314	1
193	315	-1
193	318	-1
193	321	-1
193	326	1
193	329	-1
193	330	-1
193	332	-1
193	333	1
193	336	-1
193	337	1
193	339	1
193	341	1
193	342	-1
193	343	1
193	345	-1
193	346	1
193	347	-1
193	348	-1
193	350	1
193	351	-1
193	352	-1
193	353	-1
193	357	1
193	359	-1
193	361	-1
193	363	1
193	365	1
193	367	1
193	368	-1
193	369	-1
193	370	-1
193	371	1
193	372	1
193	373	-1
193	375	-1
193	378	1
193	381	-1
193	382	-1
193	386	1
193	387	1
193	388	-1
193	389	-1
193	392	1
193	393	-1
193	396	1
193	397	1
193	398	1
193	399	-1
193	400	1
193	401	-1
193	402	1
193	403	1
193	404	1
193	408	1
193	409	-1
193	412	1
193	415	1
193	416	-1
193	419	1
193	420	-1
193	422	-1
193	425	1
193	429	-1
193	430	1
193	432	1
193	434	1
193	435	-1
193	436	1
193	438	-1
193	439	-1
193	443	1
193	444	-1
193	446	-1
193	448	-1
193	449	-1
193	450	1
193	451	-1
193	453	-1
193	457	-1
193	460	1
193	461	1
193	466	-1
193	470	-1
193	472	1
193	477	-1
193	478	1
193	479	1
193	481	-1
193	482	1
193	485	-1
193	486	1
193	489	-1
193	492	1
193	493	1
193	496	1
194	197	1
194	200	-1
194	202	1
194	205	1
194	206	1
194	209	-1
194	210	-1
194	212	-1
194	213	-1
194	215	1
194	220	-1
194	221	-1
194	223	-1
194	228	-1
194	231	-1
194	232	1
194	233	-1
194	235	1
194	236	-1
194	237	-1
194	238	1
194	240	1
194	241	-1
194	243	1
194	244	-1
194	246	1
194	248	1
194	249	1
194	250	-1
194	252	-1
194	256	1
194	257	1
194	259	-1
194	262	1
194	264	1
194	265	-1
194	267	-1
194	268	-1
194	269	1
194	271	1
194	272	-1
194	273	1
194	275	1
194	276	1
194	278	1
194	279	-1
194	284	1
194	290	-1
194	292	-1
194	293	-1
194	295	-1
194	296	1
194	297	1
194	298	-1
194	301	1
194	302	1
194	303	-1
194	307	-1
194	308	1
194	309	-1
194	311	-1
194	312	1
194	313	1
194	318	1
194	319	-1
194	323	1
194	324	1
194	326	-1
194	327	-1
194	331	-1
194	332	-1
194	333	-1
194	336	1
194	339	1
194	340	1
194	347	-1
194	348	-1
194	349	1
194	351	1
194	354	-1
194	356	1
194	360	1
194	362	-1
194	363	1
194	364	-1
194	368	1
194	373	-1
194	379	1
194	381	1
194	382	1
194	383	-1
194	385	1
194	386	1
194	387	1
194	388	-1
194	389	-1
194	390	-1
194	391	-1
194	393	1
194	394	1
194	398	1
194	399	-1
194	400	1
194	401	-1
194	403	1
194	404	-1
194	406	1
194	407	1
194	408	1
194	410	-1
194	412	-1
194	413	1
194	414	-1
194	415	1
194	416	1
194	424	1
194	425	-1
194	427	-1
194	431	-1
194	432	1
194	433	1
194	435	-1
194	437	1
194	439	1
194	440	-1
194	441	-1
194	443	1
194	445	1
194	450	-1
194	451	1
194	452	-1
194	453	-1
194	454	-1
194	455	-1
194	457	-1
194	459	1
194	460	-1
194	463	1
194	465	1
194	468	-1
194	472	1
194	473	-1
194	474	1
194	475	-1
194	477	1
194	478	-1
194	479	1
194	481	1
194	482	-1
194	483	-1
194	484	-1
194	485	-1
194	486	1
194	490	-1
194	492	-1
194	494	1
194	496	-1
194	498	1
194	499	-1
195	197	1
195	198	1
195	200	-1
195	205	-1
195	210	-1
195	212	-1
195	213	1
195	217	-1
195	220	1
195	221	1
195	222	1
195	223	1
195	225	-1
195	227	1
195	228	-1
195	230	-1
195	232	1
195	234	1
195	235	1
195	237	1
195	239	-1
195	243	-1
195	245	-1
195	246	1
195	248	1
195	249	-1
195	253	-1
195	254	-1
195	255	-1
195	256	-1
195	257	-1
195	258	1
195	261	-1
195	262	-1
195	263	-1
195	264	-1
195	265	-1
195	266	1
195	267	1
195	269	-1
195	271	-1
195	272	-1
195	274	1
195	279	1
195	282	-1
195	283	1
195	284	1
195	287	1
195	288	1
195	289	1
195	290	1
195	297	1
195	298	-1
195	301	-1
195	302	1
195	303	1
195	304	-1
195	306	-1
195	308	1
195	309	-1
195	313	1
195	315	-1
195	317	1
195	323	1
195	324	-1
195	326	-1
195	328	1
195	329	-1
195	335	1
195	337	-1
195	338	-1
195	342	-1
195	343	-1
195	344	1
195	345	1
195	348	-1
195	349	-1
195	350	1
195	351	1
195	352	-1
195	353	1
195	355	1
195	357	1
195	359	-1
195	361	-1
195	363	1
195	364	1
195	365	1
195	366	-1
195	369	-1
195	370	-1
195	371	1
195	372	-1
195	374	-1
195	375	-1
195	377	1
195	378	-1
195	379	1
195	380	1
195	381	-1
195	383	1
195	384	-1
195	385	1
195	386	-1
195	387	-1
195	392	1
195	395	-1
195	400	1
195	401	1
195	406	-1
195	407	-1
195	412	-1
195	413	1
195	415	1
195	416	-1
195	417	-1
195	419	-1
195	421	-1
195	422	-1
195	424	-1
195	426	1
195	429	1
195	430	-1
195	431	1
195	433	1
195	434	1
195	435	1
195	436	-1
195	437	-1
195	438	-1
195	440	-1
195	441	1
195	444	-1
195	446	-1
195	449	-1
195	455	1
195	456	1
195	457	-1
195	458	-1
195	460	1
195	461	-1
195	464	-1
195	465	-1
195	466	1
195	468	-1
195	473	-1
195	477	1
195	479	1
195	480	1
195	482	-1
195	484	-1
195	485	1
195	486	-1
195	487	-1
195	489	1
195	492	-1
195	493	-1
195	496	1
196	197	-1
196	198	-1
196	199	-1
196	203	1
196	207	1
196	208	-1
196	211	1
196	212	-1
196	214	1
196	217	1
196	218	1
196	225	-1
196	226	-1
196	227	-1
196	231	1
196	234	1
196	235	1
196	238	-1
196	239	-1
196	240	1
196	242	1
196	243	-1
196	246	1
196	247	-1
196	248	1
196	249	-1
196	250	-1
196	251	1
196	252	1
196	255	1
196	256	1
196	259	-1
196	265	1
196	269	-1
196	271	1
196	273	1
196	274	1
196	276	1
196	278	1
196	279	-1
196	280	1
196	281	-1
196	284	-1
196	285	-1
196	286	1
196	287	-1
196	289	1
196	292	1
196	297	-1
196	298	-1
196	299	1
196	300	-1
196	301	1
196	304	1
196	305	-1
196	307	1
196	311	-1
196	312	1
196	313	-1
196	314	-1
196	316	-1
196	318	-1
196	321	-1
196	322	-1
196	325	1
196	326	-1
196	327	1
196	330	-1
196	333	-1
196	334	-1
196	335	-1
196	336	-1
196	339	-1
196	342	1
196	343	1
196	344	-1
196	345	-1
196	346	1
196	347	1
196	349	-1
196	350	1
196	354	1
196	355	1
196	356	-1
196	360	1
196	362	1
196	363	-1
196	364	1
196	365	-1
196	367	1
196	368	-1
196	370	-1
196	372	-1
196	376	1
196	377	-1
196	378	-1
196	379	1
196	382	1
196	385	1
196	387	-1
196	388	-1
196	393	-1
196	396	1
196	397	-1
196	401	1
196	402	-1
196	404	1
196	406	1
196	407	-1
196	408	-1
196	409	-1
196	413	-1
196	418	1
196	419	-1
196	422	1
196	426	1
196	427	1
196	429	1
196	432	-1
196	433	-1
196	434	-1
196	442	1
196	443	-1
196	444	-1
196	445	-1
196	447	-1
196	448	-1
196	454	-1
196	457	-1
196	458	1
196	461	-1
196	464	-1
196	465	1
196	466	-1
196	468	1
196	472	1
196	474	1
196	475	1
196	477	-1
196	478	1
196	479	-1
196	481	1
196	487	1
196	488	-1
196	489	1
196	490	1
196	493	-1
196	494	-1
196	495	-1
196	499	1
197	198	-1
197	205	-1
197	207	-1
197	208	-1
197	210	1
197	211	1
197	212	-1
197	218	1
197	219	-1
197	220	1
197	224	-1
197	227	1
197	230	-1
197	231	1
197	233	1
197	234	1
197	235	1
197	237	1
197	238	1
197	242	1
197	244	-1
197	245	1
197	246	1
197	252	1
197	255	1
197	262	-1
197	264	1
197	265	1
197	268	-1
197	269	1
197	272	-1
197	275	1
197	276	1
197	283	-1
197	287	1
197	288	-1
197	291	1
197	294	1
197	295	1
197	298	-1
197	304	-1
197	306	-1
197	307	1
197	309	1
197	310	1
197	311	1
197	312	1
197	314	-1
197	315	-1
197	318	1
197	319	1
197	320	-1
197	324	-1
197	325	1
197	327	1
197	329	-1
197	331	1
197	336	1
197	337	1
197	338	-1
197	339	-1
197	340	1
197	342	-1
197	343	-1
197	344	-1
197	346	1
197	347	-1
197	348	-1
197	358	-1
197	359	1
197	361	1
197	362	1
197	365	1
197	366	-1
197	369	1
197	371	1
197	372	-1
197	377	-1
197	380	-1
197	381	1
197	383	-1
197	385	-1
197	386	-1
197	390	1
197	391	1
197	392	-1
197	394	1
197	395	-1
197	399	1
197	400	1
197	403	1
197	404	-1
197	405	-1
197	407	-1
197	408	1
197	409	-1
197	410	-1
197	413	1
197	414	1
197	418	1
197	420	1
197	421	-1
197	422	1
197	424	1
197	425	-1
197	426	-1
197	428	-1
197	429	-1
197	430	1
197	432	1
197	434	-1
197	437	1
197	439	-1
197	441	1
197	443	1
197	444	1
197	449	-1
197	450	1
197	451	-1
197	452	1
197	454	1
197	455	-1
197	457	-1
197	458	1
197	459	-1
197	463	-1
197	464	1
197	465	-1
197	466	1
197	468	1
197	470	1
197	471	1
197	472	1
197	473	-1
197	476	1
197	479	1
197	480	1
197	483	-1
197	485	-1
197	487	1
197	489	-1
197	490	1
197	493	-1
197	494	-1
197	499	-1
198	199	-1
198	201	1
198	202	-1
198	206	-1
198	210	-1
198	211	1
198	214	1
198	216	1
198	219	1
198	220	-1
198	223	1
198	225	1
198	226	-1
198	228	-1
198	229	1
198	230	1
198	231	1
198	234	1
198	235	-1
198	236	1
198	237	-1
198	238	1
198	239	1
198	242	1
198	244	-1
198	249	1
198	252	-1
198	253	-1
198	254	-1
198	255	1
198	257	-1
198	258	1
198	259	1
198	260	-1
198	263	-1
198	267	-1
198	269	1
198	270	-1
198	274	1
198	275	-1
198	276	-1
198	280	-1
198	283	-1
198	284	1
198	287	-1
198	290	-1
198	291	1
198	293	1
198	294	-1
198	295	1
198	296	-1
198	297	-1
198	298	1
198	299	1
198	301	1
198	303	-1
198	307	-1
198	309	1
198	310	-1
198	312	-1
198	314	-1
198	316	1
198	319	-1
198	321	1
198	325	1
198	326	1
198	331	-1
198	334	-1
198	336	-1
198	337	-1
198	341	-1
198	342	-1
198	347	-1
198	352	-1
198	355	-1
198	356	1
198	358	-1
198	359	-1
198	361	-1
198	362	1
198	367	1
198	368	1
198	373	1
198	375	-1
198	377	1
198	378	1
198	379	-1
198	381	-1
198	382	1
198	384	1
198	386	-1
198	387	1
198	389	1
198	392	1
198	393	1
198	394	-1
198	396	-1
198	398	-1
198	399	-1
198	403	1
198	404	1
198	405	-1
198	408	1
198	409	-1
198	411	1
198	412	1
198	413	1
198	414	-1
198	417	1
198	419	-1
198	427	-1
198	431	1
198	432	1
198	433	1
198	436	-1
198	437	-1
198	439	1
198	440	1
198	444	1
198	445	1
198	446	1
198	447	1
198	449	-1
198	453	1
198	454	-1
198	456	1
198	457	-1
198	461	-1
198	463	1
198	467	-1
198	468	-1
198	469	1
198	470	1
198	472	-1
198	475	-1
198	477	-1
198	480	-1
198	481	1
198	485	1
198	490	-1
198	495	1
199	200	-1
199	202	1
199	203	1
199	205	-1
199	206	-1
199	211	-1
199	215	-1
199	217	1
199	220	1
199	222	-1
199	224	1
199	226	1
199	228	1
199	229	1
199	234	-1
199	237	-1
199	243	-1
199	245	-1
199	250	1
199	255	1
199	258	1
199	262	-1
199	263	1
199	265	1
199	266	1
199	270	-1
199	271	-1
199	277	-1
199	279	1
199	287	-1
199	288	1
199	290	-1
199	292	1
199	293	1
199	294	1
199	297	1
199	299	-1
199	302	1
199	303	1
199	307	1
199	309	1
199	312	-1
199	313	-1
199	315	1
199	316	-1
199	320	-1
199	321	1
199	322	1
199	323	1
199	324	1
199	329	1
199	330	-1
199	331	1
199	333	-1
199	335	1
199	336	1
199	338	1
199	340	1
199	341	1
199	344	-1
199	346	1
199	347	1
199	348	1
199	352	1
199	354	-1
199	356	1
199	361	1
199	363	1
199	364	-1
199	365	-1
199	371	1
199	372	1
199	374	1
199	375	-1
199	377	1
199	378	1
199	380	-1
199	381	1
199	382	1
199	383	1
199	384	1
199	385	-1
199	386	-1
199	387	1
199	388	1
199	391	1
199	392	-1
199	393	1
199	394	-1
199	395	1
199	396	-1
199	399	-1
199	402	1
199	407	-1
199	408	-1
199	409	1
199	410	1
199	411	-1
199	414	1
199	415	-1
199	416	1
199	418	-1
199	421	1
199	423	-1
199	427	-1
199	429	1
199	430	-1
199	432	1
199	433	1
199	434	1
199	435	1
199	436	1
199	440	1
199	441	1
199	442	1
199	444	-1
199	446	1
199	447	1
199	452	1
199	455	1
199	456	1
199	458	-1
199	459	1
199	460	1
199	463	1
199	465	1
199	466	1
199	468	-1
199	469	1
199	470	-1
199	473	1
199	475	1
199	476	-1
199	482	-1
199	486	-1
199	488	-1
199	490	1
199	492	-1
199	493	-1
199	496	-1
199	498	1
199	499	-1
200	204	1
200	205	1
200	209	-1
200	210	1
200	211	1
200	212	-1
200	213	1
200	215	1
200	216	1
200	217	1
200	219	1
200	220	1
200	223	1
200	224	-1
200	225	1
200	228	-1
200	231	1
200	232	-1
200	237	-1
200	240	-1
200	241	1
200	242	1
200	244	-1
200	246	1
200	247	1
200	249	-1
200	251	1
200	252	-1
200	253	-1
200	254	-1
200	257	1
200	258	-1
200	259	-1
200	260	1
200	265	1
200	269	1
200	272	1
200	274	1
200	275	-1
200	276	1
200	277	1
200	283	1
200	284	-1
200	285	1
200	287	-1
200	291	-1
200	294	1
200	295	1
200	296	1
200	299	1
200	300	1
200	301	1
200	304	1
200	310	-1
200	313	-1
200	315	-1
200	317	1
200	321	-1
200	322	-1
200	324	-1
200	325	1
200	326	-1
200	329	-1
200	339	1
200	340	1
200	342	1
200	344	-1
200	347	1
200	349	-1
200	350	-1
200	352	1
200	354	1
200	356	1
200	357	1
200	359	-1
200	360	-1
200	361	1
200	362	1
200	363	-1
200	364	-1
200	366	1
200	367	-1
200	368	-1
200	374	1
200	379	-1
200	380	-1
200	381	1
200	387	-1
200	388	1
200	389	-1
200	390	-1
200	391	1
200	394	-1
200	395	-1
200	401	-1
200	404	1
200	405	-1
200	407	1
200	411	-1
200	412	1
200	413	-1
200	416	-1
200	418	1
200	419	1
200	420	1
200	422	-1
200	423	-1
200	424	1
200	426	1
200	431	1
200	432	1
200	435	1
200	438	1
200	442	-1
200	444	1
200	445	-1
200	446	-1
200	447	-1
200	451	-1
200	455	1
200	456	-1
200	458	1
200	460	1
200	461	-1
200	462	-1
200	463	-1
200	467	1
200	468	-1
200	469	1
200	471	1
200	472	1
200	475	1
200	476	1
200	478	-1
200	482	-1
200	484	-1
200	486	-1
200	489	1
200	491	1
200	494	-1
200	495	1
201	203	1
201	204	-1
201	205	1
201	210	-1
201	212	-1
201	214	-1
201	218	1
201	219	1
201	223	1
201	224	-1
201	225	-1
201	226	1
201	227	1
201	229	-1
201	232	-1
201	233	1
201	234	1
201	235	-1
201	236	-1
201	238	1
201	242	-1
201	243	1
201	244	1
201	245	1
201	247	-1
201	248	1
201	249	1
201	250	-1
201	251	-1
201	257	1
201	259	-1
201	260	1
201	262	1
201	263	1
201	264	1
201	266	-1
201	267	1
201	272	1
201	273	1
201	276	-1
201	277	1
201	278	1
201	279	-1
201	282	1
201	283	1
201	285	-1
201	286	1
201	290	-1
201	295	1
201	299	1
201	304	-1
201	308	1
201	310	1
201	312	1
201	315	-1
201	316	-1
201	317	-1
201	321	-1
201	323	-1
201	324	-1
201	325	-1
201	327	1
201	331	-1
201	333	1
201	334	1
201	335	-1
201	338	-1
201	339	-1
201	340	1
201	342	1
201	343	1
201	344	1
201	347	-1
201	348	-1
201	354	1
201	355	-1
201	356	-1
201	357	-1
201	358	-1
201	360	1
201	363	1
201	364	1
201	365	1
201	367	-1
201	370	1
201	371	1
201	374	1
201	377	1
201	378	-1
201	379	1
201	380	-1
201	382	-1
201	386	1
201	387	-1
201	391	1
201	393	1
201	400	1
201	402	-1
201	406	-1
201	409	-1
201	410	1
201	411	-1
201	412	1
201	413	1
201	418	-1
201	419	1
201	420	-1
201	422	-1
201	423	1
201	424	-1
201	425	-1
201	426	1
201	427	-1
201	428	1
201	429	1
201	430	1
201	431	1
201	437	-1
201	438	1
201	441	-1
201	443	-1
201	444	1
201	445	1
201	456	-1
201	458	-1
201	459	1
201	461	1
201	462	-1
201	466	-1
201	467	1
201	469	-1
201	470	-1
201	471	-1
201	473	-1
201	475	1
201	477	-1
201	480	-1
201	482	1
201	483	1
201	491	1
201	494	1
201	495	-1
201	496	1
201	499	1
202	205	1
202	206	1
202	207	1
202	208	-1
202	213	-1
202	216	-1
202	221	-1
202	222	1
202	223	-1
202	224	-1
202	225	-1
202	226	1
202	228	-1
202	229	-1
202	233	1
202	239	-1
202	240	1
202	242	-1
202	244	-1
202	245	1
202	249	1
202	252	-1
202	253	1
202	255	-1
202	258	1
202	259	1
202	261	-1
202	262	-1
202	264	1
202	266	1
202	267	-1
202	268	-1
202	272	-1
202	274	-1
202	276	-1
202	277	-1
202	278	-1
202	279	1
202	281	1
202	283	1
202	285	-1
202	291	1
202	293	-1
202	294	-1
202	295	-1
202	297	1
202	299	-1
202	300	1
202	303	-1
202	304	-1
202	309	-1
202	311	1
202	313	-1
202	314	1
202	316	1
202	318	-1
202	319	1
202	322	1
202	327	-1
202	330	-1
202	334	1
202	335	1
202	336	1
202	338	-1
202	339	-1
202	340	-1
202	345	-1
202	346	1
202	347	-1
202	348	1
202	350	1
202	351	1
202	352	1
202	356	-1
202	358	1
202	359	1
202	360	1
202	362	1
202	363	1
202	365	-1
202	370	-1
202	373	1
202	374	1
202	375	-1
202	378	1
202	379	-1
202	380	-1
202	381	1
202	383	-1
202	385	1
202	387	1
202	389	1
202	393	1
202	394	1
202	395	-1
202	397	1
202	399	1
202	400	1
202	401	-1
202	405	1
202	407	1
202	408	1
202	409	1
202	411	1
202	415	1
202	416	1
202	418	-1
202	419	-1
202	420	-1
202	425	-1
202	428	-1
202	429	1
202	431	-1
202	435	1
202	437	-1
202	439	1
202	444	-1
202	445	1
202	447	1
202	448	1
202	449	1
202	450	1
202	452	1
202	453	1
202	454	-1
202	459	1
202	460	-1
202	461	1
202	462	1
202	464	1
202	467	1
202	471	1
202	472	1
202	478	-1
202	480	1
202	481	-1
202	482	1
202	483	-1
202	484	1
202	487	-1
202	498	-1
202	499	-1
203	205	1
203	213	-1
203	217	-1
203	218	1
203	221	-1
203	222	1
203	226	-1
203	227	-1
203	232	-1
203	233	-1
203	235	-1
203	237	-1
203	242	1
203	243	1
203	244	1
203	245	-1
203	246	-1
203	247	1
203	252	-1
203	255	1
203	258	-1
203	260	-1
203	261	-1
203	268	1
203	270	-1
203	271	1
203	274	1
203	277	1
203	281	1
203	283	1
203	285	1
203	286	-1
203	288	-1
203	292	1
203	293	1
203	296	-1
203	297	-1
203	298	1
203	303	1
203	304	-1
203	307	-1
203	309	-1
203	312	1
203	313	-1
203	317	-1
203	320	1
203	323	1
203	325	1
203	326	-1
203	327	-1
203	328	-1
203	332	1
203	336	1
203	337	-1
203	338	1
203	340	1
203	344	-1
203	346	1
203	349	1
203	351	-1
203	355	1
203	357	1
203	359	1
203	360	1
203	362	1
203	363	-1
203	364	-1
203	367	1
203	369	1
203	370	-1
203	371	-1
203	373	-1
203	376	1
203	379	1
203	380	-1
203	382	-1
203	383	1
203	386	1
203	387	1
203	391	-1
203	392	1
203	394	-1
203	395	1
203	396	1
203	397	1
203	401	-1
203	404	1
203	406	1
203	412	1
203	415	-1
203	416	-1
203	417	1
203	419	1
203	420	-1
203	421	-1
203	428	1
203	429	1
203	431	-1
203	434	-1
203	435	1
203	437	-1
203	438	-1
203	439	-1
203	440	1
203	442	-1
203	443	-1
203	444	1
203	445	1
203	447	1
203	449	-1
203	451	1
203	453	-1
203	455	1
203	459	-1
203	460	1
203	461	-1
203	462	-1
203	464	1
203	465	1
203	471	-1
203	472	-1
203	474	1
203	476	1
203	482	1
203	483	-1
203	484	-1
203	485	-1
203	487	1
203	488	1
203	491	1
203	493	-1
203	494	1
203	496	1
203	499	-1
204	205	1
204	206	1
204	208	1
204	209	-1
204	211	1
204	212	-1
204	218	1
204	220	1
204	221	-1
204	223	-1
204	228	-1
204	230	-1
204	232	1
204	234	1
204	236	1
204	237	1
204	238	1
204	239	1
204	240	1
204	241	1
204	243	-1
204	244	-1
204	245	-1
204	246	-1
204	253	1
204	257	-1
204	258	-1
204	259	-1
204	265	1
204	267	-1
204	269	-1
204	272	-1
204	274	-1
204	276	-1
204	277	-1
204	279	1
204	282	-1
204	286	-1
204	287	1
204	289	-1
204	290	1
204	292	1
204	294	-1
204	295	1
204	299	1
204	300	-1
204	303	-1
204	304	-1
204	306	1
204	310	-1
204	311	-1
204	314	1
204	315	1
204	319	1
204	320	1
204	323	1
204	324	1
204	327	-1
204	328	-1
204	332	-1
204	334	1
204	335	-1
204	336	1
204	338	-1
204	341	-1
204	342	1
204	343	-1
204	344	1
204	348	1
204	350	1
204	352	1
204	357	-1
204	358	1
204	360	-1
204	362	1
204	366	-1
204	367	-1
204	368	-1
204	371	1
204	372	1
204	373	1
204	374	1
204	375	1
204	376	1
204	377	1
204	379	-1
204	384	1
204	385	-1
204	387	-1
204	388	1
204	389	1
204	391	-1
204	393	-1
204	398	1
204	401	-1
204	407	-1
204	408	1
204	411	-1
204	414	-1
204	417	-1
204	418	1
204	420	1
204	421	1
204	423	1
204	424	-1
204	427	-1
204	428	-1
204	431	1
204	435	-1
204	436	1
204	441	-1
204	442	1
204	446	1
204	447	-1
204	448	-1
204	452	-1
204	453	-1
204	454	-1
204	456	-1
204	460	-1
204	462	-1
204	463	-1
204	465	1
204	466	-1
204	467	1
204	469	-1
204	470	-1
204	472	1
204	473	-1
204	474	1
204	478	-1
204	480	1
204	481	1
204	485	-1
204	486	1
204	487	1
204	488	-1
204	490	-1
204	492	1
204	493	1
204	496	-1
204	498	1
205	206	-1
205	212	-1
205	214	-1
205	217	-1
205	218	-1
205	219	1
205	221	-1
205	226	-1
205	229	1
205	230	1
205	232	-1
205	233	-1
205	235	1
205	236	-1
205	241	1
205	242	-1
205	243	1
205	245	-1
205	246	-1
205	247	1
205	249	-1
205	252	1
205	254	1
205	259	-1
205	261	-1
205	263	-1
205	264	-1
205	268	1
205	272	-1
205	274	-1
205	275	-1
205	278	-1
205	280	1
205	283	1
205	285	1
205	287	1
205	288	-1
205	289	-1
205	290	1
205	294	-1
205	296	-1
205	298	-1
205	300	1
205	301	-1
205	302	-1
205	305	1
205	307	1
205	309	-1
205	310	1
205	312	-1
205	315	-1
205	317	1
205	318	-1
205	319	-1
205	320	-1
205	321	-1
205	322	-1
205	323	-1
205	325	-1
205	326	1
205	327	-1
205	331	-1
205	332	1
205	336	1
205	338	-1
205	339	1
205	347	1
205	348	1
205	349	-1
205	350	1
205	353	-1
205	355	1
205	358	-1
205	360	-1
205	361	-1
205	362	1
205	363	-1
205	364	-1
205	367	-1
205	368	1
205	370	-1
205	373	-1
205	376	-1
205	378	-1
205	379	1
205	386	-1
205	394	-1
205	395	1
205	397	1
205	398	1
205	399	-1
205	400	1
205	404	-1
205	405	1
205	407	-1
205	409	1
205	410	-1
205	417	-1
205	418	1
205	429	1
205	431	-1
205	433	-1
205	434	1
205	436	-1
205	437	1
205	438	1
205	440	1
205	445	1
205	446	1
205	449	-1
205	451	1
205	452	-1
205	453	-1
205	454	1
205	455	1
205	456	1
205	457	1
205	458	-1
205	459	-1
205	460	1
205	463	1
205	465	1
205	466	-1
205	468	1
205	471	1
205	472	1
205	475	1
205	476	1
205	478	-1
205	479	-1
205	480	1
205	481	1
205	482	-1
205	483	1
205	490	1
205	491	1
205	492	-1
205	495	-1
205	498	-1
206	207	-1
206	209	1
206	211	-1
206	214	1
206	217	1
206	218	-1
206	219	-1
206	220	1
206	222	-1
206	227	1
206	229	-1
206	231	1
206	233	1
206	234	1
206	237	-1
206	238	1
206	239	-1
206	240	1
206	242	1
206	243	1
206	244	-1
206	245	1
206	247	-1
206	249	1
206	250	1
206	252	-1
206	253	1
206	255	-1
206	256	1
206	259	1
206	260	-1
206	261	-1
206	262	-1
206	263	-1
206	265	1
206	269	1
206	270	1
206	271	1
206	274	1
206	280	1
206	283	-1
206	284	-1
206	286	1
206	288	-1
206	295	1
206	296	1
206	297	1
206	298	1
206	301	-1
206	302	-1
206	303	-1
206	305	1
206	310	-1
206	313	-1
206	315	1
206	316	-1
206	317	-1
206	318	-1
206	322	-1
206	323	1
206	328	1
206	329	-1
206	330	-1
206	331	1
206	333	-1
206	335	1
206	337	-1
206	338	-1
206	340	1
206	341	1
206	342	1
206	343	1
206	344	-1
206	345	-1
206	346	-1
206	348	1
206	349	1
206	353	-1
206	356	-1
206	357	-1
206	358	-1
206	359	-1
206	360	-1
206	361	1
206	362	-1
206	363	1
206	366	-1
206	370	-1
206	375	1
206	378	-1
206	382	-1
206	384	-1
206	385	-1
206	388	1
206	390	-1
206	392	-1
206	393	-1
206	396	1
206	397	-1
206	398	-1
206	399	1
206	402	-1
206	403	1
206	404	-1
206	406	-1
206	407	1
206	410	-1
206	412	-1
206	415	1
206	416	-1
206	420	1
206	422	1
206	423	1
206	424	-1
206	428	1
206	429	1
206	431	-1
206	432	-1
206	434	1
206	435	-1
206	436	1
206	438	-1
206	439	1
206	441	-1
206	445	-1
206	446	1
206	447	1
206	450	-1
206	451	1
206	452	1
206	453	-1
206	454	1
206	458	-1
206	459	-1
206	460	1
206	461	1
206	465	-1
206	467	1
206	475	-1
206	477	1
206	480	-1
206	482	-1
206	483	1
206	485	1
206	487	-1
206	494	-1
206	495	1
206	496	-1
207	209	-1
207	210	-1
207	212	1
207	214	-1
207	215	-1
207	217	1
207	218	-1
207	219	1
207	222	1
207	223	1
207	224	-1
207	225	1
207	229	-1
207	231	-1
207	232	1
207	234	1
207	236	1
207	238	-1
207	239	-1
207	240	-1
207	242	-1
207	244	1
207	245	-1
207	246	1
207	249	1
207	250	1
207	252	-1
207	254	1
207	260	1
207	262	1
207	264	-1
207	265	-1
207	266	-1
207	267	-1
207	269	1
207	274	1
207	276	1
207	277	1
207	278	1
207	281	-1
207	282	1
207	283	1
207	285	-1
207	286	1
207	288	1
207	289	-1
207	291	1
207	294	1
207	295	1
207	297	-1
207	298	1
207	299	-1
207	300	-1
207	303	-1
207	304	1
207	307	-1
207	308	-1
207	312	-1
207	313	-1
207	314	-1
207	315	-1
207	316	-1
207	319	-1
207	320	1
207	321	-1
207	323	-1
207	328	-1
207	329	-1
207	330	1
207	333	1
207	334	-1
207	335	-1
207	336	1
207	337	1
207	338	-1
207	340	1
207	341	1
207	342	1
207	344	-1
207	346	-1
207	348	1
207	352	1
207	353	1
207	356	-1
207	357	1
207	358	-1
207	360	-1
207	366	-1
207	367	-1
207	369	1
207	370	-1
207	373	-1
207	376	-1
207	377	1
207	381	1
207	383	1
207	387	-1
207	388	1
207	389	1
207	390	1
207	392	1
207	395	1
207	396	-1
207	397	-1
207	398	-1
207	399	1
207	400	-1
207	402	1
207	405	-1
207	406	1
207	407	1
207	408	1
207	409	-1
207	411	1
207	414	-1
207	416	1
207	419	-1
207	420	1
207	421	1
207	422	-1
207	425	1
207	426	-1
207	427	1
207	428	1
207	429	-1
207	430	1
207	431	1
207	432	-1
207	433	-1
207	434	-1
207	436	1
207	437	1
207	439	1
207	441	1
207	443	1
207	446	1
207	447	-1
207	448	1
207	449	1
207	452	-1
207	453	1
207	455	-1
207	456	1
207	459	1
207	461	1
207	462	-1
207	463	-1
207	464	1
207	465	-1
207	466	1
207	468	-1
207	471	-1
207	472	-1
207	473	-1
207	475	1
207	476	1
207	477	-1
207	479	-1
207	481	-1
207	482	-1
207	483	1
207	487	-1
207	492	1
207	493	-1
207	494	-1
207	496	1
208	209	-1
208	213	1
208	214	-1
208	218	1
208	219	1
208	220	1
208	222	-1
208	223	-1
208	229	-1
208	232	-1
208	233	-1
208	234	-1
208	238	1
208	239	1
208	240	-1
208	242	1
208	243	-1
208	246	1
208	248	-1
208	249	-1
208	250	1
208	252	-1
208	253	1
208	254	1
208	255	-1
208	256	-1
208	257	1
208	258	-1
208	259	-1
208	262	-1
208	263	-1
208	264	1
208	266	-1
208	268	1
208	269	1
208	272	1
208	274	1
208	275	-1
208	276	1
208	277	1
208	280	1
208	281	1
208	282	1
208	283	-1
208	284	1
208	285	1
208	286	-1
208	287	-1
208	288	-1
208	291	-1
208	292	1
208	293	-1
208	294	1
208	296	1
208	299	-1
208	301	1
208	303	-1
208	304	1
208	305	1
208	306	-1
208	310	1
208	311	1
208	313	1
208	315	1
208	316	1
208	319	-1
208	325	-1
208	327	1
208	329	-1
208	330	1
208	331	1
208	334	1
208	335	1
208	337	1
208	338	-1
208	340	-1
208	341	-1
208	342	1
208	343	-1
208	344	1
208	346	-1
208	347	-1
208	348	-1
208	349	1
208	353	1
208	354	-1
208	357	-1
208	359	-1
208	362	1
208	364	-1
208	366	1
208	369	-1
208	372	-1
208	373	-1
208	374	1
208	378	-1
208	382	-1
208	383	-1
208	384	-1
208	385	-1
208	386	-1
208	390	1
208	392	1
208	393	-1
208	395	1
208	397	-1
208	398	1
208	399	1
208	400	1
208	401	-1
208	404	1
208	405	-1
208	407	1
208	409	-1
208	411	-1
208	413	1
208	414	1
208	415	-1
208	418	-1
208	421	-1
208	426	-1
208	427	-1
208	428	1
208	429	1
208	430	-1
208	433	-1
208	434	-1
208	435	-1
208	436	-1
208	440	1
208	442	1
208	443	1
208	445	1
208	446	-1
208	450	1
208	451	1
208	453	-1
208	455	1
208	456	1
208	457	-1
208	458	1
208	459	-1
208	460	1
208	462	1
208	464	-1
208	465	-1
208	467	-1
208	468	1
208	470	-1
208	471	-1
208	472	1
208	474	-1
208	478	1
208	482	1
208	483	1
208	484	-1
208	485	-1
208	491	1
208	497	-1
208	498	-1
208	499	-1
209	210	1
209	212	1
209	213	-1
209	216	1
209	218	-1
209	219	-1
209	220	1
209	222	1
209	223	-1
209	224	1
209	227	-1
209	228	1
209	230	-1
209	233	1
209	234	-1
209	240	1
209	241	-1
209	243	-1
209	246	1
209	248	-1
209	251	-1
209	254	1
209	255	-1
209	256	-1
209	258	1
209	259	-1
209	263	1
209	264	-1
209	265	1
209	267	-1
209	272	-1
209	273	-1
209	274	-1
209	275	1
209	276	-1
209	278	-1
209	280	1
209	284	-1
209	285	1
209	286	-1
209	288	1
209	289	-1
209	291	-1
209	295	1
209	298	-1
209	299	1
209	300	-1
209	305	-1
209	309	-1
209	310	-1
209	311	1
209	313	1
209	314	-1
209	316	1
209	317	-1
209	318	-1
209	319	-1
209	323	-1
209	324	1
209	325	1
209	327	-1
209	328	-1
209	329	1
209	330	-1
209	332	1
209	335	-1
209	337	-1
209	340	-1
209	341	-1
209	348	1
209	350	-1
209	353	1
209	354	-1
209	358	-1
209	360	1
209	363	1
209	364	1
209	365	1
209	367	-1
209	369	1
209	372	-1
209	376	-1
209	377	1
209	378	1
209	379	-1
209	380	-1
209	382	-1
209	383	1
209	384	1
209	387	1
209	389	1
209	390	1
209	393	-1
209	394	-1
209	397	1
209	399	-1
209	400	1
209	402	1
209	406	-1
209	410	1
209	411	1
209	413	1
209	418	-1
209	419	1
209	427	1
209	428	-1
209	433	1
209	437	-1
209	438	-1
209	439	-1
209	440	-1
209	441	1
209	443	-1
209	447	1
209	452	1
209	453	1
209	455	1
209	456	-1
209	457	-1
209	458	-1
209	460	-1
209	464	-1
209	465	-1
209	467	1
209	468	1
209	472	-1
209	474	1
209	476	1
209	478	-1
209	479	1
209	481	-1
209	483	-1
209	484	1
209	485	1
209	486	-1
209	487	1
209	488	-1
209	489	1
209	490	-1
209	491	1
209	495	1
209	496	-1
210	211	-1
210	214	1
210	216	-1
210	217	1
210	218	1
210	221	1
210	223	1
210	226	1
210	227	1
210	228	-1
210	232	1
210	233	-1
210	235	-1
210	238	-1
210	241	-1
210	242	-1
210	244	-1
210	245	1
210	249	-1
210	250	1
210	252	-1
210	257	1
210	260	1
210	261	1
210	262	-1
210	263	1
210	264	1
210	266	-1
210	269	-1
210	272	-1
210	275	1
210	276	1
210	277	-1
210	279	-1
210	281	-1
210	282	1
210	285	-1
210	292	-1
210	296	1
210	298	1
210	303	1
210	304	-1
210	305	1
210	308	1
210	309	-1
210	311	1
210	312	-1
210	313	-1
210	314	1
210	315	-1
210	316	1
210	317	-1
210	318	1
210	322	1
210	323	-1
210	324	1
210	325	1
210	326	1
210	327	-1
210	328	-1
210	330	1
210	333	-1
210	334	1
210	335	1
210	336	1
210	338	1
210	339	1
210	347	-1
210	352	1
210	353	1
210	355	1
210	356	1
210	358	1
210	361	1
210	363	1
210	364	1
210	365	-1
210	368	1
210	369	-1
210	371	-1
210	372	-1
210	378	1
210	381	1
210	382	1
210	383	-1
210	384	1
210	385	1
210	387	-1
210	388	-1
210	390	1
210	391	-1
210	393	-1
210	396	-1
210	397	1
210	399	-1
210	401	1
210	402	-1
210	403	-1
210	406	-1
210	407	-1
210	408	-1
210	409	-1
210	413	1
210	419	-1
210	420	1
210	421	-1
210	424	-1
210	425	1
210	427	1
210	428	-1
210	430	-1
210	431	-1
210	432	-1
210	434	-1
210	435	-1
210	437	-1
210	438	1
210	440	-1
210	441	1
210	443	1
210	444	1
210	445	1
210	447	1
210	448	1
210	450	-1
210	451	-1
210	452	1
210	455	-1
210	456	-1
210	457	1
210	462	1
210	466	-1
210	467	1
210	468	-1
210	469	1
210	470	1
210	471	-1
210	472	1
210	473	-1
210	474	-1
210	478	-1
210	481	-1
210	483	1
210	484	-1
210	485	1
210	486	1
210	487	1
210	488	1
210	491	-1
210	492	-1
210	493	1
210	494	1
210	495	1
210	498	-1
210	499	1
211	212	1
211	216	1
211	217	1
211	218	-1
211	219	-1
211	221	-1
211	224	1
211	227	1
211	228	1
211	230	-1
211	232	1
211	235	1
211	239	-1
211	240	1
211	241	-1
211	242	1
211	243	-1
211	249	-1
211	250	1
211	252	1
211	258	-1
211	259	-1
211	261	1
211	264	-1
211	265	-1
211	266	1
211	268	-1
211	271	-1
211	273	-1
211	274	1
211	276	1
211	278	1
211	280	1
211	281	-1
211	282	1
211	283	1
211	284	1
211	285	-1
211	286	1
211	288	1
211	289	-1
211	290	1
211	292	-1
211	297	-1
211	299	1
211	302	1
211	304	-1
211	305	-1
211	306	1
211	307	1
211	309	1
211	310	-1
211	314	-1
211	315	-1
211	317	1
211	320	1
211	321	-1
211	324	-1
211	328	-1
211	332	-1
211	335	-1
211	336	1
211	339	1
211	340	1
211	341	-1
211	342	1
211	343	1
211	344	1
211	346	-1
211	348	1
211	353	-1
211	356	1
211	357	1
211	358	-1
211	359	1
211	361	-1
211	362	1
211	366	1
211	369	-1
211	370	1
211	371	-1
211	372	-1
211	374	-1
211	375	-1
211	376	1
211	380	1
211	381	-1
211	382	-1
211	383	-1
211	384	-1
211	385	1
211	386	1
211	387	-1
211	390	1
211	392	-1
211	393	1
211	394	-1
211	395	-1
211	396	1
211	397	-1
211	399	1
211	401	1
211	403	-1
211	404	-1
211	405	-1
211	408	-1
211	414	1
211	415	-1
211	417	-1
211	418	1
211	420	-1
211	422	1
211	424	1
211	426	-1
211	427	-1
211	429	1
211	430	1
211	435	1
211	436	1
211	439	-1
211	445	-1
211	446	-1
211	449	-1
211	454	1
211	457	-1
211	458	1
211	462	-1
211	465	-1
211	467	-1
211	473	1
211	474	-1
211	475	-1
211	476	1
211	478	1
211	479	-1
211	482	1
211	483	1
211	485	1
211	487	1
211	488	1
211	489	1
211	490	-1
211	493	-1
211	496	1
211	498	1
212	213	1
212	214	1
212	216	-1
212	218	1
212	221	1
212	226	-1
212	227	1
212	229	-1
212	230	-1
212	231	1
212	233	-1
212	234	-1
212	236	-1
212	240	1
212	242	-1
212	243	-1
212	244	-1
212	245	-1
212	247	1
212	248	-1
212	250	1
212	253	-1
212	255	-1
212	263	1
212	265	1
212	267	1
212	274	-1
212	275	-1
212	278	-1
212	279	1
212	280	-1
212	281	1
212	282	1
212	283	1
212	285	-1
212	286	-1
212	292	-1
212	294	1
212	297	1
212	299	1
212	300	-1
212	303	-1
212	306	1
212	307	1
212	312	-1
212	313	1
212	314	-1
212	317	1
212	318	-1
212	319	1
212	322	1
212	324	-1
212	325	-1
212	326	1
212	327	-1
212	329	1
212	330	-1
212	332	-1
212	333	-1
212	335	1
212	338	1
212	340	-1
212	341	1
212	343	-1
212	345	-1
212	347	-1
212	348	-1
212	349	1
212	352	1
212	353	1
212	356	1
212	357	-1
212	358	1
212	360	-1
212	363	1
212	364	1
212	365	-1
212	367	-1
212	368	-1
212	369	-1
212	371	-1
212	375	-1
212	376	1
212	378	-1
212	380	-1
212	381	1
212	382	-1
212	383	-1
212	385	1
212	386	1
212	391	1
212	393	1
212	394	1
212	395	1
212	398	1
212	400	1
212	401	1
212	404	1
212	407	1
212	412	-1
212	413	-1
212	414	-1
212	416	-1
212	417	-1
212	418	-1
212	419	1
212	420	-1
212	422	1
212	427	-1
212	431	1
212	432	1
212	433	-1
212	435	-1
212	441	1
212	443	1
212	444	1
212	446	1
212	447	1
212	449	1
212	450	1
212	451	1
212	452	-1
212	453	1
212	459	-1
212	461	1
212	462	-1
212	463	-1
212	466	1
212	467	-1
212	470	1
212	471	-1
212	475	1
212	476	-1
212	478	-1
212	479	1
212	482	1
212	484	-1
212	486	1
212	488	1
212	490	1
212	491	1
212	492	-1
212	493	1
212	495	1
212	497	-1
212	499	-1
213	214	1
213	215	-1
213	217	1
213	218	1
213	219	-1
213	221	1
213	223	-1
213	224	-1
213	225	1
213	226	1
213	229	-1
213	234	1
213	236	-1
213	237	-1
213	239	1
213	240	-1
213	241	1
213	242	-1
213	243	1
213	244	-1
213	246	1
213	247	1
213	248	1
213	249	1
213	250	-1
213	252	1
213	253	1
213	256	-1
213	258	-1
213	261	1
213	262	-1
213	265	1
213	268	1
213	271	1
213	275	1
213	276	-1
213	280	-1
213	282	1
213	284	-1
213	288	-1
213	292	-1
213	293	-1
213	294	1
213	295	1
213	296	1
213	297	1
213	298	-1
213	299	-1
213	300	-1
213	302	1
213	304	-1
213	306	-1
213	307	1
213	308	1
213	311	1
213	313	1
213	314	1
213	316	1
213	317	1
213	319	-1
213	320	-1
213	321	-1
213	322	1
213	323	1
213	325	1
213	326	1
213	327	1
213	328	1
213	329	-1
213	333	-1
213	334	1
213	335	1
213	336	-1
213	339	-1
213	349	1
213	359	1
213	360	1
213	362	1
213	363	-1
213	364	-1
213	366	1
213	367	1
213	368	1
213	370	-1
213	374	-1
213	375	1
213	376	1
213	379	-1
213	380	-1
213	381	-1
213	383	-1
213	384	1
213	386	1
213	388	1
213	389	-1
213	391	-1
213	394	-1
213	399	-1
213	400	1
213	401	-1
213	402	1
213	403	-1
213	404	1
213	405	1
213	406	-1
213	407	1
213	409	-1
213	410	-1
213	413	1
213	414	-1
213	416	-1
213	418	1
213	420	-1
213	422	1
213	423	-1
213	424	-1
213	427	1
213	434	-1
213	435	1
213	436	-1
213	438	1
213	443	1
213	446	1
213	447	1
213	450	1
213	452	-1
213	453	-1
213	456	1
213	458	1
213	459	1
213	462	1
213	464	-1
213	465	-1
213	466	1
213	467	-1
213	469	-1
213	470	-1
213	471	-1
213	472	1
213	473	1
213	479	1
213	481	1
213	482	-1
213	484	-1
213	485	-1
213	486	1
213	487	-1
213	488	1
213	491	1
213	492	-1
213	493	1
213	494	1
213	495	1
213	496	-1
213	498	1
214	217	-1
214	218	1
214	219	1
214	225	-1
214	226	-1
214	227	-1
214	230	1
214	231	-1
214	233	1
214	234	-1
214	235	-1
214	236	-1
214	237	1
214	241	1
214	245	-1
214	246	1
214	248	-1
214	249	-1
214	250	-1
214	251	1
214	258	1
214	259	1
214	260	1
214	261	1
214	263	-1
214	266	-1
214	267	-1
214	269	1
214	270	1
214	272	1
214	273	-1
214	274	1
214	275	-1
214	276	1
214	277	1
214	281	-1
214	282	1
214	286	1
214	287	-1
214	288	1
214	290	1
214	294	1
214	295	1
214	297	1
214	298	-1
214	299	1
214	300	1
214	304	-1
214	306	1
214	307	1
214	309	1
214	312	-1
214	313	-1
214	314	1
214	318	-1
214	319	-1
214	320	-1
214	321	-1
214	322	-1
214	327	1
214	328	1
214	330	1
214	331	-1
214	332	1
214	336	-1
214	337	1
214	338	-1
214	340	-1
214	342	1
214	345	1
214	347	-1
214	348	1
214	349	1
214	350	1
214	351	1
214	353	1
214	356	-1
214	358	1
214	359	-1
214	361	1
214	362	1
214	363	-1
214	364	-1
214	365	-1
214	367	-1
214	371	1
214	373	1
214	374	1
214	375	-1
214	376	1
214	381	1
214	383	-1
214	386	-1
214	387	1
214	391	1
214	392	-1
214	395	1
214	396	1
214	397	-1
214	399	-1
214	400	1
214	401	1
214	402	1
214	403	-1
214	404	1
214	406	-1
214	407	1
214	409	-1
214	410	1
214	411	1
214	412	-1
214	413	-1
214	414	-1
214	415	1
214	420	1
214	423	1
214	424	1
214	425	-1
214	428	1
214	430	-1
214	431	1
214	434	-1
214	440	-1
214	441	1
214	446	-1
214	453	-1
214	454	-1
214	455	-1
214	456	-1
214	457	-1
214	460	-1
214	461	-1
214	470	1
214	471	-1
214	472	-1
214	474	1
214	476	-1
214	477	-1
214	478	1
214	480	1
214	481	1
214	482	1
214	483	1
214	487	-1
214	489	-1
214	492	1
214	497	-1
214	498	-1
214	499	1
215	216	1
215	220	1
215	221	1
215	222	-1
215	225	1
215	226	1
215	231	1
215	235	1
215	237	-1
215	238	-1
215	239	1
215	243	1
215	244	-1
215	245	1
215	247	-1
215	250	-1
215	252	-1
215	253	1
215	255	1
215	257	-1
215	259	1
215	261	-1
215	263	-1
215	266	-1
215	271	1
215	272	1
215	273	-1
215	274	-1
215	277	-1
215	278	1
215	279	-1
215	280	-1
215	281	-1
215	283	1
215	285	-1
215	286	-1
215	289	-1
215	291	-1
215	293	-1
215	294	1
215	298	-1
215	303	-1
215	304	-1
215	305	-1
215	311	1
215	316	1
215	319	-1
215	320	1
215	321	1
215	326	-1
215	327	1
215	334	-1
215	341	1
215	342	1
215	345	-1
215	346	1
215	347	1
215	348	-1
215	349	1
215	350	1
215	351	1
215	353	1
215	359	1
215	360	1
215	361	1
215	362	-1
215	363	-1
215	364	1
215	366	-1
215	368	1
215	369	-1
215	370	1
215	372	-1
215	375	-1
215	377	1
215	379	-1
215	381	-1
215	382	1
215	383	-1
215	387	1
215	388	1
215	391	1
215	392	-1
215	395	1
215	397	1
215	398	-1
215	400	-1
215	402	1
215	403	-1
215	405	-1
215	408	1
215	409	-1
215	414	-1
215	415	-1
215	416	1
215	417	1
215	419	1
215	423	1
215	424	-1
215	425	-1
215	426	-1
215	427	-1
215	431	-1
215	433	1
215	434	-1
215	436	-1
215	437	-1
215	441	1
215	442	-1
215	443	1
215	444	1
215	445	-1
215	446	1
215	450	1
215	455	-1
215	456	-1
215	458	-1
215	459	1
215	462	1
215	464	1
215	468	1
215	470	1
215	472	1
215	473	-1
215	477	1
215	482	1
215	485	-1
215	486	-1
215	488	1
215	490	1
215	491	-1
215	494	1
215	496	1
215	499	-1
216	218	1
216	220	1
216	222	1
216	226	1
216	228	-1
216	229	-1
216	230	1
216	231	1
216	232	-1
216	234	-1
216	236	1
216	237	1
216	238	1
216	243	-1
216	246	1
216	247	-1
216	248	1
216	250	-1
216	254	1
216	255	1
216	256	1
216	258	-1
216	260	-1
216	262	1
216	263	-1
216	265	-1
216	267	-1
216	270	-1
216	271	1
216	274	-1
216	275	1
216	277	-1
216	279	-1
216	280	1
216	281	-1
216	282	-1
216	285	1
216	286	1
216	287	-1
216	288	-1
216	289	-1
216	290	-1
216	291	1
216	292	1
216	295	1
216	296	-1
216	297	-1
216	298	-1
216	299	-1
216	303	-1
216	307	1
216	308	-1
216	309	1
216	313	-1
216	314	1
216	315	1
216	317	1
216	318	1
216	320	-1
216	322	1
216	324	1
216	325	1
216	328	1
216	331	-1
216	332	-1
216	333	1
216	338	1
216	339	1
216	341	-1
216	342	1
216	343	1
216	344	-1
216	345	-1
216	348	1
216	351	1
216	354	1
216	355	1
216	358	-1
216	359	-1
216	362	-1
216	365	-1
216	368	-1
216	369	-1
216	371	1
216	372	1
216	374	1
216	375	-1
216	376	1
216	377	-1
216	379	-1
216	382	-1
216	385	1
216	386	1
216	387	1
216	388	1
216	389	1
216	392	1
216	398	1
216	399	-1
216	401	1
216	402	1
216	403	-1
216	407	1
216	408	-1
216	410	-1
216	415	-1
216	418	-1
216	419	-1
216	421	1
216	423	-1
216	427	-1
216	430	-1
216	431	-1
216	432	-1
216	433	1
216	436	1
216	439	-1
216	443	1
216	444	1
216	446	-1
216	447	1
216	452	1
216	456	-1
216	459	-1
216	461	1
216	464	-1
216	466	1
216	467	-1
216	472	-1
216	473	1
216	474	1
216	478	1
216	480	-1
216	481	-1
216	482	1
216	485	1
216	486	-1
216	487	1
216	488	1
216	489	1
216	491	1
216	493	-1
216	495	-1
216	496	1
216	499	-1
217	218	-1
217	219	-1
217	220	1
217	222	1
217	224	-1
217	227	1
217	228	-1
217	231	-1
217	233	1
217	234	1
217	235	-1
217	238	-1
217	239	1
217	240	1
217	246	1
217	248	1
217	249	1
217	250	-1
217	251	1
217	252	1
217	253	1
217	255	-1
217	256	-1
217	258	-1
217	259	-1
217	261	-1
217	263	-1
217	266	-1
217	268	-1
217	269	1
217	270	1
217	274	-1
217	282	1
217	284	-1
217	286	-1
217	287	1
217	288	1
217	291	-1
217	295	-1
217	301	1
217	302	-1
217	310	1
217	312	-1
217	313	1
217	315	-1
217	316	1
217	317	1
217	319	-1
217	322	-1
217	324	-1
217	325	1
217	327	1
217	328	1
217	330	1
217	333	1
217	335	-1
217	336	1
217	337	-1
217	338	-1
217	339	-1
217	340	1
217	343	1
217	344	1
217	345	-1
217	347	-1
217	348	-1
217	351	1
217	352	-1
217	355	1
217	356	1
217	357	-1
217	362	1
217	363	1
217	367	1
217	370	-1
217	371	1
217	376	1
217	377	1
217	378	1
217	379	1
217	381	1
217	386	-1
217	387	1
217	388	-1
217	390	-1
217	392	-1
217	394	1
217	397	1
217	402	1
217	403	-1
217	407	1
217	408	-1
217	409	1
217	413	-1
217	419	1
217	422	-1
217	424	1
217	425	1
217	426	-1
217	429	1
217	430	-1
217	435	1
217	440	-1
217	445	-1
217	447	1
217	451	-1
217	453	-1
217	454	-1
217	456	1
217	458	1
217	459	1
217	460	1
217	461	-1
217	462	-1
217	469	-1
217	470	1
217	471	1
217	474	-1
217	475	-1
217	477	1
217	479	1
217	480	-1
217	481	1
217	482	1
217	483	-1
217	484	1
217	486	-1
217	487	-1
217	491	1
217	496	-1
217	498	-1
218	221	1
218	223	1
218	224	1
218	225	-1
218	226	-1
218	227	-1
218	229	-1
218	230	-1
218	231	1
218	233	1
218	236	-1
218	242	-1
218	246	1
218	249	-1
218	250	1
218	253	-1
218	254	1
218	255	-1
218	256	1
218	257	-1
218	258	1
218	259	-1
218	260	1
218	261	-1
218	262	1
218	266	-1
218	267	1
218	268	-1
218	274	-1
218	276	1
218	277	-1
218	280	1
218	281	-1
218	282	-1
218	283	1
218	284	-1
218	286	-1
218	287	-1
218	289	1
218	296	-1
218	298	1
218	299	-1
218	304	1
218	306	1
218	311	-1
218	313	1
218	314	1
218	315	-1
218	316	-1
218	318	1
218	319	-1
218	320	-1
218	321	-1
218	325	1
218	327	-1
218	328	1
218	329	1
218	330	1
218	331	1
218	334	1
218	335	1
218	336	-1
218	337	-1
218	338	-1
218	339	1
218	343	1
218	345	1
218	348	-1
218	350	1
218	354	-1
218	356	1
218	357	-1
218	358	1
218	359	1
218	360	1
218	361	-1
218	363	1
218	364	1
218	366	1
218	368	-1
218	371	1
218	373	1
218	374	1
218	375	-1
218	377	-1
218	378	-1
218	379	1
218	380	-1
218	382	1
218	383	1
218	385	-1
218	386	1
218	387	-1
218	389	-1
218	391	1
218	394	-1
218	396	-1
218	397	-1
218	398	1
218	399	1
218	402	1
218	404	-1
218	405	1
218	408	1
218	409	-1
218	410	1
218	411	-1
218	415	1
218	417	1
218	420	1
218	423	-1
218	424	-1
218	425	1
218	428	1
218	430	-1
218	432	-1
218	433	1
218	434	-1
218	435	-1
218	437	-1
218	438	-1
218	439	1
218	443	1
218	444	-1
218	445	-1
218	446	-1
218	447	-1
218	450	1
218	451	-1
218	453	1
218	454	-1
218	458	1
218	459	1
218	460	1
218	461	-1
218	462	1
218	465	-1
218	468	1
218	469	-1
218	471	1
218	473	-1
218	478	1
218	480	-1
218	483	-1
218	484	1
218	485	1
218	486	-1
218	487	1
218	488	-1
218	489	1
218	490	-1
218	495	-1
218	498	-1
218	499	1
219	221	-1
219	223	1
219	224	-1
219	225	1
219	226	1
219	227	1
219	230	-1
219	231	-1
219	233	1
219	234	1
219	235	1
219	241	-1
219	242	1
219	243	1
219	244	-1
219	247	-1
219	248	1
219	251	1
219	254	-1
219	256	1
219	257	-1
219	258	1
219	259	1
219	262	1
219	263	-1
219	266	1
219	267	1
219	268	-1
219	269	1
219	270	-1
219	271	-1
219	276	-1
219	280	1
219	282	1
219	285	-1
219	287	1
219	289	1
219	292	-1
219	294	1
219	297	-1
219	299	-1
219	300	-1
219	301	1
219	302	1
219	303	1
219	305	1
219	307	1
219	311	1
219	313	-1
219	315	-1
219	318	-1
219	320	-1
219	323	-1
219	325	1
219	329	-1
219	330	-1
219	333	-1
219	334	-1
219	335	-1
219	342	-1
219	343	-1
219	346	1
219	347	1
219	350	1
219	351	-1
219	353	-1
219	355	1
219	357	-1
219	358	1
219	359	1
219	360	-1
219	362	1
219	363	1
219	364	1
219	366	1
219	367	-1
219	368	1
219	369	-1
219	371	-1
219	372	-1
219	375	-1
219	376	-1
219	378	1
219	379	1
219	380	1
219	381	1
219	383	-1
219	384	-1
219	385	-1
219	387	1
219	388	1
219	389	1
219	390	1
219	391	1
219	396	-1
219	398	-1
219	401	-1
219	408	1
219	410	-1
219	411	-1
219	412	1
219	413	-1
219	415	-1
219	417	-1
219	421	-1
219	422	-1
219	427	1
219	429	1
219	430	1
219	431	-1
219	434	1
219	438	-1
219	440	1
219	441	1
219	443	1
219	444	1
219	446	-1
219	449	-1
219	450	-1
219	452	-1
219	453	1
219	459	1
219	461	1
219	462	1
219	467	-1
219	470	-1
219	471	-1
219	478	1
219	479	1
219	480	1
219	481	-1
219	483	1
219	484	-1
219	493	-1
219	495	1
219	496	1
219	497	1
219	499	-1
220	221	-1
220	223	1
220	230	1
220	231	-1
220	233	1
220	234	1
220	235	1
220	236	-1
220	237	1
220	241	1
220	242	1
220	249	1
220	250	-1
220	251	-1
220	253	-1
220	254	-1
220	256	-1
220	263	1
220	265	-1
220	266	1
220	267	1
220	268	1
220	269	-1
220	270	1
220	275	-1
220	279	-1
220	280	1
220	281	1
220	282	1
220	283	1
220	285	-1
220	288	1
220	292	1
220	293	1
220	296	1
220	299	-1
220	302	-1
220	304	-1
220	307	-1
220	308	1
220	310	-1
220	312	-1
220	319	-1
220	320	1
220	321	-1
220	325	-1
220	327	1
220	329	1
220	331	-1
220	334	-1
220	335	-1
220	339	1
220	342	-1
220	343	1
220	344	-1
220	345	1
220	346	-1
220	347	-1
220	348	1
220	349	1
220	350	1
220	351	1
220	352	1
220	354	-1
220	356	1
220	357	-1
220	358	-1
220	360	1
220	361	-1
220	362	-1
220	363	-1
220	368	-1
220	370	-1
220	372	1
220	376	1
220	377	1
220	378	-1
220	379	-1
220	380	-1
220	381	-1
220	382	-1
220	384	1
220	386	1
220	387	-1
220	389	1
220	390	-1
220	391	1
220	393	-1
220	394	-1
220	395	-1
220	397	1
220	398	-1
220	399	-1
220	400	1
220	402	-1
220	406	-1
220	414	-1
220	415	-1
220	416	-1
220	419	1
220	424	-1
220	425	1
220	428	-1
220	430	-1
220	434	1
220	441	1
220	447	-1
220	448	-1
220	449	-1
220	450	-1
220	452	-1
220	454	1
220	455	-1
220	456	1
220	457	1
220	458	-1
220	459	1
220	460	-1
220	462	-1
220	463	-1
220	464	1
220	466	1
220	468	1
220	469	-1
220	471	-1
220	473	-1
220	474	-1
220	475	-1
220	476	1
220	480	1
220	481	-1
220	484	-1
220	488	1
220	497	-1
220	499	1
221	223	-1
221	224	-1
221	227	-1
221	230	1
221	233	-1
221	234	1
221	237	-1
221	238	-1
221	239	-1
221	241	-1
221	242	-1
221	244	-1
221	245	-1
221	246	-1
221	247	1
221	248	1
221	251	1
221	255	-1
221	256	-1
221	257	1
221	258	-1
221	260	1
221	261	-1
221	263	1
221	265	-1
221	266	1
221	268	-1
221	269	-1
221	271	1
221	273	-1
221	274	1
221	276	1
221	277	1
221	281	-1
221	283	-1
221	284	1
221	287	1
221	291	1
221	292	-1
221	294	1
221	295	-1
221	296	-1
221	300	-1
221	301	1
221	302	1
221	304	1
221	307	1
221	309	-1
221	310	-1
221	311	1
221	317	1
221	318	1
221	319	-1
221	321	1
221	324	-1
221	329	-1
221	330	-1
221	332	1
221	333	1
221	336	-1
221	337	1
221	340	-1
221	343	1
221	345	-1
221	346	-1
221	347	1
221	350	1
221	351	1
221	354	-1
221	355	-1
221	357	1
221	358	-1
221	359	-1
221	362	-1
221	366	-1
221	368	-1
221	371	1
221	372	1
221	374	1
221	377	1
221	379	-1
221	380	1
221	381	-1
221	382	1
221	383	-1
221	386	-1
221	390	1
221	393	1
221	394	-1
221	395	-1
221	396	-1
221	397	1
221	400	1
221	406	1
221	407	1
221	408	1
221	410	1
221	413	1
221	415	-1
221	418	1
221	422	1
221	424	1
221	426	-1
221	427	-1
221	428	-1
221	429	-1
221	430	1
221	431	-1
221	433	-1
221	434	-1
221	438	-1
221	439	1
221	440	-1
221	442	-1
221	448	-1
221	449	-1
221	450	1
221	451	1
221	456	1
221	457	-1
221	458	-1
221	459	1
221	460	-1
221	464	1
221	466	1
221	467	1
221	468	-1
221	469	1
221	470	-1
221	474	-1
221	485	1
221	487	1
221	488	1
221	493	1
221	494	-1
221	495	-1
221	498	1
222	223	1
222	224	1
222	225	-1
222	227	1
222	229	-1
222	231	-1
222	233	1
222	235	1
222	236	1
222	238	-1
222	240	-1
222	245	-1
222	246	-1
222	250	1
222	251	1
222	252	-1
222	254	1
222	256	1
222	258	-1
222	259	-1
222	261	-1
222	264	1
222	265	1
222	268	-1
222	270	-1
222	271	-1
222	277	-1
222	278	-1
222	279	-1
222	281	1
222	282	1
222	283	1
222	284	-1
222	286	-1
222	287	-1
222	288	1
222	292	1
222	298	-1
222	299	-1
222	300	-1
222	301	-1
222	303	1
222	305	1
222	308	-1
222	316	-1
222	317	-1
222	321	1
222	323	-1
222	325	-1
222	328	1
222	329	-1
222	334	-1
222	335	1
222	339	1
222	340	-1
222	342	-1
222	347	-1
222	348	-1
222	353	-1
222	355	1
222	356	-1
222	357	-1
222	360	-1
222	361	1
222	362	-1
222	364	1
222	368	-1
222	372	1
222	373	1
222	375	1
222	377	1
222	378	1
222	382	-1
222	385	-1
222	387	-1
222	390	-1
222	391	1
222	393	1
222	395	-1
222	397	1
222	399	-1
222	401	-1
222	403	-1
222	405	1
222	407	1
222	411	-1
222	412	-1
222	415	1
222	417	1
222	420	1
222	425	-1
222	429	-1
222	435	1
222	436	-1
222	439	-1
222	441	1
222	442	1
222	443	-1
222	445	-1
222	446	-1
222	448	1
222	449	1
222	450	1
222	451	1
222	452	-1
222	453	1
222	454	-1
222	455	-1
222	456	1
222	458	-1
222	459	-1
222	460	1
222	462	-1
222	463	-1
222	464	1
222	465	-1
222	467	-1
222	468	1
222	469	-1
222	473	1
222	474	1
222	475	-1
222	476	1
222	478	1
222	479	1
222	480	1
222	481	-1
222	482	1
222	485	-1
222	487	-1
222	490	1
222	492	-1
222	494	-1
222	495	1
222	496	-1
222	497	-1
222	498	1
223	226	1
223	227	-1
223	228	1
223	229	-1
223	231	1
223	232	-1
223	234	-1
223	237	-1
223	238	-1
223	239	-1
223	241	-1
223	242	-1
223	244	-1
223	245	1
223	246	-1
223	247	1
223	249	-1
223	251	1
223	252	-1
223	253	1
223	254	1
223	256	-1
223	258	1
223	259	-1
223	260	1
223	261	-1
223	262	-1
223	263	1
223	266	1
223	267	-1
223	268	1
223	269	-1
223	270	1
223	271	-1
223	272	1
223	273	1
223	274	-1
223	275	-1
223	276	1
223	277	1
223	278	-1
223	279	1
223	280	-1
223	281	1
223	285	1
223	286	1
223	288	-1
223	292	1
223	293	1
223	295	-1
223	296	-1
223	305	1
223	307	-1
223	308	1
223	312	1
223	313	-1
223	314	1
223	317	1
223	320	1
223	321	-1
223	322	1
223	324	1
223	326	1
223	329	-1
223	332	-1
223	334	-1
223	336	-1
223	338	-1
223	339	-1
223	340	1
223	341	-1
223	344	-1
223	346	1
223	350	1
223	351	1
223	356	1
223	358	1
223	361	1
223	363	-1
223	364	1
223	372	-1
223	376	1
223	377	-1
223	379	1
223	382	-1
223	383	-1
223	384	-1
223	386	1
223	387	-1
223	388	1
223	389	-1
223	390	1
223	391	-1
223	392	1
223	394	-1
223	395	1
223	396	-1
223	401	1
223	404	1
223	405	-1
223	406	-1
223	407	-1
223	408	1
223	411	-1
223	413	1
223	414	-1
223	417	1
223	418	1
223	419	1
223	420	1
223	421	1
223	423	-1
223	424	1
223	427	1
223	433	-1
223	435	1
223	436	1
223	437	-1
223	438	1
223	441	-1
223	442	1
223	443	1
223	444	-1
223	445	1
223	446	1
223	447	-1
223	448	1
223	449	1
223	452	1
223	454	-1
223	456	-1
223	457	1
223	460	-1
223	461	-1
223	462	1
223	465	1
223	466	-1
223	467	1
223	468	1
223	470	-1
223	471	1
223	472	-1
223	473	-1
223	476	1
223	477	1
223	479	1
223	480	-1
223	482	-1
223	484	-1
223	486	1
223	487	1
223	489	-1
223	490	1
223	491	-1
223	492	-1
223	493	-1
223	495	1
223	498	-1
224	228	-1
224	231	-1
224	232	-1
224	236	-1
224	237	-1
224	241	-1
224	244	1
224	245	-1
224	247	1
224	248	1
224	249	1
224	250	1
224	251	-1
224	252	1
224	253	-1
224	255	-1
224	257	1
224	261	-1
224	262	-1
224	265	-1
224	267	-1
224	269	1
224	271	1
224	273	1
224	275	1
224	277	-1
224	280	1
224	283	1
224	284	-1
224	285	1
224	288	-1
224	289	1
224	290	-1
224	291	1
224	292	-1
224	293	-1
224	294	-1
224	295	1
224	296	1
224	298	-1
224	300	-1
224	301	1
224	303	1
224	304	1
224	308	-1
224	309	-1
224	313	-1
224	314	1
224	316	-1
224	317	1
224	322	1
224	323	1
224	326	1
224	328	-1
224	330	-1
224	335	1
224	336	-1
224	337	1
224	338	-1
224	339	1
224	340	1
224	341	-1
224	343	-1
224	344	-1
224	346	-1
224	347	-1
224	349	-1
224	350	1
224	352	-1
224	353	-1
224	354	-1
224	356	1
224	357	-1
224	359	1
224	360	-1
224	361	-1
224	365	1
224	367	-1
224	371	-1
224	377	1
224	378	-1
224	381	-1
224	382	-1
224	383	-1
224	384	-1
224	387	-1
224	391	-1
224	393	1
224	394	1
224	395	-1
224	398	1
224	399	-1
224	403	1
224	407	1
224	408	-1
224	409	1
224	410	-1
224	411	1
224	413	-1
224	414	-1
224	416	-1
224	417	-1
224	420	-1
224	421	-1
224	424	1
224	427	1
224	428	-1
224	429	-1
224	430	-1
224	431	1
224	432	1
224	433	1
224	435	-1
224	436	1
224	437	-1
224	438	-1
224	439	-1
224	441	1
224	445	-1
224	446	1
224	448	-1
224	449	1
224	450	1
224	453	1
224	454	1
224	455	-1
224	456	1
224	458	-1
224	459	1
224	460	1
224	461	-1
224	464	1
224	468	1
224	469	1
224	470	1
224	471	1
224	478	1
224	479	-1
224	481	-1
224	483	1
224	484	1
224	488	-1
224	490	1
224	492	-1
224	497	1
224	498	1
224	499	1
225	226	-1
225	229	-1
225	230	1
225	234	1
225	235	1
225	236	-1
225	237	1
225	238	1
225	239	1
225	246	1
225	248	1
225	250	-1
225	251	-1
225	254	-1
225	255	1
225	259	1
225	260	1
225	261	-1
225	262	1
225	263	1
225	264	-1
225	265	1
225	268	-1
225	271	1
225	273	-1
225	276	-1
225	278	1
225	281	-1
225	282	1
225	283	1
225	284	1
225	288	1
225	290	1
225	291	-1
225	292	-1
225	293	-1
225	297	1
225	298	1
225	299	1
225	304	-1
225	305	-1
225	306	1
225	307	1
225	310	1
225	312	1
225	313	-1
225	314	1
225	317	-1
225	319	-1
225	320	-1
225	321	1
225	326	-1
225	327	-1
225	329	-1
225	330	1
225	331	-1
225	332	1
225	333	1
225	335	1
225	336	1
225	338	1
225	345	-1
225	346	-1
225	349	1
225	351	-1
225	352	-1
225	355	1
225	356	1
225	359	-1
225	360	1
225	365	1
225	366	-1
225	369	-1
225	372	-1
225	373	1
225	374	-1
225	375	-1
225	378	1
225	380	-1
225	381	-1
225	384	-1
225	386	1
225	388	-1
225	390	-1
225	397	-1
225	400	-1
225	401	-1
225	409	1
225	411	-1
225	413	1
225	416	1
225	417	1
225	421	-1
225	425	-1
225	426	1
225	428	1
225	429	1
225	430	-1
225	431	-1
225	432	-1
225	435	1
225	436	1
225	438	1
225	439	-1
225	440	1
225	442	-1
225	448	1
225	452	-1
225	454	1
225	455	1
225	458	-1
225	459	1
225	460	1
225	461	1
225	464	-1
225	468	1
225	469	1
225	470	1
225	471	-1
225	472	1
225	473	1
225	477	1
225	480	1
225	482	-1
225	485	-1
225	486	1
225	487	-1
225	489	1
225	491	-1
225	492	-1
225	495	-1
225	498	-1
226	228	1
226	229	1
226	231	1
226	232	1
226	234	1
226	238	1
226	239	1
226	241	-1
226	243	1
226	244	-1
226	245	1
226	246	1
226	247	-1
226	248	-1
226	249	1
226	251	-1
226	252	-1
226	253	-1
226	255	-1
226	256	-1
226	258	1
226	260	-1
226	261	1
226	262	1
226	264	1
226	266	-1
226	267	1
226	269	1
226	271	1
226	273	1
226	274	1
226	276	-1
226	277	-1
226	278	1
226	279	1
226	281	-1
226	282	1
226	283	-1
226	284	1
226	286	1
226	288	-1
226	289	-1
226	290	-1
226	292	1
226	295	-1
226	296	1
226	300	-1
226	301	1
226	303	1
226	306	-1
226	307	-1
226	308	-1
226	311	-1
226	312	-1
226	314	-1
226	317	-1
226	318	1
226	321	1
226	325	1
226	329	-1
226	331	1
226	334	-1
226	335	1
226	336	1
226	340	-1
226	341	1
226	342	1
226	343	-1
226	344	-1
226	345	1
226	348	-1
226	349	-1
226	351	1
226	352	-1
226	353	-1
226	354	-1
226	356	-1
226	357	1
226	359	1
226	360	-1
226	363	1
226	364	1
226	366	1
226	369	-1
226	371	1
226	372	-1
226	374	1
226	376	1
226	377	-1
226	378	-1
226	383	1
226	384	1
226	387	1
226	389	-1
226	392	-1
226	398	-1
226	400	-1
226	402	-1
226	403	-1
226	405	-1
226	406	-1
226	407	-1
226	410	-1
226	411	1
226	412	1
226	413	1
226	415	1
226	417	1
226	418	-1
226	421	-1
226	422	1
226	423	-1
226	425	-1
226	426	-1
226	427	1
226	428	1
226	432	-1
226	435	1
226	437	-1
226	440	-1
226	442	-1
226	443	-1
226	445	-1
226	450	1
226	452	-1
226	454	1
226	456	-1
226	458	-1
226	462	1
226	463	-1
226	464	1
226	465	1
226	467	-1
226	470	1
226	475	-1
226	477	-1
226	478	1
226	480	-1
226	482	-1
226	485	-1
226	486	1
226	487	1
226	489	1
226	490	-1
226	491	-1
226	492	-1
226	493	1
226	494	1
226	496	-1
227	228	-1
227	230	1
227	231	-1
227	232	-1
227	233	1
227	234	1
227	237	1
227	238	-1
227	239	-1
227	240	1
227	241	-1
227	244	-1
227	247	1
227	248	1
227	249	-1
227	250	1
227	252	1
227	253	1
227	254	1
227	255	1
227	257	1
227	260	-1
227	261	1
227	263	1
227	264	1
227	265	1
227	266	1
227	269	1
227	271	1
227	273	-1
227	274	1
227	277	1
227	278	1
227	279	-1
227	280	1
227	281	-1
227	282	1
227	283	1
227	284	1
227	286	1
227	287	-1
227	288	-1
227	291	1
227	293	-1
227	297	1
227	299	1
227	301	1
227	302	-1
227	305	1
227	308	1
227	309	1
227	310	-1
227	311	-1
227	313	1
227	314	-1
227	317	-1
227	318	1
227	323	1
227	324	-1
227	327	-1
227	328	-1
227	329	-1
227	331	1
227	334	1
227	337	-1
227	338	1
227	340	1
227	341	1
227	342	-1
227	347	-1
227	348	-1
227	349	1
227	352	-1
227	353	1
227	354	1
227	355	-1
227	357	1
227	358	1
227	359	-1
227	362	1
227	366	-1
227	368	-1
227	369	1
227	370	1
227	371	1
227	375	-1
227	377	-1
227	378	-1
227	381	1
227	383	-1
227	386	1
227	389	1
227	390	1
227	391	1
227	393	-1
227	395	-1
227	397	-1
227	400	-1
227	406	-1
227	407	-1
227	408	1
227	409	-1
227	410	-1
227	412	-1
227	415	-1
227	416	-1
227	422	1
227	425	1
227	426	1
227	428	1
227	431	-1
227	432	-1
227	434	1
227	437	1
227	440	-1
227	441	-1
227	442	1
227	445	1
227	447	1
227	448	1
227	449	1
227	450	1
227	453	1
227	454	-1
227	455	1
227	462	-1
227	464	1
227	465	-1
227	466	1
227	468	1
227	471	-1
227	474	-1
227	476	-1
227	479	1
227	485	-1
227	488	-1
227	494	-1
227	495	-1
227	496	1
227	497	-1
228	229	-1
228	232	-1
228	238	1
228	242	-1
228	244	-1
228	245	-1
228	246	1
228	249	-1
228	250	1
228	251	-1
228	254	-1
228	255	-1
228	256	-1
228	257	1
228	259	-1
228	260	1
228	263	1
228	265	1
228	269	1
228	271	1
228	272	-1
228	273	1
228	275	-1
228	276	-1
228	279	1
228	280	1
228	281	1
228	282	-1
228	284	1
228	285	1
228	287	-1
228	289	-1
228	290	-1
228	291	1
228	295	-1
228	296	1
228	297	1
228	299	1
228	301	1
228	304	1
228	308	1
228	309	1
228	311	1
228	312	-1
228	315	1
228	318	-1
228	319	-1
228	320	1
228	321	1
228	322	-1
228	324	-1
228	326	-1
228	327	-1
228	328	1
228	332	1
228	333	1
228	335	-1
228	336	1
228	337	-1
228	338	1
228	341	-1
228	342	-1
228	344	-1
228	346	-1
228	347	-1
228	348	-1
228	349	1
228	352	1
228	353	-1
228	354	1
228	355	-1
228	356	-1
228	358	-1
228	359	-1
228	365	-1
228	368	1
228	370	1
228	372	-1
228	373	-1
228	374	-1
228	375	-1
228	379	1
228	380	-1
228	381	1
228	382	-1
228	384	1
228	386	-1
228	387	-1
228	389	-1
228	391	1
228	392	-1
228	396	-1
228	397	1
228	401	1
228	402	1
228	403	-1
228	417	-1
228	420	-1
228	421	-1
228	423	1
228	425	1
228	427	1
228	428	-1
228	433	1
228	434	-1
228	435	1
228	437	1
228	439	1
228	440	1
228	441	-1
228	444	-1
228	446	1
228	447	-1
228	449	1
228	450	-1
228	452	1
228	453	-1
228	454	-1
228	455	-1
228	456	1
228	458	-1
228	460	-1
228	464	-1
228	466	-1
228	467	1
228	469	1
228	471	-1
228	472	-1
228	473	-1
228	474	-1
228	475	-1
228	480	1
228	482	-1
228	485	-1
228	486	-1
228	487	1
228	488	-1
228	489	1
228	497	-1
228	498	-1
228	499	-1
229	231	1
229	232	1
229	235	-1
229	236	-1
229	240	-1
229	242	1
229	245	1
229	246	1
229	248	-1
229	253	1
229	254	-1
229	255	1
229	256	1
229	257	-1
229	258	1
229	262	-1
229	265	-1
229	267	1
229	268	-1
229	270	1
229	272	1
229	273	-1
229	276	1
229	277	1
229	279	-1
229	280	1
229	281	-1
229	288	1
229	289	1
229	290	-1
229	291	1
229	295	-1
229	296	-1
229	298	1
229	301	1
229	302	-1
229	303	1
229	304	1
229	306	-1
229	307	1
229	308	-1
229	309	-1
229	310	-1
229	311	-1
229	312	1
229	314	-1
229	318	-1
229	319	-1
229	320	1
229	322	-1
229	323	1
229	324	1
229	325	-1
229	326	1
229	330	1
229	339	1
229	340	1
229	347	1
229	350	1
229	351	-1
229	355	-1
229	356	1
229	357	1
229	360	1
229	361	-1
229	362	-1
229	364	1
229	365	1
229	368	1
229	371	-1
229	375	-1
229	382	1
229	384	1
229	389	-1
229	391	-1
229	398	1
229	399	1
229	401	-1
229	405	-1
229	406	-1
229	411	-1
229	413	-1
229	419	-1
229	420	-1
229	422	-1
229	423	-1
229	424	1
229	425	1
229	427	-1
229	428	-1
229	431	-1
229	433	-1
229	435	-1
229	436	-1
229	440	-1
229	441	1
229	442	-1
229	443	1
229	447	1
229	448	-1
229	450	1
229	451	-1
229	453	-1
229	454	-1
229	455	-1
229	458	1
229	460	-1
229	461	1
229	466	-1
229	467	1
229	469	-1
229	470	-1
229	471	1
229	472	1
229	473	-1
229	474	1
229	475	-1
229	476	-1
229	477	-1
229	479	-1
229	480	1
229	481	-1
229	483	-1
229	484	-1
229	487	1
229	488	-1
229	489	1
229	490	-1
229	492	-1
229	494	-1
229	496	1
229	499	1
230	232	1
230	234	1
230	235	1
230	238	-1
230	241	-1
230	244	-1
230	250	-1
230	251	1
230	252	-1
230	253	1
230	254	1
230	256	-1
230	262	-1
230	265	-1
230	266	-1
230	268	-1
230	269	-1
230	270	1
230	272	-1
230	273	-1
230	274	1
230	275	1
230	276	1
230	277	-1
230	282	-1
230	283	-1
230	285	1
230	291	-1
230	292	1
230	297	-1
230	298	1
230	299	1
230	300	-1
230	302	-1
230	304	-1
230	305	-1
230	307	1
230	308	-1
230	309	1
230	311	-1
230	314	1
230	318	1
230	325	-1
230	326	-1
230	328	1
230	329	-1
230	330	1
230	331	1
230	332	-1
230	333	-1
230	334	1
230	336	-1
230	338	-1
230	343	-1
230	348	1
230	351	-1
230	353	1
230	356	-1
230	357	1
230	358	1
230	360	-1
230	362	-1
230	364	-1
230	365	1
230	370	-1
230	376	-1
230	379	1
230	383	-1
230	384	1
230	389	-1
230	390	1
230	392	-1
230	394	-1
230	395	-1
230	396	1
230	397	1
230	399	1
230	401	-1
230	403	1
230	407	1
230	411	-1
230	414	1
230	415	-1
230	416	1
230	417	1
230	419	-1
230	420	-1
230	421	1
230	428	-1
230	429	-1
230	430	-1
230	432	-1
230	435	1
230	436	1
230	437	1
230	438	-1
230	439	-1
230	440	-1
230	448	1
230	449	1
230	450	1
230	451	-1
230	453	-1
230	456	1
230	458	1
230	459	1
230	460	-1
230	461	1
230	462	1
230	463	1
230	466	-1
230	469	-1
230	470	-1
230	472	-1
230	475	1
230	476	1
230	477	-1
230	478	-1
230	479	1
230	481	-1
230	482	-1
230	483	1
230	484	1
230	486	-1
230	487	1
230	490	-1
230	491	-1
230	492	1
230	495	-1
230	496	-1
230	498	-1
230	499	-1
231	233	-1
231	234	-1
231	236	-1
231	237	-1
231	238	-1
231	240	1
231	241	1
231	243	-1
231	244	-1
231	245	1
231	246	-1
231	248	-1
231	250	1
231	251	1
231	252	1
231	254	-1
231	255	1
231	256	-1
231	259	1
231	261	-1
231	266	-1
231	268	-1
231	269	-1
231	271	-1
231	272	-1
231	274	1
231	278	-1
231	281	1
231	283	-1
231	284	-1
231	289	-1
231	293	1
231	294	-1
231	298	1
231	299	-1
231	300	1
231	302	1
231	303	-1
231	304	-1
231	305	-1
231	306	1
231	307	-1
231	308	-1
231	313	1
231	314	1
231	318	-1
231	321	1
231	322	1
231	323	-1
231	324	1
231	325	-1
231	328	1
231	333	-1
231	334	-1
231	337	-1
231	341	1
231	342	1
231	345	1
231	348	1
231	349	1
231	351	1
231	352	-1
231	353	-1
231	357	1
231	358	-1
231	359	1
231	362	1
231	363	-1
231	365	1
231	367	1
231	369	1
231	371	1
231	374	1
231	376	-1
231	378	-1
231	379	1
231	380	1
231	382	-1
231	383	1
231	385	-1
231	386	1
231	387	1
231	389	-1
231	391	1
231	395	1
231	396	-1
231	398	1
231	399	1
231	400	-1
231	402	-1
231	405	1
231	406	1
231	407	-1
231	409	-1
231	418	1
231	419	1
231	423	-1
231	424	1
231	426	-1
231	431	1
231	432	1
231	435	1
231	437	-1
231	439	1
231	441	-1
231	445	-1
231	448	-1
231	449	-1
231	450	1
231	452	-1
231	453	-1
231	455	1
231	457	1
231	458	-1
231	460	-1
231	464	-1
231	467	-1
231	468	1
231	469	-1
231	478	-1
231	482	-1
231	483	-1
231	484	-1
231	485	1
231	486	-1
231	487	1
231	489	1
231	491	-1
231	492	1
231	493	-1
231	496	1
231	498	-1
231	499	1
232	234	1
232	238	-1
232	239	-1
232	240	-1
232	242	-1
232	243	-1
232	244	-1
232	245	-1
232	248	1
232	251	-1
232	254	1
232	255	1
232	256	1
232	258	1
232	259	-1
232	261	1
232	262	1
232	265	-1
232	267	1
232	268	-1
232	270	-1
232	272	-1
232	274	-1
232	276	1
232	284	1
232	287	-1
232	289	-1
232	290	-1
232	292	-1
232	299	-1
232	304	1
232	305	1
232	308	-1
232	309	-1
232	310	1
232	312	1
232	313	-1
232	315	1
232	316	1
232	319	-1
232	322	1
232	323	-1
232	324	1
232	328	-1
232	329	1
232	332	-1
232	333	-1
232	334	-1
232	335	-1
232	339	1
232	340	1
232	342	-1
232	343	1
232	344	1
232	345	1
232	346	-1
232	348	1
232	349	1
232	350	1
232	353	1
232	355	-1
232	356	-1
232	358	1
232	359	-1
232	362	1
232	363	1
232	364	-1
232	365	-1
232	366	-1
232	368	-1
232	369	1
232	370	1
232	371	1
232	373	1
232	374	-1
232	378	1
232	387	1
232	388	-1
232	394	1
232	395	1
232	400	-1
232	402	1
232	404	-1
232	409	-1
232	414	-1
232	416	-1
232	420	-1
232	422	-1
232	423	-1
232	427	-1
232	428	1
232	429	1
232	437	1
232	439	1
232	442	-1
232	444	-1
232	445	1
232	446	1
232	447	-1
232	449	-1
232	450	1
232	451	-1
232	453	-1
232	463	-1
232	464	-1
232	466	1
232	476	1
232	479	1
232	482	1
232	483	1
232	485	1
232	488	-1
232	493	1
232	494	-1
232	496	-1
232	497	1
232	499	1
233	234	1
233	235	-1
233	237	1
233	240	1
233	241	-1
233	243	1
233	244	1
233	246	-1
233	249	-1
233	252	1
233	253	-1
233	255	-1
233	256	-1
233	265	-1
233	266	-1
233	268	-1
233	272	-1
233	274	1
233	275	1
233	277	1
233	279	-1
233	280	-1
233	282	1
233	283	1
233	285	-1
233	286	1
233	287	-1
233	288	-1
233	289	1
233	290	-1
233	291	-1
233	293	1
233	294	1
233	295	1
233	296	-1
233	297	1
233	299	-1
233	300	-1
233	301	-1
233	303	1
233	308	1
233	315	1
233	317	-1
233	318	1
233	319	-1
233	320	1
233	321	1
233	322	1
233	330	1
233	334	1
233	335	-1
233	339	-1
233	341	1
233	342	1
233	343	1
233	344	-1
233	348	1
233	349	1
233	350	-1
233	351	1
233	352	-1
233	353	-1
233	354	-1
233	356	1
233	357	1
233	358	-1
233	361	1
233	363	1
233	365	1
233	367	-1
233	368	1
233	371	1
233	374	1
233	377	1
233	379	-1
233	380	-1
233	382	-1
233	383	-1
233	385	-1
233	387	1
233	393	-1
233	394	-1
233	395	-1
233	396	1
233	398	-1
233	400	1
233	402	1
233	408	-1
233	411	1
233	412	-1
233	413	1
233	414	1
233	418	-1
233	419	1
233	420	1
233	422	1
233	424	1
233	426	1
233	430	1
233	432	1
233	436	1
233	438	1
233	440	1
233	442	-1
233	443	-1
233	445	1
233	446	1
233	447	1
233	452	1
233	453	-1
233	454	1
233	455	-1
233	459	1
233	460	-1
233	463	-1
233	466	1
233	468	-1
233	471	-1
233	472	-1
233	474	-1
233	477	-1
233	479	-1
233	480	-1
233	481	-1
233	482	-1
233	484	1
233	485	1
233	488	-1
233	490	1
233	492	1
233	493	1
233	494	-1
233	497	1
233	498	1
233	499	1
234	240	-1
234	241	-1
234	242	1
234	243	-1
234	245	1
234	250	1
234	251	-1
234	252	-1
234	258	1
234	260	-1
234	264	1
234	265	1
234	267	-1
234	268	1
234	269	-1
234	272	-1
234	273	1
234	274	1
234	276	1
234	279	-1
234	281	1
234	282	1
234	296	1
234	297	1
234	300	-1
234	301	-1
234	302	-1
234	308	-1
234	310	-1
234	311	-1
234	312	1
234	313	-1
234	315	-1
234	317	-1
234	319	-1
234	321	1
234	323	-1
234	331	-1
234	333	-1
234	336	1
234	337	-1
234	338	1
234	341	-1
234	345	1
234	349	-1
234	351	-1
234	354	-1
234	355	1
234	357	-1
234	358	-1
234	359	1
234	360	1
234	362	-1
234	363	1
234	366	-1
234	371	1
234	374	1
234	375	-1
234	376	1
234	377	-1
234	380	-1
234	381	-1
234	386	1
234	388	1
234	391	1
234	393	1
234	394	1
234	395	1
234	396	1
234	399	-1
234	400	1
234	401	1
234	404	1
234	406	-1
234	409	1
234	413	1
234	414	1
234	415	-1
234	418	-1
234	419	1
234	420	-1
234	423	1
234	424	1
234	426	-1
234	428	-1
234	429	-1
234	434	1
234	435	-1
234	436	-1
234	438	-1
234	440	-1
234	441	1
234	444	1
234	446	1
234	450	-1
234	451	1
234	455	-1
234	456	1
234	458	-1
234	461	-1
234	464	-1
234	465	-1
234	468	-1
234	470	1
234	472	1
234	474	1
234	475	1
234	477	1
234	478	-1
234	480	-1
234	482	-1
234	483	-1
234	485	1
234	490	-1
234	491	1
234	492	1
234	493	-1
234	494	-1
234	496	1
234	497	1
235	237	1
235	239	-1
235	242	1
235	243	1
235	245	1
235	247	-1
235	249	1
235	251	1
235	258	-1
235	259	-1
235	261	1
235	264	-1
235	265	1
235	273	-1
235	275	-1
235	276	1
235	277	1
235	278	1
235	281	1
235	285	-1
235	286	1
235	289	-1
235	292	-1
235	294	1
235	295	1
235	300	1
235	304	-1
235	305	-1
235	309	-1
235	312	1
235	313	-1
235	314	-1
235	315	-1
235	316	1
235	321	-1
235	322	1
235	325	-1
235	331	1
235	343	1
235	344	1
235	346	1
235	348	1
235	349	1
235	352	-1
235	355	-1
235	360	1
235	361	-1
235	362	1
235	363	-1
235	365	-1
235	367	1
235	368	-1
235	371	-1
235	373	-1
235	375	1
235	376	-1
235	379	-1
235	380	1
235	381	-1
235	382	-1
235	383	-1
235	385	-1
235	389	-1
235	390	1
235	395	-1
235	397	-1
235	398	1
235	400	-1
235	402	-1
235	403	1
235	404	-1
235	406	1
235	407	-1
235	408	1
235	409	-1
235	410	1
235	411	-1
235	412	-1
235	413	-1
235	414	-1
235	416	-1
235	417	1
235	418	-1
235	419	-1
235	422	1
235	423	-1
235	424	1
235	425	1
235	426	1
235	428	-1
235	430	-1
235	432	1
235	433	1
235	436	-1
235	437	1
235	439	-1
235	442	1
235	443	-1
235	451	1
235	452	-1
235	453	1
235	454	-1
235	456	1
235	458	1
235	459	-1
235	460	1
235	461	-1
235	463	1
235	464	1
235	467	-1
235	470	1
235	471	1
235	474	-1
235	476	1
235	479	-1
235	480	1
235	485	-1
235	487	1
235	489	-1
235	490	-1
235	494	-1
235	499	1
236	237	1
236	238	1
236	239	1
236	240	1
236	243	-1
236	247	1
236	248	-1
236	253	1
236	256	1
236	262	1
236	264	1
236	267	-1
236	269	-1
236	272	1
236	273	-1
236	274	1
236	275	1
236	276	-1
236	278	-1
236	279	-1
236	281	1
236	283	1
236	284	-1
236	285	-1
236	286	-1
236	287	-1
236	288	1
236	290	-1
236	294	1
236	295	1
236	297	-1
236	300	-1
236	306	-1
236	309	1
236	312	1
236	313	-1
236	316	1
236	318	1
236	319	-1
236	320	-1
236	321	1
236	322	1
236	324	1
236	328	-1
236	329	1
236	330	-1
236	331	-1
236	332	-1
236	334	1
236	335	-1
236	336	-1
236	338	1
236	339	-1
236	340	-1
236	342	1
236	343	-1
236	345	-1
236	348	-1
236	351	1
236	354	-1
236	356	1
236	358	1
236	361	-1
236	362	-1
236	363	-1
236	365	-1
236	369	-1
236	370	1
236	374	1
236	375	-1
236	377	1
236	378	1
236	379	1
236	380	-1
236	381	-1
236	382	1
236	384	-1
236	388	-1
236	392	1
236	393	1
236	394	1
236	398	-1
236	399	1
236	401	-1
236	405	-1
236	407	1
236	409	-1
236	410	1
236	411	-1
236	412	1
236	413	1
236	414	-1
236	416	1
236	417	1
236	418	1
236	420	-1
236	421	1
236	422	-1
236	423	-1
236	424	1
236	426	1
236	428	-1
236	429	1
236	430	-1
236	434	-1
236	438	-1
236	439	1
236	440	-1
236	441	-1
236	442	1
236	443	-1
236	444	-1
236	446	1
236	449	-1
236	450	-1
236	453	-1
236	455	1
236	456	1
236	464	1
236	467	-1
236	468	-1
236	469	1
236	470	-1
236	471	-1
236	472	-1
236	474	1
236	476	1
236	480	1
236	482	-1
236	485	1
236	489	-1
236	490	-1
236	492	1
236	497	-1
236	499	-1
237	238	-1
237	242	1
237	245	1
237	246	-1
237	247	1
237	248	-1
237	250	-1
237	251	-1
237	253	1
237	254	-1
237	255	-1
237	258	1
237	263	-1
237	264	1
237	265	-1
237	269	1
237	270	1
237	271	1
237	273	-1
237	276	-1
237	281	1
237	283	1
237	284	1
237	286	-1
237	288	1
237	290	-1
237	291	-1
237	292	-1
237	294	1
237	295	1
237	297	1
237	300	-1
237	301	1
237	302	1
237	306	1
237	311	1
237	313	1
237	314	1
237	317	1
237	318	1
237	319	-1
237	320	-1
237	322	-1
237	323	1
237	324	1
237	326	-1
237	327	1
237	330	-1
237	332	-1
237	334	1
237	338	1
237	340	-1
237	345	1
237	346	-1
237	347	1
237	348	-1
237	349	-1
237	350	1
237	351	-1
237	352	1
237	354	-1
237	357	-1
237	358	-1
237	360	1
237	361	1
237	362	1
237	363	1
237	365	-1
237	366	1
237	369	1
237	370	1
237	373	-1
237	375	-1
237	376	-1
237	381	-1
237	382	-1
237	383	-1
237	385	-1
237	386	-1
237	389	-1
237	390	-1
237	391	-1
237	392	1
237	394	1
237	395	1
237	398	1
237	400	-1
237	403	-1
237	404	-1
237	406	-1
237	408	1
237	412	1
237	420	-1
237	422	1
237	425	1
237	427	-1
237	428	-1
237	431	1
237	433	1
237	434	1
237	435	-1
237	438	-1
237	439	-1
237	440	1
237	442	-1
237	443	-1
237	446	1
237	447	-1
237	449	-1
237	451	-1
237	452	-1
237	453	1
237	455	1
237	456	-1
237	458	1
237	459	1
237	460	1
237	465	1
237	467	1
237	472	1
237	474	1
237	475	1
237	477	-1
237	481	1
237	485	-1
237	488	1
237	489	-1
237	491	-1
237	494	-1
237	495	1
237	496	1
237	498	1
238	244	1
238	246	1
238	247	1
238	248	1
238	252	1
238	254	-1
238	255	-1
238	257	-1
238	258	1
238	259	1
238	262	1
238	263	-1
238	265	-1
238	268	-1
238	271	1
238	275	-1
238	277	-1
238	278	1
238	280	1
238	281	1
238	282	-1
238	283	1
238	284	1
238	287	-1
238	288	1
238	289	1
238	290	1
238	291	-1
238	293	-1
238	299	1
238	306	1
238	307	1
238	308	1
238	309	1
238	312	1
238	314	1
238	316	-1
238	317	1
238	318	1
238	321	-1
238	325	-1
238	326	1
238	327	-1
238	328	-1
238	334	-1
238	336	-1
238	337	1
238	338	-1
238	339	1
238	340	-1
238	343	-1
238	344	-1
238	346	1
238	347	-1
238	348	1
238	350	1
238	351	-1
238	352	-1
238	353	1
238	354	1
238	355	1
238	356	1
238	357	1
238	358	-1
238	362	1
238	364	1
238	365	-1
238	366	1
238	367	1
238	369	1
238	370	-1
238	372	1
238	374	-1
238	380	1
238	383	-1
238	385	-1
238	386	-1
238	387	-1
238	388	1
238	391	-1
238	392	1
238	395	1
238	401	1
238	404	-1
238	405	1
238	406	-1
238	411	-1
238	412	-1
238	413	1
238	416	-1
238	422	-1
238	425	-1
238	426	1
238	427	1
238	430	1
238	431	-1
238	434	-1
238	435	1
238	439	1
238	445	1
238	446	1
238	447	1
238	448	1
238	450	1
238	451	1
238	454	1
238	456	-1
238	458	-1
238	460	1
238	462	1
238	463	1
238	466	1
238	467	-1
238	472	1
238	473	-1
238	476	-1
238	477	1
238	478	-1
238	480	1
238	486	-1
238	488	-1
238	490	-1
238	492	1
238	493	1
238	494	-1
238	495	-1
239	240	1
239	242	-1
239	245	1
239	247	1
239	248	1
239	249	-1
239	260	1
239	261	-1
239	262	1
239	264	-1
239	266	1
239	269	-1
239	273	-1
239	274	-1
239	276	1
239	277	-1
239	278	1
239	280	-1
239	282	-1
239	283	-1
239	290	1
239	292	1
239	294	1
239	296	1
239	297	-1
239	298	-1
239	299	1
239	300	-1
239	301	1
239	303	1
239	305	1
239	307	-1
239	309	-1
239	312	1
239	313	-1
239	314	-1
239	318	-1
239	321	-1
239	322	-1
239	323	1
239	324	-1
239	325	-1
239	326	-1
239	327	-1
239	332	-1
239	334	1
239	335	1
239	336	1
239	339	1
239	340	1
239	341	-1
239	344	-1
239	345	1
239	346	1
239	348	1
239	350	1
239	351	1
239	354	-1
239	356	-1
239	358	1
239	360	-1
239	361	1
239	363	-1
239	364	-1
239	367	1
239	368	1
239	371	-1
239	373	-1
239	374	-1
239	375	1
239	376	-1
239	377	-1
239	379	-1
239	380	-1
239	381	1
239	383	1
239	385	-1
239	390	-1
239	391	1
239	395	-1
239	396	1
239	397	-1
239	399	1
239	401	-1
239	402	1
239	406	1
239	407	-1
239	409	-1
239	411	1
239	413	-1
239	415	-1
239	416	-1
239	417	-1
239	419	1
239	420	1
239	421	-1
239	422	-1
239	429	-1
239	430	1
239	431	-1
239	432	1
239	435	1
239	436	1
239	441	1
239	442	1
239	443	-1
239	444	1
239	445	-1
239	447	-1
239	448	1
239	453	-1
239	454	1
239	461	-1
239	462	-1
239	463	-1
239	464	-1
239	466	1
239	467	-1
239	469	1
239	470	1
239	471	-1
239	472	-1
239	474	-1
239	475	-1
239	477	-1
239	479	1
239	482	-1
239	484	1
239	486	1
239	487	1
239	488	1
239	489	1
239	494	1
239	498	1
239	499	1
240	242	-1
240	243	-1
240	247	-1
240	248	1
240	251	-1
240	254	-1
240	258	1
240	262	1
240	263	-1
240	264	1
240	265	1
240	266	1
240	268	1
240	272	-1
240	274	-1
240	278	-1
240	279	1
240	283	1
240	284	-1
240	285	-1
240	291	-1
240	293	1
240	294	-1
240	295	1
240	296	1
240	297	-1
240	299	1
240	300	-1
240	302	1
240	303	1
240	307	1
240	308	-1
240	309	1
240	315	1
240	318	-1
240	319	1
240	320	-1
240	322	-1
240	323	1
240	324	-1
240	325	1
240	326	-1
240	327	1
240	329	-1
240	330	1
240	331	1
240	332	1
240	334	-1
240	336	-1
240	338	-1
240	340	-1
240	341	-1
240	343	-1
240	344	1
240	345	1
240	347	1
240	349	1
240	353	1
240	354	-1
240	358	-1
240	360	1
240	361	-1
240	364	1
240	366	-1
240	370	-1
240	371	-1
240	372	1
240	373	1
240	375	-1
240	377	-1
240	381	1
240	382	-1
240	383	1
240	384	-1
240	385	1
240	388	-1
240	389	1
240	390	-1
240	394	1
240	397	-1
240	398	-1
240	401	-1
240	402	-1
240	404	-1
240	406	1
240	409	-1
240	410	-1
240	413	1
240	414	-1
240	415	-1
240	416	-1
240	418	1
240	419	1
240	421	-1
240	422	-1
240	423	1
240	428	1
240	431	-1
240	432	1
240	433	1
240	435	1
240	436	1
240	438	1
240	441	1
240	444	-1
240	448	-1
240	449	1
240	453	1
240	454	1
240	455	1
240	458	1
240	460	1
240	462	-1
240	464	-1
240	466	1
240	467	-1
240	469	1
240	470	-1
240	471	1
240	474	1
240	476	-1
240	479	1
240	481	-1
240	482	1
240	486	1
240	489	-1
240	490	1
240	491	1
240	492	-1
240	494	1
240	495	-1
240	496	1
240	497	1
240	498	-1
241	242	-1
241	243	-1
241	244	1
241	245	1
241	247	1
241	248	-1
241	251	-1
241	252	-1
241	253	-1
241	255	1
241	256	1
241	257	-1
241	259	-1
241	260	1
241	261	-1
241	264	1
241	268	1
241	269	-1
241	273	-1
241	274	-1
241	275	1
241	276	1
241	277	1
241	279	-1
241	280	-1
241	286	1
241	289	1
241	292	1
241	293	1
241	295	1
241	297	-1
241	300	1
241	301	-1
241	303	-1
241	305	1
241	306	-1
241	308	1
241	309	-1
241	310	-1
241	312	1
241	314	1
241	316	-1
241	317	1
241	320	-1
241	325	1
241	330	-1
241	332	-1
241	333	1
241	334	1
241	335	1
241	336	1
241	337	-1
241	339	1
241	343	1
241	346	1
241	347	1
241	351	1
241	352	-1
241	354	-1
241	355	1
241	358	1
241	359	-1
241	360	1
241	362	-1
241	363	-1
241	366	1
241	367	-1
241	369	-1
241	372	1
241	373	1
241	374	1
241	376	-1
241	378	-1
241	380	1
241	383	1
241	384	-1
241	387	-1
241	390	1
241	392	-1
241	394	1
241	397	1
241	400	-1
241	401	1
241	406	-1
241	408	1
241	411	-1
241	414	-1
241	416	1
241	419	-1
241	422	-1
241	423	1
241	425	1
241	427	1
241	428	-1
241	433	-1
241	436	-1
241	437	1
241	440	-1
241	441	1
241	443	-1
241	444	1
241	445	1
241	446	1
241	447	-1
241	451	-1
241	453	1
241	457	1
241	458	-1
241	459	1
241	461	1
241	464	-1
241	465	-1
241	468	1
241	470	-1
241	471	-1
241	473	-1
241	479	1
241	480	-1
241	481	1
241	483	-1
241	485	-1
241	486	-1
241	487	-1
241	488	-1
241	490	-1
241	493	1
241	494	1
241	495	1
241	497	1
241	498	-1
242	243	-1
242	244	-1
242	247	1
242	248	1
242	249	-1
242	251	-1
242	252	1
242	256	1
242	258	1
242	259	-1
242	260	-1
242	261	-1
242	262	1
242	263	1
242	264	-1
242	266	1
242	267	-1
242	274	1
242	278	-1
242	282	1
242	283	-1
242	285	1
242	287	1
242	289	1
242	294	1
242	296	-1
242	299	-1
242	301	-1
242	303	-1
242	305	-1
242	309	-1
242	311	1
242	312	-1
242	314	-1
242	317	1
242	318	-1
242	319	-1
242	326	1
242	329	-1
242	333	-1
242	337	1
242	341	1
242	343	-1
242	345	-1
242	346	1
242	347	1
242	348	1
242	350	1
242	352	1
242	353	1
242	355	1
242	357	-1
242	358	1
242	359	1
242	361	-1
242	363	1
242	365	-1
242	367	-1
242	369	1
242	373	1
242	374	1
242	376	-1
242	377	-1
242	380	-1
242	381	1
242	384	1
242	386	-1
242	387	1
242	389	-1
242	390	-1
242	394	-1
242	395	1
242	396	1
242	398	-1
242	399	-1
242	401	-1
242	403	1
242	404	1
242	407	1
242	409	1
242	411	-1
242	413	-1
242	417	1
242	420	-1
242	421	-1
242	422	1
242	425	1
242	429	-1
242	432	-1
242	433	-1
242	435	-1
242	436	1
242	438	-1
242	439	1
242	444	1
242	445	-1
242	448	-1
242	450	-1
242	451	1
242	453	1
242	456	-1
242	457	1
242	459	1
242	460	1
242	462	1
242	465	1
242	466	1
242	468	1
242	469	1
242	470	1
242	471	1
242	474	1
242	475	1
242	477	1
242	478	1
242	481	1
242	482	-1
242	485	-1
242	486	-1
242	488	1
242	490	1
242	492	-1
242	494	-1
242	495	1
242	496	-1
242	499	-1
243	244	-1
243	247	-1
243	249	1
243	252	-1
243	254	-1
243	258	1
243	263	-1
243	264	1
243	265	1
243	266	1
243	270	-1
243	272	1
243	274	-1
243	275	1
243	276	1
243	277	-1
243	279	1
243	282	1
243	284	-1
243	285	1
243	287	-1
243	288	1
243	290	1
243	291	1
243	295	-1
243	297	1
243	298	1
243	299	1
243	300	1
243	302	-1
243	304	-1
243	305	-1
243	306	-1
243	309	-1
243	310	1
243	317	-1
243	319	-1
243	320	-1
243	322	1
243	324	-1
243	325	-1
243	326	1
243	328	-1
243	329	-1
243	330	1
243	331	-1
243	332	1
243	333	1
243	335	-1
243	337	1
243	338	-1
243	339	1
243	340	1
243	343	-1
243	345	-1
243	348	-1
243	349	-1
243	350	1
243	353	-1
243	357	-1
243	362	1
243	363	1
243	364	1
243	366	1
243	367	1
243	371	1
243	373	1
243	375	1
243	377	-1
243	381	1
243	382	1
243	383	1
243	384	1
243	386	1
243	387	-1
243	389	-1
243	391	-1
243	392	-1
243	394	-1
243	397	-1
243	405	-1
243	409	-1
243	410	-1
243	412	1
243	416	-1
243	418	-1
243	421	1
243	422	1
243	424	1
243	426	-1
243	427	-1
243	428	1
243	431	1
243	432	1
243	434	-1
243	435	1
243	438	-1
243	439	1
243	442	-1
243	443	1
243	444	-1
243	448	-1
243	449	1
243	450	-1
243	454	-1
243	455	-1
243	456	1
243	457	1
243	458	1
243	462	1
243	463	-1
243	467	-1
243	472	1
243	473	-1
243	474	-1
243	475	1
243	476	1
243	479	1
243	481	-1
243	486	1
243	488	-1
243	489	-1
243	490	1
243	491	1
243	495	-1
243	496	1
243	499	-1
244	245	1
244	247	1
244	248	1
244	249	-1
244	250	-1
244	251	1
244	252	1
244	253	-1
244	261	-1
244	263	-1
244	264	1
244	265	1
244	266	1
244	268	-1
244	270	-1
244	271	1
244	272	1
244	273	-1
244	274	1
244	275	1
244	279	-1
244	281	-1
244	282	1
244	283	1
244	285	1
244	287	-1
244	289	-1
244	291	1
244	294	-1
244	299	-1
244	300	1
244	306	-1
244	310	-1
244	311	-1
244	312	1
244	313	-1
244	314	1
244	315	1
244	316	-1
244	317	-1
244	319	1
244	320	-1
244	321	1
244	322	1
244	323	-1
244	324	-1
244	325	1
244	326	1
244	328	1
244	331	-1
244	332	-1
244	334	1
244	335	-1
244	338	-1
244	339	-1
244	341	-1
244	342	-1
244	343	1
244	345	1
244	346	1
244	348	1
244	350	-1
244	351	-1
244	353	1
244	355	-1
244	356	-1
244	359	-1
244	360	-1
244	361	-1
244	362	1
244	365	1
244	369	-1
244	370	-1
244	372	1
244	373	1
244	374	-1
244	376	1
244	377	-1
244	379	-1
244	381	1
244	382	-1
244	384	-1
244	386	-1
244	387	-1
244	388	1
244	389	-1
244	390	-1
244	393	1
244	394	-1
244	395	1
244	396	1
244	397	1
244	399	1
244	400	1
244	402	-1
244	404	1
244	406	-1
244	407	1
244	408	-1
244	409	1
244	410	-1
244	412	1
244	413	1
244	414	-1
244	421	1
244	424	1
244	425	-1
244	428	-1
244	430	1
244	431	1
244	433	-1
244	434	-1
244	436	1
244	439	-1
244	440	-1
244	442	-1
244	443	-1
244	445	1
244	446	1
244	448	-1
244	455	1
244	456	1
244	457	-1
244	458	1
244	459	-1
244	460	-1
244	462	1
244	466	-1
244	467	1
244	468	-1
244	471	1
244	473	1
244	477	-1
244	478	-1
244	481	-1
244	482	1
244	484	-1
244	485	1
244	486	-1
244	488	-1
244	489	-1
244	490	-1
244	492	1
244	494	1
244	495	1
244	496	1
244	499	1
245	246	-1
245	247	-1
245	249	1
245	252	1
245	254	-1
245	255	-1
245	257	1
245	259	-1
245	260	1
245	261	1
245	262	-1
245	263	-1
245	269	1
245	274	-1
245	275	1
245	276	1
245	278	-1
245	282	-1
245	284	-1
245	286	-1
245	288	1
245	290	1
245	291	-1
245	292	-1
245	295	-1
245	300	-1
245	302	1
245	310	1
245	311	-1
245	312	1
245	313	1
245	318	1
245	321	-1
245	323	1
245	324	1
245	325	-1
245	326	-1
245	329	-1
245	331	1
245	332	1
245	333	1
245	335	1
245	336	1
245	338	-1
245	342	1
245	345	1
245	347	1
245	348	-1
245	350	1
245	351	-1
245	353	1
245	354	1
245	355	1
245	356	-1
245	358	-1
245	359	-1
245	362	-1
245	363	1
245	364	1
245	365	-1
245	366	1
245	368	1
245	370	-1
245	374	-1
245	376	-1
245	378	1
245	380	1
245	381	-1
245	382	1
245	388	1
245	393	1
245	398	-1
245	399	1
245	401	1
245	404	1
245	405	1
245	406	-1
245	408	-1
245	411	-1
245	413	-1
245	416	-1
245	422	-1
245	423	1
245	425	1
245	426	1
245	428	-1
245	431	-1
245	432	-1
245	433	-1
245	434	-1
245	435	-1
245	436	-1
245	437	-1
245	438	-1
245	439	-1
245	440	-1
245	441	1
245	443	1
245	445	-1
245	446	1
245	451	-1
245	454	1
245	455	1
245	456	1
245	459	1
245	460	1
245	463	1
245	465	1
245	469	1
245	470	-1
245	472	1
245	473	1
245	475	-1
245	478	-1
245	479	-1
245	480	1
245	481	1
245	482	1
245	483	-1
245	486	-1
245	487	-1
245	490	1
245	491	-1
245	493	-1
245	494	-1
245	496	-1
245	498	1
245	499	-1
246	251	1
246	253	-1
246	254	-1
246	255	1
246	259	-1
246	261	1
246	263	1
246	266	-1
246	267	1
246	268	1
246	275	1
246	276	1
246	277	1
246	279	-1
246	280	1
246	282	-1
246	285	1
246	286	-1
246	288	-1
246	289	-1
246	290	-1
246	291	1
246	293	-1
246	295	1
246	296	-1
246	297	-1
246	298	1
246	299	-1
246	300	-1
246	304	1
246	305	-1
246	306	-1
246	312	-1
246	313	-1
246	315	1
246	317	1
246	321	1
246	322	1
246	323	-1
246	324	-1
246	325	1
246	326	-1
246	327	-1
246	329	1
246	331	1
246	332	-1
246	333	-1
246	335	-1
246	337	1
246	338	1
246	339	1
246	341	1
246	345	-1
246	346	-1
246	348	-1
246	349	1
246	351	1
246	352	-1
246	353	1
246	354	-1
246	355	-1
246	363	-1
246	370	-1
246	371	-1
246	373	1
246	374	1
246	375	-1
246	376	-1
246	377	-1
246	378	-1
246	380	-1
246	383	-1
246	385	1
246	386	1
246	389	1
246	395	1
246	397	1
246	399	-1
246	400	1
246	402	-1
246	403	-1
246	409	1
246	410	1
246	412	1
246	413	-1
246	414	-1
246	417	-1
246	418	-1
246	419	1
246	422	-1
246	423	-1
246	424	-1
246	425	1
246	426	-1
246	427	-1
246	430	-1
246	431	1
246	432	1
246	435	-1
246	436	1
246	437	-1
246	438	1
246	440	1
246	441	1
246	442	-1
246	446	1
246	447	-1
246	448	1
246	453	1
246	454	-1
246	456	1
246	457	1
246	460	1
246	461	-1
246	462	1
246	464	-1
246	465	-1
246	467	1
246	468	1
246	469	-1
246	471	1
246	472	1
246	473	-1
246	477	1
246	480	1
246	486	-1
246	487	1
246	488	1
246	489	1
246	491	-1
246	492	1
246	494	-1
246	496	1
246	498	1
246	499	1
247	249	-1
247	250	-1
247	253	1
247	254	1
247	257	1
247	258	-1
247	259	-1
247	260	-1
247	261	-1
247	265	1
247	267	1
247	270	-1
247	271	1
247	274	-1
247	277	1
247	279	-1
247	284	1
247	285	1
247	286	-1
247	289	1
247	292	1
247	293	-1
247	296	-1
247	298	1
247	299	-1
247	301	1
247	303	1
247	305	-1
247	306	1
247	308	-1
247	311	1
247	314	-1
247	319	-1
247	320	-1
247	321	-1
247	322	1
247	329	-1
247	330	-1
247	331	1
247	333	-1
247	334	-1
247	335	-1
247	336	1
247	338	1
247	339	1
247	340	-1
247	341	-1
247	343	1
247	344	1
247	347	1
247	348	1
247	349	-1
247	351	1
247	354	-1
247	355	1
247	357	-1
247	358	-1
247	360	1
247	361	1
247	364	-1
247	366	1
247	370	1
247	373	-1
247	374	-1
247	376	-1
247	379	-1
247	380	-1
247	381	-1
247	382	1
247	384	1
247	386	1
247	387	1
247	388	-1
247	389	-1
247	391	1
247	393	-1
247	395	1
247	396	-1
247	402	1
247	403	-1
247	404	1
247	407	-1
247	408	-1
247	409	-1
247	415	1
247	418	1
247	421	-1
247	423	1
247	424	1
247	425	-1
247	426	-1
247	428	1
247	429	-1
247	430	-1
247	434	1
247	439	-1
247	441	-1
247	451	1
247	456	1
247	457	-1
247	464	1
247	469	1
247	471	1
247	477	1
247	480	1
247	481	-1
247	482	1
247	484	1
247	485	-1
247	491	-1
247	493	-1
247	494	-1
247	495	-1
247	496	-1
247	497	1
247	499	1
248	252	-1
248	253	1
248	254	-1
248	255	-1
248	259	-1
248	261	-1
248	262	1
248	263	1
248	268	-1
248	269	-1
248	274	1
248	276	1
248	277	-1
248	278	1
248	279	1
248	283	-1
248	284	-1
248	285	1
248	287	-1
248	290	-1
248	295	-1
248	296	1
248	298	-1
248	299	1
248	300	-1
248	306	-1
248	307	1
248	314	-1
248	316	1
248	317	1
248	319	-1
248	322	1
248	323	1
248	325	-1
248	327	-1
248	328	-1
248	329	1
248	330	1
248	331	1
248	332	-1
248	333	-1
248	335	-1
248	336	-1
248	337	-1
248	338	1
248	340	1
248	341	1
248	342	1
248	344	-1
248	345	-1
248	346	1
248	348	-1
248	351	1
248	352	1
248	353	1
248	358	1
248	361	-1
248	365	-1
248	368	-1
248	371	-1
248	372	1
248	375	-1
248	377	1
248	378	-1
248	379	1
248	381	1
248	383	1
248	384	1
248	390	1
248	391	1
248	393	-1
248	395	1
248	396	1
248	397	1
248	398	-1
248	401	-1
248	403	1
248	404	-1
248	407	-1
248	410	1
248	411	1
248	414	-1
248	415	1
248	417	-1
248	418	-1
248	419	-1
248	421	1
248	422	1
248	423	-1
248	426	-1
248	427	1
248	429	1
248	432	1
248	434	-1
248	436	1
248	437	1
248	438	1
248	440	1
248	441	-1
248	442	1
248	444	-1
248	446	-1
248	447	-1
248	448	-1
248	449	1
248	450	1
248	451	-1
248	453	-1
248	454	1
248	455	1
248	457	-1
248	458	-1
248	461	1
248	462	-1
248	464	-1
248	469	-1
248	470	-1
248	471	-1
248	474	-1
248	479	1
248	480	-1
248	481	1
248	484	-1
248	485	-1
248	486	-1
248	487	-1
248	488	-1
248	489	-1
248	490	1
248	491	-1
248	494	1
249	252	-1
249	253	1
249	257	-1
249	258	-1
249	259	-1
249	260	1
249	262	-1
249	263	-1
249	267	1
249	268	-1
249	270	-1
249	274	1
249	275	1
249	279	1
249	282	-1
249	287	1
249	289	1
249	291	1
249	297	-1
249	299	-1
249	301	-1
249	302	1
249	305	1
249	306	-1
249	307	-1
249	308	-1
249	312	1
249	314	-1
249	315	-1
249	316	-1
249	317	1
249	318	-1
249	319	-1
249	323	1
249	324	1
249	325	1
249	327	1
249	329	-1
249	330	-1
249	331	-1
249	332	-1
249	334	1
249	337	-1
249	343	-1
249	347	-1
249	348	-1
249	349	-1
249	350	1
249	353	-1
249	354	1
249	355	1
249	356	1
249	357	-1
249	358	-1
249	359	1
249	360	-1
249	363	-1
249	365	-1
249	366	1
249	368	-1
249	369	-1
249	371	1
249	373	1
249	374	-1
249	375	1
249	376	1
249	377	-1
249	380	-1
249	382	1
249	383	1
249	385	-1
249	386	1
249	388	1
249	389	1
249	390	-1
249	391	1
249	395	1
249	396	1
249	398	-1
249	400	-1
249	401	1
249	403	-1
249	405	-1
249	407	-1
249	410	1
249	413	-1
249	416	-1
249	417	-1
249	419	-1
249	420	-1
249	421	1
249	424	1
249	425	1
249	426	-1
249	428	-1
249	430	1
249	433	-1
249	434	1
249	435	-1
249	436	1
249	437	1
249	440	1
249	444	1
249	446	-1
249	447	-1
249	453	-1
249	455	1
249	461	1
249	463	-1
249	465	1
249	469	-1
249	470	-1
249	471	-1
249	472	-1
249	473	-1
249	476	1
249	477	1
249	481	-1
249	485	1
249	487	-1
249	489	-1
249	490	1
249	493	1
250	251	1
250	252	-1
250	255	1
250	257	1
250	258	-1
250	259	1
250	260	1
250	262	-1
250	263	-1
250	264	1
250	265	1
250	266	-1
250	268	1
250	269	-1
250	270	1
250	271	1
250	273	-1
250	276	-1
250	277	1
250	283	1
250	284	-1
250	286	1
250	289	1
250	291	-1
250	293	-1
250	295	1
250	297	-1
250	300	1
250	305	1
250	308	1
250	309	1
250	310	1
250	311	-1
250	315	-1
250	316	1
250	317	-1
250	318	1
250	323	-1
250	324	-1
250	325	1
250	326	1
250	327	-1
250	328	-1
250	331	1
250	334	-1
250	335	1
250	337	-1
250	338	-1
250	340	1
250	342	-1
250	345	-1
250	346	1
250	351	-1
250	354	-1
250	357	-1
250	358	1
250	361	-1
250	362	-1
250	363	-1
250	364	1
250	365	1
250	366	-1
250	367	-1
250	368	1
250	373	1
250	374	-1
250	375	-1
250	376	-1
250	377	1
250	379	1
250	381	1
250	383	-1
250	384	-1
250	387	-1
250	388	1
250	391	1
250	392	-1
250	393	-1
250	395	1
250	398	-1
250	400	1
250	401	-1
250	402	-1
250	403	1
250	404	-1
250	407	-1
250	408	1
250	409	-1
250	411	-1
250	412	1
250	416	1
250	417	1
250	423	-1
250	424	-1
250	426	-1
250	430	1
250	432	1
250	435	1
250	438	-1
250	439	-1
250	440	-1
250	441	1
250	445	1
250	447	1
250	448	1
250	449	1
250	451	1
250	454	-1
250	455	-1
250	457	-1
250	458	1
250	463	1
250	469	-1
250	470	-1
250	471	-1
250	472	-1
250	473	-1
250	474	1
250	475	1
250	476	-1
250	479	1
250	482	-1
250	484	1
250	485	1
250	488	-1
250	489	-1
250	490	1
250	491	-1
250	494	-1
250	498	-1
251	252	-1
251	253	-1
251	254	1
251	257	-1
251	259	-1
251	260	-1
251	262	-1
251	268	1
251	270	-1
251	271	-1
251	273	1
251	274	-1
251	276	1
251	281	1
251	283	1
251	284	1
251	286	1
251	290	-1
251	292	-1
251	297	-1
251	298	1
251	299	1
251	304	1
251	305	-1
251	306	-1
251	307	1
251	310	1
251	312	1
251	314	-1
251	316	1
251	319	1
251	320	-1
251	322	1
251	323	-1
251	326	1
251	327	1
251	328	-1
251	329	1
251	330	1
251	332	-1
251	334	1
251	335	1
251	336	1
251	339	-1
251	341	-1
251	342	1
251	344	1
251	348	-1
251	350	-1
251	352	1
251	355	1
251	356	1
251	358	-1
251	359	-1
251	360	-1
251	361	-1
251	362	1
251	364	-1
251	368	-1
251	369	1
251	370	-1
251	371	-1
251	372	1
251	373	-1
251	376	-1
251	378	-1
251	380	-1
251	383	-1
251	385	-1
251	386	1
251	387	-1
251	390	1
251	391	-1
251	392	1
251	397	-1
251	400	1
251	404	1
251	406	1
251	407	1
251	408	-1
251	416	1
251	422	-1
251	423	1
251	426	-1
251	430	-1
251	433	-1
251	434	1
251	435	1
251	437	-1
251	438	1
251	439	-1
251	441	-1
251	444	1
251	446	-1
251	448	-1
251	449	1
251	450	1
251	453	1
251	454	-1
251	456	1
251	457	-1
251	458	1
251	460	-1
251	461	-1
251	462	-1
251	466	1
251	467	1
251	472	-1
251	474	-1
251	476	-1
251	477	1
251	478	-1
251	479	1
251	482	1
251	484	1
251	485	-1
251	490	-1
251	491	1
251	492	1
251	494	1
251	496	1
251	497	-1
252	253	-1
252	258	1
252	259	1
252	263	1
252	268	-1
252	270	1
252	273	-1
252	274	1
252	276	1
252	278	1
252	280	1
252	281	1
252	282	-1
252	284	1
252	287	-1
252	288	-1
252	289	-1
252	290	-1
252	293	1
252	294	1
252	297	-1
252	300	1
252	302	1
252	303	-1
252	309	1
252	310	-1
252	311	-1
252	312	1
252	313	1
252	314	1
252	315	-1
252	317	1
252	318	-1
252	319	-1
252	320	1
252	321	1
252	325	1
252	327	-1
252	330	-1
252	331	-1
252	332	1
252	333	1
252	334	-1
252	337	-1
252	340	1
252	341	-1
252	342	1
252	343	1
252	345	-1
252	347	1
252	348	-1
252	350	-1
252	351	-1
252	354	1
252	355	-1
252	356	-1
252	357	1
252	359	-1
252	361	1
252	363	1
252	366	-1
252	369	-1
252	370	-1
252	373	1
252	376	1
252	379	1
252	380	-1
252	384	-1
252	385	1
252	387	-1
252	393	1
252	394	-1
252	396	1
252	397	-1
252	401	1
252	403	1
252	404	-1
252	405	-1
252	407	-1
252	409	-1
252	414	1
252	415	-1
252	418	-1
252	419	-1
252	421	1
252	422	1
252	423	-1
252	427	1
252	430	-1
252	431	-1
252	432	-1
252	435	1
252	439	-1
252	443	-1
252	447	-1
252	450	-1
252	452	-1
252	453	-1
252	456	-1
252	457	1
252	458	-1
252	459	1
252	460	-1
252	462	-1
252	463	-1
252	464	-1
252	466	-1
252	467	1
252	470	1
252	471	-1
252	474	-1
252	477	1
252	480	1
252	481	1
252	482	-1
252	483	-1
252	487	1
252	493	-1
252	494	1
252	495	1
252	496	-1
252	497	-1
253	254	-1
253	259	-1
253	260	1
253	261	1
253	262	1
253	263	1
253	264	1
253	266	1
253	269	1
253	271	1
253	273	1
253	275	1
253	279	-1
253	281	1
253	282	-1
253	283	-1
253	284	1
253	285	-1
253	287	1
253	288	1
253	289	1
253	291	1
253	292	1
253	293	1
253	295	1
253	296	1
253	303	1
253	308	-1
253	311	1
253	314	1
253	316	1
253	317	1
253	318	1
253	319	-1
253	320	-1
253	321	1
253	322	1
253	326	-1
253	327	1
253	328	1
253	329	-1
253	330	-1
253	334	1
253	335	1
253	337	1
253	339	-1
253	344	-1
253	348	-1
253	349	1
253	351	-1
253	356	1
253	357	1
253	361	1
253	362	1
253	363	1
253	364	1
253	367	-1
253	370	-1
253	372	-1
253	376	-1
253	378	1
253	384	-1
253	385	-1
253	386	-1
253	389	-1
253	390	-1
253	392	-1
253	395	-1
253	396	-1
253	399	-1
253	401	1
253	403	-1
253	406	1
253	408	-1
253	412	-1
253	413	1
253	414	1
253	415	1
253	419	1
253	421	-1
253	423	1
253	426	-1
253	428	-1
253	429	-1
253	430	-1
253	432	-1
253	437	-1
253	439	-1
253	441	1
253	442	1
253	443	-1
253	444	-1
253	446	1
253	450	1
253	451	1
253	453	1
253	454	-1
253	457	-1
253	458	1
253	459	1
253	462	1
253	465	1
253	467	1
253	470	-1
253	473	1
253	476	-1
253	477	1
253	478	1
253	481	-1
253	486	-1
253	488	1
253	489	1
253	490	-1
253	491	1
253	492	-1
253	498	1
253	499	1
254	255	1
254	257	-1
254	261	1
254	263	-1
254	264	-1
254	268	1
254	270	-1
254	271	-1
254	272	1
254	275	1
254	276	-1
254	278	-1
254	280	-1
254	281	1
254	287	-1
254	294	1
254	295	1
254	296	1
254	298	1
254	304	-1
254	308	-1
254	309	1
254	311	1
254	312	1
254	313	1
254	315	1
254	320	-1
254	322	1
254	323	-1
254	328	1
254	330	-1
254	338	-1
254	339	1
254	340	-1
254	344	1
254	345	-1
254	347	1
254	349	1
254	355	1
254	356	-1
254	357	-1
254	365	-1
254	367	-1
254	368	1
254	371	1
254	376	1
254	377	1
254	378	1
254	379	1
254	382	1
254	383	1
254	384	-1
254	385	-1
254	386	1
254	387	-1
254	388	-1
254	390	-1
254	391	1
254	392	1
254	396	1
254	399	1
254	400	1
254	402	1
254	403	1
254	404	1
254	406	-1
254	407	-1
254	413	-1
254	415	1
254	417	-1
254	419	-1
254	420	-1
254	422	1
254	425	1
254	426	1
254	428	1
254	432	-1
254	435	-1
254	439	1
254	441	1
254	444	1
254	445	-1
254	447	-1
254	450	1
254	453	1
254	454	-1
254	457	1
254	458	-1
254	461	1
254	462	-1
254	465	-1
254	466	-1
254	467	1
254	468	1
254	472	1
254	475	-1
254	476	1
254	481	1
254	482	1
254	483	1
254	484	1
254	486	1
254	487	-1
254	489	1
254	490	-1
254	491	1
254	492	1
254	494	1
254	497	1
255	256	1
255	257	1
255	258	-1
255	259	-1
255	261	1
255	262	-1
255	263	1
255	264	-1
255	265	-1
255	267	1
255	269	1
255	270	-1
255	277	1
255	278	-1
255	281	-1
255	284	-1
255	285	-1
255	286	-1
255	289	-1
255	290	-1
255	292	-1
255	301	1
255	306	1
255	307	-1
255	309	-1
255	310	1
255	312	1
255	314	1
255	316	-1
255	318	1
255	323	-1
255	326	1
255	331	1
255	332	1
255	334	-1
255	337	1
255	339	1
255	340	1
255	341	1
255	342	-1
255	343	-1
255	345	1
255	346	-1
255	349	1
255	350	-1
255	354	-1
255	355	-1
255	356	1
255	357	-1
255	360	-1
255	364	-1
255	366	1
255	367	-1
255	369	1
255	371	-1
255	375	-1
255	376	-1
255	377	-1
255	381	-1
255	382	-1
255	383	-1
255	385	-1
255	388	1
255	390	-1
255	391	-1
255	392	-1
255	394	1
255	397	-1
255	399	-1
255	402	1
255	404	-1
255	405	-1
255	406	1
255	407	-1
255	410	1
255	411	1
255	412	1
255	413	1
255	415	1
255	419	1
255	421	-1
255	422	-1
255	424	1
255	426	-1
255	427	-1
255	432	-1
255	433	1
255	437	-1
255	442	-1
255	443	1
255	444	1
255	449	1
255	450	1
255	451	-1
255	452	1
255	453	-1
255	456	1
255	457	1
255	458	1
255	459	1
255	461	1
255	466	1
255	467	1
255	470	1
255	472	1
255	475	1
255	476	-1
255	478	1
255	479	-1
255	480	1
255	482	1
255	483	1
255	484	1
255	485	1
255	487	-1
255	489	1
255	495	-1
255	496	1
255	499	-1
256	257	1
256	258	-1
256	261	1
256	263	-1
256	266	-1
256	267	1
256	270	1
256	271	1
256	272	-1
256	278	1
256	280	-1
256	283	-1
256	284	1
256	286	1
256	287	-1
256	289	-1
256	290	-1
256	293	-1
256	295	1
256	297	1
256	298	1
256	299	-1
256	305	-1
256	306	-1
256	307	-1
256	310	1
256	311	1
256	312	-1
256	313	1
256	314	-1
256	315	1
256	317	1
256	318	1
256	319	1
256	323	-1
256	324	-1
256	327	-1
256	328	1
256	329	-1
256	331	-1
256	334	-1
256	335	-1
256	336	-1
256	337	1
256	338	-1
256	339	-1
256	340	-1
256	342	1
256	348	1
256	350	-1
256	353	1
256	355	1
256	356	-1
256	357	-1
256	359	-1
256	360	1
256	364	1
256	366	1
256	368	1
256	369	-1
256	370	1
256	373	1
256	376	1
256	378	-1
256	379	-1
256	380	-1
256	381	1
256	383	-1
256	384	1
256	387	1
256	388	1
256	389	-1
256	392	-1
256	393	-1
256	395	-1
256	396	-1
256	397	1
256	401	1
256	404	-1
256	405	-1
256	408	1
256	409	-1
256	413	-1
256	424	-1
256	425	-1
256	426	-1
256	427	1
256	429	1
256	431	1
256	433	-1
256	437	1
256	440	1
256	445	-1
256	447	-1
256	448	1
256	449	1
256	451	1
256	452	-1
256	453	1
256	454	-1
256	462	-1
256	465	-1
256	466	-1
256	468	-1
256	470	-1
256	471	-1
256	473	1
256	474	1
256	477	1
256	478	1
256	480	-1
256	482	-1
256	484	1
256	485	1
256	486	1
256	487	-1
256	488	-1
256	492	-1
256	493	1
256	495	-1
256	497	1
257	258	1
257	259	-1
257	264	1
257	266	-1
257	267	1
257	270	1
257	273	-1
257	274	-1
257	275	-1
257	277	1
257	278	-1
257	282	-1
257	286	-1
257	288	1
257	291	-1
257	292	-1
257	294	1
257	296	-1
257	297	1
257	298	-1
257	299	-1
257	302	-1
257	303	-1
257	304	-1
257	308	1
257	309	-1
257	311	-1
257	313	1
257	317	1
257	318	-1
257	320	1
257	321	1
257	324	-1
257	325	-1
257	326	-1
257	327	-1
257	328	1
257	329	-1
257	330	-1
257	338	-1
257	339	-1
257	341	1
257	342	1
257	345	1
257	347	1
257	349	1
257	353	-1
257	363	-1
257	364	1
257	365	1
257	366	-1
257	367	-1
257	368	-1
257	369	1
257	373	1
257	375	1
257	376	1
257	379	-1
257	380	1
257	385	-1
257	387	1
257	388	-1
257	391	1
257	392	-1
257	394	-1
257	396	-1
257	401	-1
257	402	1
257	404	1
257	405	-1
257	407	-1
257	409	1
257	410	1
257	414	-1
257	418	1
257	426	-1
257	428	-1
257	429	-1
257	430	-1
257	431	1
257	433	-1
257	440	-1
257	441	-1
257	444	1
257	446	1
257	448	1
257	449	-1
257	450	1
257	452	1
257	453	-1
257	456	1
257	457	-1
257	458	1
257	462	1
257	463	1
257	467	1
257	468	1
257	472	-1
257	474	-1
257	476	-1
257	477	1
257	478	1
257	479	-1
257	481	1
257	486	1
257	487	-1
257	488	1
257	492	1
257	494	1
257	496	-1
257	497	1
257	498	-1
258	259	1
258	263	-1
258	266	1
258	267	-1
258	268	1
258	273	-1
258	274	1
258	276	1
258	279	1
258	280	1
258	284	1
258	285	-1
258	288	-1
258	289	1
258	291	-1
258	292	1
258	294	1
258	295	1
258	297	-1
258	298	-1
258	305	-1
258	310	-1
258	312	-1
258	314	1
258	315	1
258	316	1
258	318	1
258	321	1
258	325	-1
258	331	-1
258	332	1
258	333	1
258	334	1
258	339	-1
258	340	1
258	342	1
258	343	1
258	344	1
258	346	1
258	348	1
258	352	-1
258	355	-1
258	356	1
258	357	1
258	358	1
258	360	-1
258	362	1
258	364	-1
258	365	1
258	369	-1
258	371	-1
258	373	1
258	374	-1
258	376	-1
258	377	-1
258	378	-1
258	380	-1
258	381	1
258	382	1
258	383	1
258	384	1
258	385	-1
258	386	-1
258	388	-1
258	389	-1
258	390	-1
258	391	-1
258	392	1
258	393	1
258	394	1
258	397	-1
258	398	1
258	399	-1
258	400	1
258	401	1
258	403	-1
258	407	1
258	409	1
258	410	1
258	415	-1
258	416	-1
258	417	-1
258	419	1
258	422	1
258	424	-1
258	427	-1
258	431	1
258	432	-1
258	436	-1
258	437	1
258	438	1
258	440	-1
258	442	1
258	443	1
258	445	1
258	447	1
258	449	-1
258	452	-1
258	457	1
258	458	-1
258	459	-1
258	461	-1
258	467	1
258	471	-1
258	473	1
258	474	1
258	475	1
258	476	-1
258	478	1
258	481	1
258	482	1
258	484	-1
258	486	-1
258	487	-1
258	488	1
258	489	1
258	490	-1
258	491	1
258	494	1
258	496	1
258	498	-1
259	261	1
259	263	-1
259	266	-1
259	267	1
259	268	-1
259	272	1
259	273	-1
259	275	-1
259	278	1
259	280	1
259	282	-1
259	283	-1
259	290	1
259	293	-1
259	296	1
259	297	1
259	298	-1
259	300	-1
259	303	1
259	304	-1
259	306	-1
259	308	1
259	310	1
259	312	-1
259	315	-1
259	318	1
259	319	1
259	320	1
259	326	1
259	328	-1
259	332	1
259	333	1
259	335	-1
259	336	1
259	337	-1
259	338	1
259	339	1
259	341	1
259	342	-1
259	343	-1
259	345	1
259	349	1
259	350	-1
259	351	-1
259	354	-1
259	355	1
259	356	-1
259	357	1
259	359	1
259	360	1
259	362	1
259	367	-1
259	370	1
259	371	-1
259	372	-1
259	378	-1
259	382	-1
259	383	1
259	387	1
259	388	1
259	389	-1
259	392	1
259	397	1
259	400	1
259	402	1
259	403	1
259	404	1
259	405	-1
259	406	-1
259	408	-1
259	410	-1
259	411	-1
259	414	-1
259	416	-1
259	417	1
259	419	1
259	423	-1
259	425	-1
259	427	-1
259	428	1
259	429	-1
259	430	-1
259	431	-1
259	432	1
259	437	1
259	441	1
259	443	1
259	444	1
259	448	-1
259	449	1
259	452	1
259	454	1
259	457	1
259	458	1
259	459	1
259	460	1
259	462	1
259	463	-1
259	464	-1
259	466	1
259	468	1
259	469	-1
259	470	-1
259	472	-1
259	474	1
259	478	-1
259	479	1
259	480	-1
259	481	1
259	482	1
259	485	-1
259	488	-1
259	489	-1
259	493	-1
259	495	-1
260	261	1
260	262	-1
260	263	-1
260	266	-1
260	268	-1
260	270	-1
260	271	-1
260	273	1
260	278	-1
260	280	1
260	285	-1
260	286	-1
260	287	-1
260	288	-1
260	291	-1
260	296	-1
260	297	-1
260	300	-1
260	301	1
260	305	1
260	309	-1
260	311	-1
260	312	-1
260	313	-1
260	314	-1
260	315	-1
260	316	-1
260	317	1
260	318	1
260	319	-1
260	320	1
260	321	-1
260	326	1
260	328	-1
260	330	1
260	333	1
260	334	-1
260	336	1
260	337	1
260	338	1
260	339	-1
260	340	1
260	342	1
260	345	1
260	346	-1
260	347	1
260	348	-1
260	349	1
260	350	1
260	352	-1
260	354	-1
260	355	1
260	361	-1
260	362	1
260	363	1
260	366	-1
260	367	1
260	369	-1
260	371	1
260	372	1
260	374	-1
260	376	-1
260	377	-1
260	380	-1
260	382	1
260	383	1
260	387	1
260	395	-1
260	399	-1
260	402	1
260	408	-1
260	410	-1
260	411	-1
260	412	1
260	413	1
260	414	-1
260	415	-1
260	422	1
260	423	-1
260	424	-1
260	425	-1
260	426	-1
260	427	1
260	428	-1
260	429	1
260	432	1
260	433	1
260	434	-1
260	437	-1
260	438	-1
260	440	1
260	441	1
260	443	-1
260	446	1
260	447	1
260	449	1
260	451	1
260	456	1
260	458	-1
260	460	1
260	461	-1
260	462	1
260	466	-1
260	471	-1
260	473	-1
260	479	-1
260	480	1
260	484	1
260	485	1
260	491	-1
260	492	-1
260	494	1
260	495	-1
260	499	-1
261	262	1
261	265	1
261	266	1
261	267	-1
261	271	-1
261	272	1
261	274	1
261	275	1
261	277	-1
261	280	-1
261	282	-1
261	283	1
261	284	1
261	285	1
261	288	-1
261	289	-1
261	291	1
261	292	-1
261	295	-1
261	301	1
261	302	1
261	303	1
261	305	1
261	307	1
261	308	1
261	309	1
261	312	-1
261	313	-1
261	315	-1
261	316	-1
261	317	1
261	318	-1
261	320	1
261	321	1
261	327	-1
261	329	1
261	330	1
261	331	1
261	333	-1
261	334	1
261	335	1
261	336	1
261	339	1
261	343	1
261	344	-1
261	347	1
261	351	-1
261	353	-1
261	354	1
261	355	-1
261	356	-1
261	357	1
261	358	1
261	359	-1
261	360	1
261	361	-1
261	366	1
261	370	1
261	371	1
261	372	-1
261	378	-1
261	379	-1
261	381	-1
261	383	1
261	384	-1
261	386	-1
261	387	1
261	390	-1
261	392	-1
261	394	1
261	395	1
261	398	-1
261	401	1
261	404	-1
261	405	-1
261	406	1
261	410	1
261	413	1
261	414	1
261	418	1
261	420	-1
261	421	1
261	422	1
261	423	1
261	424	-1
261	427	-1
261	428	1
261	432	1
261	433	-1
261	434	-1
261	439	1
261	440	1
261	441	1
261	443	-1
261	447	1
261	451	-1
261	452	1
261	454	-1
261	456	-1
261	457	1
261	458	1
261	461	-1
261	462	-1
261	463	-1
261	465	1
261	469	-1
261	470	-1
261	472	-1
261	475	1
261	478	1
261	479	1
261	480	1
261	481	-1
261	483	1
261	484	-1
261	486	-1
261	487	-1
261	490	-1
261	492	1
261	493	-1
261	494	1
261	499	1
262	263	1
262	264	-1
262	267	-1
262	268	1
262	270	-1
262	271	-1
262	272	-1
262	273	-1
262	274	-1
262	276	-1
262	277	1
262	280	-1
262	282	-1
262	283	-1
262	284	1
262	286	1
262	291	1
262	293	-1
262	295	1
262	296	1
262	301	-1
262	305	-1
262	306	1
262	307	1
262	309	1
262	311	1
262	313	1
262	315	1
262	316	1
262	321	1
262	322	-1
262	323	1
262	324	-1
262	325	1
262	327	1
262	328	-1
262	333	1
262	337	1
262	341	1
262	345	1
262	348	1
262	349	-1
262	350	-1
262	351	-1
262	352	-1
262	353	1
262	355	1
262	356	1
262	357	-1
262	359	1
262	360	1
262	362	-1
262	363	1
262	367	1
262	370	-1
262	373	-1
262	375	-1
262	377	1
262	383	-1
262	384	1
262	385	-1
262	390	1
262	392	1
262	393	1
262	396	-1
262	397	-1
262	398	-1
262	399	1
262	400	1
262	402	1
262	403	-1
262	405	-1
262	408	-1
262	410	1
262	412	1
262	413	-1
262	421	-1
262	422	-1
262	424	-1
262	427	-1
262	429	-1
262	432	-1
262	439	1
262	441	1
262	444	1
262	446	1
262	447	-1
262	448	-1
262	450	1
262	452	-1
262	455	1
262	459	1
262	460	1
262	465	-1
262	469	-1
262	470	-1
262	472	-1
262	473	-1
262	476	-1
262	477	1
262	479	-1
262	481	-1
262	482	1
262	483	1
262	484	-1
262	488	1
262	489	1
262	492	-1
262	496	-1
262	497	1
263	265	-1
263	266	-1
263	271	1
263	272	1
263	273	-1
263	281	1
263	282	1
263	283	1
263	284	1
263	288	-1
263	290	1
263	292	1
263	293	1
263	298	-1
263	299	-1
263	304	1
263	305	1
263	306	1
263	309	-1
263	311	1
263	312	1
263	314	-1
263	315	1
263	316	-1
263	318	-1
263	319	-1
263	322	-1
263	323	1
263	325	-1
263	327	-1
263	329	1
263	333	-1
263	334	1
263	335	-1
263	336	-1
263	338	-1
263	339	-1
263	344	1
263	348	1
263	351	1
263	353	1
263	355	1
263	356	1
263	359	-1
263	360	-1
263	363	1
263	364	1
263	365	1
263	366	1
263	368	-1
263	369	1
263	375	1
263	378	1
263	379	1
263	380	1
263	382	1
263	385	1
263	386	1
263	387	-1
263	388	-1
263	389	1
263	390	1
263	393	1
263	394	1
263	395	1
263	396	-1
263	398	-1
263	400	-1
263	402	1
263	404	-1
263	405	1
263	408	-1
263	412	-1
263	414	-1
263	416	1
263	417	1
263	420	1
263	421	-1
263	424	-1
263	429	1
263	431	1
263	432	-1
263	433	1
263	434	-1
263	436	1
263	439	1
263	440	-1
263	444	-1
263	445	-1
263	446	1
263	447	1
263	448	-1
263	449	-1
263	450	1
263	451	1
263	452	1
263	454	1
263	455	1
263	456	1
263	457	1
263	458	1
263	460	-1
263	462	-1
263	463	-1
263	465	-1
263	467	-1
263	468	1
263	469	1
263	470	-1
263	475	-1
263	477	-1
263	478	1
263	479	-1
263	481	-1
263	483	1
263	484	1
263	485	1
263	489	-1
263	490	1
263	495	1
263	496	-1
263	497	-1
263	499	1
264	265	-1
264	269	-1
264	272	1
264	273	1
264	274	-1
264	276	-1
264	278	1
264	279	1
264	281	1
264	283	-1
264	284	1
264	285	-1
264	286	-1
264	287	1
264	288	-1
264	290	-1
264	291	-1
264	293	-1
264	298	-1
264	299	1
264	301	-1
264	302	-1
264	303	-1
264	304	1
264	307	1
264	308	-1
264	309	1
264	310	1
264	311	1
264	312	1
264	313	1
264	314	-1
264	315	1
264	316	1
264	318	-1
264	321	-1
264	325	1
264	330	1
264	331	1
264	334	1
264	336	-1
264	337	-1
264	339	-1
264	340	1
264	341	1
264	344	1
264	347	-1
264	348	1
264	349	1
264	350	-1
264	353	1
264	355	1
264	356	1
264	361	-1
264	363	1
264	364	1
264	366	1
264	367	1
264	369	1
264	371	-1
264	372	-1
264	375	1
264	378	-1
264	380	-1
264	384	-1
264	385	1
264	386	1
264	391	1
264	392	1
264	393	-1
264	394	1
264	396	1
264	397	-1
264	398	1
264	402	-1
264	404	1
264	405	-1
264	406	-1
264	412	-1
264	415	-1
264	417	1
264	418	-1
264	419	1
264	420	1
264	421	1
264	423	-1
264	424	1
264	426	1
264	427	-1
264	431	-1
264	432	-1
264	435	1
264	436	-1
264	439	1
264	440	1
264	441	-1
264	442	1
264	443	1
264	445	-1
264	447	-1
264	448	-1
264	449	1
264	450	1
264	452	-1
264	460	1
264	462	1
264	464	1
264	470	1
264	471	-1
264	472	-1
264	475	1
264	476	1
264	478	1
264	481	-1
264	483	1
264	484	1
264	486	1
264	488	1
264	490	1
264	491	-1
264	494	1
264	498	-1
265	266	1
265	267	-1
265	270	-1
265	272	-1
265	274	-1
265	278	1
265	279	-1
265	282	1
265	283	-1
265	285	1
265	286	1
265	287	-1
265	288	1
265	289	1
265	292	-1
265	293	1
265	294	-1
265	295	1
265	298	1
265	299	1
265	303	-1
265	305	1
265	306	1
265	307	-1
265	310	-1
265	313	-1
265	317	-1
265	319	1
265	320	1
265	321	-1
265	322	1
265	323	-1
265	324	-1
265	327	-1
265	328	-1
265	330	-1
265	331	-1
265	335	-1
265	337	1
265	339	1
265	342	-1
265	344	-1
265	345	-1
265	347	-1
265	348	1
265	351	-1
265	354	1
265	357	-1
265	359	1
265	360	1
265	362	1
265	363	-1
265	365	-1
265	371	-1
265	373	-1
265	374	1
265	376	1
265	377	-1
265	378	1
265	381	-1
265	384	1
265	388	1
265	390	1
265	391	1
265	399	-1
265	400	1
265	402	-1
265	412	-1
265	413	-1
265	415	-1
265	417	1
265	418	-1
265	419	1
265	422	-1
265	425	-1
265	428	-1
265	429	-1
265	434	1
265	435	1
265	440	1
265	443	-1
265	444	1
265	450	-1
265	451	-1
265	452	1
265	453	-1
265	454	-1
265	456	-1
265	457	1
265	458	1
265	462	1
265	463	1
265	464	1
265	465	-1
265	466	1
265	467	1
265	469	1
265	471	-1
265	472	1
265	473	1
265	474	1
265	475	1
265	476	1
265	482	-1
265	486	1
265	488	-1
265	489	-1
265	493	1
265	494	-1
265	495	1
266	267	1
266	268	-1
266	269	1
266	270	-1
266	273	1
266	274	1
266	275	1
266	277	1
266	281	1
266	284	-1
266	285	1
266	286	1
266	287	-1
266	288	1
266	291	1
266	292	-1
266	294	-1
266	296	-1
266	298	1
266	300	-1
266	302	1
266	304	-1
266	306	-1
266	312	-1
266	313	-1
266	314	1
266	317	-1
266	318	-1
266	321	-1
266	322	-1
266	323	-1
266	325	-1
266	327	1
266	328	1
266	329	1
266	330	1
266	331	-1
266	332	1
266	334	1
266	336	-1
266	338	1
266	339	1
266	340	-1
266	343	-1
266	344	1
266	345	-1
266	354	-1
266	355	-1
266	360	1
266	361	1
266	362	-1
266	365	-1
266	368	-1
266	371	1
266	373	-1
266	378	-1
266	379	-1
266	382	-1
266	383	-1
266	385	-1
266	388	-1
266	393	1
266	395	-1
266	396	1
266	397	-1
266	399	-1
266	400	-1
266	403	1
266	407	-1
266	409	1
266	413	-1
266	415	1
266	416	1
266	417	1
266	418	-1
266	419	-1
266	420	-1
266	421	-1
266	422	1
266	425	-1
266	426	-1
266	431	1
266	434	1
266	435	-1
266	437	-1
266	438	1
266	439	-1
266	440	-1
266	441	1
266	443	1
266	447	-1
266	448	1
266	452	-1
266	453	1
266	455	1
266	456	1
266	457	-1
266	458	-1
266	459	-1
266	461	-1
266	464	1
266	465	-1
266	466	1
266	467	-1
266	469	-1
266	472	-1
266	474	1
266	475	-1
266	476	1
266	478	1
266	480	1
266	481	1
266	483	1
266	486	-1
266	487	-1
266	489	-1
266	491	1
266	492	-1
266	493	-1
266	495	-1
266	499	1
267	268	1
267	269	-1
267	270	1
267	272	1
267	273	-1
267	274	-1
267	275	-1
267	276	-1
267	277	-1
267	280	1
267	282	-1
267	285	-1
267	286	1
267	291	-1
267	292	-1
267	293	1
267	294	1
267	298	-1
267	302	1
267	303	-1
267	304	1
267	305	1
267	306	1
267	307	-1
267	308	1
267	311	1
267	317	1
267	323	-1
267	324	1
267	328	1
267	330	-1
267	331	1
267	334	1
267	335	-1
267	338	-1
267	339	1
267	343	1
267	346	-1
267	349	-1
267	351	-1
267	352	-1
267	354	-1
267	356	-1
267	357	1
267	364	1
267	365	1
267	366	1
267	367	-1
267	369	1
267	370	-1
267	372	-1
267	373	-1
267	375	-1
267	377	1
267	379	-1
267	381	1
267	382	1
267	383	1
267	385	1
267	390	1
267	391	-1
267	392	-1
267	397	1
267	398	1
267	403	-1
267	404	1
267	406	-1
267	407	1
267	409	-1
267	411	-1
267	412	-1
267	413	-1
267	414	1
267	416	1
267	420	1
267	421	-1
267	426	-1
267	427	-1
267	430	1
267	431	1
267	436	1
267	444	-1
267	445	-1
267	446	-1
267	448	-1
267	450	-1
267	452	1
267	453	-1
267	455	1
267	457	1
267	462	-1
267	464	-1
267	467	-1
267	469	-1
267	471	-1
267	473	-1
267	476	1
267	477	1
267	480	-1
267	482	1
267	483	1
267	484	1
267	485	1
267	487	-1
267	492	1
267	493	1
267	496	1
267	499	-1
268	269	1
268	270	1
268	271	1
268	272	-1
268	273	-1
268	276	-1
268	277	1
268	278	1
268	279	-1
268	281	-1
268	283	-1
268	284	-1
268	287	-1
268	289	1
268	291	1
268	292	-1
268	293	-1
268	297	1
268	304	1
268	305	1
268	306	-1
268	312	1
268	313	1
268	316	1
268	317	1
268	323	-1
268	327	1
268	328	-1
268	330	1
268	331	1
268	333	1
268	334	-1
268	337	1
268	338	-1
268	339	1
268	340	1
268	341	-1
268	348	-1
268	349	1
268	350	1
268	351	-1
268	354	1
268	355	1
268	357	-1
268	361	1
268	363	1
268	364	-1
268	365	-1
268	368	1
268	373	-1
268	375	-1
268	378	-1
268	379	1
268	380	-1
268	382	1
268	384	-1
268	385	1
268	389	1
268	390	1
268	391	-1
268	392	-1
268	394	1
268	395	-1
268	396	-1
268	399	1
268	400	1
268	401	1
268	403	-1
268	405	-1
268	410	-1
268	411	-1
268	414	1
268	418	1
268	420	1
268	424	-1
268	432	-1
268	433	1
268	434	-1
268	435	-1
268	437	-1
268	438	-1
268	439	-1
268	442	1
268	444	1
268	446	-1
268	447	-1
268	450	-1
268	451	1
268	452	-1
268	453	-1
268	454	1
268	456	1
268	457	1
268	459	1
268	461	1
268	462	1
268	463	-1
268	466	1
268	468	-1
268	471	1
268	472	1
268	474	1
268	475	-1
268	479	1
268	480	1
268	481	-1
268	482	-1
268	483	-1
268	485	1
268	487	-1
268	488	-1
268	489	-1
268	490	-1
268	497	-1
268	498	-1
268	499	-1
269	270	1
269	271	-1
269	273	1
269	274	-1
269	275	1
269	279	1
269	280	-1
269	281	-1
269	282	-1
269	285	-1
269	286	1
269	287	1
269	288	-1
269	290	-1
269	291	-1
269	292	-1
269	297	1
269	298	-1
269	300	-1
269	301	-1
269	302	-1
269	303	1
269	304	1
269	305	1
269	309	1
269	310	-1
269	311	1
269	314	-1
269	315	-1
269	316	-1
269	317	1
269	318	1
269	319	-1
269	320	-1
269	321	-1
269	322	1
269	325	-1
269	326	-1
269	328	1
269	331	1
269	334	-1
269	336	1
269	337	-1
269	338	1
269	342	-1
269	343	1
269	344	-1
269	350	-1
269	353	-1
269	354	-1
269	355	-1
269	357	1
269	358	1
269	359	1
269	360	1
269	361	1
269	363	1
269	366	-1
269	368	1
269	370	-1
269	372	1
269	374	1
269	375	-1
269	376	1
269	378	-1
269	379	-1
269	380	1
269	381	-1
269	384	1
269	385	1
269	386	1
269	387	-1
269	388	-1
269	392	-1
269	394	1
269	395	1
269	397	1
269	400	1
269	402	-1
269	403	1
269	405	1
269	407	1
269	409	1
269	411	1
269	413	-1
269	416	1
269	419	-1
269	420	1
269	422	1
269	423	1
269	424	-1
269	425	-1
269	426	1
269	427	1
269	428	-1
269	430	-1
269	431	-1
269	432	1
269	435	1
269	436	-1
269	440	-1
269	441	1
269	445	1
269	446	-1
269	452	-1
269	453	-1
269	455	-1
269	458	1
269	459	1
269	460	1
269	463	1
269	464	-1
269	465	-1
269	468	1
269	469	1
269	472	-1
269	474	1
269	476	1
269	477	1
269	479	-1
269	480	1
269	482	-1
269	485	1
269	486	-1
269	487	1
269	488	-1
269	490	-1
269	491	-1
269	492	1
269	495	-1
269	496	1
270	272	-1
270	274	-1
270	277	1
270	281	1
270	282	-1
270	284	1
270	285	-1
270	286	-1
270	292	1
270	293	-1
270	295	-1
270	296	-1
270	297	1
270	301	-1
270	303	1
270	304	1
270	305	-1
270	308	-1
270	309	-1
270	312	-1
270	314	1
270	315	1
270	318	-1
270	319	1
270	322	-1
270	323	-1
270	325	-1
270	327	-1
270	328	1
270	331	-1
270	334	-1
270	336	1
270	337	1
270	339	1
270	340	1
270	345	-1
270	347	-1
270	348	1
270	351	1
270	352	-1
270	353	1
270	354	1
270	356	1
270	357	1
270	360	1
270	362	1
270	364	1
270	365	1
270	367	-1
270	368	1
270	371	1
270	372	1
270	373	-1
270	374	1
270	376	1
270	377	1
270	380	-1
270	381	1
270	385	1
270	386	1
270	390	1
270	391	-1
270	392	-1
270	394	-1
270	397	1
270	398	-1
270	399	-1
270	402	1
270	403	-1
270	404	1
270	405	-1
270	408	-1
270	410	1
270	414	-1
270	417	1
270	418	-1
270	419	1
270	423	-1
270	425	1
270	426	-1
270	429	-1
270	431	1
270	432	-1
270	433	1
270	434	-1
270	435	1
270	436	1
270	437	-1
270	440	1
270	441	-1
270	443	1
270	445	-1
270	448	-1
270	449	-1
270	452	-1
270	453	-1
270	459	1
270	461	1
270	463	-1
270	466	-1
270	468	-1
270	469	1
270	470	-1
270	471	1
270	475	1
270	477	-1
270	482	1
270	489	1
270	490	1
270	493	-1
270	494	1
270	495	-1
270	497	1
270	499	1
271	272	1
271	275	-1
271	276	1
271	278	1
271	279	-1
271	280	-1
271	282	1
271	283	1
271	286	-1
271	288	1
271	289	-1
271	292	1
271	293	-1
271	294	-1
271	296	-1
271	297	1
271	298	1
271	301	-1
271	303	-1
271	304	-1
271	306	1
271	308	1
271	309	-1
271	311	1
271	312	-1
271	316	1
271	317	1
271	318	1
271	320	1
271	321	1
271	322	1
271	323	1
271	329	-1
271	330	-1
271	333	1
271	334	1
271	336	1
271	337	-1
271	338	1
271	340	-1
271	342	-1
271	345	1
271	347	1
271	349	1
271	350	1
271	353	1
271	357	1
271	360	-1
271	362	-1
271	365	-1
271	366	-1
271	368	1
271	369	1
271	372	-1
271	373	-1
271	377	-1
271	379	-1
271	380	1
271	382	-1
271	383	-1
271	384	1
271	385	-1
271	386	-1
271	390	-1
271	394	-1
271	395	-1
271	397	-1
271	400	1
271	401	1
271	402	-1
271	404	1
271	406	1
271	407	-1
271	415	-1
271	417	1
271	421	-1
271	422	1
271	427	-1
271	430	1
271	431	1
271	432	1
271	433	-1
271	434	1
271	435	1
271	437	1
271	438	-1
271	440	-1
271	443	-1
271	444	1
271	445	-1
271	446	1
271	449	1
271	451	-1
271	452	1
271	454	-1
271	455	-1
271	457	1
271	458	1
271	459	-1
271	460	1
271	462	-1
271	465	-1
271	467	-1
271	468	1
271	469	-1
271	471	-1
271	473	-1
271	474	1
271	475	-1
271	476	-1
271	477	1
271	478	-1
271	480	-1
271	481	1
271	484	-1
271	485	1
271	486	-1
271	487	-1
271	493	1
271	494	-1
271	496	-1
271	498	-1
271	499	1
272	273	1
272	276	-1
272	278	-1
272	279	-1
272	281	1
272	283	1
272	284	-1
272	285	1
272	286	1
272	287	1
272	289	-1
272	296	1
272	297	-1
272	298	1
272	300	-1
272	302	1
272	303	-1
272	306	1
272	309	-1
272	311	1
272	314	1
272	316	-1
272	320	1
272	321	-1
272	322	1
272	323	-1
272	324	1
272	327	-1
272	329	-1
272	331	1
272	334	-1
272	341	1
272	342	1
272	343	-1
272	345	1
272	346	1
272	351	1
272	352	1
272	362	1
272	367	1
272	369	1
272	370	1
272	371	-1
272	373	1
272	374	-1
272	378	-1
272	379	1
272	381	1
272	383	-1
272	386	1
272	387	1
272	388	-1
272	389	1
272	391	-1
272	392	1
272	394	1
272	395	-1
272	396	1
272	397	1
272	398	1
272	399	-1
272	400	-1
272	402	1
272	403	1
272	404	1
272	408	-1
272	409	1
272	413	1
272	415	-1
272	422	1
272	423	-1
272	424	-1
272	426	1
272	428	-1
272	429	1
272	431	1
272	433	1
272	434	-1
272	437	1
272	440	1
272	442	-1
272	444	1
272	449	1
272	450	1
272	452	1
272	453	1
272	457	-1
272	462	1
272	463	1
272	464	1
272	465	-1
272	467	1
272	471	1
272	477	-1
272	480	1
272	483	1
272	484	1
272	486	-1
272	487	-1
272	488	-1
272	489	1
272	490	1
272	491	-1
272	492	-1
272	493	1
272	496	-1
272	499	1
273	275	-1
273	276	1
273	278	1
273	281	1
273	282	1
273	285	-1
273	288	1
273	290	-1
273	292	-1
273	293	1
273	295	1
273	296	1
273	298	-1
273	299	1
273	300	1
273	303	-1
273	304	1
273	305	-1
273	309	-1
273	310	1
273	311	1
273	312	-1
273	313	-1
273	314	1
273	316	1
273	318	1
273	321	-1
273	324	1
273	325	1
273	326	-1
273	328	-1
273	329	1
273	330	-1
273	332	1
273	333	-1
273	337	1
273	338	-1
273	339	1
273	341	-1
273	342	1
273	347	-1
273	351	-1
273	352	1
273	353	-1
273	354	1
273	357	-1
273	360	-1
273	361	-1
273	362	1
273	364	1
273	366	1
273	367	-1
273	368	1
273	370	-1
273	372	-1
273	373	-1
273	376	1
273	377	-1
273	378	1
273	380	-1
273	381	-1
273	383	1
273	385	-1
273	387	1
273	389	-1
273	390	-1
273	394	-1
273	398	-1
273	400	-1
273	405	1
273	407	1
273	411	1
273	414	1
273	416	1
273	418	1
273	419	1
273	420	1
273	425	1
273	427	-1
273	428	-1
273	431	1
273	432	1
273	434	-1
273	435	-1
273	437	-1
273	439	1
273	440	-1
273	441	1
273	442	-1
273	443	1
273	447	-1
273	449	1
273	450	-1
273	451	1
273	452	-1
273	453	1
273	455	1
273	456	-1
273	461	-1
273	465	-1
273	467	1
273	472	1
273	473	1
273	475	1
273	478	-1
273	479	-1
273	482	1
273	483	1
273	485	-1
273	487	-1
273	489	-1
273	491	-1
273	495	-1
273	497	1
273	498	1
274	276	-1
274	277	-1
274	278	1
274	280	-1
274	282	-1
274	283	1
274	284	1
274	286	-1
274	287	1
274	289	1
274	290	1
274	291	1
274	294	1
274	296	1
274	297	-1
274	299	-1
274	303	-1
274	307	-1
274	309	1
274	315	1
274	317	-1
274	318	1
274	319	-1
274	320	-1
274	321	1
274	325	-1
274	326	1
274	327	1
274	328	1
274	329	1
274	330	-1
274	332	-1
274	333	-1
274	337	-1
274	338	1
274	339	-1
274	340	-1
274	341	-1
274	343	1
274	345	-1
274	347	-1
274	348	1
274	349	-1
274	350	-1
274	352	-1
274	355	-1
274	359	1
274	362	-1
274	364	1
274	365	-1
274	371	-1
274	372	1
274	373	-1
274	374	1
274	376	1
274	377	-1
274	378	1
274	379	-1
274	381	1
274	382	1
274	386	1
274	387	1
274	388	1
274	389	-1
274	396	-1
274	400	1
274	403	1
274	409	-1
274	411	-1
274	412	1
274	413	1
274	416	-1
274	418	-1
274	420	1
274	421	1
274	423	1
274	425	-1
274	426	-1
274	427	-1
274	428	1
274	431	1
274	436	-1
274	437	1
274	438	-1
274	440	1
274	442	1
274	445	1
274	446	-1
274	448	1
274	451	-1
274	452	1
274	458	1
274	459	-1
274	460	1
274	462	-1
274	471	1
274	474	1
274	475	-1
274	477	1
274	479	1
274	480	-1
274	483	-1
274	485	1
274	486	1
274	487	1
274	488	1
274	489	-1
274	490	-1
274	491	-1
274	493	-1
274	496	1
274	497	1
274	498	1
274	499	1
275	278	1
275	279	-1
275	280	-1
275	281	1
275	283	-1
275	285	1
275	287	1
275	291	-1
275	292	1
275	293	1
275	294	-1
275	297	-1
275	299	-1
275	300	1
275	302	1
275	304	-1
275	305	-1
275	307	1
275	310	1
275	311	-1
275	312	-1
275	316	1
275	317	1
275	318	-1
275	322	-1
275	324	-1
275	325	-1
275	328	1
275	329	-1
275	330	-1
275	333	-1
275	334	1
275	338	-1
275	340	-1
275	341	1
275	343	1
275	345	-1
275	346	1
275	347	-1
275	348	-1
275	350	1
275	352	-1
275	358	1
275	362	-1
275	363	1
275	365	1
275	367	1
275	369	1
275	371	-1
275	373	1
275	377	1
275	379	-1
275	380	1
275	381	-1
275	382	-1
275	383	-1
275	385	1
275	386	-1
275	388	1
275	390	-1
275	391	1
275	392	-1
275	394	-1
275	396	-1
275	397	1
275	398	-1
275	400	-1
275	401	-1
275	402	-1
275	405	1
275	406	-1
275	407	1
275	408	1
275	412	1
275	415	-1
275	418	1
275	420	1
275	423	-1
275	424	1
275	425	-1
275	426	1
275	428	-1
275	429	-1
275	431	1
275	432	-1
275	435	1
275	440	1
275	441	-1
275	444	1
275	445	1
275	448	-1
275	449	-1
275	450	1
275	454	1
275	456	1
275	457	-1
275	458	-1
275	461	1
275	462	1
275	464	1
275	466	1
275	467	-1
275	469	-1
275	471	1
275	473	-1
275	475	1
275	480	1
275	484	-1
275	486	1
275	487	-1
275	488	1
275	490	-1
275	493	1
275	495	1
275	496	1
275	497	-1
276	277	1
276	279	-1
276	282	-1
276	288	-1
276	291	1
276	299	-1
276	300	1
276	301	-1
276	308	1
276	311	-1
276	312	1
276	313	-1
276	319	-1
276	321	-1
276	322	1
276	324	-1
276	328	1
276	330	-1
276	331	1
276	333	-1
276	335	1
276	336	-1
276	340	1
276	343	1
276	344	1
276	347	1
276	348	1
276	351	-1
276	352	-1
276	353	-1
276	354	1
276	356	1
276	358	-1
276	359	1
276	360	-1
276	361	1
276	362	-1
276	366	-1
276	369	-1
276	373	-1
276	374	-1
276	375	1
276	376	-1
276	381	1
276	383	-1
276	385	1
276	388	-1
276	389	1
276	391	1
276	398	1
276	399	1
276	400	1
276	403	-1
276	404	-1
276	407	1
276	408	-1
276	409	-1
276	410	1
276	412	1
276	413	1
276	414	-1
276	417	-1
276	419	-1
276	420	-1
276	422	-1
276	423	-1
276	426	1
276	427	1
276	428	1
276	432	1
276	434	1
276	435	-1
276	436	1
276	437	1
276	439	-1
276	441	-1
276	443	-1
276	447	1
276	449	-1
276	452	-1
276	453	1
276	454	1
276	455	-1
276	457	-1
276	458	1
276	459	1
276	464	-1
276	466	-1
276	467	-1
276	468	1
276	469	1
276	471	-1
276	472	1
276	474	1
276	478	1
276	482	-1
276	484	-1
276	486	-1
276	487	1
276	489	1
276	490	-1
276	493	1
276	494	1
276	498	1
277	279	-1
277	282	-1
277	284	1
277	287	1
277	292	-1
277	296	-1
277	299	1
277	300	1
277	301	1
277	302	-1
277	303	-1
277	305	-1
277	309	1
277	314	1
277	316	-1
277	319	1
277	320	1
277	322	-1
277	323	-1
277	324	-1
277	325	1
277	326	-1
277	327	1
277	328	-1
277	336	1
277	337	-1
277	339	-1
277	341	-1
277	342	-1
277	345	-1
277	348	-1
277	349	-1
277	350	-1
277	352	1
277	353	1
277	359	-1
277	360	-1
277	361	-1
277	366	1
277	367	-1
277	368	1
277	370	-1
277	371	1
277	372	1
277	373	1
277	374	1
277	375	1
277	376	-1
277	377	1
277	381	1
277	382	1
277	383	1
277	387	1
277	388	1
277	390	1
277	391	-1
277	395	1
277	398	-1
277	399	1
277	400	-1
277	409	-1
277	410	1
277	411	1
277	417	-1
277	419	-1
277	420	1
277	423	1
277	424	-1
277	425	1
277	427	-1
277	428	1
277	430	-1
277	431	-1
277	432	1
277	433	-1
277	435	1
277	437	1
277	438	-1
277	440	1
277	442	1
277	446	-1
277	449	1
277	451	-1
277	453	-1
277	454	1
277	456	-1
277	457	-1
277	459	1
277	460	-1
277	461	-1
277	466	1
277	468	1
277	469	1
277	475	-1
277	476	-1
277	480	-1
277	482	1
277	485	1
277	486	1
277	488	1
277	490	-1
277	493	1
277	494	-1
277	495	1
277	497	-1
277	498	-1
277	499	1
278	280	1
278	282	1
278	285	-1
278	286	-1
278	288	-1
278	290	-1
278	291	1
278	293	1
278	297	1
278	298	1
278	302	1
278	303	-1
278	306	1
278	308	1
278	310	-1
278	314	-1
278	316	1
278	317	-1
278	318	-1
278	319	-1
278	320	1
278	322	-1
278	323	1
278	324	1
278	326	-1
278	327	-1
278	330	1
278	331	-1
278	332	1
278	337	-1
278	338	-1
278	341	-1
278	344	1
278	345	-1
278	346	1
278	347	-1
278	349	1
278	350	-1
278	351	-1
278	352	-1
278	355	-1
278	356	-1
278	358	-1
278	359	1
278	363	-1
278	369	-1
278	370	-1
278	371	-1
278	372	-1
278	375	-1
278	377	-1
278	380	-1
278	381	1
278	382	1
278	384	-1
278	385	1
278	387	1
278	394	-1
278	395	1
278	396	-1
278	398	1
278	399	-1
278	402	1
278	403	1
278	404	-1
278	405	1
278	409	1
278	410	-1
278	411	-1
278	412	-1
278	413	-1
278	415	1
278	417	1
278	418	-1
278	420	-1
278	421	-1
278	422	-1
278	426	-1
278	427	1
278	428	-1
278	429	-1
278	431	-1
278	432	-1
278	435	-1
278	436	1
278	437	-1
278	439	-1
278	441	-1
278	442	1
278	447	1
278	448	-1
278	450	-1
278	451	-1
278	453	-1
278	454	1
278	455	-1
278	456	1
278	458	1
278	459	1
278	462	-1
278	463	-1
278	467	1
278	472	-1
278	473	-1
278	475	-1
278	477	-1
278	478	1
278	480	-1
278	481	-1
278	482	-1
278	484	-1
278	487	-1
278	488	-1
278	489	-1
278	490	-1
278	495	-1
278	497	1
278	499	-1
279	280	1
279	281	1
279	282	-1
279	286	1
279	287	1
279	288	-1
279	289	1
279	291	-1
279	292	1
279	298	-1
279	299	-1
279	301	-1
279	302	-1
279	303	1
279	304	-1
279	305	1
279	309	1
279	310	1
279	311	1
279	314	-1
279	316	1
279	318	1
279	322	1
279	323	-1
279	325	1
279	327	-1
279	328	-1
279	331	1
279	332	-1
279	336	1
279	337	-1
279	340	1
279	342	1
279	345	-1
279	346	1
279	347	1
279	350	1
279	351	-1
279	353	1
279	354	-1
279	355	-1
279	356	-1
279	360	1
279	361	-1
279	362	1
279	367	-1
279	369	1
279	374	1
279	376	1
279	379	-1
279	383	-1
279	385	1
279	386	1
279	387	1
279	390	1
279	391	1
279	395	-1
279	396	1
279	397	-1
279	399	1
279	400	1
279	401	-1
279	404	1
279	405	-1
279	406	1
279	409	-1
279	413	-1
279	419	-1
279	421	-1
279	422	1
279	425	-1
279	426	1
279	428	-1
279	429	-1
279	430	1
279	439	-1
279	442	1
279	445	-1
279	446	-1
279	448	1
279	450	-1
279	451	-1
279	453	1
279	454	1
279	456	-1
279	457	-1
279	458	-1
279	461	-1
279	462	1
279	463	-1
279	464	1
279	467	1
279	469	1
279	470	1
279	476	-1
279	479	1
279	482	-1
279	483	-1
279	484	-1
279	490	1
279	492	1
279	494	1
279	495	-1
279	498	-1
280	281	-1
280	283	-1
280	285	-1
280	287	1
280	289	1
280	291	1
280	293	-1
280	295	-1
280	297	-1
280	300	-1
280	302	-1
280	304	-1
280	305	-1
280	309	1
280	311	-1
280	312	-1
280	314	1
280	315	-1
280	318	-1
280	321	-1
280	324	-1
280	325	-1
280	326	-1
280	328	-1
280	330	-1
280	331	1
280	333	1
280	335	-1
280	337	1
280	339	1
280	341	1
280	343	1
280	344	1
280	345	-1
280	348	-1
280	349	-1
280	350	-1
280	352	1
280	353	-1
280	354	1
280	357	-1
280	361	-1
280	362	1
280	364	-1
280	366	1
280	368	-1
280	369	1
280	373	1
280	374	1
280	376	1
280	379	-1
280	380	1
280	381	1
280	382	-1
280	383	1
280	385	1
280	386	-1
280	387	-1
280	388	-1
280	391	-1
280	395	1
280	396	-1
280	398	1
280	399	1
280	402	-1
280	403	-1
280	405	-1
280	406	-1
280	407	-1
280	408	-1
280	409	1
280	410	-1
280	415	1
280	417	1
280	423	-1
280	425	1
280	427	-1
280	429	1
280	430	-1
280	432	-1
280	433	1
280	434	-1
280	435	-1
280	438	1
280	439	-1
280	440	-1
280	442	-1
280	445	-1
280	446	-1
280	450	-1
280	451	1
280	454	-1
280	455	1
280	456	-1
280	457	-1
280	458	-1
280	459	1
280	460	1
280	467	-1
280	475	-1
280	477	-1
280	480	-1
280	481	1
280	487	1
280	496	1
280	499	1
281	282	-1
281	284	-1
281	286	-1
281	289	-1
281	290	-1
281	292	1
281	293	-1
281	294	-1
281	295	-1
281	298	-1
281	299	-1
281	302	-1
281	306	1
281	308	1
281	309	-1
281	311	1
281	315	-1
281	318	1
281	320	1
281	321	1
281	323	-1
281	324	1
281	325	-1
281	326	-1
281	328	1
281	329	-1
281	330	1
281	332	-1
281	334	1
281	336	-1
281	337	1
281	343	1
281	344	-1
281	345	1
281	346	-1
281	348	1
281	349	-1
281	350	-1
281	354	-1
281	356	-1
281	357	-1
281	358	1
281	359	-1
281	361	-1
281	363	1
281	365	1
281	366	-1
281	370	-1
281	371	1
281	372	1
281	375	-1
281	376	-1
281	377	-1
281	378	-1
281	379	1
281	380	1
281	381	1
281	384	1
281	385	1
281	386	-1
281	387	-1
281	390	1
281	394	1
281	396	-1
281	399	1
281	401	1
281	403	-1
281	404	1
281	408	1
281	409	-1
281	411	1
281	412	-1
281	413	-1
281	414	1
281	417	-1
281	419	1
281	423	-1
281	428	1
281	432	1
281	433	-1
281	435	-1
281	436	-1
281	437	-1
281	439	-1
281	442	1
281	445	-1
281	446	1
281	447	1
281	453	-1
281	455	-1
281	457	1
281	460	1
281	462	1
281	463	1
281	464	1
281	466	1
281	467	1
281	469	-1
281	470	1
281	473	-1
281	474	1
281	475	-1
281	479	-1
281	480	-1
281	487	-1
281	488	-1
281	489	-1
281	490	-1
281	495	1
281	496	-1
281	498	-1
282	286	-1
282	292	-1
282	294	1
282	295	1
282	297	-1
282	298	-1
282	301	-1
282	303	-1
282	305	1
282	306	1
282	308	1
282	309	1
282	311	1
282	314	1
282	315	-1
282	316	1
282	317	-1
282	318	1
282	319	1
282	320	1
282	322	1
282	324	-1
282	325	-1
282	326	-1
282	327	1
282	329	-1
282	330	-1
282	331	-1
282	333	-1
282	336	1
282	338	1
282	344	-1
282	345	1
282	346	-1
282	350	-1
282	354	1
282	356	1
282	357	1
282	359	1
282	361	1
282	363	1
282	365	-1
282	366	-1
282	367	1
282	369	1
282	372	1
282	374	-1
282	375	1
282	377	1
282	378	1
282	381	1
282	382	-1
282	383	-1
282	384	-1
282	386	-1
282	388	-1
282	389	1
282	393	1
282	394	1
282	395	1
282	397	-1
282	398	-1
282	399	-1
282	406	1
282	408	1
282	409	-1
282	410	-1
282	411	-1
282	413	1
282	414	1
282	416	-1
282	418	-1
282	420	1
282	424	-1
282	427	1
282	432	-1
282	434	1
282	436	-1
282	442	-1
282	443	1
282	445	1
282	447	1
282	449	1
282	451	1
282	453	1
282	455	-1
282	456	1
282	457	1
282	459	1
282	461	1
282	462	-1
282	463	1
282	464	-1
282	465	1
282	468	1
282	469	-1
282	470	1
282	471	1
282	472	1
282	473	1
282	474	1
282	475	-1
282	478	1
282	480	-1
282	481	-1
282	482	1
282	484	1
282	485	-1
282	486	1
282	488	1
282	490	-1
282	497	1
282	498	-1
283	284	1
283	285	-1
283	289	1
283	292	-1
283	295	-1
283	298	1
283	300	1
283	301	-1
283	302	-1
283	303	1
283	304	1
283	305	1
283	306	-1
283	308	1
283	309	1
283	310	-1
283	311	-1
283	312	-1
283	313	1
283	316	-1
283	317	1
283	319	-1
283	320	-1
283	323	1
283	325	1
283	326	1
283	328	-1
283	335	-1
283	337	1
283	338	1
283	339	1
283	342	1
283	345	-1
283	346	-1
283	347	1
283	348	-1
283	357	-1
283	358	1
283	359	-1
283	360	-1
283	361	1
283	362	-1
283	364	1
283	365	-1
283	366	-1
283	367	-1
283	370	-1
283	371	1
283	372	1
283	373	-1
283	375	1
283	376	1
283	377	-1
283	380	1
283	382	1
283	384	-1
283	385	-1
283	390	-1
283	393	1
283	394	1
283	395	1
283	397	-1
283	398	1
283	403	-1
283	404	-1
283	405	-1
283	406	1
283	410	-1
283	411	-1
283	412	1
283	413	1
283	414	-1
283	416	1
283	419	1
283	420	-1
283	422	1
283	424	-1
283	427	1
283	428	-1
283	429	-1
283	431	-1
283	432	-1
283	433	-1
283	435	1
283	436	-1
283	437	1
283	438	-1
283	439	1
283	441	-1
283	442	-1
283	443	-1
283	444	-1
283	445	-1
283	447	-1
283	448	-1
283	451	-1
283	458	-1
283	460	1
283	462	1
283	463	-1
283	464	-1
283	466	1
283	468	1
283	469	1
283	470	-1
283	471	-1
283	473	-1
283	475	1
283	481	-1
283	484	-1
283	486	1
283	493	1
283	495	1
283	496	-1
283	498	1
283	499	1
284	286	1
284	288	1
284	292	-1
284	295	-1
284	297	-1
284	299	-1
284	300	1
284	301	1
284	305	-1
284	307	1
284	308	1
284	309	1
284	311	1
284	314	-1
284	320	-1
284	322	-1
284	323	-1
284	325	1
284	326	1
284	328	1
284	331	-1
284	332	1
284	334	-1
284	335	1
284	337	-1
284	338	1
284	339	1
284	340	-1
284	341	1
284	344	-1
284	345	1
284	350	-1
284	351	1
284	353	1
284	358	1
284	359	-1
284	360	1
284	362	-1
284	363	1
284	366	1
284	367	-1
284	368	-1
284	370	1
284	372	-1
284	373	-1
284	374	-1
284	375	1
284	376	1
284	377	-1
284	382	-1
284	383	1
284	388	-1
284	390	1
284	392	-1
284	397	1
284	404	-1
284	405	-1
284	407	-1
284	408	-1
284	409	1
284	410	1
284	411	-1
284	415	-1
284	416	-1
284	418	1
284	419	1
284	421	1
284	422	-1
284	423	1
284	425	-1
284	426	1
284	427	-1
284	428	-1
284	430	1
284	432	-1
284	434	1
284	435	-1
284	436	-1
284	438	-1
284	439	-1
284	440	1
284	441	1
284	442	-1
284	446	-1
284	449	1
284	452	-1
284	456	-1
284	459	-1
284	465	-1
284	467	-1
284	469	-1
284	471	1
284	474	1
284	480	-1
284	483	-1
284	484	-1
284	485	-1
284	488	-1
284	494	-1
284	495	1
284	496	1
284	497	1
284	498	-1
285	292	1
285	297	-1
285	298	1
285	299	1
285	303	1
285	305	1
285	308	1
285	310	1
285	311	-1
285	313	-1
285	314	1
285	318	-1
285	320	1
285	323	1
285	326	1
285	327	1
285	328	-1
285	329	1
285	331	1
285	332	-1
285	335	-1
285	336	1
285	337	1
285	340	-1
285	341	-1
285	343	1
285	344	1
285	345	-1
285	348	1
285	349	-1
285	350	-1
285	352	1
285	356	-1
285	358	-1
285	362	1
285	365	-1
285	367	1
285	369	1
285	372	1
285	373	1
285	377	1
285	380	-1
285	383	1
285	386	-1
285	387	1
285	393	1
285	394	-1
285	395	-1
285	397	1
285	398	1
285	401	-1
285	405	1
285	406	-1
285	408	1
285	409	-1
285	412	1
285	413	-1
285	415	-1
285	417	-1
285	419	1
285	421	1
285	424	-1
285	425	-1
285	427	-1
285	428	-1
285	429	1
285	430	-1
285	432	-1
285	433	1
285	437	1
285	438	-1
285	439	1
285	441	-1
285	447	-1
285	448	1
285	450	-1
285	451	-1
285	454	-1
285	455	1
285	457	-1
285	470	1
285	473	1
285	475	-1
285	476	1
285	477	1
285	479	1
285	480	1
285	487	1
285	490	1
285	491	-1
285	492	-1
285	494	-1
285	495	1
285	496	-1
285	497	-1
285	499	1
286	288	1
286	290	1
286	295	1
286	297	1
286	298	1
286	300	1
286	301	1
286	303	1
286	305	1
286	306	1
286	307	1
286	308	-1
286	310	-1
286	314	-1
286	316	-1
286	318	1
286	319	1
286	320	-1
286	321	1
286	326	-1
286	328	-1
286	329	-1
286	330	1
286	331	1
286	333	-1
286	337	-1
286	338	1
286	339	-1
286	342	1
286	343	-1
286	350	-1
286	351	-1
286	352	-1
286	353	1
286	355	1
286	356	-1
286	357	1
286	359	-1
286	361	-1
286	362	-1
286	363	1
286	366	-1
286	367	-1
286	368	-1
286	375	-1
286	376	1
286	380	-1
286	381	-1
286	382	-1
286	384	-1
286	385	1
286	386	1
286	387	1
286	389	1
286	392	1
286	393	-1
286	395	-1
286	400	-1
286	401	-1
286	402	1
286	405	1
286	406	1
286	407	1
286	411	-1
286	412	1
286	415	1
286	416	1
286	421	-1
286	432	-1
286	437	1
286	439	-1
286	440	-1
286	441	1
286	442	-1
286	444	-1
286	448	-1
286	449	1
286	451	1
286	453	-1
286	454	1
286	456	-1
286	457	-1
286	458	-1
286	459	1
286	461	1
286	462	1
286	465	1
286	466	-1
286	470	-1
286	472	-1
286	474	-1
286	476	1
286	481	-1
286	484	1
286	485	1
286	486	-1
286	488	1
286	491	1
286	497	1
286	498	1
286	499	1
287	289	1
287	290	-1
287	292	-1
287	294	-1
287	296	-1
287	300	1
287	301	1
287	302	1
287	304	-1
287	308	-1
287	310	-1
287	312	1
287	313	-1
287	316	1
287	317	1
287	319	-1
287	320	-1
287	322	-1
287	323	-1
287	325	1
287	329	-1
287	332	1
287	335	1
287	336	-1
287	343	1
287	346	1
287	348	1
287	350	1
287	351	-1
287	354	-1
287	356	-1
287	357	-1
287	358	-1
287	359	-1
287	360	1
287	365	-1
287	367	-1
287	370	1
287	371	-1
287	372	1
287	373	1
287	374	1
287	376	1
287	377	1
287	381	1
287	383	-1
287	384	1
287	385	-1
287	386	-1
287	387	1
287	390	1
287	391	-1
287	396	1
287	397	1
287	401	-1
287	402	1
287	406	1
287	408	-1
287	410	1
287	411	1
287	412	-1
287	413	1
287	418	-1
287	419	-1
287	421	-1
287	422	-1
287	425	-1
287	427	-1
287	428	-1
287	430	-1
287	432	1
287	434	1
287	436	-1
287	437	-1
287	438	-1
287	439	-1
287	440	1
287	444	-1
287	449	-1
287	450	-1
287	454	1
287	455	1
287	456	-1
287	457	1
287	458	1
287	459	1
287	460	-1
287	463	-1
287	465	-1
287	469	1
287	471	-1
287	474	1
287	475	1
287	479	-1
287	483	-1
287	486	-1
287	488	-1
287	496	1
287	498	-1
288	290	-1
288	291	1
288	292	1
288	294	1
288	295	1
288	298	-1
288	299	-1
288	300	-1
288	304	1
288	307	-1
288	308	1
288	309	-1
288	310	-1
288	312	1
288	314	-1
288	315	-1
288	316	-1
288	317	1
288	319	1
288	320	1
288	321	1
288	322	1
288	323	1
288	326	-1
288	327	1
288	329	-1
288	332	1
288	336	1
288	337	-1
288	338	-1
288	339	1
288	340	-1
288	344	-1
288	345	-1
288	350	-1
288	351	-1
288	352	1
288	359	-1
288	362	-1
288	364	1
288	366	1
288	367	1
288	369	1
288	371	-1
288	372	1
288	373	1
288	375	-1
288	376	-1
288	377	-1
288	378	1
288	380	-1
288	382	-1
288	384	1
288	385	1
288	389	-1
288	390	-1
288	391	-1
288	395	-1
288	396	1
288	399	1
288	401	-1
288	402	-1
288	403	1
288	406	-1
288	409	-1
288	410	-1
288	412	-1
288	414	1
288	416	1
288	417	-1
288	418	-1
288	421	-1
288	423	1
288	426	1
288	429	1
288	430	1
288	431	-1
288	433	-1
288	435	-1
288	437	-1
288	438	1
288	440	1
288	441	1
288	442	-1
288	445	-1
288	448	1
288	449	1
288	452	1
288	453	1
288	457	1
288	459	1
288	464	-1
288	468	-1
288	470	-1
288	471	1
288	472	1
288	474	-1
288	476	-1
288	481	-1
288	485	-1
288	487	-1
288	491	1
288	493	-1
288	496	-1
288	498	-1
288	499	1
289	290	-1
289	293	1
289	294	1
289	295	-1
289	296	-1
289	297	1
289	299	-1
289	300	-1
289	301	1
289	302	1
289	306	-1
289	307	1
289	308	-1
289	310	-1
289	311	-1
289	313	1
289	316	1
289	318	1
289	319	1
289	321	-1
289	322	1
289	323	1
289	326	1
289	327	-1
289	331	-1
289	333	-1
289	336	1
289	338	1
289	339	-1
289	343	1
289	346	-1
289	349	-1
289	350	1
289	353	-1
289	360	1
289	361	1
289	362	-1
289	363	1
289	365	1
289	366	1
289	368	1
289	369	-1
289	370	1
289	371	-1
289	373	-1
289	374	1
289	378	1
289	379	1
289	381	1
289	383	1
289	387	-1
289	388	1
289	391	1
289	392	1
289	393	-1
289	394	1
289	395	1
289	399	1
289	400	-1
289	402	1
289	404	-1
289	405	-1
289	406	-1
289	407	-1
289	411	-1
289	412	-1
289	415	1
289	418	1
289	419	1
289	420	1
289	423	-1
289	424	-1
289	428	1
289	430	-1
289	432	1
289	433	1
289	434	-1
289	435	-1
289	436	-1
289	440	-1
289	441	1
289	442	1
289	443	-1
289	448	1
289	450	-1
289	451	-1
289	453	-1
289	454	-1
289	455	-1
289	461	1
289	462	1
289	463	-1
289	467	-1
289	468	-1
289	470	1
289	471	-1
289	472	-1
289	476	1
289	479	-1
289	483	1
289	486	1
289	487	1
289	490	1
289	494	-1
289	496	1
289	497	-1
289	498	1
290	294	-1
290	296	-1
290	297	1
290	299	1
290	300	1
290	301	1
290	302	-1
290	307	1
290	309	-1
290	315	1
290	317	1
290	318	-1
290	319	-1
290	320	1
290	321	-1
290	322	-1
290	324	-1
290	326	1
290	328	-1
290	330	-1
290	332	1
290	335	1
290	337	1
290	338	1
290	340	1
290	341	-1
290	344	-1
290	345	-1
290	349	-1
290	352	-1
290	353	-1
290	354	1
290	355	-1
290	357	1
290	360	1
290	364	1
290	368	1
290	369	1
290	370	1
290	372	-1
290	373	-1
290	377	1
290	379	-1
290	382	1
290	383	1
290	385	1
290	388	1
290	389	1
290	390	-1
290	391	-1
290	392	1
290	394	1
290	395	-1
290	398	-1
290	401	1
290	402	1
290	403	1
290	407	-1
290	410	-1
290	411	-1
290	414	1
290	420	1
290	421	-1
290	426	1
290	433	-1
290	434	1
290	435	-1
290	436	1
290	438	-1
290	439	-1
290	440	-1
290	443	-1
290	444	1
290	445	-1
290	446	-1
290	449	-1
290	456	1
290	457	1
290	458	-1
290	459	-1
290	461	1
290	462	1
290	463	-1
290	471	-1
290	472	1
290	473	1
290	474	1
290	475	-1
290	476	1
290	478	-1
290	479	-1
290	481	1
290	482	-1
290	483	1
290	484	1
290	485	1
290	489	1
290	492	1
290	493	-1
290	495	-1
290	498	-1
291	295	-1
291	297	1
291	299	1
291	302	1
291	303	-1
291	307	1
291	310	1
291	311	1
291	313	-1
291	314	1
291	318	1
291	320	-1
291	321	-1
291	322	1
291	324	-1
291	327	1
291	331	-1
291	332	1
291	333	1
291	335	-1
291	336	1
291	337	-1
291	339	1
291	341	-1
291	342	1
291	344	-1
291	346	-1
291	347	1
291	348	-1
291	349	-1
291	350	1
291	351	-1
291	353	1
291	356	-1
291	357	1
291	358	-1
291	359	1
291	362	-1
291	367	-1
291	369	1
291	370	-1
291	371	1
291	373	-1
291	374	-1
291	375	-1
291	376	1
291	377	-1
291	378	1
291	379	-1
291	380	-1
291	384	-1
291	386	-1
291	387	-1
291	390	-1
291	394	-1
291	398	-1
291	399	1
291	401	-1
291	403	1
291	404	-1
291	408	1
291	410	1
291	412	-1
291	413	1
291	416	1
291	419	1
291	423	-1
291	426	-1
291	428	1
291	429	1
291	432	-1
291	433	1
291	436	-1
291	437	1
291	439	-1
291	440	-1
291	441	1
291	445	-1
291	447	-1
291	449	-1
291	450	-1
291	452	1
291	454	-1
291	456	1
291	458	1
291	460	1
291	462	-1
291	467	1
291	469	-1
291	471	-1
291	474	-1
291	475	-1
291	476	-1
291	477	-1
291	478	1
291	479	-1
291	487	-1
291	488	1
291	491	-1
291	492	-1
291	493	-1
291	494	-1
291	495	-1
291	497	-1
292	293	-1
292	297	1
292	298	1
292	299	1
292	300	1
292	302	-1
292	305	1
292	306	1
292	307	1
292	308	-1
292	310	1
292	312	1
292	313	-1
292	314	-1
292	317	-1
292	318	-1
292	319	1
292	322	1
292	323	-1
292	325	1
292	326	1
292	331	1
292	333	1
292	334	-1
292	337	-1
292	339	-1
292	342	1
292	346	1
292	347	1
292	348	-1
292	351	-1
292	353	-1
292	354	1
292	356	-1
292	358	-1
292	359	-1
292	366	-1
292	367	1
292	371	1
292	372	1
292	374	1
292	377	-1
292	380	-1
292	382	-1
292	383	1
292	385	-1
292	386	1
292	388	1
292	389	1
292	391	1
292	393	-1
292	396	1
292	397	-1
292	399	-1
292	400	1
292	401	1
292	402	1
292	404	-1
292	410	-1
292	411	1
292	412	-1
292	416	1
292	421	1
292	422	1
292	425	-1
292	426	-1
292	428	1
292	430	-1
292	434	1
292	435	-1
292	438	-1
292	442	1
292	444	1
292	445	1
292	446	1
292	448	1
292	451	-1
292	452	1
292	453	1
292	454	-1
292	456	-1
292	457	1
292	458	-1
292	462	1
292	465	-1
292	466	-1
292	468	1
292	469	-1
292	470	-1
292	474	-1
292	475	-1
292	479	1
292	481	-1
292	482	1
292	487	-1
292	489	1
292	490	-1
292	491	-1
292	493	1
292	495	-1
292	496	-1
292	497	1
292	498	1
292	499	-1
293	294	-1
293	295	-1
293	297	1
293	298	1
293	299	-1
293	300	-1
293	301	-1
293	302	1
293	306	1
293	308	-1
293	309	1
293	312	-1
293	313	-1
293	316	1
293	318	1
293	319	1
293	323	1
293	324	1
293	326	1
293	328	1
293	329	1
293	330	1
293	331	-1
293	332	-1
293	335	1
293	336	-1
293	338	-1
293	339	-1
293	345	1
293	347	-1
293	357	-1
293	366	1
293	370	1
293	373	1
293	375	1
293	378	1
293	379	-1
293	380	-1
293	381	-1
293	383	-1
293	386	1
293	387	1
293	390	-1
293	392	-1
293	395	-1
293	397	1
293	398	-1
293	401	-1
293	402	-1
293	404	1
293	405	-1
293	406	1
293	407	1
293	410	-1
293	411	-1
293	412	1
293	414	-1
293	417	1
293	419	-1
293	420	1
293	421	1
293	422	-1
293	425	-1
293	427	1
293	428	1
293	429	1
293	431	-1
293	433	-1
293	434	1
293	436	-1
293	437	-1
293	440	1
293	442	1
293	445	1
293	448	1
293	449	-1
293	450	1
293	451	1
293	452	-1
293	453	1
293	455	-1
293	457	-1
293	458	1
293	461	-1
293	462	1
293	463	-1
293	464	1
293	465	1
293	467	-1
293	469	-1
293	471	-1
293	472	1
293	474	1
293	476	-1
293	483	1
293	488	-1
293	489	1
293	490	-1
293	494	-1
293	495	1
293	496	-1
293	497	-1
293	498	1
294	297	1
294	298	-1
294	300	-1
294	301	-1
294	303	1
294	305	1
294	307	1
294	311	1
294	314	1
294	315	-1
294	320	1
294	322	1
294	323	-1
294	324	-1
294	325	1
294	327	1
294	330	-1
294	331	1
294	332	1
294	334	1
294	335	-1
294	337	-1
294	338	1
294	339	1
294	341	-1
294	342	1
294	343	1
294	345	-1
294	346	-1
294	347	1
294	349	1
294	350	1
294	351	1
294	352	-1
294	353	-1
294	354	-1
294	357	1
294	361	-1
294	368	1
294	370	1
294	371	1
294	372	-1
294	373	-1
294	374	-1
294	377	-1
294	378	-1
294	380	-1
294	381	1
294	383	1
294	384	-1
294	385	1
294	387	-1
294	389	-1
294	390	1
294	392	1
294	394	1
294	395	1
294	398	-1
294	400	1
294	401	1
294	402	1
294	403	-1
294	404	-1
294	407	-1
294	408	1
294	409	1
294	410	1
294	413	1
294	414	-1
294	416	-1
294	417	-1
294	418	1
294	420	-1
294	422	1
294	425	1
294	429	-1
294	430	-1
294	431	1
294	433	1
294	434	1
294	435	1
294	437	-1
294	438	1
294	440	-1
294	441	-1
294	442	1
294	444	1
294	445	-1
294	446	1
294	447	1
294	450	1
294	451	-1
294	454	1
294	455	1
294	456	1
294	457	-1
294	460	-1
294	461	1
294	463	-1
294	464	-1
294	465	-1
294	466	-1
294	468	1
294	470	1
294	472	-1
294	474	-1
294	475	1
294	476	1
294	478	-1
294	480	-1
294	481	1
294	482	1
294	484	-1
294	486	1
294	487	1
294	488	1
294	491	1
294	492	1
294	496	1
294	498	1
295	296	1
295	298	1
295	299	1
295	303	1
295	305	-1
295	306	1
295	307	-1
295	308	1
295	310	1
295	314	1
295	317	-1
295	319	1
295	322	1
295	324	1
295	325	1
295	329	-1
295	330	1
295	331	-1
295	333	1
295	334	1
295	335	-1
295	343	-1
295	345	-1
295	348	1
295	349	1
295	350	-1
295	352	-1
295	353	1
295	354	-1
295	356	-1
295	358	1
295	360	-1
295	361	1
295	364	-1
295	365	1
295	367	1
295	369	1
295	370	1
295	371	1
295	375	-1
295	376	-1
295	377	-1
295	382	-1
295	383	-1
295	384	-1
295	386	1
295	387	-1
295	394	1
295	395	-1
295	396	-1
295	397	1
295	398	1
295	399	1
295	400	1
295	402	1
295	403	1
295	406	1
295	407	-1
295	409	-1
295	411	1
295	413	-1
295	416	1
295	417	1
295	421	-1
295	423	1
295	427	-1
295	430	1
295	436	1
295	437	1
295	438	-1
295	439	1
295	440	-1
295	441	-1
295	443	-1
295	444	1
295	447	-1
295	452	1
295	454	1
295	456	-1
295	457	-1
295	459	1
295	461	-1
295	462	1
295	463	-1
295	468	1
295	470	1
295	472	1
295	473	-1
295	475	-1
295	481	-1
295	484	-1
295	485	1
295	487	-1
295	488	1
295	489	-1
295	492	-1
295	494	-1
295	495	-1
295	498	-1
295	499	1
296	297	-1
296	298	-1
296	301	1
296	305	1
296	308	1
296	309	1
296	310	1
296	314	1
296	315	1
296	316	1
296	317	1
296	320	-1
296	321	-1
296	322	-1
296	326	1
296	327	-1
296	329	1
296	331	-1
296	334	1
296	336	1
296	337	1
296	338	1
296	340	1
296	343	-1
296	346	-1
296	348	1
296	351	-1
296	353	-1
296	354	1
296	356	-1
296	360	1
296	361	1
296	362	1
296	363	1
296	364	-1
296	365	1
296	367	-1
296	368	1
296	369	1
296	370	-1
296	373	-1
296	375	1
296	377	1
296	380	-1
296	381	-1
296	382	-1
296	383	-1
296	385	1
296	386	-1
296	388	1
296	390	1
296	391	-1
296	393	-1
296	394	1
296	396	-1
296	397	1
296	400	1
296	402	1
296	403	-1
296	404	-1
296	409	1
296	410	-1
296	413	1
296	414	-1
296	418	1
296	420	-1
296	423	-1
296	434	1
296	438	-1
296	439	-1
296	441	1
296	443	1
296	444	-1
296	450	1
296	451	-1
296	452	-1
296	453	-1
296	454	1
296	455	1
296	456	1
296	458	-1
296	459	-1
296	461	1
296	467	-1
296	468	1
296	470	1
296	474	-1
296	475	1
296	476	-1
296	477	-1
296	478	-1
296	479	1
296	482	-1
296	483	1
296	484	1
296	485	-1
296	490	1
296	491	1
296	492	1
296	493	1
296	496	-1
296	497	-1
296	498	-1
296	499	-1
297	299	-1
297	300	-1
297	303	1
297	306	-1
297	308	1
297	313	-1
297	315	-1
297	317	-1
297	318	1
297	320	-1
297	322	-1
297	325	-1
297	326	-1
297	327	1
297	329	1
297	331	1
297	332	-1
297	335	1
297	336	-1
297	337	-1
297	342	-1
297	347	-1
297	348	-1
297	349	-1
297	350	1
297	355	-1
297	357	-1
297	358	1
297	361	1
297	362	1
297	364	-1
297	365	1
297	366	1
297	369	1
297	372	-1
297	375	-1
297	377	1
297	379	-1
297	381	1
297	387	-1
297	388	-1
297	390	1
297	395	-1
297	396	-1
297	397	1
297	398	1
297	403	1
297	405	1
297	406	-1
297	408	1
297	409	1
297	411	1
297	412	1
297	414	-1
297	417	-1
297	419	-1
297	422	1
297	423	-1
297	424	-1
297	428	1
297	433	1
297	435	1
297	438	1
297	440	1
297	441	-1
297	445	1
297	446	-1
297	452	1
297	455	1
297	456	1
297	459	1
297	461	-1
297	462	1
297	464	-1
297	465	1
297	469	-1
297	470	-1
297	471	1
297	474	1
297	476	-1
297	477	-1
297	479	-1
297	482	1
297	483	1
297	487	1
297	489	-1
297	490	1
297	491	1
297	497	-1
297	499	1
298	299	1
298	308	-1
298	309	1
298	310	-1
298	312	-1
298	314	-1
298	315	1
298	316	-1
298	318	-1
298	320	-1
298	321	-1
298	322	-1
298	323	-1
298	324	1
298	327	-1
298	328	-1
298	329	1
298	331	1
298	332	-1
298	334	-1
298	335	-1
298	336	1
298	337	1
298	341	-1
298	343	-1
298	344	-1
298	349	1
298	352	-1
298	353	1
298	354	-1
298	357	1
298	359	1
298	361	-1
298	366	1
298	367	1
298	370	1
298	375	1
298	376	-1
298	382	1
298	384	-1
298	385	1
298	386	-1
298	388	1
298	389	-1
298	390	1
298	392	-1
298	395	1
298	398	-1
298	400	1
298	401	1
298	403	1
298	407	1
298	408	1
298	410	1
298	411	1
298	414	-1
298	415	1
298	416	-1
298	417	1
298	419	-1
298	421	-1
298	423	1
298	424	1
298	425	1
298	426	-1
298	427	-1
298	428	-1
298	430	-1
298	432	-1
298	434	1
298	436	-1
298	437	1
298	440	1
298	441	1
298	442	-1
298	443	-1
298	446	1
298	454	-1
298	455	1
298	458	-1
298	459	-1
298	460	1
298	462	1
298	467	1
298	473	1
298	474	1
298	475	1
298	476	-1
298	483	-1
298	484	1
298	486	-1
298	487	-1
298	492	1
298	493	-1
298	494	1
298	495	-1
298	496	1
298	497	-1
298	498	1
298	499	-1
299	303	1
299	304	-1
299	305	-1
299	309	-1
299	310	1
299	312	-1
299	314	1
299	315	-1
299	319	1
299	320	1
299	323	1
299	325	1
299	327	1
299	329	1
299	331	-1
299	332	-1
299	336	1
299	338	1
299	339	1
299	343	-1
299	345	-1
299	346	-1
299	349	1
299	350	1
299	355	1
299	356	1
299	357	1
299	360	-1
299	364	1
299	365	1
299	366	-1
299	367	-1
299	369	-1
299	371	1
299	372	-1
299	374	1
299	376	-1
299	377	-1
299	378	-1
299	379	-1
299	380	-1
299	381	1
299	383	-1
299	385	1
299	390	-1
299	392	-1
299	394	1
299	395	1
299	397	-1
299	401	-1
299	402	1
299	403	1
299	404	1
299	405	1
299	406	1
299	408	-1
299	410	1
299	411	1
299	415	1
299	417	1
299	420	-1
299	422	-1
299	426	-1
299	427	-1
299	430	1
299	431	-1
299	433	1
299	434	1
299	436	1
299	437	1
299	438	-1
299	440	1
299	442	-1
299	443	1
299	446	1
299	447	-1
299	448	-1
299	449	1
299	451	1
299	455	1
299	456	1
299	458	-1
299	462	-1
299	464	-1
299	467	1
299	470	1
299	471	-1
299	472	-1
299	478	1
299	479	1
299	480	1
299	481	1
299	482	1
299	483	1
299	485	-1
299	489	-1
299	490	1
299	491	-1
299	492	-1
299	494	1
299	496	-1
299	498	1
299	499	1
300	304	1
300	305	-1
300	307	-1
300	309	1
300	310	-1
300	312	-1
300	314	1
300	316	1
300	317	-1
300	320	-1
300	321	1
300	322	1
300	323	1
300	325	-1
300	326	1
300	327	-1
300	332	1
300	334	-1
300	336	1
300	337	-1
300	338	1
300	339	1
300	346	1
300	347	-1
300	350	-1
300	352	1
300	354	1
300	357	1
300	362	1
300	365	-1
300	366	1
300	368	1
300	369	1
300	370	-1
300	371	-1
300	373	-1
300	374	1
300	375	1
300	376	-1
300	377	1
300	380	1
300	381	-1
300	382	-1
300	387	-1
300	388	-1
300	389	-1
300	390	1
300	392	1
300	393	1
300	395	1
300	397	1
300	398	-1
300	399	-1
300	405	1
300	406	-1
300	408	-1
300	409	-1
300	411	-1
300	413	1
300	414	-1
300	416	1
300	419	-1
300	420	1
300	421	1
300	427	-1
300	430	-1
300	431	-1
300	432	1
300	436	1
300	439	-1
300	441	1
300	444	-1
300	446	-1
300	447	-1
300	452	-1
300	459	1
300	460	1
300	464	1
300	468	-1
300	470	1
300	471	1
300	474	-1
300	475	1
300	480	-1
300	483	-1
300	484	-1
300	485	1
300	486	-1
300	487	-1
300	489	1
300	491	-1
300	495	1
300	496	1
300	498	1
300	499	-1
301	302	-1
301	303	1
301	306	1
301	308	-1
301	312	1
301	314	1
301	317	-1
301	318	-1
301	320	1
301	326	1
301	329	1
301	331	-1
301	332	-1
301	336	-1
301	337	1
301	338	-1
301	340	1
301	342	-1
301	347	1
301	348	-1
301	349	-1
301	350	-1
301	351	1
301	354	1
301	359	1
301	361	-1
301	362	1
301	364	1
301	365	1
301	368	-1
301	371	-1
301	374	-1
301	376	-1
301	378	-1
301	380	-1
301	381	-1
301	382	-1
301	384	1
301	385	-1
301	388	-1
301	389	1
301	390	1
301	392	1
301	395	-1
301	396	1
301	397	-1
301	401	1
301	402	1
301	403	-1
301	405	-1
301	406	1
301	410	-1
301	416	-1
301	417	-1
301	418	-1
301	419	1
301	421	1
301	428	1
301	431	-1
301	433	1
301	435	-1
301	436	1
301	437	-1
301	438	1
301	439	1
301	442	1
301	443	1
301	445	-1
301	447	-1
301	449	-1
301	451	-1
301	455	1
301	456	-1
301	460	1
301	461	-1
301	463	-1
301	464	-1
301	467	1
301	469	1
301	470	1
301	477	1
301	479	-1
301	480	1
301	484	1
301	487	-1
301	489	-1
301	494	1
301	496	1
301	498	-1
301	499	1
302	303	-1
302	306	1
302	307	1
302	309	-1
302	310	1
302	313	1
302	314	1
302	315	1
302	316	-1
302	321	-1
302	324	1
302	326	1
302	327	1
302	330	-1
302	331	1
302	332	-1
302	333	-1
302	334	-1
302	338	-1
302	339	1
302	342	-1
302	345	-1
302	347	1
302	348	1
302	351	-1
302	352	-1
302	354	1
302	355	-1
302	357	1
302	358	-1
302	359	-1
302	360	-1
302	365	-1
302	366	-1
302	367	-1
302	368	-1
302	369	1
302	370	-1
302	371	1
302	372	1
302	374	1
302	380	-1
302	382	1
302	389	1
302	390	1
302	392	1
302	393	1
302	394	1
302	395	1
302	399	-1
302	402	1
302	405	-1
302	407	1
302	408	1
302	409	-1
302	410	1
302	413	-1
302	416	-1
302	418	-1
302	421	1
302	424	-1
302	429	-1
302	430	1
302	431	1
302	432	-1
302	435	1
302	437	1
302	438	-1
302	441	1
302	443	1
302	447	1
302	448	1
302	450	1
302	451	-1
302	452	1
302	454	-1
302	455	-1
302	456	-1
302	463	1
302	464	1
302	466	-1
302	467	1
302	469	1
302	472	-1
302	476	1
302	477	1
302	482	-1
302	489	-1
302	491	-1
302	493	1
302	498	1
303	305	-1
303	307	1
303	308	1
303	311	1
303	312	-1
303	313	-1
303	314	1
303	317	-1
303	318	1
303	321	-1
303	325	-1
303	326	-1
303	327	1
303	330	1
303	331	1
303	333	-1
303	334	-1
303	337	-1
303	340	1
303	341	-1
303	342	-1
303	343	-1
303	345	1
303	346	1
303	348	-1
303	349	1
303	352	1
303	353	1
303	356	-1
303	357	1
303	362	-1
303	363	-1
303	365	1
303	371	-1
303	373	-1
303	376	-1
303	386	1
303	387	1
303	390	-1
303	391	1
303	392	1
303	393	-1
303	394	1
303	396	1
303	399	1
303	401	1
303	402	1
303	403	1
303	404	1
303	405	-1
303	406	-1
303	409	-1
303	410	-1
303	411	1
303	413	-1
303	414	-1
303	415	-1
303	417	-1
303	419	1
303	423	-1
303	424	1
303	426	1
303	427	1
303	432	1
303	435	1
303	436	1
303	439	1
303	441	-1
303	444	-1
303	446	-1
303	447	-1
303	453	1
303	456	1
303	457	-1
303	458	1
303	459	1
303	461	-1
303	462	1
303	463	-1
303	466	-1
303	467	-1
303	468	-1
303	469	1
303	470	-1
303	472	-1
303	473	1
303	478	-1
303	479	1
303	481	1
303	482	1
303	484	-1
303	485	-1
303	487	1
303	488	1
303	489	-1
303	491	-1
303	493	-1
303	498	1
303	499	1
304	307	1
304	308	1
304	309	1
304	312	-1
304	315	1
304	317	-1
304	318	-1
304	320	1
304	321	-1
304	323	1
304	324	-1
304	326	-1
304	327	1
304	329	1
304	333	-1
304	335	-1
304	337	-1
304	338	1
304	339	-1
304	340	-1
304	343	-1
304	345	1
304	346	-1
304	347	-1
304	350	-1
304	351	-1
304	352	1
304	353	1
304	355	-1
304	357	1
304	358	-1
304	359	-1
304	363	1
304	366	-1
304	367	-1
304	368	1
304	369	-1
304	370	-1
304	371	1
304	372	1
304	374	-1
304	376	-1
304	379	-1
304	380	-1
304	381	-1
304	382	-1
304	388	1
304	390	1
304	391	-1
304	394	-1
304	395	-1
304	396	-1
304	397	1
304	401	1
304	402	-1
304	405	-1
304	406	-1
304	407	-1
304	409	-1
304	410	1
304	412	1
304	413	-1
304	414	1
304	418	1
304	422	1
304	423	1
304	428	1
304	429	-1
304	430	1
304	432	-1
304	433	1
304	434	-1
304	435	1
304	436	-1
304	437	-1
304	438	1
304	439	1
304	440	-1
304	443	-1
304	444	-1
304	446	1
304	447	1
304	448	-1
304	454	1
304	455	-1
304	456	1
304	457	-1
304	458	-1
304	459	1
304	460	-1
304	463	1
304	465	1
304	467	1
304	469	-1
304	471	1
304	473	1
304	474	1
304	475	1
304	476	1
304	478	1
304	479	-1
304	481	-1
304	482	1
304	484	-1
304	485	-1
304	488	-1
304	491	1
304	493	-1
304	495	1
304	496	1
304	498	1
305	307	1
305	309	1
305	311	-1
305	312	1
305	313	1
305	314	1
305	315	1
305	319	-1
305	320	1
305	321	1
305	322	1
305	323	-1
305	324	1
305	330	-1
305	335	1
305	336	-1
305	337	-1
305	338	1
305	340	-1
305	344	-1
305	345	1
305	346	-1
305	350	-1
305	355	-1
305	357	-1
305	358	-1
305	359	1
305	360	1
305	361	-1
305	362	-1
305	363	1
305	365	1
305	366	-1
305	368	1
305	370	-1
305	371	-1
305	372	-1
305	374	-1
305	377	-1
305	381	-1
305	385	1
305	386	1
305	389	-1
305	393	-1
305	395	-1
305	396	1
305	397	1
305	398	1
305	405	-1
305	406	-1
305	409	1
305	410	-1
305	413	-1
305	414	1
305	417	1
305	422	-1
305	424	-1
305	426	1
305	427	-1
305	429	-1
305	430	-1
305	431	-1
305	432	1
305	433	1
305	434	-1
305	436	-1
305	439	-1
305	440	1
305	441	-1
305	442	1
305	443	-1
305	444	-1
305	446	1
305	447	1
305	449	-1
305	452	1
305	453	1
305	455	1
305	457	-1
305	460	1
305	462	-1
305	463	1
305	465	1
305	467	-1
305	469	-1
305	471	-1
305	472	1
305	473	-1
305	474	1
305	478	-1
305	480	-1
305	481	-1
305	482	1
305	485	-1
305	486	-1
305	488	-1
305	491	1
305	492	-1
305	493	-1
305	495	-1
305	496	1
305	498	1
305	499	-1
306	307	1
306	308	1
306	309	-1
306	312	-1
306	313	1
306	315	-1
306	317	-1
306	318	-1
306	319	1
306	321	-1
306	323	1
306	325	-1
306	326	1
306	327	-1
306	329	-1
306	333	-1
306	336	-1
306	347	-1
306	348	1
306	349	1
306	351	-1
306	354	-1
306	360	-1
306	361	-1
306	364	1
306	365	-1
306	367	1
306	368	1
306	369	-1
306	371	1
306	373	1
306	374	-1
306	375	-1
306	376	-1
306	377	1
306	378	-1
306	380	1
306	381	1
306	383	1
306	384	-1
306	386	-1
306	387	-1
306	388	1
306	389	-1
306	391	1
306	392	-1
306	393	-1
306	396	1
306	397	1
306	399	-1
306	400	1
306	401	1
306	403	1
306	404	1
306	407	1
306	413	-1
306	414	1
306	416	1
306	418	1
306	420	1
306	421	1
306	425	-1
306	427	1
306	429	1
306	431	1
306	434	-1
306	436	1
306	439	1
306	442	1
306	443	1
306	446	-1
306	447	-1
306	449	-1
306	450	-1
306	455	1
306	457	-1
306	458	-1
306	459	1
306	462	1
306	463	-1
306	465	-1
306	466	1
306	469	1
306	471	-1
306	472	1
306	473	1
306	475	-1
306	477	1
306	478	-1
306	480	-1
306	481	-1
306	482	1
306	486	-1
306	488	-1
306	489	-1
306	490	1
306	491	1
306	499	-1
307	308	-1
307	309	1
307	310	1
307	315	-1
307	316	1
307	317	-1
307	318	-1
307	319	1
307	320	-1
307	322	-1
307	325	-1
307	329	1
307	331	1
307	332	-1
307	335	1
307	336	1
307	337	1
307	341	-1
307	342	1
307	343	-1
307	345	1
307	348	-1
307	350	1
307	351	1
307	353	1
307	354	1
307	355	1
307	357	1
307	358	-1
307	359	1
307	360	-1
307	362	1
307	363	1
307	365	1
307	366	1
307	370	1
307	371	-1
307	372	1
307	373	1
307	375	1
307	377	-1
307	380	-1
307	381	-1
307	383	-1
307	384	1
307	385	1
307	386	1
307	390	1
307	392	-1
307	394	-1
307	397	-1
307	401	1
307	404	1
307	407	1
307	409	-1
307	410	-1
307	412	-1
307	417	-1
307	418	1
307	419	-1
307	420	1
307	422	1
307	423	1
307	424	-1
307	425	-1
307	428	-1
307	429	1
307	430	1
307	431	-1
307	432	1
307	436	1
307	439	1
307	441	-1
307	442	-1
307	443	-1
307	447	1
307	448	-1
307	450	-1
307	452	1
307	455	1
307	460	-1
307	461	1
307	465	-1
307	466	-1
307	468	1
307	469	-1
307	470	-1
307	472	-1
307	473	-1
307	474	-1
307	475	-1
307	476	-1
307	478	1
307	480	1
307	481	-1
307	482	1
307	483	1
307	484	-1
307	487	-1
307	489	-1
307	490	-1
307	491	1
307	497	1
307	498	-1
308	309	-1
308	310	1
308	311	-1
308	313	1
308	314	-1
308	315	-1
308	317	1
308	318	1
308	319	1
308	320	1
308	322	-1
308	324	-1
308	326	-1
308	328	1
308	330	1
308	332	-1
308	333	-1
308	334	-1
308	338	1
308	340	-1
308	341	-1
308	342	1
308	343	-1
308	346	-1
308	347	1
308	348	1
308	350	-1
308	351	1
308	352	1
308	354	1
308	355	-1
308	356	-1
308	357	1
308	358	-1
308	359	1
308	362	1
308	364	1
308	367	1
308	372	-1
308	376	1
308	377	-1
308	378	1
308	381	-1
308	382	-1
308	383	1
308	386	1
308	387	-1
308	388	-1
308	389	-1
308	391	1
308	393	-1
308	395	-1
308	397	1
308	399	-1
308	401	1
308	404	1
308	407	1
308	409	1
308	410	-1
308	412	-1
308	413	-1
308	417	-1
308	420	1
308	421	-1
308	422	-1
308	423	-1
308	425	1
308	426	-1
308	427	1
308	428	-1
308	431	-1
308	432	1
308	435	1
308	436	-1
308	437	-1
308	438	-1
308	444	-1
308	445	-1
308	448	1
308	451	1
308	453	1
308	454	-1
308	457	1
308	458	1
308	459	-1
308	460	-1
308	461	1
308	462	-1
308	467	1
308	470	1
308	479	1
308	482	1
308	483	-1
308	485	-1
308	487	1
308	490	1
308	491	1
308	493	-1
308	494	1
308	495	-1
308	497	-1
308	498	1
308	499	1
309	310	1
309	312	1
309	313	1
309	315	1
309	316	-1
309	319	-1
309	322	1
309	323	1
309	327	1
309	328	1
309	332	1
309	334	-1
309	335	-1
309	337	-1
309	339	-1
309	340	1
309	345	1
309	348	1
309	352	-1
309	353	-1
309	354	1
309	355	1
309	356	-1
309	357	1
309	366	1
309	367	1
309	369	1
309	370	-1
309	372	-1
309	373	-1
309	375	1
309	376	-1
309	378	-1
309	380	-1
309	384	-1
309	386	-1
309	387	1
309	388	1
309	389	-1
309	393	1
309	396	-1
309	397	-1
309	398	-1
309	399	1
309	401	-1
309	402	-1
309	404	1
309	406	-1
309	407	1
309	410	1
309	412	1
309	414	-1
309	416	1
309	417	1
309	418	1
309	420	1
309	421	-1
309	423	1
309	424	1
309	426	1
309	428	-1
309	429	-1
309	431	1
309	432	1
309	433	-1
309	435	1
309	439	-1
309	440	-1
309	441	1
309	442	1
309	444	1
309	445	1
309	450	1
309	452	1
309	453	1
309	454	1
309	455	1
309	456	-1
309	457	1
309	458	1
309	460	1
309	461	-1
309	463	-1
309	466	-1
309	467	-1
309	472	-1
309	473	1
309	475	1
309	478	-1
309	479	1
309	482	-1
309	484	-1
309	487	-1
309	490	1
309	492	-1
309	495	-1
309	496	-1
309	497	-1
310	316	-1
310	317	1
310	321	-1
310	322	-1
310	326	1
310	329	1
310	330	1
310	332	-1
310	333	-1
310	335	1
310	337	1
310	339	-1
310	340	1
310	341	-1
310	342	1
310	343	1
310	344	1
310	346	1
310	349	-1
310	350	1
310	351	1
310	353	-1
310	355	1
310	357	-1
310	361	-1
310	362	1
310	363	1
310	366	-1
310	370	1
310	371	-1
310	373	1
310	375	-1
310	376	-1
310	377	-1
310	379	-1
310	380	1
310	381	1
310	382	-1
310	383	-1
310	389	1
310	390	-1
310	391	1
310	392	-1
310	393	1
310	394	-1
310	397	1
310	400	1
310	402	1
310	404	1
310	407	-1
310	408	1
310	410	1
310	411	-1
310	413	1
310	414	-1
310	415	-1
310	417	-1
310	420	1
310	421	1
310	422	1
310	427	-1
310	429	1
310	432	1
310	433	-1
310	436	1
310	439	1
310	440	1
310	443	1
310	444	1
310	446	-1
310	447	1
310	448	-1
310	449	1
310	452	-1
310	453	1
310	456	-1
310	457	1
310	458	1
310	460	1
310	462	-1
310	466	1
310	467	-1
310	468	1
310	471	1
310	472	-1
310	475	1
310	476	-1
310	479	1
310	480	1
310	481	1
310	485	1
310	486	1
310	488	-1
310	489	-1
310	490	1
310	492	1
310	495	1
310	496	1
311	312	1
311	314	1
311	315	-1
311	316	-1
311	320	1
311	321	1
311	325	-1
311	326	-1
311	330	1
311	331	-1
311	332	1
311	337	-1
311	340	1
311	342	-1
311	344	1
311	345	1
311	347	1
311	349	1
311	353	-1
311	354	1
311	357	-1
311	359	1
311	361	-1
311	363	-1
311	366	1
311	368	1
311	370	-1
311	371	1
311	372	-1
311	374	-1
311	375	-1
311	376	1
311	377	1
311	378	-1
311	381	-1
311	386	1
311	387	1
311	390	1
311	396	1
311	397	1
311	399	1
311	402	-1
311	403	1
311	405	-1
311	408	-1
311	409	-1
311	410	-1
311	412	1
311	413	-1
311	414	-1
311	416	-1
311	417	-1
311	418	-1
311	422	-1
311	425	1
311	428	-1
311	432	1
311	436	1
311	437	1
311	440	1
311	442	1
311	443	1
311	446	-1
311	448	-1
311	449	1
311	452	1
311	454	-1
311	455	1
311	457	1
311	458	-1
311	460	-1
311	461	1
311	463	-1
311	464	-1
311	469	1
311	471	-1
311	476	-1
311	479	-1
311	481	-1
311	484	-1
311	485	1
311	487	1
311	488	-1
311	491	1
311	495	-1
311	498	-1
312	314	-1
312	315	-1
312	316	1
312	318	1
312	321	-1
312	322	-1
312	323	1
312	324	-1
312	326	-1
312	327	-1
312	329	1
312	330	-1
312	332	-1
312	333	-1
312	334	1
312	335	-1
312	336	1
312	339	-1
312	341	-1
312	342	-1
312	343	1
312	346	1
312	349	1
312	351	1
312	352	-1
312	353	1
312	356	-1
312	358	1
312	359	-1
312	362	-1
312	365	-1
312	369	-1
312	370	-1
312	372	-1
312	373	1
312	374	1
312	376	1
312	378	-1
312	379	-1
312	381	1
312	383	1
312	384	-1
312	385	1
312	386	-1
312	387	-1
312	388	-1
312	389	-1
312	392	-1
312	393	-1
312	394	-1
312	395	-1
312	396	-1
312	397	-1
312	398	1
312	400	1
312	404	-1
312	406	1
312	408	1
312	412	-1
312	413	1
312	416	1
312	417	1
312	418	-1
312	419	1
312	420	1
312	421	1
312	422	1
312	425	-1
312	427	1
312	429	1
312	430	-1
312	431	1
312	433	1
312	434	-1
312	435	1
312	436	-1
312	437	1
312	438	1
312	443	1
312	444	1
312	445	1
312	447	-1
312	449	1
312	450	-1
312	451	-1
312	452	1
312	457	1
312	458	1
312	459	-1
312	460	1
312	461	1
312	463	1
312	464	1
312	465	1
312	466	1
312	468	-1
312	470	1
312	472	1
312	473	-1
312	475	-1
312	477	1
312	478	1
312	479	1
312	483	-1
312	485	1
312	486	-1
312	488	1
312	489	-1
312	491	-1
312	494	-1
312	497	-1
313	315	1
313	318	1
313	320	1
313	322	-1
313	324	1
313	327	1
313	331	1
313	333	-1
313	335	1
313	338	-1
313	339	-1
313	343	-1
313	344	-1
313	347	1
313	349	1
313	350	1
313	351	-1
313	353	-1
313	354	-1
313	355	1
313	358	1
313	360	-1
313	361	-1
313	362	-1
313	365	-1
313	366	-1
313	367	-1
313	369	-1
313	370	1
313	372	-1
313	373	-1
313	375	1
313	376	1
313	381	-1
313	382	-1
313	384	1
313	387	1
313	392	1
313	393	1
313	397	-1
313	400	1
313	401	1
313	403	1
313	405	-1
313	406	-1
313	407	-1
313	408	1
313	412	1
313	413	1
313	415	-1
313	416	1
313	421	1
313	422	1
313	423	-1
313	425	-1
313	426	1
313	427	-1
313	435	1
313	436	1
313	437	-1
313	439	1
313	440	1
313	442	1
313	447	-1
313	448	1
313	449	-1
313	452	-1
313	454	1
313	456	-1
313	457	-1
313	458	1
313	460	1
313	462	1
313	464	1
313	466	-1
313	467	-1
313	468	-1
313	470	-1
313	471	-1
313	472	1
313	474	-1
313	475	1
313	476	1
313	477	-1
313	479	1
313	480	1
313	482	-1
313	486	-1
313	488	1
313	489	-1
313	490	-1
313	494	-1
313	495	1
313	496	-1
313	499	-1
314	315	1
314	316	1
314	317	1
314	318	-1
314	320	1
314	322	-1
314	323	-1
314	325	1
314	327	1
314	328	-1
314	329	1
314	330	1
314	333	-1
314	335	1
314	339	1
314	340	-1
314	342	-1
314	346	1
314	348	1
314	349	1
314	350	1
314	351	-1
314	352	1
314	355	-1
314	358	-1
314	362	1
314	364	1
314	365	1
314	373	1
314	375	-1
314	378	-1
314	379	-1
314	382	1
314	391	1
314	395	1
314	401	-1
314	403	-1
314	405	-1
314	407	1
314	408	1
314	412	-1
314	413	-1
314	414	-1
314	415	-1
314	416	1
314	420	1
314	421	1
314	422	-1
314	423	-1
314	427	1
314	430	1
314	431	-1
314	432	-1
314	434	1
314	438	-1
314	440	1
314	441	-1
314	442	1
314	443	1
314	444	-1
314	445	1
314	449	-1
314	450	-1
314	453	1
314	457	1
314	458	1
314	462	-1
314	463	1
314	464	1
314	466	-1
314	468	1
314	469	-1
314	472	1
314	473	1
314	474	1
314	475	-1
314	476	1
314	477	-1
314	478	1
314	481	1
314	483	-1
314	486	1
314	487	-1
314	488	-1
314	489	-1
314	492	1
314	496	-1
314	498	1
314	499	-1
315	318	-1
315	319	-1
315	322	1
315	327	1
315	328	-1
315	331	1
315	333	-1
315	334	-1
315	335	1
315	336	1
315	340	1
315	341	-1
315	344	-1
315	345	-1
315	346	1
315	348	1
315	352	1
315	353	-1
315	356	1
315	359	-1
315	360	-1
315	361	-1
315	364	1
315	366	1
315	368	-1
315	369	-1
315	374	1
315	376	1
315	377	1
315	378	-1
315	380	-1
315	382	-1
315	386	1
315	387	1
315	388	1
315	393	-1
315	394	1
315	396	-1
315	399	-1
315	401	1
315	402	1
315	403	-1
315	405	1
315	406	-1
315	408	1
315	409	-1
315	411	-1
315	415	1
315	417	-1
315	418	-1
315	419	1
315	422	-1
315	423	1
315	424	1
315	430	1
315	431	1
315	432	1
315	433	1
315	435	-1
315	436	-1
315	439	1
315	440	1
315	441	-1
315	442	-1
315	444	-1
315	445	-1
315	447	-1
315	450	-1
315	452	1
315	453	-1
315	454	1
315	456	-1
315	460	-1
315	463	1
315	464	-1
315	470	1
315	472	1
315	474	-1
315	476	-1
315	477	-1
315	478	-1
315	479	-1
315	480	-1
315	482	-1
315	484	1
315	486	1
315	488	-1
315	489	1
315	491	-1
315	493	1
315	495	1
315	496	1
315	497	-1
315	498	-1
315	499	1
316	318	1
316	319	1
316	320	1
316	322	1
316	324	-1
316	326	1
316	327	-1
316	328	-1
316	329	-1
316	330	1
316	331	-1
316	332	1
316	333	-1
316	334	-1
316	339	-1
316	343	-1
316	344	1
316	345	-1
316	347	-1
316	355	-1
316	356	-1
316	357	-1
316	358	-1
316	360	-1
316	361	1
316	363	-1
316	364	1
316	367	-1
316	368	1
316	370	1
316	375	1
316	376	1
316	383	1
316	385	-1
316	387	1
316	388	-1
316	389	-1
316	391	1
316	392	1
316	393	1
316	394	-1
316	397	-1
316	398	1
316	399	-1
316	400	-1
316	401	1
316	403	1
316	404	1
316	405	1
316	406	-1
316	408	-1
316	411	1
316	415	-1
316	419	1
316	421	-1
316	422	1
316	424	-1
316	426	-1
316	427	1
316	429	-1
316	430	-1
316	432	1
316	433	-1
316	434	-1
316	441	-1
316	444	1
316	446	1
316	451	1
316	455	1
316	459	-1
316	460	1
316	463	-1
316	464	1
316	466	1
316	467	1
316	469	1
316	473	-1
316	474	-1
316	479	1
316	481	-1
316	483	-1
316	486	-1
316	487	1
316	489	1
316	490	-1
316	491	-1
316	492	-1
316	493	1
316	495	1
316	496	1
316	499	-1
317	321	-1
317	322	-1
317	325	-1
317	326	-1
317	331	1
317	332	1
317	336	-1
317	337	-1
317	340	1
317	344	-1
317	345	-1
317	347	1
317	348	-1
317	349	-1
317	350	1
317	352	-1
317	357	1
317	359	1
317	364	-1
317	365	-1
317	367	-1
317	369	1
317	370	1
317	371	-1
317	372	-1
317	377	-1
317	378	1
317	379	1
317	380	1
317	383	-1
317	384	1
317	390	1
317	393	-1
317	394	1
317	396	1
317	398	1
317	401	-1
317	402	-1
317	405	-1
317	407	1
317	408	1
317	409	1
317	414	-1
317	415	1
317	416	-1
317	417	-1
317	418	1
317	421	-1
317	422	-1
317	423	1
317	424	-1
317	425	-1
317	427	1
317	434	-1
317	435	-1
317	436	-1
317	439	1
317	440	1
317	445	-1
317	450	1
317	452	-1
317	456	-1
317	459	1
317	461	-1
317	463	1
317	465	1
317	466	1
317	469	1
317	470	1
317	473	1
317	475	-1
317	476	-1
317	478	1
317	479	-1
317	481	1
317	482	-1
317	488	1
317	493	1
317	494	1
317	495	1
317	496	1
317	497	-1
317	498	-1
318	320	1
318	321	-1
318	323	1
318	325	1
318	327	-1
318	329	1
318	332	-1
318	334	1
318	335	-1
318	336	-1
318	337	-1
318	338	1
318	341	1
318	342	1
318	343	-1
318	344	-1
318	345	-1
318	348	-1
318	350	1
318	353	1
318	355	-1
318	362	1
318	364	1
318	366	1
318	367	-1
318	370	-1
318	372	1
318	373	1
318	374	-1
318	375	-1
318	376	1
318	377	-1
318	378	1
318	379	1
318	382	-1
318	383	-1
318	384	-1
318	385	1
318	386	1
318	387	1
318	393	1
318	397	-1
318	399	1
318	400	1
318	402	1
318	403	-1
318	407	-1
318	408	-1
318	410	-1
318	411	1
318	413	-1
318	415	-1
318	416	1
318	420	-1
318	421	-1
318	426	-1
318	429	-1
318	430	-1
318	431	1
318	433	1
318	435	-1
318	436	-1
318	437	1
318	442	1
318	444	1
318	447	1
318	448	1
318	450	-1
318	451	-1
318	454	-1
318	458	1
318	461	-1
318	464	-1
318	465	-1
318	470	-1
318	471	-1
318	472	-1
318	473	-1
318	477	1
318	478	-1
318	479	-1
318	481	-1
318	483	1
318	484	1
318	485	1
318	487	1
318	488	-1
318	492	-1
318	494	-1
318	495	1
318	496	-1
319	320	-1
319	321	-1
319	322	1
319	326	-1
319	328	1
319	329	1
319	331	-1
319	336	-1
319	338	1
319	340	1
319	343	1
319	344	1
319	345	-1
319	346	-1
319	347	1
319	349	-1
319	351	-1
319	356	1
319	365	-1
319	366	1
319	368	-1
319	370	-1
319	371	-1
319	373	-1
319	374	1
319	375	-1
319	376	1
319	377	-1
319	378	1
319	380	-1
319	382	1
319	385	1
319	390	1
319	391	1
319	393	-1
319	394	-1
319	395	1
319	396	-1
319	398	-1
319	399	-1
319	400	1
319	403	-1
319	404	1
319	406	-1
319	408	-1
319	412	1
319	417	1
319	418	-1
319	419	1
319	420	1
319	421	1
319	425	-1
319	427	-1
319	428	1
319	429	1
319	433	-1
319	434	1
319	438	1
319	442	-1
319	443	-1
319	444	1
319	445	-1
319	448	-1
319	449	1
319	450	-1
319	451	1
319	460	-1
319	461	1
319	464	1
319	465	-1
319	466	-1
319	469	1
319	470	-1
319	474	-1
319	476	1
319	478	-1
319	485	1
319	487	1
319	491	-1
319	494	1
320	322	1
320	323	-1
320	325	1
320	326	-1
320	333	-1
320	335	1
320	340	1
320	341	-1
320	342	1
320	343	-1
320	348	1
320	350	1
320	352	-1
320	353	-1
320	354	-1
320	356	1
320	358	1
320	359	-1
320	360	-1
320	362	1
320	365	1
320	368	-1
320	372	1
320	373	-1
320	374	-1
320	375	1
320	376	1
320	377	1
320	378	-1
320	379	1
320	383	-1
320	387	-1
320	388	1
320	389	-1
320	398	-1
320	399	-1
320	401	1
320	402	1
320	403	1
320	406	-1
320	407	-1
320	410	1
320	413	1
320	414	1
320	415	1
320	416	1
320	420	-1
320	422	1
320	427	-1
320	429	-1
320	431	-1
320	432	-1
320	433	-1
320	435	-1
320	436	-1
320	437	-1
320	440	-1
320	442	1
320	445	1
320	446	-1
320	447	1
320	448	1
320	449	-1
320	451	1
320	452	1
320	453	1
320	457	-1
320	458	-1
320	461	-1
320	462	1
320	466	-1
320	467	-1
320	470	1
320	472	-1
320	473	1
320	476	1
320	478	-1
320	479	-1
320	480	-1
320	481	-1
320	484	1
320	487	1
320	489	1
320	490	1
320	491	1
320	494	1
320	495	-1
320	497	1
320	498	1
320	499	1
321	322	-1
321	324	-1
321	329	1
321	331	1
321	333	1
321	334	1
321	342	1
321	343	-1
321	345	1
321	346	1
321	347	1
321	348	1
321	349	1
321	351	-1
321	352	1
321	353	1
321	357	1
321	365	1
321	367	-1
321	369	1
321	370	1
321	371	1
321	372	1
321	373	1
321	376	-1
321	377	1
321	378	1
321	379	1
321	380	1
321	381	-1
321	383	-1
321	384	1
321	385	-1
321	386	-1
321	387	-1
321	389	-1
321	396	1
321	397	-1
321	398	-1
321	399	-1
321	400	1
321	405	1
321	406	-1
321	408	1
321	409	1
321	410	1
321	411	1
321	414	1
321	415	-1
321	416	-1
321	423	-1
321	425	-1
321	426	-1
321	427	1
321	428	1
321	431	-1
321	432	-1
321	433	-1
321	434	1
321	435	1
321	436	-1
321	438	-1
321	440	-1
321	442	1
321	448	-1
321	449	1
321	450	-1
321	452	1
321	455	-1
321	458	-1
321	459	-1
321	460	1
321	461	-1
321	465	1
321	468	1
321	469	1
321	475	1
321	477	-1
321	478	-1
321	480	1
321	481	1
321	483	-1
321	486	1
321	488	1
321	491	1
321	492	1
321	493	-1
321	495	1
321	496	1
321	498	1
321	499	1
322	323	1
322	324	-1
322	325	1
322	326	1
322	328	-1
322	330	-1
322	331	-1
322	338	-1
322	340	1
322	341	1
322	342	1
322	343	-1
322	347	1
322	350	1
322	352	1
322	356	-1
322	357	1
322	358	-1
322	359	1
322	364	-1
322	367	1
322	368	-1
322	370	1
322	371	1
322	373	-1
322	374	-1
322	375	1
322	376	-1
322	377	-1
322	378	1
322	381	1
322	383	-1
322	388	1
322	389	1
322	391	1
322	393	-1
322	394	-1
322	398	-1
322	399	1
322	400	-1
322	402	1
322	403	-1
322	405	1
322	406	1
322	407	-1
322	409	-1
322	412	1
322	414	-1
322	416	-1
322	419	-1
322	420	1
322	421	-1
322	423	1
322	424	1
322	428	1
322	429	-1
322	430	-1
322	431	-1
322	432	1
322	433	1
322	437	-1
322	440	1
322	441	-1
322	442	1
322	446	1
322	447	1
322	448	1
322	449	-1
322	450	-1
322	452	1
322	453	1
322	454	-1
322	457	-1
322	458	-1
322	460	1
322	462	-1
322	467	1
322	470	-1
322	471	1
322	472	-1
322	473	1
322	474	-1
322	476	-1
322	483	-1
322	487	-1
322	495	-1
322	496	-1
322	498	1
322	499	-1
323	324	1
323	325	-1
323	327	-1
323	329	1
323	331	-1
323	335	1
323	339	-1
323	340	1
323	341	-1
323	342	1
323	343	1
323	346	1
323	347	1
323	348	-1
323	351	-1
323	355	1
323	356	-1
323	358	1
323	360	-1
323	362	1
323	363	1
323	364	1
323	370	-1
323	371	1
323	372	1
323	373	-1
323	376	-1
323	379	1
323	385	1
323	388	-1
323	389	-1
323	391	-1
323	393	-1
323	394	-1
323	395	1
323	397	1
323	401	-1
323	402	1
323	407	-1
323	408	1
323	412	1
323	416	1
323	418	-1
323	421	1
323	422	1
323	424	1
323	427	-1
323	428	-1
323	430	1
323	431	1
323	432	-1
323	433	-1
323	435	-1
323	438	-1
323	439	-1
323	440	-1
323	442	1
323	443	1
323	450	-1
323	452	-1
323	454	1
323	455	1
323	456	1
323	457	-1
323	462	1
323	463	-1
323	465	1
323	467	-1
323	471	1
323	472	-1
323	473	1
323	474	1
323	476	1
323	480	1
323	481	-1
323	482	-1
323	483	-1
323	487	-1
323	488	1
323	490	-1
323	497	-1
323	499	-1
324	325	-1
324	328	-1
324	331	1
324	336	1
324	337	-1
324	339	1
324	343	1
324	344	-1
324	345	1
324	346	-1
324	348	1
324	355	-1
324	357	-1
324	358	1
324	360	-1
324	361	1
324	362	-1
324	363	-1
324	366	1
324	367	-1
324	368	1
324	369	-1
324	370	1
324	372	1
324	373	1
324	375	-1
324	376	-1
324	378	1
324	380	-1
324	381	1
324	382	-1
324	383	-1
324	386	-1
324	387	1
324	389	1
324	391	-1
324	392	1
324	393	1
324	394	-1
324	397	-1
324	401	-1
324	403	1
324	404	-1
324	405	-1
324	406	1
324	407	-1
324	410	1
324	413	-1
324	414	-1
324	417	-1
324	418	-1
324	419	-1
324	420	-1
324	422	1
324	424	-1
324	426	-1
324	427	1
324	430	-1
324	431	1
324	432	-1
324	433	-1
324	434	1
324	436	-1
324	438	1
324	439	1
324	440	-1
324	441	-1
324	443	1
324	445	1
324	447	1
324	449	1
324	451	1
324	455	-1
324	456	-1
324	457	-1
324	458	-1
324	459	-1
324	460	-1
324	461	1
324	462	-1
324	463	1
324	466	1
324	468	1
324	472	1
324	473	1
324	475	1
324	476	1
324	477	-1
324	479	1
324	480	1
324	481	-1
324	482	-1
324	483	1
324	485	1
324	486	-1
324	487	1
324	488	-1
324	490	-1
324	495	-1
324	496	1
324	497	1
325	326	1
325	333	-1
325	334	1
325	336	1
325	337	1
325	338	1
325	339	1
325	340	1
325	342	-1
325	343	1
325	344	1
325	345	1
325	353	-1
325	357	1
325	358	-1
325	359	1
325	362	-1
325	364	-1
325	365	-1
325	366	-1
325	368	-1
325	369	-1
325	371	1
325	372	1
325	373	1
325	378	-1
325	382	-1
325	384	1
325	390	1
325	393	-1
325	394	-1
325	396	1
325	397	1
325	401	-1
325	402	-1
325	403	-1
325	405	1
325	408	-1
325	416	-1
325	418	-1
325	423	-1
325	425	-1
325	428	1
325	432	1
325	433	1
325	434	1
325	439	-1
325	441	-1
325	442	1
325	444	1
325	445	-1
325	446	1
325	447	-1
325	448	1
325	449	-1
325	456	1
325	457	1
325	458	-1
325	459	-1
325	461	1
325	462	-1
325	466	-1
325	469	1
325	470	-1
325	473	-1
325	475	-1
325	481	-1
325	485	-1
325	488	1
325	489	-1
325	490	-1
325	493	1
325	495	-1
326	327	-1
326	329	-1
326	330	-1
326	333	1
326	334	1
326	335	-1
326	336	1
326	337	-1
326	338	1
326	341	-1
326	344	1
326	346	1
326	347	1
326	348	-1
326	349	1
326	350	-1
326	352	1
326	354	1
326	355	-1
326	356	-1
326	358	1
326	361	1
326	362	1
326	363	-1
326	367	1
326	371	1
326	372	1
326	373	1
326	374	1
326	375	1
326	376	-1
326	377	1
326	379	1
326	380	1
326	381	1
326	382	1
326	384	1
326	387	1
326	393	-1
326	394	1
326	395	-1
326	397	-1
326	399	-1
326	400	1
326	402	-1
326	404	-1
326	405	1
326	406	1
326	407	1
326	412	-1
326	413	-1
326	414	1
326	415	-1
326	417	1
326	421	-1
326	424	1
326	426	-1
326	430	1
326	434	1
326	437	-1
326	438	-1
326	439	-1
326	440	1
326	442	-1
326	443	-1
326	444	-1
326	445	1
326	446	-1
326	448	1
326	453	-1
326	455	1
326	456	-1
326	457	-1
326	458	-1
326	459	1
326	463	1
326	464	1
326	465	1
326	466	1
326	467	1
326	469	-1
326	470	-1
326	471	1
326	473	-1
326	476	-1
326	479	-1
326	480	-1
326	481	1
326	484	1
326	485	-1
326	487	1
326	488	-1
326	495	1
326	496	-1
326	497	-1
326	498	1
327	328	1
327	329	-1
327	330	-1
327	331	1
327	333	1
327	335	1
327	339	1
327	340	-1
327	341	-1
327	343	1
327	345	1
327	346	1
327	347	-1
327	348	-1
327	351	-1
327	354	1
327	356	-1
327	357	-1
327	358	1
327	362	-1
327	364	-1
327	365	-1
327	366	1
327	368	1
327	370	-1
327	371	-1
327	372	1
327	373	1
327	374	-1
327	377	-1
327	379	1
327	380	-1
327	384	1
327	389	-1
327	391	-1
327	392	1
327	393	-1
327	396	-1
327	397	-1
327	398	-1
327	399	-1
327	400	1
327	406	1
327	407	-1
327	409	-1
327	410	1
327	412	1
327	414	-1
327	418	1
327	419	-1
327	421	-1
327	422	1
327	425	-1
327	426	-1
327	428	1
327	429	-1
327	430	-1
327	432	1
327	434	-1
327	435	-1
327	436	-1
327	444	1
327	445	1
327	447	-1
327	448	-1
327	451	-1
327	458	1
327	460	-1
327	461	1
327	462	1
327	471	1
327	474	1
327	477	1
327	478	1
327	480	-1
327	481	1
327	482	-1
327	485	1
327	489	-1
327	491	1
327	492	1
327	494	-1
327	495	1
327	496	-1
327	499	-1
328	331	-1
328	332	1
328	337	-1
328	338	1
328	339	-1
328	343	1
328	346	-1
328	347	-1
328	348	-1
328	351	-1
328	352	-1
328	354	-1
328	357	1
328	358	-1
328	361	-1
328	362	1
328	363	1
328	364	1
328	365	-1
328	366	-1
328	368	1
328	370	-1
328	371	1
328	375	-1
328	377	1
328	378	1
328	379	-1
328	383	-1
328	384	-1
328	385	1
328	386	1
328	389	-1
328	390	-1
328	391	-1
328	392	1
328	402	1
328	403	-1
328	404	1
328	405	1
328	407	1
328	408	1
328	410	-1
328	412	1
328	413	-1
328	415	1
328	416	-1
328	421	-1
328	423	-1
328	424	-1
328	426	-1
328	427	1
328	429	-1
328	432	1
328	433	1
328	435	-1
328	436	-1
328	437	1
328	440	1
328	441	1
328	446	1
328	449	-1
328	450	-1
328	451	-1
328	452	-1
328	456	-1
328	460	1
328	461	1
328	463	-1
328	464	1
328	466	-1
328	467	-1
328	468	-1
328	469	-1
328	470	-1
328	471	-1
328	472	1
328	475	1
328	476	1
328	478	1
328	479	-1
328	480	1
328	482	-1
328	484	-1
328	486	-1
328	490	1
328	492	-1
328	493	1
328	494	1
328	495	-1
328	497	-1
328	498	-1
328	499	1
329	330	1
329	332	1
329	334	1
329	335	-1
329	338	-1
329	340	1
329	341	-1
329	344	1
329	345	1
329	350	-1
329	355	-1
329	357	-1
329	359	1
329	361	1
329	363	1
329	364	-1
329	365	-1
329	369	1
329	373	-1
329	378	-1
329	379	-1
329	381	1
329	382	-1
329	383	1
329	385	1
329	386	1
329	387	-1
329	390	1
329	391	-1
329	393	-1
329	394	1
329	397	-1
329	399	-1
329	400	-1
329	403	-1
329	407	1
329	409	-1
329	410	-1
329	412	-1
329	417	1
329	418	1
329	421	1
329	422	1
329	423	1
329	424	-1
329	425	-1
329	426	1
329	427	-1
329	428	1
329	430	1
329	432	1
329	433	-1
329	434	-1
329	435	-1
329	437	-1
329	438	-1
329	439	1
329	440	1
329	441	-1
329	443	-1
329	445	-1
329	446	1
329	447	1
329	448	1
329	451	-1
329	453	-1
329	455	1
329	458	-1
329	459	1
329	462	1
329	463	1
329	464	1
329	465	-1
329	466	-1
329	469	1
329	471	1
329	473	-1
329	475	-1
329	476	1
329	479	-1
329	482	1
329	486	1
329	487	-1
329	488	1
329	491	1
329	492	1
329	494	1
329	499	1
330	335	-1
330	336	1
330	337	1
330	339	-1
330	342	1
330	343	-1
330	344	-1
330	345	1
330	346	-1
330	347	-1
330	351	-1
330	352	-1
330	353	1
330	355	-1
330	358	1
330	362	1
330	363	1
330	365	1
330	368	1
330	370	-1
330	372	-1
330	373	-1
330	374	1
330	375	-1
330	378	1
330	379	-1
330	380	1
330	382	1
330	385	-1
330	386	-1
330	387	-1
330	388	-1
330	390	-1
330	393	1
330	394	-1
330	401	1
330	402	1
330	403	-1
330	405	1
330	406	1
330	407	1
330	409	-1
330	412	-1
330	413	1
330	417	1
330	418	-1
330	419	1
330	423	-1
330	424	-1
330	426	1
330	427	1
330	428	1
330	431	-1
330	432	1
330	433	1
330	434	-1
330	436	1
330	437	1
330	439	1
330	440	1
330	442	-1
330	444	-1
330	446	1
330	447	1
330	448	-1
330	449	-1
330	450	1
330	451	1
330	453	1
330	454	-1
330	455	-1
330	460	1
330	461	1
330	462	1
330	465	1
330	468	-1
330	470	-1
330	471	-1
330	472	1
330	476	1
330	480	1
330	481	1
330	482	-1
330	483	1
330	484	-1
330	485	-1
330	487	-1
330	490	1
330	497	-1
330	498	1
331	332	-1
331	335	-1
331	340	-1
331	341	1
331	344	1
331	350	-1
331	351	1
331	352	-1
331	353	1
331	355	1
331	356	1
331	357	-1
331	364	-1
331	366	-1
331	367	1
331	368	1
331	369	-1
331	376	-1
331	380	1
331	382	-1
331	385	-1
331	386	1
331	387	-1
331	389	-1
331	390	-1
331	391	-1
331	392	-1
331	394	1
331	395	1
331	397	1
331	398	-1
331	399	1
331	400	-1
331	401	-1
331	403	1
331	404	-1
331	405	-1
331	411	-1
331	412	1
331	416	1
331	417	-1
331	419	1
331	422	-1
331	423	1
331	424	-1
331	428	-1
331	431	1
331	434	1
331	435	1
331	439	1
331	440	1
331	441	1
331	442	-1
331	443	1
331	445	-1
331	449	-1
331	450	1
331	454	1
331	455	1
331	458	-1
331	459	-1
331	460	1
331	465	1
331	466	1
331	470	-1
331	471	1
331	473	1
331	476	1
331	477	1
331	478	1
331	480	1
331	484	-1
331	485	1
331	486	-1
331	487	1
331	488	-1
331	489	-1
331	491	1
331	492	-1
331	494	-1
331	495	-1
332	334	-1
332	337	-1
332	341	1
332	344	-1
332	345	-1
332	346	-1
332	351	1
332	352	-1
332	354	-1
332	359	-1
332	360	1
332	362	-1
332	365	-1
332	372	1
332	374	1
332	377	-1
332	378	1
332	379	-1
332	380	1
332	384	-1
332	386	1
332	389	-1
332	391	1
332	392	1
332	395	-1
332	398	-1
332	399	1
332	400	1
332	401	-1
332	403	1
332	406	-1
332	411	1
332	412	1
332	413	1
332	414	1
332	415	-1
332	420	-1
332	421	1
332	422	-1
332	423	-1
332	426	1
332	429	-1
332	430	-1
332	431	-1
332	432	-1
332	435	-1
332	436	1
332	437	-1
332	444	-1
332	445	-1
332	446	1
332	447	-1
332	448	-1
332	449	-1
332	450	-1
332	451	-1
332	458	-1
332	459	1
332	461	1
332	462	-1
332	463	-1
332	468	-1
332	469	1
332	470	1
332	472	1
332	473	1
332	475	1
332	478	1
332	479	-1
332	480	1
332	481	1
332	482	-1
332	483	1
332	484	1
332	485	1
332	486	-1
332	487	-1
332	488	-1
332	492	1
332	493	1
333	334	1
333	335	1
333	341	-1
333	344	-1
333	345	-1
333	347	-1
333	348	-1
333	351	1
333	353	-1
333	355	-1
333	356	1
333	358	-1
333	359	-1
333	360	1
333	361	1
333	363	1
333	368	-1
333	369	1
333	370	-1
333	372	-1
333	373	-1
333	377	1
333	385	-1
333	386	1
333	387	1
333	388	-1
333	389	-1
333	395	-1
333	397	-1
333	398	-1
333	405	1
333	407	1
333	408	1
333	411	1
333	414	-1
333	416	1
333	417	-1
333	418	-1
333	419	1
333	421	-1
333	425	1
333	426	-1
333	427	1
333	428	1
333	429	1
333	431	1
333	433	-1
333	436	1
333	438	-1
333	441	1
333	444	1
333	445	-1
333	447	1
333	448	1
333	449	1
333	451	1
333	453	1
333	454	1
333	456	-1
333	459	1
333	462	1
333	463	-1
333	464	1
333	474	1
333	475	-1
333	477	1
333	479	-1
333	480	-1
333	481	1
333	482	1
333	483	-1
333	484	1
333	486	-1
333	487	1
333	488	1
333	492	-1
333	493	1
333	496	-1
333	498	1
333	499	1
334	335	-1
334	336	1
334	337	-1
334	338	1
334	341	1
334	342	-1
334	347	1
334	354	-1
334	356	1
334	357	1
334	358	1
334	360	1
334	362	1
334	365	1
334	368	1
334	370	-1
334	378	-1
334	379	-1
334	380	-1
334	381	1
334	382	-1
334	383	1
334	385	-1
334	387	1
334	388	1
334	391	-1
334	392	-1
334	393	-1
334	396	1
334	397	1
334	398	-1
334	401	1
334	403	-1
334	405	1
334	406	1
334	407	-1
334	408	-1
334	409	-1
334	410	-1
334	411	1
334	412	1
334	413	1
334	414	-1
334	415	-1
334	417	1
334	420	-1
334	424	-1
334	427	-1
334	428	1
334	429	-1
334	431	-1
334	434	1
334	436	-1
334	437	1
334	439	-1
334	440	1
334	441	-1
334	442	1
334	443	-1
334	445	1
334	446	-1
334	447	-1
334	448	-1
334	449	-1
334	450	-1
334	452	-1
334	453	1
334	455	1
334	456	-1
334	458	1
334	460	-1
334	461	1
334	462	-1
334	464	1
334	466	-1
334	467	1
334	468	1
334	471	-1
334	475	1
334	476	-1
334	477	1
334	478	-1
334	479	1
334	480	-1
334	481	-1
334	482	-1
334	485	1
334	486	-1
334	487	-1
334	489	1
334	490	-1
334	491	-1
334	493	1
334	494	-1
334	497	-1
334	498	1
334	499	-1
335	342	1
335	344	-1
335	345	-1
335	347	1
335	348	1
335	349	1
335	350	-1
335	353	-1
335	354	-1
335	357	1
335	360	-1
335	361	1
335	363	1
335	365	-1
335	366	1
335	367	1
335	368	1
335	369	-1
335	372	-1
335	373	1
335	374	1
335	375	1
335	377	1
335	378	-1
335	379	-1
335	380	-1
335	381	-1
335	382	-1
335	384	-1
335	385	-1
335	387	1
335	388	1
335	389	-1
335	396	1
335	397	1
335	399	-1
335	401	1
335	404	1
335	405	-1
335	407	1
335	410	1
335	411	-1
335	412	-1
335	413	1
335	414	-1
335	416	1
335	417	-1
335	420	1
335	423	-1
335	424	-1
335	426	1
335	432	-1
335	434	1
335	436	1
335	437	1
335	439	1
335	440	-1
335	444	-1
335	445	1
335	447	1
335	449	-1
335	450	1
335	452	-1
335	454	-1
335	455	1
335	456	-1
335	459	-1
335	461	1
335	463	1
335	466	1
335	467	-1
335	468	-1
335	469	1
335	470	1
335	471	1
335	472	1
335	473	1
335	476	-1
335	478	-1
335	480	1
335	482	-1
335	483	-1
335	484	-1
335	489	-1
335	490	-1
335	491	-1
335	495	1
335	496	1
335	497	-1
336	338	1
336	339	-1
336	340	-1
336	341	1
336	343	-1
336	345	1
336	346	1
336	348	-1
336	349	-1
336	352	-1
336	354	-1
336	355	1
336	356	-1
336	357	1
336	360	-1
336	363	-1
336	364	-1
336	367	1
336	370	1
336	371	1
336	374	1
336	375	-1
336	376	1
336	378	1
336	379	-1
336	382	1
336	383	1
336	384	1
336	385	-1
336	386	-1
336	389	1
336	395	1
336	396	-1
336	399	-1
336	402	-1
336	404	-1
336	405	1
336	407	-1
336	409	1
336	411	1
336	412	-1
336	415	1
336	420	1
336	421	1
336	422	-1
336	425	-1
336	426	-1
336	429	-1
336	433	1
336	434	-1
336	436	-1
336	438	1
336	440	-1
336	441	1
336	442	1
336	443	-1
336	444	-1
336	445	-1
336	446	-1
336	447	-1
336	448	1
336	449	-1
336	450	1
336	451	1
336	452	-1
336	454	-1
336	455	-1
336	460	-1
336	461	1
336	462	-1
336	464	-1
336	465	-1
336	467	-1
336	469	-1
336	474	-1
336	475	1
336	477	-1
336	482	-1
336	483	-1
336	484	-1
336	485	-1
336	486	1
336	490	-1
336	491	1
336	492	-1
336	493	-1
336	495	1
336	496	-1
336	498	1
337	338	-1
337	339	1
337	340	-1
337	341	-1
337	343	-1
337	344	-1
337	345	-1
337	346	-1
337	347	1
337	348	-1
337	349	1
337	350	1
337	351	1
337	352	1
337	353	1
337	354	1
337	356	1
337	357	-1
337	359	-1
337	363	1
337	364	1
337	369	-1
337	373	-1
337	374	-1
337	376	1
337	377	1
337	378	-1
337	380	1
337	383	1
337	384	1
337	386	-1
337	387	-1
337	389	-1
337	391	1
337	392	-1
337	394	-1
337	395	-1
337	397	-1
337	399	1
337	401	-1
337	402	-1
337	404	-1
337	410	1
337	414	1
337	415	-1
337	417	-1
337	420	-1
337	421	1
337	423	-1
337	424	1
337	427	1
337	433	-1
337	434	-1
337	436	1
337	438	-1
337	439	1
337	440	-1
337	443	1
337	445	1
337	446	1
337	447	1
337	448	1
337	449	1
337	452	-1
337	453	-1
337	454	1
337	458	1
337	459	-1
337	462	1
337	463	1
337	465	1
337	467	-1
337	468	-1
337	471	1
337	472	1
337	477	1
337	480	-1
337	481	1
337	482	1
337	484	1
337	486	1
337	487	1
337	488	-1
337	491	-1
337	492	1
337	497	-1
337	499	1
338	339	1
338	340	1
338	341	1
338	343	1
338	344	1
338	345	1
338	347	-1
338	349	-1
338	350	-1
338	358	-1
338	360	-1
338	363	1
338	365	1
338	367	-1
338	368	-1
338	369	-1
338	370	1
338	372	1
338	375	1
338	382	1
338	383	1
338	384	1
338	388	-1
338	389	-1
338	390	-1
338	391	1
338	393	1
338	394	-1
338	395	1
338	396	1
338	398	-1
338	399	-1
338	402	-1
338	403	-1
338	404	-1
338	406	-1
338	408	-1
338	409	-1
338	410	-1
338	411	-1
338	413	-1
338	414	1
338	417	1
338	418	1
338	419	-1
338	420	-1
338	422	1
338	423	-1
338	425	1
338	427	-1
338	429	-1
338	432	1
338	435	-1
338	437	-1
338	438	1
338	440	-1
338	441	1
338	442	1
338	443	-1
338	445	-1
338	446	-1
338	447	-1
338	449	1
338	451	-1
338	452	-1
338	455	-1
338	456	-1
338	457	1
338	459	1
338	460	1
338	463	1
338	464	1
338	465	-1
338	467	1
338	468	1
338	469	-1
338	470	-1
338	471	-1
338	474	-1
338	475	-1
338	476	-1
338	477	-1
338	478	1
338	479	-1
338	481	-1
338	486	-1
338	488	-1
338	491	1
338	492	1
338	493	-1
338	494	-1
338	496	1
338	497	-1
338	498	1
339	340	-1
339	341	1
339	343	1
339	344	1
339	346	1
339	348	-1
339	352	1
339	353	-1
339	357	-1
339	358	-1
339	359	1
339	360	1
339	361	-1
339	364	1
339	367	1
339	369	-1
339	372	1
339	373	1
339	374	-1
339	375	1
339	377	1
339	378	-1
339	379	1
339	380	-1
339	381	1
339	382	1
339	388	-1
339	390	1
339	391	1
339	395	-1
339	396	-1
339	397	-1
339	398	1
339	399	-1
339	400	-1
339	403	1
339	404	1
339	405	-1
339	407	1
339	409	1
339	411	-1
339	412	1
339	413	1
339	414	-1
339	417	1
339	419	-1
339	420	-1
339	423	-1
339	424	1
339	425	1
339	427	-1
339	431	-1
339	432	-1
339	433	1
339	435	1
339	437	-1
339	440	1
339	444	1
339	445	-1
339	446	1
339	447	1
339	448	-1
339	453	-1
339	454	1
339	455	-1
339	456	-1
339	457	-1
339	458	1
339	460	1
339	464	1
339	466	1
339	467	1
339	469	1
339	470	1
339	474	1
339	475	1
339	477	-1
339	478	1
339	483	-1
339	485	1
339	493	-1
339	495	1
339	496	-1
340	345	1
340	346	-1
340	351	-1
340	353	-1
340	354	-1
340	355	1
340	360	1
340	363	1
340	364	-1
340	366	-1
340	368	1
340	369	1
340	371	-1
340	372	-1
340	374	-1
340	375	1
340	377	-1
340	379	1
340	380	1
340	383	1
340	384	-1
340	385	-1
340	387	-1
340	389	-1
340	390	1
340	392	1
340	394	-1
340	395	-1
340	397	-1
340	401	-1
340	402	1
340	403	1
340	406	1
340	407	-1
340	409	-1
340	411	-1
340	412	-1
340	418	1
340	420	1
340	424	-1
340	427	-1
340	429	-1
340	431	-1
340	432	1
340	437	1
340	439	1
340	440	1
340	442	-1
340	444	1
340	446	-1
340	450	1
340	453	1
340	454	1
340	456	1
340	458	-1
340	462	-1
340	465	-1
340	466	-1
340	468	1
340	470	-1
340	474	-1
340	475	1
340	476	1
340	477	1
340	478	-1
340	480	1
340	482	-1
340	483	-1
340	485	-1
340	489	-1
340	492	-1
340	493	1
340	494	1
340	496	-1
340	498	1
341	343	-1
341	347	-1
341	349	1
341	351	1
341	352	-1
341	353	-1
341	356	1
341	358	-1
341	363	1
341	365	1
341	366	-1
341	368	-1
341	370	1
341	371	1
341	374	-1
341	376	-1
341	382	1
341	383	1
341	385	-1
341	386	-1
341	388	-1
341	389	1
341	390	1
341	392	1
341	393	-1
341	394	1
341	397	1
341	398	-1
341	400	-1
341	401	1
341	403	1
341	405	-1
341	408	-1
341	409	-1
341	411	1
341	412	1
341	415	-1
341	416	-1
341	419	1
341	421	-1
341	422	-1
341	423	1
341	428	1
341	429	1
341	431	1
341	435	-1
341	436	1
341	438	-1
341	440	-1
341	441	-1
341	443	1
341	445	1
341	446	-1
341	447	-1
341	448	-1
341	450	-1
341	452	-1
341	453	-1
341	454	1
341	455	1
341	456	-1
341	458	-1
341	461	1
341	462	1
341	463	1
341	464	1
341	465	1
341	467	-1
341	468	-1
341	471	-1
341	472	-1
341	475	1
341	477	-1
341	479	-1
341	480	-1
341	481	1
341	482	1
341	483	1
341	485	1
341	486	-1
341	489	1
341	490	-1
341	491	-1
341	493	1
341	496	1
341	499	-1
342	343	1
342	345	-1
342	349	1
342	350	-1
342	352	-1
342	355	-1
342	356	-1
342	357	1
342	358	-1
342	361	-1
342	363	1
342	364	1
342	365	1
342	366	1
342	369	-1
342	370	-1
342	371	1
342	375	-1
342	378	-1
342	379	-1
342	381	-1
342	382	-1
342	383	-1
342	384	1
342	385	-1
342	388	1
342	390	-1
342	391	-1
342	393	-1
342	394	-1
342	397	-1
342	398	-1
342	400	1
342	401	-1
342	403	1
342	404	-1
342	408	-1
342	409	1
342	410	-1
342	412	1
342	415	-1
342	416	-1
342	417	1
342	420	-1
342	421	-1
342	422	-1
342	425	1
342	427	-1
342	428	1
342	429	-1
342	431	-1
342	432	1
342	435	1
342	438	1
342	441	-1
342	443	1
342	448	-1
342	451	-1
342	455	-1
342	457	1
342	462	1
342	463	1
342	465	1
342	466	1
342	468	1
342	470	1
342	474	1
342	475	1
342	476	1
342	477	1
342	480	1
342	481	-1
342	483	-1
342	484	-1
342	485	-1
342	487	1
342	488	-1
342	490	1
342	493	1
342	496	-1
342	498	-1
342	499	1
343	344	-1
343	345	-1
343	348	1
343	353	1
343	358	-1
343	361	-1
343	362	-1
343	364	1
343	365	-1
343	370	1
343	371	1
343	373	-1
343	374	-1
343	377	-1
343	378	1
343	380	-1
343	381	-1
343	383	-1
343	386	-1
343	387	1
343	389	1
343	390	1
343	392	1
343	396	-1
343	398	1
343	402	1
343	404	-1
343	405	1
343	406	1
343	412	1
343	413	1
343	414	1
343	415	-1
343	418	1
343	421	-1
343	424	-1
343	426	1
343	429	-1
343	430	-1
343	434	-1
343	437	1
343	440	1
343	441	1
343	442	1
343	444	1
343	446	1
343	447	-1
343	451	1
343	452	1
343	456	-1
343	457	1
343	458	-1
343	461	1
343	463	1
343	464	-1
343	467	1
343	470	1
343	471	1
343	474	1
343	479	1
343	482	1
343	483	1
343	484	1
343	485	-1
343	486	1
343	487	1
343	489	-1
343	491	1
343	494	1
343	497	1
343	498	1
343	499	1
344	346	1
344	348	-1
344	353	1
344	361	1
344	362	1
344	363	1
344	365	-1
344	367	-1
344	368	1
344	371	1
344	378	-1
344	379	1
344	380	-1
344	384	-1
344	386	-1
344	390	-1
344	391	1
344	393	-1
344	394	-1
344	395	1
344	397	1
344	399	1
344	405	1
344	406	-1
344	407	-1
344	409	-1
344	412	1
344	415	1
344	417	1
344	418	-1
344	420	1
344	421	-1
344	422	1
344	423	1
344	424	-1
344	426	-1
344	427	-1
344	428	1
344	429	-1
344	430	1
344	431	-1
344	433	-1
344	434	-1
344	436	-1
344	437	1
344	438	-1
344	440	-1
344	441	-1
344	442	-1
344	443	1
344	445	-1
344	446	-1
344	447	1
344	449	-1
344	452	1
344	457	-1
344	458	-1
344	459	1
344	463	1
344	465	1
344	467	1
344	469	1
344	476	1
344	477	-1
344	481	-1
344	485	-1
344	486	1
344	488	-1
344	489	1
344	491	-1
344	492	1
344	495	-1
344	497	1
345	347	-1
345	348	1
345	349	1
345	350	-1
345	352	1
345	353	-1
345	356	1
345	357	1
345	358	1
345	360	1
345	366	-1
345	368	1
345	369	1
345	370	1
345	371	-1
345	375	-1
345	376	1
345	380	1
345	381	-1
345	385	-1
345	387	-1
345	390	1
345	393	1
345	394	1
345	395	-1
345	396	-1
345	397	-1
345	400	1
345	401	-1
345	403	1
345	404	1
345	410	1
345	414	-1
345	416	1
345	417	-1
345	418	-1
345	420	1
345	422	1
345	423	-1
345	425	-1
345	428	-1
345	429	1
345	430	-1
345	431	-1
345	433	1
345	436	1
345	439	-1
345	442	-1
345	443	-1
345	448	1
345	449	-1
345	450	-1
345	454	-1
345	456	-1
345	458	-1
345	459	1
345	460	-1
345	463	-1
345	465	-1
345	466	1
345	470	-1
345	471	1
345	472	1
345	473	-1
345	476	1
345	478	-1
345	481	1
345	484	1
345	486	1
345	489	1
345	493	-1
345	499	1
346	347	1
346	350	1
346	351	1
346	352	1
346	355	1
346	356	1
346	358	-1
346	359	-1
346	363	1
346	364	-1
346	365	-1
346	370	-1
346	373	-1
346	374	1
346	375	1
346	376	-1
346	377	1
346	378	-1
346	380	1
346	381	1
346	382	1
346	385	1
346	386	1
346	388	-1
346	390	-1
346	392	1
346	393	-1
346	394	1
346	396	1
346	397	-1
346	398	1
346	400	-1
346	402	1
346	403	1
346	406	1
346	408	-1
346	410	-1
346	415	1
346	418	1
346	420	1
346	422	1
346	424	1
346	425	1
346	427	-1
346	428	1
346	434	-1
346	436	-1
346	438	1
346	441	1
346	445	-1
346	446	1
346	447	1
346	448	1
346	453	1
346	456	1
346	458	-1
346	459	1
346	460	-1
346	461	1
346	465	1
346	466	1
346	468	-1
346	469	1
346	470	1
346	471	-1
346	473	-1
346	474	-1
346	477	1
346	479	1
346	480	1
346	482	-1
346	483	1
346	485	-1
346	486	1
346	487	-1
346	489	1
346	490	-1
346	491	-1
346	492	1
346	493	1
346	494	-1
346	495	-1
346	496	1
346	497	1
346	499	-1
347	348	-1
347	350	1
347	353	1
347	356	1
347	360	-1
347	361	-1
347	362	-1
347	363	-1
347	366	-1
347	367	1
347	368	1
347	369	1
347	371	-1
347	372	1
347	375	-1
347	376	1
347	385	-1
347	386	1
347	387	1
347	388	1
347	389	1
347	393	-1
347	395	-1
347	396	1
347	398	-1
347	399	-1
347	400	1
347	403	-1
347	405	1
347	408	1
347	413	-1
347	415	-1
347	417	-1
347	418	1
347	419	1
347	420	-1
347	421	1
347	422	-1
347	425	1
347	431	1
347	432	1
347	434	1
347	435	1
347	439	-1
347	441	1
347	443	1
347	444	1
347	448	1
347	451	1
347	453	1
347	456	1
347	459	1
347	463	1
347	464	1
347	467	1
347	473	1
347	474	1
347	476	1
347	477	-1
347	480	1
347	490	1
347	491	-1
347	495	1
347	499	1
348	350	1
348	354	-1
348	356	1
348	360	1
348	364	-1
348	365	-1
348	366	-1
348	368	-1
348	369	1
348	372	1
348	376	-1
348	377	1
348	381	1
348	382	1
348	383	1
348	385	1
348	388	-1
348	391	-1
348	396	-1
348	397	1
348	399	-1
348	403	1
348	404	-1
348	405	-1
348	410	-1
348	411	1
348	413	1
348	416	-1
348	420	1
348	421	-1
348	422	1
348	423	1
348	424	-1
348	426	-1
348	427	1
348	428	1
348	430	-1
348	431	1
348	433	1
348	434	-1
348	437	-1
348	438	-1
348	439	-1
348	441	1
348	442	-1
348	443	-1
348	444	-1
348	445	-1
348	446	-1
348	447	1
348	449	1
348	451	-1
348	453	-1
348	455	1
348	459	1
348	460	1
348	461	1
348	462	1
348	464	-1
348	465	1
348	467	1
348	469	-1
348	470	1
348	471	1
348	472	-1
348	476	-1
348	477	-1
348	480	-1
348	481	1
348	482	1
348	483	-1
348	484	1
348	486	-1
348	488	1
348	489	1
348	492	1
348	495	-1
348	499	1
349	350	1
349	352	1
349	355	-1
349	357	1
349	358	-1
349	359	-1
349	360	-1
349	361	1
349	362	-1
349	363	1
349	364	-1
349	365	1
349	368	1
349	370	1
349	375	1
349	377	1
349	381	1
349	383	1
349	384	1
349	386	-1
349	388	1
349	392	1
349	393	-1
349	394	-1
349	395	1
349	398	-1
349	400	1
349	404	-1
349	405	-1
349	406	1
349	410	-1
349	412	-1
349	413	-1
349	414	-1
349	418	-1
349	420	-1
349	422	-1
349	424	1
349	426	1
349	427	-1
349	429	-1
349	430	1
349	431	1
349	433	-1
349	436	-1
349	437	-1
349	439	1
349	440	-1
349	441	-1
349	443	1
349	446	1
349	448	1
349	450	1
349	451	-1
349	452	1
349	459	1
349	461	-1
349	462	1
349	463	1
349	465	-1
349	467	-1
349	470	1
349	471	1
349	472	-1
349	473	1
349	475	1
349	476	-1
349	479	1
349	480	-1
349	483	-1
349	486	1
349	490	-1
349	491	-1
349	494	-1
349	497	-1
349	498	-1
349	499	1
350	351	-1
350	353	1
350	358	1
350	359	1
350	365	-1
350	366	1
350	367	1
350	368	1
350	370	1
350	374	-1
350	375	-1
350	377	1
350	378	1
350	381	1
350	382	1
350	383	1
350	390	-1
350	391	1
350	393	1
350	397	-1
350	398	-1
350	402	1
350	404	1
350	405	1
350	407	1
350	408	-1
350	409	1
350	412	-1
350	413	-1
350	414	1
350	417	1
350	418	1
350	419	1
350	420	-1
350	423	-1
350	425	1
350	426	1
350	428	1
350	431	-1
350	433	1
350	434	1
350	436	-1
350	439	1
350	440	1
350	441	-1
350	444	-1
350	448	-1
350	449	1
350	452	1
350	453	1
350	454	1
350	455	1
350	457	-1
350	459	1
350	467	1
350	469	1
350	471	-1
350	472	1
350	479	-1
350	480	-1
350	484	1
350	485	-1
350	486	-1
350	488	-1
350	489	-1
350	491	-1
350	492	-1
350	494	-1
350	495	1
350	497	1
350	499	-1
351	353	1
351	356	-1
351	360	-1
351	361	1
351	364	-1
351	366	1
351	367	-1
351	368	1
351	369	-1
351	372	1
351	377	-1
351	378	1
351	379	-1
351	380	-1
351	381	-1
351	384	-1
351	387	-1
351	390	1
351	391	-1
351	392	1
351	395	1
351	397	-1
351	399	-1
351	400	1
351	401	-1
351	402	1
351	403	-1
351	404	-1
351	406	-1
351	407	1
351	409	1
351	412	-1
351	413	-1
351	417	-1
351	418	1
351	420	1
351	423	1
351	424	-1
351	427	1
351	429	1
351	431	1
351	432	-1
351	433	-1
351	436	-1
351	437	1
351	440	1
351	442	1
351	443	-1
351	445	1
351	451	-1
351	453	-1
351	456	-1
351	457	1
351	461	-1
351	467	-1
351	468	1
351	469	1
351	472	-1
351	473	1
351	476	-1
351	479	1
351	486	-1
351	487	-1
351	489	1
351	490	1
351	492	1
351	493	1
351	494	-1
351	495	1
352	355	1
352	357	-1
352	359	-1
352	360	1
352	361	1
352	362	-1
352	363	1
352	364	1
352	365	-1
352	369	1
352	372	1
352	375	1
352	377	1
352	379	1
352	383	-1
352	385	-1
352	386	1
352	389	1
352	390	1
352	392	-1
352	393	-1
352	395	-1
352	398	1
352	399	-1
352	400	1
352	401	1
352	402	-1
352	404	1
352	406	1
352	407	-1
352	408	1
352	409	1
352	410	1
352	411	1
352	412	1
352	416	1
352	419	1
352	429	-1
352	430	1
352	431	1
352	433	-1
352	434	-1
352	435	1
352	436	-1
352	437	-1
352	438	-1
352	439	1
352	443	-1
352	447	-1
352	453	-1
352	454	-1
352	455	-1
352	459	1
352	460	1
352	461	1
352	464	-1
352	465	1
352	466	-1
352	467	1
352	469	1
352	470	-1
352	473	1
352	474	-1
352	475	-1
352	476	-1
352	479	1
352	481	-1
352	482	-1
352	483	-1
352	485	-1
352	487	1
352	488	1
352	490	-1
352	494	-1
352	495	1
352	496	1
352	499	1
353	356	-1
353	357	1
353	358	-1
353	359	-1
353	361	-1
353	363	-1
353	364	-1
353	366	-1
353	372	1
353	374	-1
353	375	-1
353	376	1
353	378	-1
353	380	1
353	384	1
353	386	1
353	387	1
353	389	-1
353	391	1
353	392	-1
353	397	-1
353	398	-1
353	399	1
353	400	1
353	401	-1
353	402	-1
353	403	1
353	405	1
353	407	-1
353	408	1
353	410	1
353	411	1
353	412	-1
353	416	1
353	417	-1
353	420	1
353	421	1
353	423	1
353	426	-1
353	427	-1
353	428	1
353	429	1
353	430	-1
353	432	-1
353	433	1
353	440	1
353	442	1
353	444	1
353	445	-1
353	452	-1
353	455	-1
353	457	1
353	459	-1
353	460	1
353	462	-1
353	465	1
353	467	-1
353	468	-1
353	472	-1
353	475	-1
353	476	1
353	483	-1
353	487	1
353	488	-1
353	489	1
353	490	-1
353	494	1
353	498	1
354	358	-1
354	361	-1
354	364	1
354	365	1
354	366	1
354	369	1
354	370	1
354	371	1
354	372	1
354	373	1
354	375	-1
354	376	-1
354	377	-1
354	378	1
354	381	1
354	386	1
354	388	-1
354	390	-1
354	391	1
354	394	-1
354	398	-1
354	399	1
354	400	1
354	404	1
354	408	1
354	409	-1
354	412	-1
354	413	1
354	418	-1
354	423	1
354	424	1
354	427	-1
354	428	-1
354	431	1
354	432	1
354	433	-1
354	434	-1
354	435	1
354	436	-1
354	437	1
354	439	-1
354	442	-1
354	446	1
354	449	1
354	451	1
354	453	1
354	454	1
354	455	-1
354	459	-1
354	461	-1
354	463	1
354	464	1
354	465	1
354	467	1
354	468	-1
354	469	-1
354	470	-1
354	474	-1
354	478	1
354	479	1
354	480	1
354	481	-1
354	482	1
354	484	-1
354	485	-1
354	486	1
354	489	1
354	490	-1
354	491	-1
354	493	1
354	494	-1
354	498	-1
354	499	-1
355	358	-1
355	359	-1
355	362	-1
355	366	1
355	369	-1
355	370	1
355	372	-1
355	373	-1
355	375	1
355	379	-1
355	381	1
355	382	-1
355	383	1
355	388	1
355	390	1
355	391	1
355	392	1
355	394	1
355	395	-1
355	397	1
355	398	1
355	399	1
355	400	1
355	402	1
355	403	1
355	406	-1
355	407	1
355	408	-1
355	412	1
355	416	-1
355	417	1
355	421	1
355	423	-1
355	424	1
355	425	1
355	426	1
355	427	1
355	428	1
355	429	-1
355	430	1
355	433	1
355	434	1
355	435	-1
355	436	-1
355	437	-1
355	438	-1
355	439	1
355	442	-1
355	445	-1
355	448	-1
355	451	-1
355	452	1
355	453	1
355	455	-1
355	457	-1
355	463	-1
355	464	-1
355	465	-1
355	466	1
355	468	-1
355	469	-1
355	472	1
355	473	-1
355	476	1
355	478	-1
355	479	-1
355	481	1
355	482	1
355	484	1
355	485	1
355	489	-1
355	490	1
355	491	1
355	494	1
355	495	1
355	496	-1
355	498	-1
355	499	-1
356	359	-1
356	362	-1
356	363	-1
356	364	1
356	365	-1
356	368	-1
356	369	-1
356	370	-1
356	373	1
356	375	1
356	379	1
356	381	1
356	383	1
356	384	1
356	385	1
356	386	-1
356	387	1
356	390	1
356	391	-1
356	392	1
356	393	-1
356	394	1
356	396	1
356	398	-1
356	401	-1
356	402	1
356	403	1
356	406	1
356	408	1
356	412	1
356	413	1
356	414	-1
356	415	1
356	416	1
356	417	-1
356	418	-1
356	419	1
356	421	1
356	423	-1
356	429	-1
356	430	-1
356	431	1
356	434	-1
356	435	-1
356	436	1
356	437	-1
356	439	1
356	440	1
356	441	1
356	445	1
356	447	-1
356	449	-1
356	451	1
356	453	-1
356	454	1
356	455	1
356	456	-1
356	458	-1
356	459	-1
356	461	-1
356	465	-1
356	467	-1
356	468	-1
356	471	1
356	472	-1
356	478	-1
356	479	1
356	480	1
356	482	1
356	484	1
356	488	1
356	489	1
356	490	-1
356	493	1
356	494	-1
356	495	-1
356	496	1
356	499	1
357	358	-1
357	360	-1
357	361	-1
357	363	-1
357	366	-1
357	369	-1
357	372	1
357	373	1
357	375	1
357	377	-1
357	378	-1
357	380	-1
357	382	-1
357	383	1
357	386	1
357	388	1
357	395	1
357	397	-1
357	398	1
357	399	1
357	400	-1
357	404	-1
357	407	-1
357	408	-1
357	409	-1
357	410	-1
357	411	1
357	415	-1
357	417	-1
357	422	-1
357	423	-1
357	424	-1
357	427	-1
357	429	-1
357	431	-1
357	432	1
357	436	1
357	437	1
357	438	1
357	440	-1
357	441	-1
357	447	1
357	448	1
357	450	1
357	451	1
357	452	1
357	454	-1
357	458	1
357	459	1
357	462	-1
357	466	-1
357	467	1
357	472	1
357	473	-1
357	475	1
357	476	1
357	477	1
357	478	-1
357	483	1
357	484	-1
357	485	1
357	487	1
357	490	1
357	491	-1
357	492	1
357	493	-1
357	496	1
357	497	1
357	498	-1
358	360	-1
358	361	-1
358	365	-1
358	366	-1
358	367	1
358	368	1
358	371	1
358	373	1
358	374	-1
358	375	-1
358	376	1
358	378	1
358	381	1
358	383	1
358	385	1
358	387	1
358	389	1
358	391	-1
358	393	-1
358	395	-1
358	397	1
358	400	1
358	401	-1
358	402	1
358	403	-1
358	404	1
358	407	1
358	409	-1
358	410	-1
358	414	1
358	417	-1
358	419	1
358	420	-1
358	421	1
358	422	1
358	423	-1
358	428	1
358	429	1
358	431	-1
358	434	-1
358	436	-1
358	437	-1
358	441	-1
358	442	-1
358	444	1
358	445	1
358	447	-1
358	448	-1
358	449	-1
358	456	-1
358	458	-1
358	459	1
358	461	1
358	464	1
358	466	-1
358	468	-1
358	470	1
358	471	1
358	478	-1
358	479	-1
358	481	1
358	482	-1
358	485	1
358	489	-1
358	491	-1
358	494	1
358	495	1
358	499	-1
359	360	1
359	361	1
359	362	-1
359	364	1
359	365	1
359	366	-1
359	370	1
359	371	1
359	372	-1
359	373	-1
359	375	-1
359	377	-1
359	379	-1
359	380	-1
359	381	-1
359	382	1
359	384	1
359	386	-1
359	387	1
359	388	1
359	389	-1
359	390	1
359	391	1
359	393	1
359	394	-1
359	396	1
359	398	1
359	399	-1
359	401	1
359	403	-1
359	406	1
359	409	-1
359	411	1
359	412	1
359	417	1
359	418	-1
359	421	-1
359	423	-1
359	424	-1
359	426	-1
359	428	1
359	430	1
359	433	1
359	435	1
359	436	-1
359	437	1
359	439	1
359	441	-1
359	446	-1
359	447	-1
359	448	1
359	450	1
359	452	-1
359	454	-1
359	455	-1
359	456	-1
359	457	-1
359	458	-1
359	461	-1
359	462	-1
359	463	1
359	464	-1
359	465	-1
359	466	1
359	467	-1
359	471	-1
359	474	1
359	475	1
359	478	1
359	480	1
359	481	-1
359	484	1
359	485	1
359	487	1
359	488	1
359	489	1
359	490	1
359	491	1
359	492	-1
359	493	-1
359	497	-1
359	498	-1
360	363	-1
360	364	1
360	365	-1
360	368	-1
360	370	-1
360	371	-1
360	374	1
360	377	-1
360	384	1
360	385	-1
360	387	-1
360	389	-1
360	391	-1
360	393	1
360	394	1
360	396	-1
360	402	1
360	407	1
360	408	-1
360	411	-1
360	412	1
360	414	-1
360	419	1
360	421	1
360	422	-1
360	423	1
360	424	-1
360	426	-1
360	428	-1
360	429	1
360	430	-1
360	431	1
360	437	-1
360	439	1
360	442	1
360	443	-1
360	444	1
360	449	1
360	451	1
360	453	1
360	454	1
360	455	-1
360	456	1
360	457	1
360	458	-1
360	460	-1
360	461	-1
360	464	1
360	465	1
360	466	1
360	467	-1
360	469	-1
360	475	-1
360	478	1
360	481	-1
360	485	-1
360	486	1
360	487	-1
360	488	1
360	490	1
360	492	-1
360	493	-1
360	495	1
361	362	1
361	366	-1
361	367	-1
361	370	1
361	372	-1
361	373	1
361	374	-1
361	375	-1
361	377	-1
361	378	1
361	383	-1
361	384	1
361	388	1
361	389	1
361	394	-1
361	401	1
361	404	-1
361	405	1
361	408	1
361	413	1
361	417	1
361	419	-1
361	420	-1
361	421	-1
361	422	1
361	424	-1
361	427	-1
361	433	1
361	434	-1
361	439	-1
361	440	1
361	444	-1
361	446	-1
361	447	1
361	449	-1
361	454	1
361	456	1
361	457	1
361	459	-1
361	461	-1
361	466	-1
361	467	1
361	470	-1
361	475	-1
361	476	1
361	480	-1
361	481	-1
361	482	-1
361	484	-1
361	492	-1
361	495	-1
361	496	1
361	498	1
361	499	1
362	364	-1
362	365	1
362	367	1
362	369	1
362	370	-1
362	371	1
362	372	1
362	374	-1
362	375	1
362	377	1
362	378	-1
362	381	1
362	384	1
362	385	1
362	386	-1
362	388	1
362	389	-1
362	390	-1
362	393	-1
362	395	-1
362	396	-1
362	397	1
362	398	1
362	401	1
362	402	-1
362	403	1
362	406	-1
362	408	1
362	409	1
362	411	-1
362	412	-1
362	416	-1
362	420	-1
362	421	1
362	423	-1
362	430	-1
362	431	1
362	432	1
362	433	-1
362	434	-1
362	436	1
362	439	1
362	443	-1
362	445	-1
362	448	-1
362	449	-1
362	450	-1
362	451	-1
362	453	-1
362	454	-1
362	459	1
362	460	1
362	461	-1
362	463	1
362	465	-1
362	473	-1
362	474	1
362	475	-1
362	476	1
362	479	1
362	486	-1
362	487	-1
362	488	-1
362	490	1
362	491	1
362	492	1
362	493	-1
362	494	-1
362	495	-1
363	364	-1
363	367	1
363	371	-1
363	373	-1
363	375	1
363	376	-1
363	377	1
363	379	1
363	381	1
363	383	1
363	384	1
363	385	1
363	386	1
363	388	1
363	389	-1
363	390	1
363	394	-1
363	395	1
363	396	1
363	397	-1
363	398	-1
363	399	-1
363	400	1
363	401	1
363	403	1
363	405	1
363	407	1
363	409	1
363	410	-1
363	413	1
363	415	1
363	419	1
363	420	1
363	421	1
363	423	-1
363	424	-1
363	426	1
363	427	1
363	430	1
363	431	1
363	434	1
363	435	1
363	437	-1
363	440	1
363	441	1
363	442	-1
363	443	-1
363	444	1
363	445	1
363	446	1
363	447	1
363	449	1
363	450	-1
363	451	-1
363	452	1
363	454	-1
363	456	1
363	463	1
363	465	-1
363	467	1
363	468	-1
363	469	1
363	471	-1
363	472	1
363	474	1
363	475	-1
363	476	-1
363	477	-1
363	479	1
363	480	1
363	482	1
363	483	-1
363	487	1
363	488	-1
363	489	1
363	491	1
363	494	1
363	495	1
363	497	-1
363	498	-1
364	368	1
364	371	1
364	372	1
364	373	1
364	376	1
364	379	1
364	382	1
364	387	-1
364	390	1
364	393	1
364	395	1
364	399	1
364	400	-1
364	402	1
364	404	-1
364	405	-1
364	406	1
364	407	1
364	408	1
364	409	1
364	410	1
364	412	1
364	414	-1
364	415	-1
364	416	1
364	421	1
364	422	-1
364	427	1
364	429	-1
364	430	-1
364	433	1
364	434	-1
364	435	1
364	436	1
364	437	1
364	438	1
364	439	-1
364	441	1
364	442	-1
364	445	1
364	447	1
364	448	1
364	449	-1
364	450	-1
364	451	1
364	455	1
364	456	1
364	457	1
364	458	1
364	459	-1
364	461	-1
364	464	1
364	465	1
364	466	1
364	467	-1
364	468	1
364	470	1
364	471	1
364	472	-1
364	474	1
364	476	1
364	477	1
364	479	-1
364	481	-1
364	484	1
364	485	1
364	486	1
364	488	-1
364	489	1
364	494	-1
364	495	-1
364	496	1
364	499	1
365	367	-1
365	368	-1
365	369	1
365	373	-1
365	377	1
365	379	1
365	382	-1
365	383	-1
365	387	-1
365	388	-1
365	390	-1
365	392	1
365	397	-1
365	398	1
365	402	-1
365	403	1
365	406	-1
365	409	1
365	410	-1
365	411	-1
365	412	-1
365	414	1
365	415	-1
365	416	1
365	419	1
365	420	1
365	421	1
365	422	-1
365	424	-1
365	426	-1
365	427	1
365	428	1
365	437	1
365	438	1
365	440	-1
365	441	-1
365	442	1
365	443	1
365	448	-1
365	451	1
365	454	-1
365	456	1
365	457	1
365	458	-1
365	462	1
365	463	-1
365	464	1
365	465	-1
365	466	1
365	467	-1
365	470	1
365	471	-1
365	472	-1
365	473	-1
365	476	1
365	477	1
365	481	1
365	482	-1
365	483	1
365	485	-1
365	486	1
365	487	1
365	488	-1
365	489	-1
365	491	-1
365	493	-1
365	494	1
365	496	1
365	499	-1
366	368	1
366	369	1
366	370	1
366	371	1
366	372	1
366	377	1
366	378	-1
366	379	1
366	383	1
366	384	1
366	386	-1
366	387	-1
366	388	-1
366	389	1
366	390	-1
366	391	1
366	394	-1
366	395	-1
366	396	1
366	398	-1
366	399	1
366	401	-1
366	403	1
366	406	-1
366	411	1
366	412	1
366	417	-1
366	418	-1
366	419	-1
366	420	-1
366	427	-1
366	428	1
366	429	1
366	430	1
366	432	1
366	433	1
366	434	-1
366	435	1
366	436	1
366	437	-1
366	441	-1
366	443	1
366	444	1
366	451	1
366	452	-1
366	453	-1
366	454	1
366	455	1
366	456	-1
366	457	-1
366	460	-1
366	461	-1
366	462	1
366	463	-1
366	464	1
366	465	-1
366	469	-1
366	470	-1
366	471	-1
366	476	-1
366	479	1
366	480	1
366	481	1
366	482	-1
366	485	1
366	486	1
366	487	1
366	489	1
366	492	-1
366	494	1
366	498	1
367	368	1
367	369	-1
367	370	1
367	373	-1
367	374	-1
367	375	1
367	377	-1
367	379	1
367	381	-1
367	382	1
367	383	1
367	385	-1
367	387	1
367	388	-1
367	390	-1
367	392	-1
367	394	-1
367	395	1
367	396	1
367	398	-1
367	400	-1
367	401	1
367	402	-1
367	405	1
367	407	1
367	409	-1
367	412	1
367	417	1
367	420	1
367	421	-1
367	423	-1
367	424	-1
367	425	-1
367	428	1
367	429	1
367	432	1
367	433	-1
367	434	1
367	435	-1
367	437	1
367	438	1
367	440	-1
367	442	1
367	443	1
367	444	-1
367	445	-1
367	446	-1
367	447	1
367	450	-1
367	451	-1
367	453	1
367	454	-1
367	455	-1
367	456	-1
367	458	1
367	459	1
367	460	1
367	461	-1
367	462	1
367	463	-1
367	464	-1
367	465	-1
367	469	1
367	472	-1
367	473	1
367	474	-1
367	480	1
367	483	1
367	485	-1
367	486	1
367	487	-1
367	488	-1
367	489	-1
367	493	-1
367	495	-1
367	496	1
367	497	1
368	369	1
368	370	1
368	371	1
368	374	1
368	376	1
368	377	-1
368	378	-1
368	379	1
368	380	1
368	384	-1
368	386	1
368	388	1
368	391	1
368	394	-1
368	395	-1
368	398	1
368	399	-1
368	400	1
368	403	1
368	405	-1
368	408	-1
368	409	-1
368	412	-1
368	414	1
368	415	-1
368	418	1
368	419	-1
368	423	-1
368	426	-1
368	427	1
368	428	1
368	429	-1
368	430	-1
368	433	1
368	435	1
368	437	1
368	438	-1
368	439	-1
368	441	-1
368	444	1
368	446	-1
368	447	-1
368	448	1
368	449	1
368	450	1
368	451	-1
368	455	-1
368	458	1
368	459	1
368	460	1
368	461	1
368	464	1
368	465	1
368	468	-1
368	469	1
368	472	1
368	474	-1
368	475	-1
368	476	-1
368	477	-1
368	478	1
368	479	1
368	480	-1
368	481	-1
368	484	1
368	485	1
368	486	1
368	489	1
368	490	1
368	491	-1
368	492	-1
368	495	1
368	496	-1
368	497	-1
368	498	-1
369	372	-1
369	374	1
369	375	1
369	376	-1
369	377	-1
369	379	1
369	381	1
369	382	1
369	385	-1
369	387	-1
369	389	1
369	391	1
369	394	1
369	399	-1
369	400	-1
369	401	1
369	404	-1
369	406	1
369	410	1
369	414	1
369	416	-1
369	417	1
369	420	1
369	422	1
369	423	-1
369	426	-1
369	427	-1
369	431	-1
369	432	1
369	433	1
369	434	-1
369	437	-1
369	439	1
369	443	1
369	446	1
369	448	1
369	449	-1
369	450	-1
369	451	-1
369	452	1
369	453	-1
369	456	-1
369	457	1
369	458	-1
369	459	-1
369	462	-1
369	464	1
369	470	1
369	472	1
369	477	1
369	478	-1
369	479	-1
369	482	-1
369	485	1
369	486	-1
369	488	-1
369	489	-1
369	490	-1
369	491	1
369	493	-1
369	495	1
369	498	-1
369	499	1
370	371	1
370	373	-1
370	380	1
370	381	1
370	384	1
370	385	-1
370	386	1
370	389	1
370	392	1
370	395	1
370	396	-1
370	399	1
370	403	-1
370	404	-1
370	406	1
370	412	-1
370	419	1
370	420	-1
370	421	1
370	422	-1
370	423	1
370	426	-1
370	427	1
370	429	-1
370	430	1
370	432	1
370	434	1
370	436	-1
370	441	1
370	442	1
370	443	1
370	452	-1
370	453	1
370	455	1
370	457	-1
370	458	-1
370	459	-1
370	462	-1
370	463	1
370	465	1
370	466	-1
370	471	-1
370	473	1
370	478	-1
370	481	1
370	485	-1
370	489	-1
370	493	-1
370	494	-1
370	495	1
370	496	-1
370	497	1
370	498	1
370	499	-1
371	372	-1
371	374	-1
371	379	-1
371	382	1
371	390	1
371	391	1
371	392	1
371	394	1
371	396	1
371	397	1
371	398	-1
371	400	1
371	402	-1
371	404	-1
371	405	-1
371	406	-1
371	407	-1
371	408	1
371	409	-1
371	410	1
371	414	1
371	415	-1
371	416	-1
371	417	-1
371	418	1
371	419	-1
371	421	-1
371	424	-1
371	425	-1
371	428	1
371	429	-1
371	430	1
371	431	1
371	432	-1
371	435	-1
371	436	-1
371	439	-1
371	441	1
371	443	-1
371	445	1
371	448	-1
371	450	1
371	451	1
371	453	-1
371	459	-1
371	460	-1
371	461	1
371	462	1
371	463	-1
371	464	-1
371	472	-1
371	473	-1
371	474	1
371	476	1
371	477	-1
371	479	1
371	482	1
371	483	1
371	486	-1
371	488	-1
371	489	-1
371	490	1
371	491	-1
371	492	-1
371	493	1
371	494	1
371	496	1
371	498	-1
371	499	1
372	377	1
372	379	1
372	380	1
372	386	1
372	387	-1
372	388	-1
372	389	-1
372	392	-1
372	393	-1
372	394	-1
372	396	-1
372	397	1
372	398	-1
372	403	1
372	404	-1
372	406	-1
372	407	1
372	408	1
372	409	1
372	413	-1
372	417	-1
372	420	-1
372	421	1
372	422	-1
372	423	-1
372	424	-1
372	430	-1
372	432	-1
372	435	-1
372	437	1
372	438	1
372	441	-1
372	442	-1
372	443	-1
372	444	1
372	445	-1
372	448	1
372	449	-1
372	453	-1
372	454	1
372	455	-1
372	456	-1
372	457	-1
372	461	-1
372	463	1
372	464	-1
372	465	1
372	466	1
372	467	1
372	469	1
372	470	1
372	471	1
372	472	1
372	476	-1
372	477	1
372	478	1
372	481	1
372	482	-1
372	486	1
372	487	1
372	488	-1
372	489	-1
372	490	-1
372	497	1
372	499	1
373	375	-1
373	377	1
373	379	1
373	380	1
373	381	1
373	385	-1
373	386	1
373	387	1
373	389	1
373	390	1
373	395	1
373	396	1
373	397	1
373	400	-1
373	403	-1
373	406	-1
373	412	-1
373	414	-1
373	416	-1
373	418	-1
373	419	1
373	424	1
373	427	-1
373	429	-1
373	431	-1
373	434	1
373	436	1
373	439	-1
373	440	-1
373	441	-1
373	443	1
373	444	-1
373	445	-1
373	447	1
373	448	1
373	449	-1
373	450	1
373	451	1
373	452	-1
373	456	-1
373	457	1
373	458	-1
373	462	-1
373	463	-1
373	466	-1
373	468	1
373	469	-1
373	470	-1
373	472	1
373	473	-1
373	474	1
373	475	-1
373	477	-1
373	478	1
373	487	1
373	488	-1
373	490	-1
373	493	1
373	495	-1
374	375	-1
374	377	-1
374	378	-1
374	381	-1
374	383	-1
374	387	-1
374	389	1
374	390	1
374	391	1
374	392	1
374	393	1
374	395	1
374	396	1
374	401	1
374	402	-1
374	406	-1
374	407	-1
374	415	-1
374	416	1
374	421	-1
374	425	-1
374	427	-1
374	428	-1
374	430	-1
374	431	-1
374	433	-1
374	434	-1
374	436	1
374	439	-1
374	441	1
374	442	1
374	443	1
374	444	-1
374	445	-1
374	449	1
374	451	1
374	452	-1
374	454	-1
374	455	1
374	456	1
374	461	1
374	462	-1
374	464	-1
374	466	1
374	468	1
374	469	-1
374	470	1
374	471	-1
374	475	-1
374	476	1
374	478	1
374	481	-1
374	486	1
374	488	-1
374	489	1
374	491	-1
374	497	1
374	499	-1
375	377	-1
375	379	1
375	381	-1
375	382	1
375	383	-1
375	393	-1
375	395	1
375	396	1
375	399	1
375	401	1
375	402	1
375	404	1
375	405	-1
375	406	-1
375	407	-1
375	408	1
375	410	-1
375	411	-1
375	412	1
375	413	-1
375	414	1
375	415	-1
375	419	-1
375	422	-1
375	424	1
375	425	1
375	427	-1
375	428	-1
375	429	-1
375	430	-1
375	433	-1
375	434	-1
375	435	1
375	437	-1
375	438	1
375	441	-1
375	444	-1
375	446	1
375	447	1
375	449	1
375	451	1
375	452	-1
375	456	-1
375	457	1
375	458	1
375	459	1
375	460	-1
375	461	-1
375	462	1
375	463	-1
375	467	1
375	468	-1
375	470	1
375	472	-1
375	473	1
375	478	-1
375	480	1
375	486	1
375	489	1
375	490	1
375	491	1
375	493	1
375	495	-1
375	496	1
375	497	-1
375	498	1
375	499	-1
376	379	1
376	380	-1
376	383	-1
376	389	-1
376	391	-1
376	396	1
376	398	1
376	399	-1
376	400	1
376	401	1
376	403	-1
376	404	-1
376	405	1
376	406	1
376	408	1
376	410	-1
376	411	1
376	412	1
376	415	1
376	416	1
376	418	1
376	419	-1
376	421	-1
376	424	1
376	426	-1
376	427	-1
376	428	-1
376	430	-1
376	432	1
376	433	1
376	434	1
376	435	-1
376	436	-1
376	438	-1
376	440	-1
376	444	1
376	446	1
376	447	1
376	448	-1
376	449	-1
376	451	-1
376	453	-1
376	456	1
376	457	-1
376	460	1
376	461	1
376	464	-1
376	465	1
376	468	1
376	469	-1
376	471	-1
376	472	1
376	473	1
376	474	1
376	475	-1
376	478	1
376	479	1
376	480	-1
376	481	-1
376	486	-1
376	487	1
376	492	-1
376	493	-1
376	494	1
376	495	1
376	496	-1
376	497	-1
376	498	1
376	499	1
377	378	1
377	381	1
377	382	-1
377	386	1
377	387	1
377	388	1
377	389	1
377	390	-1
377	396	-1
377	399	1
377	403	-1
377	404	-1
377	405	1
377	406	-1
377	408	-1
377	409	1
377	413	-1
377	415	-1
377	417	1
377	419	-1
377	420	-1
377	421	1
377	422	1
377	424	1
377	425	-1
377	427	-1
377	430	-1
377	432	-1
377	433	1
377	435	1
377	438	-1
377	440	1
377	441	1
377	442	-1
377	443	-1
377	444	1
377	446	-1
377	448	-1
377	450	-1
377	451	-1
377	452	1
377	454	-1
377	455	1
377	456	-1
377	459	-1
377	461	1
377	464	-1
377	467	-1
377	468	-1
377	469	-1
377	470	1
377	472	-1
377	477	-1
377	478	-1
377	481	-1
377	485	-1
377	486	1
377	487	1
377	488	1
377	490	-1
377	491	1
377	492	-1
377	493	1
377	494	1
377	497	1
377	498	-1
377	499	1
378	380	1
378	382	1
378	383	-1
378	387	1
378	391	1
378	392	1
378	393	1
378	395	1
378	399	1
378	400	-1
378	402	1
378	405	1
378	406	1
378	408	-1
378	409	-1
378	411	1
378	414	1
378	416	-1
378	417	1
378	418	-1
378	419	1
378	424	-1
378	425	-1
378	426	1
378	428	1
378	429	1
378	430	1
378	431	1
378	432	1
378	433	1
378	435	-1
378	437	-1
378	438	1
378	439	1
378	442	-1
378	443	1
378	444	-1
378	446	-1
378	450	-1
378	452	1
378	454	-1
378	455	-1
378	456	-1
378	461	-1
378	464	1
378	466	-1
378	468	-1
378	469	-1
378	472	-1
378	474	-1
378	477	-1
378	479	1
378	480	1
378	481	1
378	482	1
378	484	-1
378	485	1
378	488	-1
378	489	-1
378	493	-1
378	494	-1
378	495	-1
378	497	-1
378	498	1
378	499	1
379	381	1
379	387	-1
379	390	1
379	392	-1
379	395	-1
379	396	1
379	398	-1
379	401	1
379	402	1
379	403	-1
379	404	-1
379	407	-1
379	408	-1
379	411	1
379	412	1
379	413	1
379	414	-1
379	415	1
379	416	1
379	419	1
379	421	1
379	422	-1
379	423	-1
379	424	-1
379	427	1
379	429	1
379	430	1
379	433	-1
379	435	1
379	437	1
379	441	-1
379	444	1
379	446	-1
379	448	1
379	452	1
379	454	-1
379	460	1
379	461	-1
379	464	1
379	465	-1
379	467	1
379	469	1
379	470	-1
379	475	-1
379	478	1
379	479	1
379	481	1
379	482	1
379	483	1
379	484	-1
379	486	-1
379	489	1
379	490	-1
379	491	-1
379	492	-1
379	494	1
379	495	-1
380	382	1
380	383	-1
380	384	1
380	387	-1
380	388	1
380	391	-1
380	394	1
380	398	1
380	399	-1
380	400	-1
380	402	1
380	403	-1
380	404	1
380	405	1
380	407	1
380	408	1
380	410	-1
380	412	-1
380	413	-1
380	414	-1
380	418	1
380	422	-1
380	424	-1
380	425	1
380	426	1
380	428	-1
380	429	-1
380	430	-1
380	431	1
380	435	1
380	439	-1
380	440	-1
380	441	-1
380	443	-1
380	445	-1
380	447	-1
380	448	-1
380	449	-1
380	457	1
380	458	1
380	459	1
380	460	-1
380	462	-1
380	463	-1
380	464	-1
380	469	-1
380	473	1
380	479	-1
380	481	1
380	483	-1
380	484	1
380	485	-1
380	487	1
380	488	1
380	489	1
380	492	1
380	493	-1
380	494	1
380	495	-1
380	496	-1
380	497	1
380	498	1
381	382	1
381	384	-1
381	385	1
381	387	1
381	391	1
381	393	-1
381	394	-1
381	397	-1
381	398	1
381	402	-1
381	403	1
381	405	1
381	406	-1
381	407	1
381	410	1
381	411	1
381	412	1
381	413	-1
381	414	1
381	417	1
381	422	1
381	423	1
381	425	-1
381	426	-1
381	427	1
381	430	1
381	432	-1
381	434	-1
381	436	1
381	438	-1
381	440	-1
381	441	1
381	442	1
381	443	-1
381	445	-1
381	446	-1
381	449	-1
381	450	1
381	453	-1
381	457	-1
381	458	-1
381	461	1
381	462	1
381	465	-1
381	469	1
381	475	-1
381	476	1
381	478	1
381	481	1
381	482	1
381	485	1
381	486	-1
381	488	-1
381	489	1
381	490	-1
381	491	-1
381	496	-1
381	497	-1
381	498	-1
382	383	1
382	385	-1
382	387	1
382	388	1
382	390	1
382	391	-1
382	392	-1
382	394	1
382	395	-1
382	397	-1
382	399	1
382	400	1
382	401	-1
382	404	1
382	407	1
382	409	-1
382	410	-1
382	412	-1
382	414	-1
382	416	-1
382	417	1
382	419	1
382	422	1
382	423	1
382	425	-1
382	426	-1
382	427	1
382	428	-1
382	429	1
382	433	1
382	434	-1
382	435	1
382	436	-1
382	437	1
382	443	-1
382	447	-1
382	448	1
382	451	1
382	453	1
382	455	-1
382	457	-1
382	458	1
382	459	-1
382	460	-1
382	462	-1
382	466	-1
382	467	1
382	470	-1
382	474	1
382	479	1
382	483	1
382	486	1
382	488	1
382	489	-1
382	493	1
382	496	-1
382	497	1
382	498	-1
383	386	1
383	390	1
383	392	-1
383	394	-1
383	395	1
383	398	-1
383	399	1
383	400	1
383	403	-1
383	404	1
383	405	1
383	406	1
383	407	-1
383	408	1
383	409	-1
383	410	1
383	411	1
383	414	-1
383	415	1
383	416	-1
383	417	-1
383	418	1
383	420	1
383	422	1
383	427	1
383	431	1
383	434	-1
383	435	1
383	437	1
383	441	-1
383	443	-1
383	444	-1
383	445	1
383	446	-1
383	447	-1
383	448	-1
383	449	-1
383	450	-1
383	451	1
383	452	1
383	453	-1
383	454	1
383	455	1
383	456	1
383	457	-1
383	458	1
383	460	-1
383	463	-1
383	465	1
383	467	-1
383	471	-1
383	472	-1
383	474	-1
383	477	-1
383	478	1
383	483	-1
383	484	1
383	486	-1
383	487	1
383	490	-1
383	491	-1
383	494	-1
383	496	1
383	497	1
384	389	-1
384	391	-1
384	392	1
384	397	-1
384	400	-1
384	402	-1
384	403	-1
384	411	-1
384	412	1
384	415	-1
384	416	-1
384	419	1
384	421	1
384	425	1
384	430	-1
384	431	-1
384	432	1
384	433	-1
384	435	-1
384	438	-1
384	441	-1
384	442	1
384	445	1
384	446	-1
384	447	1
384	448	1
384	451	1
384	453	1
384	454	-1
384	456	-1
384	457	1
384	459	-1
384	460	1
384	470	1
384	471	1
384	473	-1
384	474	-1
384	475	1
384	476	-1
384	478	-1
384	482	1
384	488	1
384	490	1
384	491	1
384	494	-1
384	495	1
384	496	-1
384	497	-1
384	498	1
384	499	1
385	386	1
385	387	-1
385	388	-1
385	389	-1
385	391	1
385	392	1
385	394	1
385	397	-1
385	399	1
385	401	-1
385	403	1
385	404	-1
385	405	-1
385	406	1
385	407	1
385	408	-1
385	410	-1
385	411	-1
385	412	1
385	414	-1
385	415	-1
385	417	1
385	418	-1
385	419	1
385	420	-1
385	421	-1
385	422	1
385	425	-1
385	427	1
385	428	1
385	429	-1
385	433	-1
385	434	1
385	436	-1
385	438	-1
385	444	-1
385	445	1
385	448	1
385	451	-1
385	452	1
385	454	1
385	455	1
385	456	1
385	459	1
385	460	1
385	462	-1
385	464	1
385	465	1
385	466	-1
385	467	-1
385	468	1
385	469	-1
385	472	1
385	473	1
385	479	1
385	480	-1
385	481	-1
385	483	-1
385	485	-1
385	488	1
385	491	-1
385	492	1
385	494	1
385	496	1
385	497	1
385	498	1
385	499	-1
386	387	1
386	388	1
386	393	-1
386	395	1
386	396	-1
386	401	-1
386	407	1
386	409	1
386	411	1
386	412	1
386	413	-1
386	415	1
386	422	1
386	423	1
386	425	-1
386	427	1
386	428	-1
386	431	-1
386	433	1
386	435	1
386	437	-1
386	438	-1
386	439	1
386	440	-1
386	442	-1
386	443	-1
386	444	1
386	446	-1
386	447	-1
386	457	1
386	459	-1
386	460	-1
386	462	1
386	463	-1
386	464	1
386	466	-1
386	469	1
386	472	1
386	474	-1
386	476	1
386	477	-1
386	478	1
386	480	1
386	482	1
386	485	1
386	490	1
386	491	-1
386	492	1
386	493	-1
386	494	-1
386	495	-1
386	497	-1
386	498	-1
387	388	1
387	392	1
387	396	1
387	398	1
387	399	-1
387	400	1
387	401	-1
387	404	-1
387	407	-1
387	410	-1
387	416	1
387	419	-1
387	420	1
387	421	-1
387	422	-1
387	424	-1
387	429	1
387	430	1
387	433	1
387	434	1
387	435	1
387	436	-1
387	438	-1
387	439	1
387	440	-1
387	443	-1
387	444	1
387	445	1
387	446	-1
387	449	1
387	450	-1
387	453	-1
387	454	-1
387	455	-1
387	457	1
387	459	1
387	461	-1
387	462	1
387	463	1
387	464	1
387	466	-1
387	467	-1
387	468	1
387	469	1
387	471	-1
387	472	-1
387	473	-1
387	474	1
387	478	-1
387	480	1
387	482	-1
387	483	1
387	486	1
387	488	-1
387	493	-1
387	496	1
387	499	-1
388	389	1
388	390	1
388	391	1
388	392	1
388	393	1
388	394	-1
388	395	-1
388	397	-1
388	401	1
388	405	-1
388	407	-1
388	409	1
388	410	-1
388	411	-1
388	416	-1
388	417	1
388	418	1
388	419	1
388	420	1
388	421	-1
388	422	1
388	423	1
388	424	-1
388	425	-1
388	428	1
388	429	-1
388	430	-1
388	436	1
388	438	1
388	442	-1
388	443	-1
388	451	1
388	452	1
388	453	1
388	455	1
388	457	-1
388	459	1
388	460	-1
388	461	-1
388	462	-1
388	468	1
388	470	-1
388	471	1
388	473	-1
388	474	-1
388	476	1
388	478	-1
388	479	1
388	480	-1
388	485	-1
388	486	1
388	492	1
388	493	-1
388	494	1
388	495	-1
388	498	-1
388	499	-1
389	390	-1
389	391	-1
389	392	1
389	394	1
389	397	-1
389	398	1
389	399	-1
389	400	1
389	401	1
389	409	-1
389	410	1
389	412	-1
389	414	1
389	415	1
389	416	1
389	417	-1
389	419	1
389	420	-1
389	425	1
389	427	-1
389	428	1
389	429	-1
389	430	1
389	432	1
389	435	1
389	445	-1
389	447	1
389	448	1
389	450	1
389	451	1
389	452	1
389	453	-1
389	457	-1
389	461	1
389	462	1
389	463	-1
389	464	-1
389	468	-1
389	471	-1
389	474	-1
389	476	1
389	479	-1
389	482	1
389	486	1
389	488	-1
389	489	-1
389	490	-1
389	491	-1
389	494	-1
389	495	-1
389	497	-1
389	498	1
389	499	-1
390	393	-1
390	395	1
390	397	1
390	401	1
390	402	-1
390	404	1
390	406	-1
390	408	-1
390	414	-1
390	416	-1
390	424	1
390	427	1
390	428	1
390	429	1
390	430	1
390	431	1
390	432	-1
390	434	-1
390	435	1
390	436	1
390	437	1
390	439	-1
390	440	1
390	442	1
390	451	-1
390	457	-1
390	458	-1
390	464	-1
390	465	-1
390	467	1
390	469	1
390	470	-1
390	471	1
390	472	1
390	475	-1
390	477	1
390	478	1
390	481	-1
390	482	-1
390	484	1
390	488	-1
390	489	-1
390	490	-1
390	495	-1
390	496	-1
390	498	1
390	499	1
391	392	-1
391	393	1
391	394	1
391	396	-1
391	399	1
391	400	-1
391	403	1
391	405	1
391	406	-1
391	407	1
391	409	-1
391	410	-1
391	412	-1
391	414	-1
391	415	-1
391	416	1
391	419	1
391	424	1
391	426	1
391	428	-1
391	431	1
391	434	1
391	435	-1
391	438	1
391	440	-1
391	442	1
391	444	-1
391	446	-1
391	447	1
391	449	-1
391	450	-1
391	451	-1
391	452	-1
391	455	-1
391	456	-1
391	457	1
391	459	1
391	460	1
391	462	1
391	466	1
391	467	-1
391	469	1
391	470	-1
391	472	1
391	473	-1
391	474	-1
391	477	1
391	479	1
391	482	1
391	483	-1
391	484	1
391	485	1
391	487	-1
391	494	-1
391	495	1
391	496	-1
391	498	1
392	394	-1
392	397	1
392	398	-1
392	399	1
392	400	1
392	404	1
392	409	-1
392	410	1
392	411	-1
392	413	1
392	414	-1
392	416	-1
392	417	-1
392	419	1
392	420	1
392	421	-1
392	427	-1
392	431	-1
392	432	-1
392	440	-1
392	441	1
392	443	1
392	444	-1
392	445	1
392	446	-1
392	447	1
392	448	-1
392	449	1
392	451	1
392	452	-1
392	453	1
392	456	1
392	457	-1
392	462	-1
392	463	-1
392	466	-1
392	467	-1
392	468	-1
392	469	-1
392	470	-1
392	472	1
392	473	1
392	474	-1
392	475	1
392	476	-1
392	477	1
392	478	1
392	480	-1
392	481	-1
392	482	1
392	484	1
392	487	-1
392	490	-1
392	491	-1
392	492	-1
392	493	1
392	497	1
392	498	1
392	499	-1
393	396	1
393	397	-1
393	398	-1
393	401	-1
393	404	-1
393	408	-1
393	411	-1
393	417	1
393	418	1
393	419	-1
393	420	1
393	422	1
393	423	-1
393	424	-1
393	425	-1
393	426	1
393	427	1
393	428	1
393	429	-1
393	432	-1
393	433	-1
393	434	1
393	435	1
393	436	-1
393	438	-1
393	441	-1
393	442	-1
393	443	1
393	444	1
393	448	1
393	450	1
393	452	-1
393	457	-1
393	458	1
393	459	-1
393	460	-1
393	461	1
393	462	1
393	463	1
393	464	1
393	465	1
393	467	-1
393	468	-1
393	469	1
393	470	1
393	472	1
393	474	1
393	476	1
393	482	-1
393	486	1
393	488	1
393	491	-1
393	496	1
393	497	1
393	499	-1
394	395	1
394	398	-1
394	399	1
394	400	1
394	402	-1
394	406	1
394	407	-1
394	408	1
394	415	-1
394	420	-1
394	422	-1
394	423	-1
394	424	-1
394	426	-1
394	427	-1
394	430	1
394	431	1
394	432	1
394	437	1
394	439	-1
394	442	-1
394	443	1
394	445	1
394	446	-1
394	448	1
394	450	1
394	452	-1
394	454	-1
394	458	-1
394	460	-1
394	468	1
394	471	1
394	472	1
394	473	1
394	474	-1
394	476	1
394	478	1
394	481	-1
394	483	1
394	486	-1
394	488	-1
394	490	1
394	494	-1
394	496	1
394	499	1
395	396	-1
395	397	-1
395	398	1
395	399	-1
395	401	-1
395	402	1
395	403	-1
395	404	-1
395	407	-1
395	409	-1
395	413	-1
395	415	-1
395	416	1
395	418	1
395	422	-1
395	423	1
395	427	-1
395	428	-1
395	433	-1
395	436	1
395	438	1
395	440	-1
395	441	1
395	442	-1
395	444	1
395	446	-1
395	451	1
395	452	-1
395	455	-1
395	459	1
395	462	-1
395	465	1
395	466	-1
395	467	-1
395	468	-1
395	469	1
395	470	-1
395	473	-1
395	475	1
395	477	1
395	479	-1
395	483	1
395	484	1
395	485	-1
395	487	-1
395	488	-1
395	489	1
395	490	-1
395	492	-1
395	493	1
395	494	1
395	495	-1
395	497	-1
396	397	-1
396	398	1
396	399	-1
396	401	-1
396	402	1
396	404	1
396	405	1
396	409	-1
396	410	-1
396	412	-1
396	413	-1
396	414	1
396	415	-1
396	416	-1
396	417	1
396	421	-1
396	422	1
396	423	1
396	425	-1
396	426	1
396	428	-1
396	430	1
396	431	1
396	432	1
396	433	-1
396	436	-1
396	437	-1
396	440	-1
396	445	-1
396	447	1
396	450	-1
396	451	-1
396	453	-1
396	454	1
396	455	1
396	456	1
396	459	-1
396	460	1
396	465	1
396	466	-1
396	469	-1
396	470	-1
396	472	-1
396	475	1
396	477	1
396	478	1
396	479	1
396	480	1
396	481	1
396	482	-1
396	483	1
396	486	-1
396	487	1
396	488	1
396	489	1
396	492	1
396	493	-1
396	494	1
396	497	1
396	498	1
397	400	1
397	406	1
397	410	-1
397	412	1
397	414	-1
397	416	-1
397	417	-1
397	420	1
397	422	-1
397	423	1
397	428	-1
397	429	-1
397	430	1
397	432	1
397	433	-1
397	435	1
397	438	1
397	440	1
397	442	1
397	447	1
397	448	-1
397	452	-1
397	453	-1
397	454	1
397	459	1
397	460	1
397	461	1
397	462	-1
397	463	-1
397	466	1
397	469	1
397	471	-1
397	473	1
397	475	-1
397	478	1
397	479	1
397	480	1
397	483	1
397	486	1
397	488	-1
397	489	-1
397	490	1
397	491	-1
397	495	1
397	496	1
397	498	-1
398	400	1
398	401	1
398	404	-1
398	408	-1
398	411	1
398	412	1
398	413	-1
398	418	-1
398	419	-1
398	422	1
398	424	-1
398	433	1
398	434	1
398	435	-1
398	437	-1
398	438	-1
398	439	-1
398	442	-1
398	444	-1
398	445	-1
398	446	-1
398	448	1
398	449	1
398	450	-1
398	451	-1
398	452	1
398	453	-1
398	455	-1
398	457	-1
398	460	1
398	461	-1
398	462	1
398	465	1
398	466	-1
398	468	1
398	472	-1
398	479	1
398	480	1
398	483	-1
398	484	1
398	486	1
398	492	-1
398	495	-1
398	497	1
398	498	-1
398	499	-1
399	401	1
399	402	-1
399	403	-1
399	404	1
399	405	-1
399	406	-1
399	408	1
399	409	-1
399	410	1
399	412	1
399	413	1
399	414	1
399	417	1
399	420	-1
399	421	-1
399	422	-1
399	425	1
399	426	-1
399	429	1
399	431	1
399	435	-1
399	436	1
399	437	1
399	439	1
399	441	-1
399	444	-1
399	446	-1
399	449	1
399	450	1
399	455	-1
399	456	1
399	457	1
399	458	-1
399	460	1
399	461	-1
399	465	-1
399	467	-1
399	470	-1
399	471	-1
399	472	1
399	476	-1
399	477	-1
399	478	-1
399	479	1
399	480	1
399	481	1
399	484	1
399	489	-1
399	490	-1
399	491	1
399	493	1
399	494	1
399	495	-1
399	498	-1
400	402	-1
400	405	-1
400	406	1
400	408	1
400	410	1
400	411	-1
400	412	-1
400	416	-1
400	421	1
400	423	1
400	424	-1
400	425	-1
400	427	-1
400	432	-1
400	433	1
400	435	-1
400	438	-1
400	439	-1
400	441	-1
400	443	1
400	444	-1
400	453	-1
400	455	-1
400	456	1
400	458	1
400	459	1
400	460	-1
400	464	1
400	466	1
400	467	-1
400	469	-1
400	470	-1
400	474	-1
400	475	1
400	476	-1
400	480	-1
400	482	-1
400	483	1
400	491	-1
400	492	-1
400	493	-1
400	494	-1
400	497	-1
400	498	1
400	499	1
401	402	-1
401	403	1
401	406	-1
401	415	1
401	417	-1
401	418	-1
401	419	-1
401	421	1
401	422	-1
401	423	-1
401	427	1
401	428	-1
401	429	-1
401	430	-1
401	431	-1
401	434	1
401	437	1
401	438	1
401	441	-1
401	442	-1
401	443	-1
401	444	-1
401	446	-1
401	447	1
401	449	1
401	452	1
401	453	1
401	454	1
401	455	-1
401	456	1
401	461	1
401	462	1
401	466	1
401	469	-1
401	472	-1
401	473	-1
401	474	-1
401	475	-1
401	476	-1
401	482	1
401	484	-1
401	485	-1
401	488	1
401	493	-1
401	495	-1
401	496	1
401	498	-1
402	404	1
402	405	1
402	406	-1
402	407	-1
402	408	-1
402	409	1
402	410	1
402	412	-1
402	418	1
402	423	-1
402	424	1
402	428	1
402	429	-1
402	432	-1
402	433	1
402	434	1
402	435	1
402	436	1
402	437	-1
402	440	-1
402	442	1
402	443	-1
402	445	1
402	449	1
402	452	1
402	455	1
402	457	1
402	465	-1
402	466	1
402	468	1
402	470	-1
402	471	-1
402	472	-1
402	473	1
402	476	1
402	478	-1
402	479	-1
402	480	-1
402	483	-1
402	488	-1
402	489	-1
402	490	1
402	493	1
402	494	-1
402	495	-1
402	497	1
402	498	1
402	499	-1
403	405	-1
403	410	1
403	411	1
403	414	-1
403	418	1
403	420	-1
403	421	1
403	422	-1
403	423	1
403	424	-1
403	425	1
403	426	-1
403	427	-1
403	428	1
403	429	-1
403	430	1
403	435	-1
403	437	-1
403	439	1
403	441	1
403	453	-1
403	455	1
403	457	-1
403	458	-1
403	459	1
403	461	1
403	468	1
403	469	1
403	470	-1
403	471	-1
403	473	-1
403	475	1
403	476	1
403	483	1
403	487	-1
403	488	-1
403	489	-1
403	495	-1
403	499	1
404	405	1
404	409	1
404	411	1
404	412	-1
404	413	1
404	414	-1
404	415	1
404	421	-1
404	422	-1
404	427	1
404	428	1
404	429	-1
404	430	1
404	434	1
404	435	-1
404	438	1
404	441	1
404	444	-1
404	445	1
404	446	-1
404	447	1
404	448	1
404	449	1
404	452	-1
404	453	-1
404	454	-1
404	456	1
404	457	1
404	459	-1
404	460	1
404	461	1
404	463	1
404	464	1
404	471	-1
404	472	1
404	474	-1
404	475	1
404	477	1
404	481	-1
404	482	1
404	485	-1
404	488	-1
404	491	1
404	492	1
404	493	1
404	496	-1
404	498	1
405	412	-1
405	416	-1
405	418	-1
405	419	1
405	420	1
405	424	1
405	425	-1
405	426	1
405	427	-1
405	430	-1
405	434	1
405	436	1
405	437	-1
405	441	1
405	443	1
405	447	1
405	449	1
405	451	1
405	452	1
405	455	1
405	456	-1
405	459	-1
405	461	-1
405	463	-1
405	465	-1
405	472	1
405	473	-1
405	474	-1
405	475	-1
405	476	-1
405	478	1
405	481	1
405	484	1
405	485	-1
405	486	-1
405	487	-1
405	488	1
405	489	1
405	491	1
405	493	-1
405	495	-1
406	407	1
406	408	-1
406	410	1
406	413	1
406	414	1
406	415	-1
406	419	1
406	420	1
406	421	-1
406	423	-1
406	425	1
406	426	-1
406	427	-1
406	428	-1
406	429	1
406	432	1
406	435	1
406	436	-1
406	439	-1
406	440	-1
406	450	-1
406	452	1
406	453	1
406	455	1
406	456	-1
406	457	1
406	458	1
406	461	1
406	462	-1
406	466	1
406	468	1
406	470	1
406	472	-1
406	474	1
406	475	1
406	477	-1
406	478	-1
406	479	1
406	480	-1
406	484	1
406	485	-1
406	486	1
406	487	-1
406	489	1
406	492	1
406	495	1
406	496	1
406	497	1
406	499	-1
407	409	1
407	410	1
407	412	1
407	415	1
407	419	-1
407	420	1
407	425	-1
407	426	-1
407	429	-1
407	432	1
407	433	-1
407	434	1
407	439	-1
407	440	-1
407	442	-1
407	445	1
407	447	-1
407	449	1
407	451	-1
407	452	1
407	454	-1
407	456	-1
407	457	-1
407	463	-1
407	464	1
407	465	-1
407	466	1
407	467	-1
407	469	1
407	471	1
407	472	1
407	474	1
407	475	1
407	477	1
407	479	1
407	480	-1
407	483	1
407	485	1
407	490	1
407	491	1
407	492	-1
407	493	1
407	494	-1
407	496	-1
407	498	1
408	409	-1
408	410	1
408	412	-1
408	413	-1
408	415	1
408	418	1
408	420	-1
408	423	-1
408	424	1
408	427	-1
408	428	-1
408	429	-1
408	430	-1
408	434	-1
408	435	1
408	436	-1
408	437	1
408	438	-1
408	439	1
408	442	-1
408	443	1
408	445	-1
408	447	1
408	452	-1
408	453	1
408	455	1
408	457	1
408	459	-1
408	460	-1
408	461	1
408	463	-1
408	467	-1
408	469	-1
408	470	-1
408	471	-1
408	472	1
408	473	-1
408	476	-1
408	477	-1
408	480	-1
408	483	1
408	485	1
408	486	1
408	497	1
408	498	-1
408	499	1
409	413	-1
409	414	-1
409	415	-1
409	417	1
409	420	-1
409	422	1
409	423	-1
409	428	1
409	430	-1
409	431	-1
409	433	-1
409	437	-1
409	438	-1
409	439	1
409	441	1
409	442	1
409	443	1
409	444	1
409	446	-1
409	447	1
409	451	-1
409	452	1
409	454	-1
409	455	1
409	457	1
409	458	-1
409	459	-1
409	460	-1
409	463	-1
409	465	1
409	466	1
409	467	-1
409	469	-1
409	472	1
409	476	-1
409	478	1
409	480	-1
409	481	1
409	482	1
409	483	-1
409	485	-1
409	488	-1
409	491	1
409	493	1
409	494	1
409	495	-1
409	498	1
410	412	-1
410	414	1
410	415	-1
410	416	1
410	417	1
410	420	1
410	422	-1
410	423	-1
410	425	1
410	428	1
410	432	1
410	434	-1
410	435	1
410	436	-1
410	439	1
410	440	-1
410	441	1
410	442	-1
410	446	1
410	450	1
410	451	1
410	452	-1
410	454	1
410	459	-1
410	460	1
410	462	1
410	464	-1
410	465	-1
410	468	-1
410	469	-1
410	471	1
410	474	-1
410	476	1
410	478	-1
410	479	-1
410	480	-1
410	481	-1
410	490	1
410	491	-1
410	492	-1
410	493	-1
410	494	-1
410	495	-1
410	496	-1
410	497	-1
410	498	-1
411	412	1
411	413	-1
411	414	-1
411	415	-1
411	417	-1
411	418	1
411	419	1
411	421	-1
411	426	1
411	428	-1
411	429	-1
411	432	-1
411	433	1
411	434	1
411	437	1
411	441	-1
411	442	-1
411	449	1
411	450	1
411	452	-1
411	453	-1
411	455	1
411	456	1
411	457	1
411	458	1
411	459	-1
411	464	-1
411	467	-1
411	469	-1
411	470	1
411	472	-1
411	474	-1
411	481	1
411	482	1
411	483	1
411	485	-1
411	486	-1
411	487	1
411	490	-1
411	491	1
411	492	-1
411	493	-1
411	494	-1
411	495	1
411	499	-1
412	416	-1
412	419	-1
412	422	1
412	424	1
412	425	-1
412	426	-1
412	430	-1
412	431	-1
412	434	1
412	435	1
412	437	-1
412	438	1
412	439	1
412	440	1
412	442	-1
412	443	1
412	444	-1
412	446	-1
412	447	-1
412	448	1
412	450	-1
412	452	-1
412	453	-1
412	454	1
412	455	-1
412	456	-1
412	458	1
412	459	-1
412	460	-1
412	461	-1
412	462	1
412	465	1
412	468	-1
412	469	1
412	470	1
412	472	-1
412	473	-1
412	481	1
412	482	-1
412	483	1
412	485	-1
412	486	-1
412	491	-1
412	492	1
412	493	1
412	495	1
412	497	-1
412	499	-1
413	414	-1
413	415	-1
413	416	-1
413	418	-1
413	419	1
413	420	1
413	421	1
413	423	-1
413	425	-1
413	426	1
413	427	-1
413	429	1
413	430	-1
413	431	1
413	432	1
413	433	-1
413	435	-1
413	437	-1
413	440	1
413	441	1
413	442	-1
413	443	-1
413	444	1
413	446	1
413	447	-1
413	448	1
413	452	1
413	453	-1
413	454	-1
413	456	-1
413	457	1
413	459	-1
413	460	1
413	461	-1
413	462	-1
413	465	-1
413	468	-1
413	470	1
413	474	-1
413	475	-1
413	477	1
413	479	1
413	480	1
413	481	1
413	484	1
413	485	1
413	487	1
413	488	-1
413	489	-1
413	493	1
413	495	-1
413	496	1
413	497	-1
413	499	1
414	415	1
414	418	-1
414	420	-1
414	422	1
414	424	1
414	426	-1
414	429	1
414	430	-1
414	432	1
414	433	-1
414	435	1
414	436	-1
414	440	-1
414	441	1
414	442	-1
414	449	-1
414	451	1
414	455	-1
414	457	1
414	458	-1
414	462	1
414	463	-1
414	468	1
414	469	1
414	472	-1
414	473	1
414	475	1
414	476	-1
414	477	1
414	482	-1
414	483	-1
414	484	1
414	485	-1
414	486	-1
414	487	-1
414	489	1
414	490	-1
414	493	1
414	494	1
414	498	1
415	416	-1
415	417	1
415	418	-1
415	419	1
415	421	1
415	422	1
415	423	-1
415	424	1
415	426	1
415	427	1
415	428	-1
415	431	1
415	436	1
415	437	1
415	438	1
415	441	-1
415	442	1
415	444	1
415	446	-1
415	448	-1
415	450	1
415	452	-1
415	453	-1
415	456	-1
415	459	-1
415	461	-1
415	462	-1
415	464	1
415	467	-1
415	471	-1
415	478	-1
415	480	-1
415	481	1
415	482	-1
415	483	-1
415	484	1
415	486	-1
415	487	1
415	489	1
415	493	1
415	494	1
415	495	-1
416	418	1
416	421	1
416	422	-1
416	424	-1
416	425	-1
416	426	-1
416	427	-1
416	430	-1
416	431	1
416	433	-1
416	434	1
416	436	-1
416	438	1
416	441	-1
416	442	-1
416	445	1
416	448	1
416	449	1
416	450	1
416	451	1
416	454	1
416	455	-1
416	456	1
416	457	-1
416	458	-1
416	461	-1
416	462	1
416	463	-1
416	465	1
416	466	-1
416	467	-1
416	472	-1
416	475	-1
416	480	-1
416	482	-1
416	485	1
416	487	1
416	488	-1
416	491	1
416	492	-1
416	495	-1
416	496	1
416	498	-1
416	499	-1
417	418	1
417	420	-1
417	421	-1
417	422	-1
417	425	1
417	426	-1
417	427	1
417	428	1
417	431	-1
417	432	-1
417	434	1
417	435	-1
417	436	1
417	438	1
417	439	-1
417	440	-1
417	442	1
417	444	-1
417	446	1
417	449	-1
417	451	1
417	452	-1
417	453	-1
417	456	1
417	457	-1
417	459	-1
417	461	1
417	462	-1
417	463	1
417	465	1
417	466	-1
417	467	1
417	469	-1
417	471	-1
417	476	1
417	477	-1
417	479	1
417	480	-1
417	482	1
417	487	1
417	489	1
417	490	-1
417	492	1
417	497	1
417	498	1
418	421	-1
418	423	-1
418	427	-1
418	430	1
418	432	-1
418	433	1
418	435	-1
418	437	-1
418	441	1
418	442	1
418	443	-1
418	447	-1
418	451	1
418	453	-1
418	455	1
418	456	-1
418	457	-1
418	462	-1
418	463	-1
418	465	-1
418	467	-1
418	469	-1
418	470	1
418	471	1
418	473	1
418	475	1
418	476	1
418	477	1
418	478	1
418	479	1
418	480	-1
418	483	1
418	484	1
418	486	1
418	487	1
418	489	-1
418	495	1
418	496	1
419	420	-1
419	421	-1
419	422	-1
419	424	1
419	428	1
419	429	1
419	430	-1
419	431	1
419	434	-1
419	437	1
419	439	-1
419	443	-1
419	446	-1
419	448	-1
419	458	-1
419	462	1
419	463	-1
419	464	-1
419	465	1
419	466	1
419	472	1
419	477	-1
419	483	-1
419	484	-1
419	486	1
419	488	-1
419	489	-1
419	490	1
419	491	-1
419	494	-1
419	496	1
419	498	1
419	499	1
420	422	-1
420	431	-1
420	433	-1
420	434	-1
420	435	1
420	436	-1
420	437	1
420	439	-1
420	440	-1
420	442	1
420	444	-1
420	446	1
420	447	-1
420	448	1
420	450	1
420	455	-1
420	456	1
420	457	-1
420	459	1
420	462	-1
420	469	-1
420	470	-1
420	477	-1
420	480	-1
420	481	-1
420	483	1
420	484	1
420	485	-1
420	486	1
420	487	-1
420	488	-1
420	489	-1
420	490	1
420	492	-1
420	493	1
420	495	-1
420	496	1
420	498	-1
421	423	1
421	424	-1
421	427	1
421	428	-1
421	429	-1
421	430	1
421	432	-1
421	433	-1
421	434	-1
421	436	-1
421	440	1
421	444	-1
421	445	1
421	446	-1
421	447	1
421	449	1
421	450	-1
421	454	1
421	457	-1
421	458	-1
421	459	1
421	460	1
421	463	-1
421	464	-1
421	466	1
421	468	-1
421	471	-1
421	477	1
421	479	-1
421	481	1
421	483	-1
421	485	1
421	486	1
421	488	-1
421	493	-1
421	494	1
421	499	-1
422	423	-1
422	425	-1
422	426	1
422	427	1
422	433	-1
422	434	-1
422	437	-1
422	438	-1
422	440	1
422	441	1
422	442	1
422	445	1
422	446	-1
422	448	-1
422	449	-1
422	451	1
422	455	-1
422	456	-1
422	458	-1
422	459	1
422	461	-1
422	462	-1
422	464	-1
422	466	-1
422	471	1
422	474	1
422	475	1
422	477	-1
422	478	1
422	480	-1
422	481	-1
422	485	-1
422	486	1
422	487	1
422	490	1
422	492	-1
422	493	-1
422	494	-1
422	498	-1
422	499	1
423	424	-1
423	427	1
423	429	1
423	430	-1
423	431	-1
423	432	1
423	433	-1
423	434	-1
423	435	-1
423	438	1
423	440	-1
423	442	1
423	445	1
423	447	-1
423	450	-1
423	452	1
423	453	1
423	454	-1
423	456	-1
423	460	1
423	465	-1
423	466	-1
423	467	-1
423	470	1
423	471	1
423	474	-1
423	475	1
423	476	-1
423	477	1
423	478	1
423	482	1
423	484	1
423	485	-1
423	488	-1
423	489	1
423	490	1
423	491	-1
423	493	1
423	494	1
423	498	-1
424	426	-1
424	427	1
424	429	1
424	430	-1
424	431	1
424	434	1
424	435	1
424	436	-1
424	440	1
424	441	1
424	442	1
424	444	1
424	445	-1
424	446	1
424	448	1
424	450	-1
424	451	1
424	452	-1
424	454	1
424	455	-1
424	457	-1
424	460	-1
424	463	-1
424	464	1
424	465	-1
424	466	-1
424	470	1
424	472	1
424	474	-1
424	475	-1
424	478	-1
424	480	1
424	482	1
424	483	-1
424	491	1
424	492	1
424	495	-1
424	496	1
424	497	1
424	498	1
425	426	-1
425	428	1
425	430	1
425	432	1
425	433	1
425	435	1
425	437	1
425	438	-1
425	439	-1
425	441	1
425	442	1
425	443	-1
425	444	-1
425	446	-1
425	447	1
425	452	-1
425	453	1
425	459	1
425	460	1
425	461	1
425	463	1
425	467	1
425	468	1
425	469	1
425	470	1
425	473	-1
425	474	-1
425	478	1
425	479	1
425	481	-1
425	485	-1
425	486	1
425	489	1
425	490	-1
425	492	-1
425	493	1
425	499	-1
426	427	1
426	429	1
426	430	1
426	431	1
426	432	1
426	433	-1
426	434	-1
426	437	1
426	439	1
426	442	1
426	445	-1
426	446	1
426	449	-1
426	450	1
426	451	1
426	454	1
426	455	-1
426	456	-1
426	457	1
426	459	-1
426	461	-1
426	463	-1
426	464	1
426	465	1
426	466	-1
426	469	-1
426	470	1
426	472	-1
426	474	-1
426	475	1
426	476	1
426	479	1
426	482	-1
426	483	-1
426	491	-1
426	493	-1
426	494	-1
426	495	-1
426	497	-1
426	499	1
427	428	1
427	429	-1
427	432	1
427	433	1
427	435	-1
427	438	-1
427	440	1
427	442	1
427	452	1
427	456	-1
427	458	-1
427	459	-1
427	462	-1
427	464	-1
427	470	1
427	471	1
427	477	1
427	481	-1
427	483	1
427	487	-1
427	488	1
427	491	1
427	493	1
427	495	-1
427	496	1
428	429	-1
428	430	1
428	431	-1
428	432	1
428	434	-1
428	440	-1
428	441	-1
428	444	-1
428	447	1
428	448	-1
428	451	-1
428	452	1
428	454	1
428	456	-1
428	457	-1
428	458	-1
428	459	-1
428	460	-1
428	461	-1
428	462	-1
428	464	1
428	466	-1
428	472	-1
428	476	-1
428	478	-1
428	480	-1
428	483	-1
428	486	1
428	490	-1
428	491	1
428	494	-1
428	495	-1
428	496	-1
428	497	-1
428	498	1
429	437	-1
429	438	-1
429	440	-1
429	443	1
429	445	-1
429	446	1
429	448	1
429	449	-1
429	452	-1
429	454	1
429	456	-1
429	458	-1
429	459	1
429	460	-1
429	461	1
429	465	1
429	467	1
429	468	-1
429	469	-1
429	472	-1
429	473	-1
429	474	-1
429	477	-1
429	478	1
429	480	1
429	481	-1
429	483	1
429	486	1
429	492	-1
429	494	-1
429	495	-1
429	497	-1
429	498	1
429	499	1
430	431	1
430	432	1
430	433	1
430	435	-1
430	436	-1
430	441	1
430	442	1
430	446	1
430	448	1
430	449	1
430	450	-1
430	451	1
430	453	-1
430	454	1
430	456	-1
430	457	-1
430	458	1
430	459	-1
430	464	-1
430	467	1
430	470	-1
430	474	1
430	477	-1
430	478	1
430	480	-1
430	482	-1
430	483	-1
430	484	-1
430	485	1
430	487	1
430	489	-1
430	490	-1
430	491	1
430	492	-1
430	494	-1
430	495	-1
430	497	-1
430	498	-1
430	499	1
431	433	-1
431	434	1
431	435	-1
431	441	-1
431	444	1
431	447	1
431	454	1
431	457	-1
431	459	-1
431	461	1
431	462	1
431	464	1
431	466	1
431	472	-1
431	474	-1
431	475	1
431	476	1
431	477	-1
431	479	-1
431	481	1
431	486	-1
431	488	1
431	492	-1
431	494	-1
431	496	1
431	497	1
431	498	1
432	434	1
432	436	1
432	439	1
432	442	1
432	445	-1
432	446	1
432	449	-1
432	451	1
432	457	1
432	459	1
432	460	-1
432	465	1
432	466	-1
432	467	-1
432	468	-1
432	470	-1
432	471	-1
432	474	-1
432	477	-1
432	479	-1
432	483	-1
432	485	-1
432	487	1
432	488	1
432	489	-1
432	490	-1
432	493	1
432	494	1
432	495	1
432	496	-1
432	498	1
432	499	-1
433	438	-1
433	444	-1
433	445	-1
433	448	1
433	450	1
433	459	1
433	464	1
433	465	-1
433	466	-1
433	469	1
433	471	1
433	472	1
433	473	1
433	477	1
433	478	1
433	479	-1
433	482	1
433	483	-1
433	485	1
433	487	1
433	488	1
433	490	1
433	491	-1
433	493	1
433	494	-1
433	496	1
433	498	1
434	435	-1
434	436	-1
434	437	1
434	442	1
434	443	1
434	444	1
434	446	-1
434	447	-1
434	449	1
434	450	1
434	451	-1
434	452	1
434	454	1
434	455	1
434	461	-1
434	464	-1
434	465	-1
434	466	1
434	469	-1
434	470	-1
434	471	-1
434	472	1
434	475	-1
434	476	-1
434	478	-1
434	479	1
434	480	-1
434	481	1
434	483	1
434	485	-1
434	486	-1
434	487	-1
434	489	-1
434	491	-1
434	492	-1
434	494	1
434	495	1
434	498	-1
434	499	1
435	436	-1
435	438	-1
435	440	-1
435	443	1
435	445	-1
435	446	1
435	448	-1
435	449	1
435	450	1
435	452	1
435	456	-1
435	458	1
435	459	-1
435	460	1
435	463	1
435	464	1
435	465	-1
435	467	-1
435	468	1
435	469	1
435	470	1
435	471	-1
435	472	1
435	476	-1
435	477	1
435	478	-1
435	479	-1
435	481	1
435	482	-1
435	485	-1
435	486	1
435	487	1
435	488	1
435	492	-1
435	493	-1
435	496	-1
435	497	-1
435	498	1
435	499	1
436	437	1
436	438	-1
436	440	1
436	441	1
436	443	-1
436	448	1
436	453	1
436	459	-1
436	460	-1
436	462	1
436	464	1
436	468	1
436	469	-1
436	470	-1
436	472	1
436	474	-1
436	476	1
436	477	1
436	478	-1
436	479	-1
436	482	1
436	484	1
436	486	1
436	487	1
436	488	1
436	489	-1
436	491	-1
436	492	-1
436	493	-1
436	494	-1
436	498	-1
437	440	-1
437	441	1
437	442	1
437	443	1
437	444	1
437	445	-1
437	448	1
437	450	-1
437	452	1
437	454	1
437	455	-1
437	456	1
437	457	1
437	460	1
437	461	1
437	462	-1
437	463	-1
437	466	1
437	467	-1
437	469	-1
437	471	-1
437	472	-1
437	474	1
437	475	1
437	476	1
437	477	-1
437	478	-1
437	481	1
437	482	-1
437	483	1
437	484	-1
437	487	-1
437	489	1
437	491	1
437	493	-1
437	494	1
437	496	1
437	497	1
438	443	-1
438	444	1
438	445	-1
438	446	-1
438	447	-1
438	450	-1
438	451	1
438	455	-1
438	456	-1
438	462	-1
438	464	-1
438	466	1
438	470	-1
438	472	-1
438	473	-1
438	474	-1
438	476	1
438	477	1
438	481	1
438	482	1
438	483	1
438	485	-1
438	487	-1
438	488	1
438	490	-1
438	498	-1
438	499	1
439	440	1
439	441	-1
439	442	1
439	443	-1
439	444	-1
439	446	-1
439	449	1
439	450	1
439	451	-1
439	456	-1
439	459	1
439	461	1
439	466	1
439	472	1
439	473	-1
439	474	1
439	481	1
439	482	-1
439	487	1
439	489	1
439	490	1
439	491	1
439	493	-1
439	495	-1
439	496	-1
439	499	1
440	442	1
440	443	-1
440	446	1
440	453	1
440	459	-1
440	460	1
440	462	1
440	463	1
440	467	-1
440	468	1
440	469	-1
440	472	1
440	473	1
440	477	-1
440	478	1
440	479	1
440	480	1
440	483	-1
440	487	-1
440	488	1
440	489	1
440	490	1
440	491	-1
440	494	-1
440	497	1
440	499	-1
441	443	1
441	444	-1
441	448	-1
441	449	1
441	451	-1
441	452	1
441	454	-1
441	457	-1
441	458	-1
441	459	1
441	460	1
441	462	-1
441	463	1
441	466	-1
441	471	1
441	473	1
441	474	1
441	475	1
441	476	1
441	478	-1
441	479	-1
441	480	-1
441	483	-1
441	486	-1
441	487	1
441	488	1
441	489	1
441	491	1
441	492	-1
441	496	-1
442	444	1
442	445	1
442	446	1
442	449	-1
442	451	1
442	452	-1
442	453	-1
442	455	1
442	456	-1
442	458	-1
442	462	-1
442	463	-1
442	465	1
442	466	-1
442	467	-1
442	468	1
442	469	1
442	471	1
442	472	1
442	473	1
442	475	-1
442	477	1
442	478	-1
442	479	1
442	481	-1
442	482	1
442	488	1
442	491	-1
442	492	1
442	494	-1
442	498	-1
442	499	-1
443	444	-1
443	448	-1
443	449	1
443	450	1
443	452	-1
443	454	1
443	455	-1
443	458	-1
443	461	1
443	462	-1
443	464	-1
443	465	1
443	467	-1
443	468	-1
443	475	-1
443	477	-1
443	478	-1
443	481	1
443	482	1
443	483	-1
443	485	1
443	486	-1
443	489	-1
443	491	1
443	492	1
443	493	1
443	496	-1
443	498	-1
443	499	-1
444	447	-1
444	449	-1
444	452	1
444	454	-1
444	455	-1
444	457	1
444	458	1
444	466	1
444	469	-1
444	470	-1
444	471	-1
444	473	-1
444	476	1
444	479	-1
444	481	1
444	482	-1
444	483	-1
444	484	1
444	485	-1
444	486	-1
444	487	-1
444	488	-1
444	492	1
444	494	-1
444	495	-1
444	496	1
444	498	-1
444	499	-1
445	446	1
445	450	1
445	452	-1
445	456	-1
445	459	1
445	461	1
445	464	1
445	465	-1
445	467	1
445	470	1
445	472	1
445	473	-1
445	475	1
445	478	-1
445	481	-1
445	483	1
445	484	1
445	485	-1
445	487	-1
445	490	1
445	493	1
445	494	1
445	497	-1
445	498	1
445	499	1
446	450	1
446	453	-1
446	455	1
446	458	1
446	460	-1
446	465	1
446	466	-1
446	468	-1
446	470	1
446	471	1
446	472	1
446	473	1
446	476	-1
446	477	-1
446	478	-1
446	479	1
446	482	-1
446	483	-1
446	484	1
446	487	-1
446	488	1
446	489	-1
446	493	-1
446	494	1
446	495	-1
446	498	-1
447	448	-1
447	449	-1
447	450	-1
447	452	-1
447	453	-1
447	455	1
447	460	1
447	461	-1
447	464	1
447	465	1
447	467	1
447	474	1
447	477	-1
447	479	1
447	481	1
447	484	1
447	485	-1
447	487	1
447	491	-1
447	493	1
447	494	1
447	496	-1
447	497	1
447	498	1
448	452	1
448	456	1
448	458	1
448	459	1
448	460	-1
448	461	1
448	462	1
448	463	-1
448	464	-1
448	466	1
448	468	-1
448	469	1
448	471	1
448	477	-1
448	478	1
448	481	-1
448	482	-1
448	483	1
448	489	-1
448	491	1
448	492	-1
448	493	-1
448	494	1
448	495	-1
448	498	-1
448	499	1
449	454	1
449	456	1
449	461	-1
449	462	1
449	463	1
449	464	-1
449	465	-1
449	468	-1
449	471	-1
449	472	-1
449	473	1
449	474	1
449	481	1
449	482	1
449	490	1
449	494	-1
449	495	-1
449	497	-1
449	499	-1
450	452	1
450	454	-1
450	459	-1
450	461	1
450	462	-1
450	463	-1
450	464	1
450	465	1
450	468	1
450	469	-1
450	477	1
450	479	-1
450	480	-1
450	481	1
450	484	1
450	487	1
450	489	1
450	490	1
450	491	-1
450	492	1
450	494	-1
450	497	1
450	498	-1
450	499	-1
451	454	1
451	455	1
451	457	1
451	459	1
451	460	1
451	461	1
451	462	-1
451	463	-1
451	464	1
451	465	-1
451	466	1
451	467	1
451	469	-1
451	471	-1
451	475	-1
451	476	-1
451	477	1
451	481	-1
451	484	1
451	485	-1
451	486	-1
451	488	-1
451	490	1
451	491	1
451	493	1
451	494	-1
451	495	-1
452	455	-1
452	457	-1
452	458	-1
452	460	1
452	461	1
452	464	1
452	465	-1
452	468	-1
452	469	-1
452	470	-1
452	471	-1
452	472	-1
452	474	1
452	475	-1
452	477	1
452	478	1
452	480	1
452	484	-1
452	487	-1
452	492	1
452	493	-1
452	497	-1
453	454	-1
453	455	-1
453	457	1
453	458	-1
453	460	-1
453	462	-1
453	465	1
453	466	1
453	467	1
453	469	1
453	470	-1
453	471	1
453	472	-1
453	473	-1
453	475	-1
453	478	1
453	481	1
453	483	1
453	484	1
453	486	-1
453	487	-1
453	488	-1
453	489	-1
453	491	1
453	492	-1
453	493	1
453	496	1
453	499	-1
454	455	1
454	456	-1
454	457	-1
454	460	-1
454	464	1
454	465	-1
454	466	-1
454	468	1
454	469	-1
454	470	1
454	471	1
454	472	1
454	473	-1
454	474	-1
454	475	1
454	477	-1
454	478	-1
454	479	1
454	481	-1
454	483	1
454	485	-1
454	489	-1
454	493	-1
454	494	1
454	496	1
454	497	1
454	498	-1
454	499	1
455	458	1
455	460	-1
455	461	1
455	462	-1
455	463	1
455	465	1
455	467	1
455	469	-1
455	471	-1
455	473	-1
455	474	-1
455	476	-1
455	483	-1
455	484	1
455	492	-1
455	493	-1
455	494	1
455	495	-1
455	497	-1
456	458	1
456	459	1
456	460	1
456	464	1
456	468	1
456	470	1
456	472	-1
456	473	1
456	474	-1
456	477	-1
456	478	-1
456	481	-1
456	483	-1
456	484	1
456	487	-1
456	488	1
456	489	1
456	490	-1
456	491	1
456	493	-1
456	494	1
456	496	-1
456	497	-1
457	459	1
457	460	-1
457	462	-1
457	463	1
457	472	-1
457	474	1
457	477	-1
457	481	1
457	482	1
457	484	1
457	485	-1
457	488	1
457	489	-1
457	490	-1
457	493	-1
457	494	1
457	497	1
457	499	1
458	459	-1
458	460	1
458	461	1
458	462	1
458	463	-1
458	465	-1
458	466	-1
458	468	1
458	469	-1
458	470	1
458	471	1
458	475	-1
458	478	-1
458	480	1
458	486	1
458	487	1
458	489	1
458	490	1
458	491	1
458	495	-1
458	497	1
458	499	-1
459	460	-1
459	464	-1
459	467	1
459	469	-1
459	470	-1
459	472	1
459	475	1
459	476	-1
459	477	-1
459	482	-1
459	483	-1
459	491	1
459	492	-1
459	493	-1
459	495	-1
459	497	1
460	461	-1
460	463	1
460	466	1
460	467	-1
460	470	1
460	472	-1
460	475	1
460	476	-1
460	477	1
460	478	-1
460	479	1
460	481	-1
460	483	1
460	485	1
460	490	1
460	491	1
460	495	1
460	497	1
460	498	-1
461	463	-1
461	464	-1
461	466	-1
461	468	1
461	470	1
461	472	1
461	474	-1
461	476	1
461	479	-1
461	482	1
461	486	-1
461	489	1
461	494	-1
461	496	-1
461	497	1
461	499	1
462	463	-1
462	465	1
462	466	-1
462	467	1
462	469	1
462	471	-1
462	472	-1
462	473	1
462	474	-1
462	475	1
462	476	-1
462	477	1
462	478	1
462	480	-1
462	481	-1
462	483	1
462	484	1
462	492	-1
462	493	-1
462	494	1
462	495	1
462	496	-1
462	497	1
462	498	-1
463	464	1
463	465	-1
463	466	1
463	467	1
463	470	-1
463	471	1
463	472	1
463	473	-1
463	475	-1
463	478	1
463	481	1
463	482	1
463	484	1
463	487	-1
463	489	1
463	493	-1
463	495	-1
463	496	-1
463	498	1
464	466	1
464	467	-1
464	469	1
464	470	-1
464	473	1
464	475	1
464	481	1
464	483	-1
464	487	-1
464	490	-1
464	491	1
464	493	1
464	494	-1
464	495	1
464	497	1
464	499	1
465	466	-1
465	468	-1
465	469	-1
465	471	1
465	473	-1
465	474	1
465	476	1
465	477	1
465	479	-1
465	480	1
465	481	-1
465	484	-1
465	485	1
465	486	-1
465	488	-1
465	489	-1
465	491	1
465	494	-1
465	495	-1
465	496	-1
465	499	1
466	469	1
466	470	-1
466	472	1
466	480	1
466	482	-1
466	483	-1
466	487	-1
466	488	1
466	489	1
466	492	1
466	495	-1
467	469	-1
467	470	-1
467	474	-1
467	475	1
467	477	1
467	478	-1
467	481	1
467	482	1
467	483	-1
467	484	1
467	485	1
467	488	-1
467	489	-1
467	490	1
467	494	-1
467	497	1
467	498	-1
467	499	-1
468	469	-1
468	473	-1
468	475	1
468	476	-1
468	477	-1
468	478	1
468	479	1
468	481	-1
468	482	-1
468	487	1
468	490	-1
468	497	1
469	471	1
469	472	-1
469	473	1
469	474	1
469	479	-1
469	480	1
469	484	1
469	486	1
469	488	-1
469	490	-1
469	493	1
469	495	-1
469	496	1
469	497	1
470	471	1
470	472	-1
470	473	-1
470	474	-1
470	476	-1
470	480	-1
470	481	1
470	485	-1
470	486	1
470	488	-1
470	489	-1
470	491	1
470	492	1
470	493	1
470	496	-1
470	498	1
471	473	1
471	476	1
471	480	1
471	481	-1
471	483	1
471	484	1
471	485	-1
471	487	1
471	489	-1
471	490	-1
471	491	-1
471	492	1
471	493	1
471	494	-1
471	496	1
471	498	-1
471	499	-1
472	473	1
472	475	-1
472	476	1
472	478	1
472	479	1
472	481	1
472	485	-1
472	486	-1
472	488	-1
472	491	1
472	493	-1
472	495	-1
472	498	-1
472	499	-1
473	474	1
473	476	1
473	479	1
473	480	-1
473	481	-1
473	482	-1
473	485	-1
473	488	1
473	489	-1
473	491	1
473	493	1
473	495	1
473	497	1
473	499	-1
474	476	-1
474	478	-1
474	480	-1
474	481	-1
474	482	-1
474	484	-1
474	485	1
474	487	-1
474	488	-1
474	490	1
474	493	1
474	496	-1
474	499	-1
475	482	1
475	484	-1
475	487	1
475	488	1
475	489	1
475	490	-1
475	491	1
475	492	-1
475	495	1
475	496	-1
475	497	1
476	477	-1
476	478	1
476	479	-1
476	481	-1
476	483	1
476	485	-1
476	486	1
476	487	1
476	488	-1
476	491	-1
476	492	1
476	496	1
476	497	-1
476	498	1
477	478	1
477	479	1
477	480	1
477	482	-1
477	484	-1
477	485	1
477	490	1
477	492	-1
477	493	-1
477	494	1
477	496	1
478	480	1
478	482	-1
478	487	-1
478	489	-1
478	490	1
478	491	1
478	492	-1
478	493	-1
478	496	1
478	497	1
479	483	1
479	484	-1
479	485	1
479	486	-1
479	488	1
479	489	-1
479	492	1
479	493	-1
479	497	1
479	498	1
479	499	-1
480	481	-1
480	482	1
480	483	1
480	484	1
480	486	-1
480	487	-1
480	488	1
480	489	1
480	493	1
480	494	1
480	496	1
480	499	-1
481	482	-1
481	484	1
481	486	1
481	487	-1
481	493	1
481	498	1
482	484	-1
482	486	1
482	489	1
482	490	1
482	496	-1
482	498	1
482	499	1
483	487	1
483	489	-1
483	490	-1
483	493	1
483	495	-1
483	497	-1
483	498	1
483	499	-1
484	487	-1
484	490	1
484	491	1
484	492	-1
484	496	-1
484	497	-1
484	498	-1
485	486	1
485	487	1
485	488	-1
485	489	1
485	490	-1
485	492	1
485	493	-1
485	494	1
485	495	-1
485	497	-1
485	498	1
486	489	1
486	492	-1
486	495	-1
486	496	1
486	497	1
486	499	-1
487	488	-1
487	490	-1
487	494	1
487	495	-1
487	497	1
488	491	1
488	492	-1
488	494	-1
488	498	-1
489	490	-1
489	491	1
489	492	1
489	493	1
489	496	-1
489	499	-1
490	493	1
490	494	1
490	495	1
490	497	1
491	494	-1
491	495	1
491	496	1
491	498	1
492	493	1
492	495	1
492	496	-1
492	498	1
493	495	1
493	496	-1
493	497	1
494	495	1
494	496	1
495	499	-1
496	497	-1
496	498	1
497	498	-1
497	499	1
